  0
SECTION
  2
HEADER
  9
$ACADVER
  1
AC1009
  9
$FILLMODE
 70
1
  9
$EXTMIN
 10
0.0000
 20
-5.1200
 30
0.0000
  9
$EXTMAX
 10
127.0015
 20
62.6943
 30
0.0000
  0
ENDSEC
  0
SECTION
  2
TABLES
  0
TABLE
  2
LTYPE
 70
1
  0
LTYPE
  2
CONTINUOUS
 70
64
  3
Solid line
 72
65
 73
0
 40
0
  0
ENDTAB
  0
TABLE
  2
LAYER
 70
255
  0
LAYER
  2
16
 70
64
 62
172
  6
CONTINUOUS
  0
LAYER
  2
17
 70
64
 62
92
  6
CONTINUOUS
  0
ENDTAB
  0
ENDSEC
  0
SECTION
  2
BLOCKS
  0
BLOCK
  8
0
  2
RECT
 70
64
 10
0.0000
 20
0.0000
 30
0.0000
  3
RECT
  0
SOLID
  8
0
 10
-0.5000
 20
-0.5000
 30
0.0000
 11
0.5000
 21
-0.5000
 31
0.0000
 12
-0.5000
 22
0.5000
 32
0.0000
 13
0.5000
 23
0.5000
 33
0.0000
  0
ENDBLK
  8
0
  0
BLOCK
  8
0
  2
PIE
 70
64
 10
0.0000
 20
0.0000
 30
0.0000
  3
PIE
  0
POLYLINE
  8
0
 66
1
 10
0.0000
 20
0.0000
 30
0.0000
 40
0.5000
 41
0.5000
 70
0
  0
VERTEX
  8
0
 10
0.0000
 20
-0.2500
 30
0.0000
 42
1.0000
  0
VERTEX
  8
0
 10
0.0000
 20
0.2500
 30
0.0000
 42
1.0000
  0
VERTEX
  8
0
 10
0.0000
 20
-0.2500
 30
0.0000
  0
SEQEND
  8
0
  0
ENDBLK
  8
0
  0
BLOCK
  8
0
  2
OCTAGONP
 70
64
 10
0.0000
 20
0.0000
 30
0.0000
  3
OCTAGONP
  0
POLYLINE
  8
0
 66
1
 10
0.0000
 20
0.0000
 30
0.0000
 40
0.5000
 41
0.5000
 70
0
  0
VERTEX
  8
0
 10
-0.2500
 20
-0.1036
 30
0.0000
  0
VERTEX
  8
0
 10
-0.2500
 20
0.1036
 30
0.0000
  0
VERTEX
  8
0
 10
-0.1036
 20
0.2500
 30
0.0000
  0
VERTEX
  8
0
 10
0.1036
 20
0.2500
 30
0.0000
  0
VERTEX
  8
0
 10
0.2500
 20
0.1036
 30
0.0000
  0
VERTEX
  8
0
 10
0.2500
 20
-0.1036
 30
0.0000
  0
VERTEX
  8
0
 10
0.1036
 20
-0.2500
 30
0.0000
  0
VERTEX
  8
0
 10
-0.1036
 20
-0.2500
 30
0.0000
  0
VERTEX
  8
0
 10
-0.2500
 20
-0.1036
 30
0.0000
  0
VERTEX
  8
0
 10
-0.2500
 20
0.1036
 30
0.0000
  0
SEQEND
  8
0
  0
ENDBLK
  8
0
  0
BLOCK
  8
0
  2
SQUAREP
 70
64
 10
0.0000
 20
0.0000
 30
0.0000
  3
SQUAREP
  0
SOLID
  8
0
 10
-0.5000
 20
-0.5000
 30
0.0000
 11
0.5000
 21
-0.5000
 31
0.0000
 12
-0.5000
 22
0.5000
 32
0.0000
 13
0.5000
 23
0.5000
 33
0.0000
  0
ENDBLK
  8
0
  0
BLOCK
  8
0
  2
ROUNDP
 70
64
 10
0.0000
 20
0.0000
 30
0.0000
  3
ROUNDP
  0
POLYLINE
  8
0
 66
1
 10
0.0000
 20
0.0000
 30
0.0000
 40
0.5000
 41
0.5000
 70
0
  0
VERTEX
  8
0
 10
0.0000
 20
-0.2500
 30
0.0000
 42
1.0000
  0
VERTEX
  8
0
 10
0.0000
 20
0.2500
 30
0.0000
 42
1.0000
  0
VERTEX
  8
0
 10
0.0000
 20
-0.2500
 30
0.0000
  0
SEQEND
  8
0
  0
ENDBLK
  8
0
  0
BLOCK
  8
0
  2
ANNULUSP
 70
64
 10
0.0000
 20
0.0000
 30
0.0000
  3
ANNULUSP
  0
POLYLINE
  8
0
 66
1
 10
0.0000
 20
0.0000
 30
0.0000
 40
0.5000
 41
0.5000
 70
0
  0
VERTEX
  8
0
 10
0.0000
 20
-0.2500
 30
0.0000
 42
1.0000
  0
VERTEX
  8
0
 10
0.0000
 20
0.2500
 30
0.0000
 42
1.0000
  0
VERTEX
  8
0
 10
0.0000
 20
-0.2500
 30
0.0000
  0
SEQEND
  8
0
  0
ENDBLK
  8
0
  0
BLOCK
  8
0
  2
THERMALP
 70
64
 10
0.0000
 20
0.0000
 30
0.0000
  3
THERMALP
  0
POLYLINE
  8
0
 66
1
 10
0.0000
 20
0.0000
 30
0.0000
 40
0.1000
 41
0.1000
 70
0
  0
VERTEX
  8
0
 10
-0.2379
 20
0.4500
 30
0.0000
  0
VERTEX
  8
0
 10
0.2379
 20
0.4500
 30
0.0000
  0
SEQEND
  8
0
  0
POLYLINE
  8
0
 66
1
 10
0.0000
 20
0.0000
 30
0.0000
 40
0.0500
 41
0.0500
 70
0
  0
VERTEX
  8
0
 10
0.2379
 20
0.4250
 30
0.0000
 42
1.0000
  0
VERTEX
  8
0
 10
0.2379
 20
0.4750
 30
0.0000
  0
SEQEND
  8
0
  0
POLYLINE
  8
0
 66
1
 10
0.0000
 20
0.0000
 30
0.0000
 40
0.0500
 41
0.0500
 70
0
  0
VERTEX
  8
0
 10
-0.2379
 20
0.4750
 30
0.0000
 42
1.0000
  0
VERTEX
  8
0
 10
-0.2379
 20
0.4250
 30
0.0000
  0
SEQEND
  8
0
  0
POLYLINE
  8
0
 66
1
 10
0.0000
 20
0.0000
 30
0.0000
 40
0.1000
 41
0.1000
 70
0
  0
VERTEX
  8
0
 10
0.4500
 20
0.2379
 30
0.0000
  0
VERTEX
  8
0
 10
0.4500
 20
-0.2379
 30
0.0000
  0
SEQEND
  8
0
  0
POLYLINE
  8
0
 66
1
 10
0.0000
 20
0.0000
 30
0.0000
 40
0.0500
 41
0.0500
 70
0
  0
VERTEX
  8
0
 10
0.4250
 20
-0.2379
 30
0.0000
 42
1.0000
  0
VERTEX
  8
0
 10
0.4750
 20
-0.2379
 30
0.0000
  0
SEQEND
  8
0
  0
POLYLINE
  8
0
 66
1
 10
0.0000
 20
0.0000
 30
0.0000
 40
0.0500
 41
0.0500
 70
0
  0
VERTEX
  8
0
 10
0.4750
 20
0.2379
 30
0.0000
 42
1.0000
  0
VERTEX
  8
0
 10
0.4250
 20
0.2379
 30
0.0000
  0
SEQEND
  8
0
  0
POLYLINE
  8
0
 66
1
 10
0.0000
 20
0.0000
 30
0.0000
 40
0.1000
 41
0.1000
 70
0
  0
VERTEX
  8
0
 10
0.2379
 20
-0.4500
 30
0.0000
  0
VERTEX
  8
0
 10
-0.2379
 20
-0.4500
 30
0.0000
  0
SEQEND
  8
0
  0
POLYLINE
  8
0
 66
1
 10
0.0000
 20
0.0000
 30
0.0000
 40
0.0500
 41
0.0500
 70
0
  0
VERTEX
  8
0
 10
-0.2379
 20
-0.4250
 30
0.0000
 42
1.0000
  0
VERTEX
  8
0
 10
-0.2379
 20
-0.4750
 30
0.0000
  0
SEQEND
  8
0
  0
POLYLINE
  8
0
 66
1
 10
0.0000
 20
0.0000
 30
0.0000
 40
0.0500
 41
0.0500
 70
0
  0
VERTEX
  8
0
 10
0.2379
 20
-0.4750
 30
0.0000
 42
1.0000
  0
VERTEX
  8
0
 10
0.2379
 20
-0.4250
 30
0.0000
  0
SEQEND
  8
0
  0
POLYLINE
  8
0
 66
1
 10
0.0000
 20
0.0000
 30
0.0000
 40
0.1000
 41
0.1000
 70
0
  0
VERTEX
  8
0
 10
-0.4500
 20
-0.2379
 30
0.0000
  0
VERTEX
  8
0
 10
-0.4500
 20
0.2379
 30
0.0000
  0
SEQEND
  8
0
  0
POLYLINE
  8
0
 66
1
 10
0.0000
 20
0.0000
 30
0.0000
 40
0.0500
 41
0.0500
 70
0
  0
VERTEX
  8
0
 10
-0.4250
 20
0.2379
 30
0.0000
 42
1.0000
  0
VERTEX
  8
0
 10
-0.4750
 20
0.2379
 30
0.0000
  0
SEQEND
  8
0
  0
POLYLINE
  8
0
 66
1
 10
0.0000
 20
0.0000
 30
0.0000
 40
0.0500
 41
0.0500
 70
0
  0
VERTEX
  8
0
 10
-0.4750
 20
-0.2379
 30
0.0000
 42
1.0000
  0
VERTEX
  8
0
 10
-0.4250
 20
-0.2379
 30
0.0000
  0
SEQEND
  8
0
  0
ENDBLK
  8
0
  0
BLOCK
  8
0
  2
OCTAGONV
 70
64
 10
0.0000
 20
0.0000
 30
0.0000
  3
OCTAGONV
  0
POLYLINE
  8
0
 66
1
 10
0.0000
 20
0.0000
 30
0.0000
 40
0.5000
 41
0.5000
 70
0
  0
VERTEX
  8
0
 10
-0.2500
 20
-0.1036
 30
0.0000
  0
VERTEX
  8
0
 10
-0.2500
 20
0.1036
 30
0.0000
  0
VERTEX
  8
0
 10
-0.1036
 20
0.2500
 30
0.0000
  0
VERTEX
  8
0
 10
0.1036
 20
0.2500
 30
0.0000
  0
VERTEX
  8
0
 10
0.2500
 20
0.1036
 30
0.0000
  0
VERTEX
  8
0
 10
0.2500
 20
-0.1036
 30
0.0000
  0
VERTEX
  8
0
 10
0.1036
 20
-0.2500
 30
0.0000
  0
VERTEX
  8
0
 10
-0.1036
 20
-0.2500
 30
0.0000
  0
VERTEX
  8
0
 10
-0.2500
 20
-0.1036
 30
0.0000
  0
VERTEX
  8
0
 10
-0.2500
 20
0.1036
 30
0.0000
  0
SEQEND
  8
0
  0
ENDBLK
  8
0
  0
BLOCK
  8
0
  2
SQUAREV
 70
64
 10
0.0000
 20
0.0000
 30
0.0000
  3
SQUAREV
  0
SOLID
  8
0
 10
-0.5000
 20
-0.5000
 30
0.0000
 11
0.5000
 21
-0.5000
 31
0.0000
 12
-0.5000
 22
0.5000
 32
0.0000
 13
0.5000
 23
0.5000
 33
0.0000
  0
ENDBLK
  8
0
  0
BLOCK
  8
0
  2
ROUNDV
 70
64
 10
0.0000
 20
0.0000
 30
0.0000
  3
ROUNDV
  0
POLYLINE
  8
0
 66
1
 10
0.0000
 20
0.0000
 30
0.0000
 40
0.5000
 41
0.5000
 70
0
  0
VERTEX
  8
0
 10
0.0000
 20
-0.2500
 30
0.0000
 42
1.0000
  0
VERTEX
  8
0
 10
0.0000
 20
0.2500
 30
0.0000
 42
1.0000
  0
VERTEX
  8
0
 10
0.0000
 20
-0.2500
 30
0.0000
  0
SEQEND
  8
0
  0
ENDBLK
  8
0
  0
BLOCK
  8
0
  2
ANNULUSV
 70
64
 10
0.0000
 20
0.0000
 30
0.0000
  3
ANNULUSV
  0
POLYLINE
  8
0
 66
1
 10
0.0000
 20
0.0000
 30
0.0000
 40
0.5000
 41
0.5000
 70
0
  0
VERTEX
  8
0
 10
0.0000
 20
-0.2500
 30
0.0000
 42
1.0000
  0
VERTEX
  8
0
 10
0.0000
 20
0.2500
 30
0.0000
 42
1.0000
  0
VERTEX
  8
0
 10
0.0000
 20
-0.2500
 30
0.0000
  0
SEQEND
  8
0
  0
ENDBLK
  8
0
  0
BLOCK
  8
0
  2
THERMALV
 70
64
 10
0.0000
 20
0.0000
 30
0.0000
  3
THERMALV
  0
POLYLINE
  8
0
 66
1
 10
0.0000
 20
0.0000
 30
0.0000
 40
0.1000
 41
0.1000
 70
0
  0
VERTEX
  8
0
 10
-0.2379
 20
0.4500
 30
0.0000
  0
VERTEX
  8
0
 10
0.2379
 20
0.4500
 30
0.0000
  0
SEQEND
  8
0
  0
POLYLINE
  8
0
 66
1
 10
0.0000
 20
0.0000
 30
0.0000
 40
0.0500
 41
0.0500
 70
0
  0
VERTEX
  8
0
 10
0.2379
 20
0.4250
 30
0.0000
 42
1.0000
  0
VERTEX
  8
0
 10
0.2379
 20
0.4750
 30
0.0000
  0
SEQEND
  8
0
  0
POLYLINE
  8
0
 66
1
 10
0.0000
 20
0.0000
 30
0.0000
 40
0.0500
 41
0.0500
 70
0
  0
VERTEX
  8
0
 10
-0.2379
 20
0.4750
 30
0.0000
 42
1.0000
  0
VERTEX
  8
0
 10
-0.2379
 20
0.4250
 30
0.0000
  0
SEQEND
  8
0
  0
POLYLINE
  8
0
 66
1
 10
0.0000
 20
0.0000
 30
0.0000
 40
0.1000
 41
0.1000
 70
0
  0
VERTEX
  8
0
 10
0.4500
 20
0.2379
 30
0.0000
  0
VERTEX
  8
0
 10
0.4500
 20
-0.2379
 30
0.0000
  0
SEQEND
  8
0
  0
POLYLINE
  8
0
 66
1
 10
0.0000
 20
0.0000
 30
0.0000
 40
0.0500
 41
0.0500
 70
0
  0
VERTEX
  8
0
 10
0.4250
 20
-0.2379
 30
0.0000
 42
1.0000
  0
VERTEX
  8
0
 10
0.4750
 20
-0.2379
 30
0.0000
  0
SEQEND
  8
0
  0
POLYLINE
  8
0
 66
1
 10
0.0000
 20
0.0000
 30
0.0000
 40
0.0500
 41
0.0500
 70
0
  0
VERTEX
  8
0
 10
0.4750
 20
0.2379
 30
0.0000
 42
1.0000
  0
VERTEX
  8
0
 10
0.4250
 20
0.2379
 30
0.0000
  0
SEQEND
  8
0
  0
POLYLINE
  8
0
 66
1
 10
0.0000
 20
0.0000
 30
0.0000
 40
0.1000
 41
0.1000
 70
0
  0
VERTEX
  8
0
 10
0.2379
 20
-0.4500
 30
0.0000
  0
VERTEX
  8
0
 10
-0.2379
 20
-0.4500
 30
0.0000
  0
SEQEND
  8
0
  0
POLYLINE
  8
0
 66
1
 10
0.0000
 20
0.0000
 30
0.0000
 40
0.0500
 41
0.0500
 70
0
  0
VERTEX
  8
0
 10
-0.2379
 20
-0.4250
 30
0.0000
 42
1.0000
  0
VERTEX
  8
0
 10
-0.2379
 20
-0.4750
 30
0.0000
  0
SEQEND
  8
0
  0
POLYLINE
  8
0
 66
1
 10
0.0000
 20
0.0000
 30
0.0000
 40
0.0500
 41
0.0500
 70
0
  0
VERTEX
  8
0
 10
0.2379
 20
-0.4750
 30
0.0000
 42
1.0000
  0
VERTEX
  8
0
 10
0.2379
 20
-0.4250
 30
0.0000
  0
SEQEND
  8
0
  0
POLYLINE
  8
0
 66
1
 10
0.0000
 20
0.0000
 30
0.0000
 40
0.1000
 41
0.1000
 70
0
  0
VERTEX
  8
0
 10
-0.4500
 20
-0.2379
 30
0.0000
  0
VERTEX
  8
0
 10
-0.4500
 20
0.2379
 30
0.0000
  0
SEQEND
  8
0
  0
POLYLINE
  8
0
 66
1
 10
0.0000
 20
0.0000
 30
0.0000
 40
0.0500
 41
0.0500
 70
0
  0
VERTEX
  8
0
 10
-0.4250
 20
0.2379
 30
0.0000
 42
1.0000
  0
VERTEX
  8
0
 10
-0.4750
 20
0.2379
 30
0.0000
  0
SEQEND
  8
0
  0
POLYLINE
  8
0
 66
1
 10
0.0000
 20
0.0000
 30
0.0000
 40
0.0500
 41
0.0500
 70
0
  0
VERTEX
  8
0
 10
-0.4750
 20
-0.2379
 30
0.0000
 42
1.0000
  0
VERTEX
  8
0
 10
-0.4250
 20
-0.2379
 30
0.0000
  0
SEQEND
  8
0
  0
ENDBLK
  8
0
  0
BLOCK
  8
0
  2
LONGP100
 70
64
 10
0.0000
 20
0.0000
 30
0.0000
  3
LONGP100
  0
POLYLINE
  8
0
 66
1
 10
0.0000
 20
0.0000
 30
0.0000
 40
0.5000
 41
0.5000
 70
0
  0
VERTEX
  8
0
 10
-0.7500
 20
-0.1036
 30
0.0000
  0
VERTEX
  8
0
 10
-0.7500
 20
0.1036
 30
0.0000
  0
VERTEX
  8
0
 10
-0.6036
 20
0.2500
 30
0.0000
  0
VERTEX
  8
0
 10
0.6036
 20
0.2500
 30
0.0000
  0
VERTEX
  8
0
 10
0.7500
 20
0.1036
 30
0.0000
  0
VERTEX
  8
0
 10
0.7500
 20
-0.1036
 30
0.0000
  0
VERTEX
  8
0
 10
0.6036
 20
-0.2500
 30
0.0000
  0
VERTEX
  8
0
 10
-0.6036
 20
-0.2500
 30
0.0000
  0
VERTEX
  8
0
 10
-0.7500
 20
-0.1036
 30
0.0000
  0
VERTEX
  8
0
 10
-0.7500
 20
0.1036
 30
0.0000
  0
SEQEND
  8
0
  0
ENDBLK
  8
0
  0
ENDSEC
  0
SECTION
  2
ENTITIES
  0
POLYLINE
  8
16
 66
1
 10
0.0000
 20
0.0000
 30
0.0000
 40
0.1524
 41
0.1524
 70
0
  0
VERTEX
  8
16
 10
113.8682
 20
-4.4100
 30
0.0000
  0
VERTEX
  8
16
 10
115.4951
 20
-4.4100
 30
0.0000
  0
SEQEND
  8
0
  0
POLYLINE
  8
16
 66
1
 10
0.0000
 20
0.0000
 30
0.0000
 40
0.0762
 41
0.0762
 70
0
  0
VERTEX
  8
16
 10
115.4951
 20
-4.4481
 30
0.0000
 42
1.0000
  0
VERTEX
  8
16
 10
115.4951
 20
-4.3719
 30
0.0000
  0
SEQEND
  8
0
  0
POLYLINE
  8
16
 66
1
 10
0.0000
 20
0.0000
 30
0.0000
 40
0.0762
 41
0.0762
 70
0
  0
VERTEX
  8
16
 10
113.8682
 20
-4.3719
 30
0.0000
 42
1.0000
  0
VERTEX
  8
16
 10
113.8682
 20
-4.4481
 30
0.0000
  0
SEQEND
  8
0
  0
POLYLINE
  8
16
 66
1
 10
0.0000
 20
0.0000
 30
0.0000
 40
0.1524
 41
0.1524
 70
0
  0
VERTEX
  8
16
 10
115.4951
 20
-4.4100
 30
0.0000
  0
VERTEX
  8
16
 10
114.9528
 20
-3.8677
 30
0.0000
  0
SEQEND
  8
0
  0
POLYLINE
  8
16
 66
1
 10
0.0000
 20
0.0000
 30
0.0000
 40
0.0762
 41
0.0762
 70
0
  0
VERTEX
  8
16
 10
114.9797
 20
-3.8408
 30
0.0000
 42
1.0000
  0
VERTEX
  8
16
 10
114.9259
 20
-3.8946
 30
0.0000
  0
SEQEND
  8
0
  0
POLYLINE
  8
16
 66
1
 10
0.0000
 20
0.0000
 30
0.0000
 40
0.0762
 41
0.0762
 70
0
  0
VERTEX
  8
16
 10
115.4682
 20
-4.4369
 30
0.0000
 42
1.0000
  0
VERTEX
  8
16
 10
115.5220
 20
-4.3831
 30
0.0000
  0
SEQEND
  8
0
  0
POLYLINE
  8
16
 66
1
 10
0.0000
 20
0.0000
 30
0.0000
 40
0.1524
 41
0.1524
 70
0
  0
VERTEX
  8
16
 10
114.9528
 20
-3.8677
 30
0.0000
  0
VERTEX
  8
16
 10
115.4951
 20
-3.3254
 30
0.0000
  0
SEQEND
  8
0
  0
POLYLINE
  8
16
 66
1
 10
0.0000
 20
0.0000
 30
0.0000
 40
0.0762
 41
0.0762
 70
0
  0
VERTEX
  8
16
 10
115.5220
 20
-3.3523
 30
0.0000
 42
1.0000
  0
VERTEX
  8
16
 10
115.4682
 20
-3.2985
 30
0.0000
  0
SEQEND
  8
0
  0
POLYLINE
  8
16
 66
1
 10
0.0000
 20
0.0000
 30
0.0000
 40
0.0762
 41
0.0762
 70
0
  0
VERTEX
  8
16
 10
114.9259
 20
-3.8408
 30
0.0000
 42
1.0000
  0
VERTEX
  8
16
 10
114.9797
 20
-3.8946
 30
0.0000
  0
SEQEND
  8
0
  0
POLYLINE
  8
16
 66
1
 10
0.0000
 20
0.0000
 30
0.0000
 40
0.1524
 41
0.1524
 70
0
  0
VERTEX
  8
16
 10
115.4951
 20
-3.3254
 30
0.0000
  0
VERTEX
  8
16
 10
113.8682
 20
-3.3254
 30
0.0000
  0
SEQEND
  8
0
  0
POLYLINE
  8
16
 66
1
 10
0.0000
 20
0.0000
 30
0.0000
 40
0.0762
 41
0.0762
 70
0
  0
VERTEX
  8
16
 10
113.8682
 20
-3.2873
 30
0.0000
 42
1.0000
  0
VERTEX
  8
16
 10
113.8682
 20
-3.3635
 30
0.0000
  0
SEQEND
  8
0
  0
POLYLINE
  8
16
 66
1
 10
0.0000
 20
0.0000
 30
0.0000
 40
0.0762
 41
0.0762
 70
0
  0
VERTEX
  8
16
 10
115.4951
 20
-3.3635
 30
0.0000
 42
1.0000
  0
VERTEX
  8
16
 10
115.4951
 20
-3.2873
 30
0.0000
  0
SEQEND
  8
0
  0
POLYLINE
  8
16
 66
1
 10
0.0000
 20
0.0000
 30
0.0000
 40
0.1524
 41
0.1524
 70
0
  0
VERTEX
  8
16
 10
113.8682
 20
-1.9595
 30
0.0000
  0
VERTEX
  8
16
 10
115.4951
 20
-1.9595
 30
0.0000
  0
SEQEND
  8
0
  0
POLYLINE
  8
16
 66
1
 10
0.0000
 20
0.0000
 30
0.0000
 40
0.0762
 41
0.0762
 70
0
  0
VERTEX
  8
16
 10
115.4951
 20
-1.9976
 30
0.0000
 42
1.0000
  0
VERTEX
  8
16
 10
115.4951
 20
-1.9214
 30
0.0000
  0
SEQEND
  8
0
  0
POLYLINE
  8
16
 66
1
 10
0.0000
 20
0.0000
 30
0.0000
 40
0.0762
 41
0.0762
 70
0
  0
VERTEX
  8
16
 10
113.8682
 20
-1.9214
 30
0.0000
 42
1.0000
  0
VERTEX
  8
16
 10
113.8682
 20
-1.9976
 30
0.0000
  0
SEQEND
  8
0
  0
POLYLINE
  8
16
 66
1
 10
0.0000
 20
0.0000
 30
0.0000
 40
0.1524
 41
0.1524
 70
0
  0
VERTEX
  8
16
 10
115.4951
 20
-1.9595
 30
0.0000
  0
VERTEX
  8
16
 10
114.6816
 20
-2.7729
 30
0.0000
  0
SEQEND
  8
0
  0
POLYLINE
  8
16
 66
1
 10
0.0000
 20
0.0000
 30
0.0000
 40
0.0762
 41
0.0762
 70
0
  0
VERTEX
  8
16
 10
114.6547
 20
-2.7460
 30
0.0000
 42
1.0000
  0
VERTEX
  8
16
 10
114.7085
 20
-2.7998
 30
0.0000
  0
SEQEND
  8
0
  0
POLYLINE
  8
16
 66
1
 10
0.0000
 20
0.0000
 30
0.0000
 40
0.0762
 41
0.0762
 70
0
  0
VERTEX
  8
16
 10
115.5220
 20
-1.9864
 30
0.0000
 42
1.0000
  0
VERTEX
  8
16
 10
115.4682
 20
-1.9326
 30
0.0000
  0
SEQEND
  8
0
  0
POLYLINE
  8
16
 66
1
 10
0.0000
 20
0.0000
 30
0.0000
 40
0.1524
 41
0.1524
 70
0
  0
VERTEX
  8
16
 10
114.6816
 20
-2.7729
 30
0.0000
  0
VERTEX
  8
16
 10
114.6816
 20
-1.6883
 30
0.0000
  0
SEQEND
  8
0
  0
POLYLINE
  8
16
 66
1
 10
0.0000
 20
0.0000
 30
0.0000
 40
0.0762
 41
0.0762
 70
0
  0
VERTEX
  8
16
 10
114.7197
 20
-1.6883
 30
0.0000
 42
1.0000
  0
VERTEX
  8
16
 10
114.6435
 20
-1.6883
 30
0.0000
  0
SEQEND
  8
0
  0
POLYLINE
  8
16
 66
1
 10
0.0000
 20
0.0000
 30
0.0000
 40
0.0762
 41
0.0762
 70
0
  0
VERTEX
  8
16
 10
114.6435
 20
-2.7729
 30
0.0000
 42
1.0000
  0
VERTEX
  8
16
 10
114.7197
 20
-2.7729
 30
0.0000
  0
SEQEND
  8
0
  0
POLYLINE
  8
16
 66
1
 10
0.0000
 20
0.0000
 30
0.0000
 40
0.1524
 41
0.1524
 70
0
  0
VERTEX
  8
16
 10
115.4951
 20
-0.0512
 30
0.0000
  0
VERTEX
  8
16
 10
115.4951
 20
-1.1358
 30
0.0000
  0
SEQEND
  8
0
  0
POLYLINE
  8
16
 66
1
 10
0.0000
 20
0.0000
 30
0.0000
 40
0.0762
 41
0.0762
 70
0
  0
VERTEX
  8
16
 10
115.4570
 20
-1.1358
 30
0.0000
 42
1.0000
  0
VERTEX
  8
16
 10
115.5332
 20
-1.1358
 30
0.0000
  0
SEQEND
  8
0
  0
POLYLINE
  8
16
 66
1
 10
0.0000
 20
0.0000
 30
0.0000
 40
0.0762
 41
0.0762
 70
0
  0
VERTEX
  8
16
 10
115.5332
 20
-0.0512
 30
0.0000
 42
1.0000
  0
VERTEX
  8
16
 10
115.4570
 20
-0.0512
 30
0.0000
  0
SEQEND
  8
0
  0
POLYLINE
  8
16
 66
1
 10
0.0000
 20
0.0000
 30
0.0000
 40
0.1524
 41
0.1524
 70
0
  0
VERTEX
  8
16
 10
115.4951
 20
-1.1358
 30
0.0000
  0
VERTEX
  8
16
 10
114.6816
 20
-1.1358
 30
0.0000
  0
SEQEND
  8
0
  0
POLYLINE
  8
16
 66
1
 10
0.0000
 20
0.0000
 30
0.0000
 40
0.0762
 41
0.0762
 70
0
  0
VERTEX
  8
16
 10
114.6816
 20
-1.0977
 30
0.0000
 42
1.0000
  0
VERTEX
  8
16
 10
114.6816
 20
-1.1739
 30
0.0000
  0
SEQEND
  8
0
  0
POLYLINE
  8
16
 66
1
 10
0.0000
 20
0.0000
 30
0.0000
 40
0.0762
 41
0.0762
 70
0
  0
VERTEX
  8
16
 10
115.4951
 20
-1.1739
 30
0.0000
 42
1.0000
  0
VERTEX
  8
16
 10
115.4951
 20
-1.0977
 30
0.0000
  0
SEQEND
  8
0
  0
POLYLINE
  8
16
 66
1
 10
0.0000
 20
0.0000
 30
0.0000
 40
0.1524
 41
0.1524
 70
0
  0
VERTEX
  8
16
 10
114.6816
 20
-1.1358
 30
0.0000
  0
VERTEX
  8
16
 10
114.9528
 20
-0.5935
 30
0.0000
  0
SEQEND
  8
0
  0
POLYLINE
  8
16
 66
1
 10
0.0000
 20
0.0000
 30
0.0000
 40
0.0762
 41
0.0762
 70
0
  0
VERTEX
  8
16
 10
114.9869
 20
-0.6105
 30
0.0000
 42
1.0000
  0
VERTEX
  8
16
 10
114.9187
 20
-0.5765
 30
0.0000
  0
SEQEND
  8
0
  0
POLYLINE
  8
16
 66
1
 10
0.0000
 20
0.0000
 30
0.0000
 40
0.0762
 41
0.0762
 70
0
  0
VERTEX
  8
16
 10
114.6475
 20
-1.1188
 30
0.0000
 42
1.0000
  0
VERTEX
  8
16
 10
114.7157
 20
-1.1528
 30
0.0000
  0
SEQEND
  8
0
  0
POLYLINE
  8
16
 66
1
 10
0.0000
 20
0.0000
 30
0.0000
 40
0.1524
 41
0.1524
 70
0
  0
VERTEX
  8
16
 10
114.9528
 20
-0.5935
 30
0.0000
  0
VERTEX
  8
16
 10
114.9528
 20
-0.3224
 30
0.0000
  0
SEQEND
  8
0
  0
POLYLINE
  8
16
 66
1
 10
0.0000
 20
0.0000
 30
0.0000
 40
0.0762
 41
0.0762
 70
0
  0
VERTEX
  8
16
 10
114.9909
 20
-0.3224
 30
0.0000
 42
1.0000
  0
VERTEX
  8
16
 10
114.9147
 20
-0.3224
 30
0.0000
  0
SEQEND
  8
0
  0
POLYLINE
  8
16
 66
1
 10
0.0000
 20
0.0000
 30
0.0000
 40
0.0762
 41
0.0762
 70
0
  0
VERTEX
  8
16
 10
114.9147
 20
-0.5935
 30
0.0000
 42
1.0000
  0
VERTEX
  8
16
 10
114.9909
 20
-0.5935
 30
0.0000
  0
SEQEND
  8
0
  0
POLYLINE
  8
16
 66
1
 10
0.0000
 20
0.0000
 30
0.0000
 40
0.1524
 41
0.1524
 70
0
  0
VERTEX
  8
16
 10
114.9528
 20
-0.3224
 30
0.0000
  0
VERTEX
  8
16
 10
114.6816
 20
-0.0512
 30
0.0000
  0
SEQEND
  8
0
  0
POLYLINE
  8
16
 66
1
 10
0.0000
 20
0.0000
 30
0.0000
 40
0.0762
 41
0.0762
 70
0
  0
VERTEX
  8
16
 10
114.7085
 20
-0.0243
 30
0.0000
 42
1.0000
  0
VERTEX
  8
16
 10
114.6547
 20
-0.0781
 30
0.0000
  0
SEQEND
  8
0
  0
POLYLINE
  8
16
 66
1
 10
0.0000
 20
0.0000
 30
0.0000
 40
0.0762
 41
0.0762
 70
0
  0
VERTEX
  8
16
 10
114.9259
 20
-0.3493
 30
0.0000
 42
1.0000
  0
VERTEX
  8
16
 10
114.9797
 20
-0.2955
 30
0.0000
  0
SEQEND
  8
0
  0
POLYLINE
  8
16
 66
1
 10
0.0000
 20
0.0000
 30
0.0000
 40
0.1524
 41
0.1524
 70
0
  0
VERTEX
  8
16
 10
114.6816
 20
-0.0512
 30
0.0000
  0
VERTEX
  8
16
 10
114.1393
 20
-0.0512
 30
0.0000
  0
SEQEND
  8
0
  0
POLYLINE
  8
16
 66
1
 10
0.0000
 20
0.0000
 30
0.0000
 40
0.0762
 41
0.0762
 70
0
  0
VERTEX
  8
16
 10
114.1393
 20
-0.0131
 30
0.0000
 42
1.0000
  0
VERTEX
  8
16
 10
114.1393
 20
-0.0893
 30
0.0000
  0
SEQEND
  8
0
  0
POLYLINE
  8
16
 66
1
 10
0.0000
 20
0.0000
 30
0.0000
 40
0.0762
 41
0.0762
 70
0
  0
VERTEX
  8
16
 10
114.6816
 20
-0.0893
 30
0.0000
 42
1.0000
  0
VERTEX
  8
16
 10
114.6816
 20
-0.0131
 30
0.0000
  0
SEQEND
  8
0
  0
POLYLINE
  8
16
 66
1
 10
0.0000
 20
0.0000
 30
0.0000
 40
0.1524
 41
0.1524
 70
0
  0
VERTEX
  8
16
 10
114.1393
 20
-0.0512
 30
0.0000
  0
VERTEX
  8
16
 10
113.8682
 20
-0.3224
 30
0.0000
  0
SEQEND
  8
0
  0
POLYLINE
  8
16
 66
1
 10
0.0000
 20
0.0000
 30
0.0000
 40
0.0762
 41
0.0762
 70
0
  0
VERTEX
  8
16
 10
113.8413
 20
-0.2955
 30
0.0000
 42
1.0000
  0
VERTEX
  8
16
 10
113.8951
 20
-0.3493
 30
0.0000
  0
SEQEND
  8
0
  0
POLYLINE
  8
16
 66
1
 10
0.0000
 20
0.0000
 30
0.0000
 40
0.0762
 41
0.0762
 70
0
  0
VERTEX
  8
16
 10
114.1662
 20
-0.0781
 30
0.0000
 42
1.0000
  0
VERTEX
  8
16
 10
114.1124
 20
-0.0243
 30
0.0000
  0
SEQEND
  8
0
  0
POLYLINE
  8
16
 66
1
 10
0.0000
 20
0.0000
 30
0.0000
 40
0.1524
 41
0.1524
 70
0
  0
VERTEX
  8
16
 10
113.8682
 20
-0.3224
 30
0.0000
  0
VERTEX
  8
16
 10
113.8682
 20
-0.8647
 30
0.0000
  0
SEQEND
  8
0
  0
POLYLINE
  8
16
 66
1
 10
0.0000
 20
0.0000
 30
0.0000
 40
0.0762
 41
0.0762
 70
0
  0
VERTEX
  8
16
 10
113.8301
 20
-0.8647
 30
0.0000
 42
1.0000
  0
VERTEX
  8
16
 10
113.9063
 20
-0.8647
 30
0.0000
  0
SEQEND
  8
0
  0
POLYLINE
  8
16
 66
1
 10
0.0000
 20
0.0000
 30
0.0000
 40
0.0762
 41
0.0762
 70
0
  0
VERTEX
  8
16
 10
113.9063
 20
-0.3224
 30
0.0000
 42
1.0000
  0
VERTEX
  8
16
 10
113.8301
 20
-0.3224
 30
0.0000
  0
SEQEND
  8
0
  0
POLYLINE
  8
16
 66
1
 10
0.0000
 20
0.0000
 30
0.0000
 40
0.1524
 41
0.1524
 70
0
  0
VERTEX
  8
16
 10
113.8682
 20
-0.8647
 30
0.0000
  0
VERTEX
  8
16
 10
114.1393
 20
-1.1358
 30
0.0000
  0
SEQEND
  8
0
  0
POLYLINE
  8
16
 66
1
 10
0.0000
 20
0.0000
 30
0.0000
 40
0.0762
 41
0.0762
 70
0
  0
VERTEX
  8
16
 10
114.1124
 20
-1.1627
 30
0.0000
 42
1.0000
  0
VERTEX
  8
16
 10
114.1662
 20
-1.1089
 30
0.0000
  0
SEQEND
  8
0
  0
POLYLINE
  8
16
 66
1
 10
0.0000
 20
0.0000
 30
0.0000
 40
0.0762
 41
0.0762
 70
0
  0
VERTEX
  8
16
 10
113.8951
 20
-0.8378
 30
0.0000
 42
1.0000
  0
VERTEX
  8
16
 10
113.8413
 20
-0.8916
 30
0.0000
  0
SEQEND
  8
0
  0
POLYLINE
  8
16
 66
1
 10
0.0000
 20
0.0000
 30
0.0000
 40
0.1524
 41
0.1524
 70
0
  0
VERTEX
  8
16
 10
113.8682
 20
1.5859
 30
0.0000
  0
VERTEX
  8
16
 10
113.8682
 20
0.5013
 30
0.0000
  0
SEQEND
  8
0
  0
POLYLINE
  8
16
 66
1
 10
0.0000
 20
0.0000
 30
0.0000
 40
0.0762
 41
0.0762
 70
0
  0
VERTEX
  8
16
 10
113.8301
 20
0.5013
 30
0.0000
 42
1.0000
  0
VERTEX
  8
16
 10
113.9063
 20
0.5013
 30
0.0000
  0
SEQEND
  8
0
  0
POLYLINE
  8
16
 66
1
 10
0.0000
 20
0.0000
 30
0.0000
 40
0.0762
 41
0.0762
 70
0
  0
VERTEX
  8
16
 10
113.9063
 20
1.5859
 30
0.0000
 42
1.0000
  0
VERTEX
  8
16
 10
113.8301
 20
1.5859
 30
0.0000
  0
SEQEND
  8
0
  0
POLYLINE
  8
16
 66
1
 10
0.0000
 20
0.0000
 30
0.0000
 40
0.1524
 41
0.1524
 70
0
  0
VERTEX
  8
16
 10
113.8682
 20
0.5013
 30
0.0000
  0
VERTEX
  8
16
 10
114.9528
 20
1.5859
 30
0.0000
  0
SEQEND
  8
0
  0
POLYLINE
  8
16
 66
1
 10
0.0000
 20
0.0000
 30
0.0000
 40
0.0762
 41
0.0762
 70
0
  0
VERTEX
  8
16
 10
114.9797
 20
1.5590
 30
0.0000
 42
1.0000
  0
VERTEX
  8
16
 10
114.9259
 20
1.6128
 30
0.0000
  0
SEQEND
  8
0
  0
POLYLINE
  8
16
 66
1
 10
0.0000
 20
0.0000
 30
0.0000
 40
0.0762
 41
0.0762
 70
0
  0
VERTEX
  8
16
 10
113.8413
 20
0.5282
 30
0.0000
 42
1.0000
  0
VERTEX
  8
16
 10
113.8951
 20
0.4744
 30
0.0000
  0
SEQEND
  8
0
  0
POLYLINE
  8
16
 66
1
 10
0.0000
 20
0.0000
 30
0.0000
 40
0.1524
 41
0.1524
 70
0
  0
VERTEX
  8
16
 10
114.9528
 20
1.5859
 30
0.0000
  0
VERTEX
  8
16
 10
115.2240
 20
1.5859
 30
0.0000
  0
SEQEND
  8
0
  0
POLYLINE
  8
16
 66
1
 10
0.0000
 20
0.0000
 30
0.0000
 40
0.0762
 41
0.0762
 70
0
  0
VERTEX
  8
16
 10
115.2240
 20
1.5478
 30
0.0000
 42
1.0000
  0
VERTEX
  8
16
 10
115.2240
 20
1.6240
 30
0.0000
  0
SEQEND
  8
0
  0
POLYLINE
  8
16
 66
1
 10
0.0000
 20
0.0000
 30
0.0000
 40
0.0762
 41
0.0762
 70
0
  0
VERTEX
  8
16
 10
114.9528
 20
1.6240
 30
0.0000
 42
1.0000
  0
VERTEX
  8
16
 10
114.9528
 20
1.5478
 30
0.0000
  0
SEQEND
  8
0
  0
POLYLINE
  8
16
 66
1
 10
0.0000
 20
0.0000
 30
0.0000
 40
0.1524
 41
0.1524
 70
0
  0
VERTEX
  8
16
 10
115.2240
 20
1.5859
 30
0.0000
  0
VERTEX
  8
16
 10
115.4951
 20
1.3147
 30
0.0000
  0
SEQEND
  8
0
  0
POLYLINE
  8
16
 66
1
 10
0.0000
 20
0.0000
 30
0.0000
 40
0.0762
 41
0.0762
 70
0
  0
VERTEX
  8
16
 10
115.4682
 20
1.2878
 30
0.0000
 42
1.0000
  0
VERTEX
  8
16
 10
115.5220
 20
1.3416
 30
0.0000
  0
SEQEND
  8
0
  0
POLYLINE
  8
16
 66
1
 10
0.0000
 20
0.0000
 30
0.0000
 40
0.0762
 41
0.0762
 70
0
  0
VERTEX
  8
16
 10
115.2509
 20
1.6128
 30
0.0000
 42
1.0000
  0
VERTEX
  8
16
 10
115.1971
 20
1.5590
 30
0.0000
  0
SEQEND
  8
0
  0
POLYLINE
  8
16
 66
1
 10
0.0000
 20
0.0000
 30
0.0000
 40
0.1524
 41
0.1524
 70
0
  0
VERTEX
  8
16
 10
115.4951
 20
1.3147
 30
0.0000
  0
VERTEX
  8
16
 10
115.4951
 20
0.7724
 30
0.0000
  0
SEQEND
  8
0
  0
POLYLINE
  8
16
 66
1
 10
0.0000
 20
0.0000
 30
0.0000
 40
0.0762
 41
0.0762
 70
0
  0
VERTEX
  8
16
 10
115.4570
 20
0.7724
 30
0.0000
 42
1.0000
  0
VERTEX
  8
16
 10
115.5332
 20
0.7724
 30
0.0000
  0
SEQEND
  8
0
  0
POLYLINE
  8
16
 66
1
 10
0.0000
 20
0.0000
 30
0.0000
 40
0.0762
 41
0.0762
 70
0
  0
VERTEX
  8
16
 10
115.5332
 20
1.3147
 30
0.0000
 42
1.0000
  0
VERTEX
  8
16
 10
115.4570
 20
1.3147
 30
0.0000
  0
SEQEND
  8
0
  0
POLYLINE
  8
16
 66
1
 10
0.0000
 20
0.0000
 30
0.0000
 40
0.1524
 41
0.1524
 70
0
  0
VERTEX
  8
16
 10
115.4951
 20
0.7724
 30
0.0000
  0
VERTEX
  8
16
 10
115.2240
 20
0.5013
 30
0.0000
  0
SEQEND
  8
0
  0
POLYLINE
  8
16
 66
1
 10
0.0000
 20
0.0000
 30
0.0000
 40
0.0762
 41
0.0762
 70
0
  0
VERTEX
  8
16
 10
115.1971
 20
0.5282
 30
0.0000
 42
1.0000
  0
VERTEX
  8
16
 10
115.2509
 20
0.4744
 30
0.0000
  0
SEQEND
  8
0
  0
POLYLINE
  8
16
 66
1
 10
0.0000
 20
0.0000
 30
0.0000
 40
0.0762
 41
0.0762
 70
0
  0
VERTEX
  8
16
 10
115.5220
 20
0.7455
 30
0.0000
 42
1.0000
  0
VERTEX
  8
16
 10
115.4682
 20
0.7993
 30
0.0000
  0
SEQEND
  8
0
  0
POLYLINE
  8
16
 66
1
 10
0.0000
 20
0.0000
 30
0.0000
 40
0.1524
 41
0.1524
 70
0
  0
VERTEX
  8
16
 10
113.8682
 20
3.7755
 30
0.0000
  0
VERTEX
  8
16
 10
115.4951
 20
3.7755
 30
0.0000
  0
SEQEND
  8
0
  0
POLYLINE
  8
16
 66
1
 10
0.0000
 20
0.0000
 30
0.0000
 40
0.0762
 41
0.0762
 70
0
  0
VERTEX
  8
16
 10
115.4951
 20
3.7374
 30
0.0000
 42
1.0000
  0
VERTEX
  8
16
 10
115.4951
 20
3.8136
 30
0.0000
  0
SEQEND
  8
0
  0
POLYLINE
  8
16
 66
1
 10
0.0000
 20
0.0000
 30
0.0000
 40
0.0762
 41
0.0762
 70
0
  0
VERTEX
  8
16
 10
113.8682
 20
3.8136
 30
0.0000
 42
1.0000
  0
VERTEX
  8
16
 10
113.8682
 20
3.7374
 30
0.0000
  0
SEQEND
  8
0
  0
POLYLINE
  8
16
 66
1
 10
0.0000
 20
0.0000
 30
0.0000
 40
0.1524
 41
0.1524
 70
0
  0
VERTEX
  8
16
 10
115.4951
 20
3.7755
 30
0.0000
  0
VERTEX
  8
16
 10
115.4951
 20
4.5889
 30
0.0000
  0
SEQEND
  8
0
  0
POLYLINE
  8
16
 66
1
 10
0.0000
 20
0.0000
 30
0.0000
 40
0.0762
 41
0.0762
 70
0
  0
VERTEX
  8
16
 10
115.5332
 20
4.5889
 30
0.0000
 42
1.0000
  0
VERTEX
  8
16
 10
115.4570
 20
4.5889
 30
0.0000
  0
SEQEND
  8
0
  0
POLYLINE
  8
16
 66
1
 10
0.0000
 20
0.0000
 30
0.0000
 40
0.0762
 41
0.0762
 70
0
  0
VERTEX
  8
16
 10
115.4570
 20
3.7755
 30
0.0000
 42
1.0000
  0
VERTEX
  8
16
 10
115.5332
 20
3.7755
 30
0.0000
  0
SEQEND
  8
0
  0
POLYLINE
  8
16
 66
1
 10
0.0000
 20
0.0000
 30
0.0000
 40
0.1524
 41
0.1524
 70
0
  0
VERTEX
  8
16
 10
115.4951
 20
4.5889
 30
0.0000
  0
VERTEX
  8
16
 10
115.2240
 20
4.8601
 30
0.0000
  0
SEQEND
  8
0
  0
POLYLINE
  8
16
 66
1
 10
0.0000
 20
0.0000
 30
0.0000
 40
0.0762
 41
0.0762
 70
0
  0
VERTEX
  8
16
 10
115.2509
 20
4.8870
 30
0.0000
 42
1.0000
  0
VERTEX
  8
16
 10
115.1971
 20
4.8332
 30
0.0000
  0
SEQEND
  8
0
  0
POLYLINE
  8
16
 66
1
 10
0.0000
 20
0.0000
 30
0.0000
 40
0.0762
 41
0.0762
 70
0
  0
VERTEX
  8
16
 10
115.4682
 20
4.5620
 30
0.0000
 42
1.0000
  0
VERTEX
  8
16
 10
115.5220
 20
4.6158
 30
0.0000
  0
SEQEND
  8
0
  0
POLYLINE
  8
16
 66
1
 10
0.0000
 20
0.0000
 30
0.0000
 40
0.1524
 41
0.1524
 70
0
  0
VERTEX
  8
16
 10
115.2240
 20
4.8601
 30
0.0000
  0
VERTEX
  8
16
 10
114.6816
 20
4.8601
 30
0.0000
  0
SEQEND
  8
0
  0
POLYLINE
  8
16
 66
1
 10
0.0000
 20
0.0000
 30
0.0000
 40
0.0762
 41
0.0762
 70
0
  0
VERTEX
  8
16
 10
114.6816
 20
4.8982
 30
0.0000
 42
1.0000
  0
VERTEX
  8
16
 10
114.6816
 20
4.8220
 30
0.0000
  0
SEQEND
  8
0
  0
POLYLINE
  8
16
 66
1
 10
0.0000
 20
0.0000
 30
0.0000
 40
0.0762
 41
0.0762
 70
0
  0
VERTEX
  8
16
 10
115.2240
 20
4.8220
 30
0.0000
 42
1.0000
  0
VERTEX
  8
16
 10
115.2240
 20
4.8982
 30
0.0000
  0
SEQEND
  8
0
  0
POLYLINE
  8
16
 66
1
 10
0.0000
 20
0.0000
 30
0.0000
 40
0.1524
 41
0.1524
 70
0
  0
VERTEX
  8
16
 10
114.6816
 20
4.8601
 30
0.0000
  0
VERTEX
  8
16
 10
114.4105
 20
4.5889
 30
0.0000
  0
SEQEND
  8
0
  0
POLYLINE
  8
16
 66
1
 10
0.0000
 20
0.0000
 30
0.0000
 40
0.0762
 41
0.0762
 70
0
  0
VERTEX
  8
16
 10
114.3836
 20
4.6158
 30
0.0000
 42
1.0000
  0
VERTEX
  8
16
 10
114.4374
 20
4.5620
 30
0.0000
  0
SEQEND
  8
0
  0
POLYLINE
  8
16
 66
1
 10
0.0000
 20
0.0000
 30
0.0000
 40
0.0762
 41
0.0762
 70
0
  0
VERTEX
  8
16
 10
114.7085
 20
4.8332
 30
0.0000
 42
1.0000
  0
VERTEX
  8
16
 10
114.6547
 20
4.8870
 30
0.0000
  0
SEQEND
  8
0
  0
POLYLINE
  8
16
 66
1
 10
0.0000
 20
0.0000
 30
0.0000
 40
0.1524
 41
0.1524
 70
0
  0
VERTEX
  8
16
 10
114.4105
 20
4.5889
 30
0.0000
  0
VERTEX
  8
16
 10
114.4105
 20
3.7755
 30
0.0000
  0
SEQEND
  8
0
  0
POLYLINE
  8
16
 66
1
 10
0.0000
 20
0.0000
 30
0.0000
 40
0.0762
 41
0.0762
 70
0
  0
VERTEX
  8
16
 10
114.3724
 20
3.7755
 30
0.0000
 42
1.0000
  0
VERTEX
  8
16
 10
114.4486
 20
3.7755
 30
0.0000
  0
SEQEND
  8
0
  0
POLYLINE
  8
16
 66
1
 10
0.0000
 20
0.0000
 30
0.0000
 40
0.0762
 41
0.0762
 70
0
  0
VERTEX
  8
16
 10
114.4486
 20
4.5889
 30
0.0000
 42
1.0000
  0
VERTEX
  8
16
 10
114.3724
 20
4.5889
 30
0.0000
  0
SEQEND
  8
0
  0
POLYLINE
  8
16
 66
1
 10
0.0000
 20
0.0000
 30
0.0000
 40
0.1524
 41
0.1524
 70
0
  0
VERTEX
  8
16
 10
114.4105
 20
4.3178
 30
0.0000
  0
VERTEX
  8
16
 10
113.8682
 20
4.8601
 30
0.0000
  0
SEQEND
  8
0
  0
POLYLINE
  8
16
 66
1
 10
0.0000
 20
0.0000
 30
0.0000
 40
0.0762
 41
0.0762
 70
0
  0
VERTEX
  8
16
 10
113.8951
 20
4.8870
 30
0.0000
 42
1.0000
  0
VERTEX
  8
16
 10
113.8413
 20
4.8332
 30
0.0000
  0
SEQEND
  8
0
  0
POLYLINE
  8
16
 66
1
 10
0.0000
 20
0.0000
 30
0.0000
 40
0.0762
 41
0.0762
 70
0
  0
VERTEX
  8
16
 10
114.3836
 20
4.2909
 30
0.0000
 42
1.0000
  0
VERTEX
  8
16
 10
114.4374
 20
4.3447
 30
0.0000
  0
SEQEND
  8
0
  0
POLYLINE
  8
16
 66
1
 10
0.0000
 20
0.0000
 30
0.0000
 40
0.1524
 41
0.1524
 70
0
  0
VERTEX
  8
16
 10
113.8682
 20
6.2260
 30
0.0000
  0
VERTEX
  8
16
 10
113.8682
 20
5.6837
 30
0.0000
  0
SEQEND
  8
0
  0
POLYLINE
  8
16
 66
1
 10
0.0000
 20
0.0000
 30
0.0000
 40
0.0762
 41
0.0762
 70
0
  0
VERTEX
  8
16
 10
113.8301
 20
5.6837
 30
0.0000
 42
1.0000
  0
VERTEX
  8
16
 10
113.9063
 20
5.6837
 30
0.0000
  0
SEQEND
  8
0
  0
POLYLINE
  8
16
 66
1
 10
0.0000
 20
0.0000
 30
0.0000
 40
0.0762
 41
0.0762
 70
0
  0
VERTEX
  8
16
 10
113.9063
 20
6.2260
 30
0.0000
 42
1.0000
  0
VERTEX
  8
16
 10
113.8301
 20
6.2260
 30
0.0000
  0
SEQEND
  8
0
  0
POLYLINE
  8
16
 66
1
 10
0.0000
 20
0.0000
 30
0.0000
 40
0.1524
 41
0.1524
 70
0
  0
VERTEX
  8
16
 10
113.8682
 20
5.6837
 30
0.0000
  0
VERTEX
  8
16
 10
114.1393
 20
5.4126
 30
0.0000
  0
SEQEND
  8
0
  0
POLYLINE
  8
16
 66
1
 10
0.0000
 20
0.0000
 30
0.0000
 40
0.0762
 41
0.0762
 70
0
  0
VERTEX
  8
16
 10
114.1124
 20
5.3857
 30
0.0000
 42
1.0000
  0
VERTEX
  8
16
 10
114.1662
 20
5.4395
 30
0.0000
  0
SEQEND
  8
0
  0
POLYLINE
  8
16
 66
1
 10
0.0000
 20
0.0000
 30
0.0000
 40
0.0762
 41
0.0762
 70
0
  0
VERTEX
  8
16
 10
113.8951
 20
5.7106
 30
0.0000
 42
1.0000
  0
VERTEX
  8
16
 10
113.8413
 20
5.6568
 30
0.0000
  0
SEQEND
  8
0
  0
POLYLINE
  8
16
 66
1
 10
0.0000
 20
0.0000
 30
0.0000
 40
0.1524
 41
0.1524
 70
0
  0
VERTEX
  8
16
 10
114.1393
 20
5.4126
 30
0.0000
  0
VERTEX
  8
16
 10
114.6816
 20
5.4126
 30
0.0000
  0
SEQEND
  8
0
  0
POLYLINE
  8
16
 66
1
 10
0.0000
 20
0.0000
 30
0.0000
 40
0.0762
 41
0.0762
 70
0
  0
VERTEX
  8
16
 10
114.6816
 20
5.3745
 30
0.0000
 42
1.0000
  0
VERTEX
  8
16
 10
114.6816
 20
5.4507
 30
0.0000
  0
SEQEND
  8
0
  0
POLYLINE
  8
16
 66
1
 10
0.0000
 20
0.0000
 30
0.0000
 40
0.0762
 41
0.0762
 70
0
  0
VERTEX
  8
16
 10
114.1393
 20
5.4507
 30
0.0000
 42
1.0000
  0
VERTEX
  8
16
 10
114.1393
 20
5.3745
 30
0.0000
  0
SEQEND
  8
0
  0
POLYLINE
  8
16
 66
1
 10
0.0000
 20
0.0000
 30
0.0000
 40
0.1524
 41
0.1524
 70
0
  0
VERTEX
  8
16
 10
114.6816
 20
5.4126
 30
0.0000
  0
VERTEX
  8
16
 10
114.9528
 20
5.6837
 30
0.0000
  0
SEQEND
  8
0
  0
POLYLINE
  8
16
 66
1
 10
0.0000
 20
0.0000
 30
0.0000
 40
0.0762
 41
0.0762
 70
0
  0
VERTEX
  8
16
 10
114.9797
 20
5.6568
 30
0.0000
 42
1.0000
  0
VERTEX
  8
16
 10
114.9259
 20
5.7106
 30
0.0000
  0
SEQEND
  8
0
  0
POLYLINE
  8
16
 66
1
 10
0.0000
 20
0.0000
 30
0.0000
 40
0.0762
 41
0.0762
 70
0
  0
VERTEX
  8
16
 10
114.6547
 20
5.4395
 30
0.0000
 42
1.0000
  0
VERTEX
  8
16
 10
114.7085
 20
5.3857
 30
0.0000
  0
SEQEND
  8
0
  0
POLYLINE
  8
16
 66
1
 10
0.0000
 20
0.0000
 30
0.0000
 40
0.1524
 41
0.1524
 70
0
  0
VERTEX
  8
16
 10
114.9528
 20
5.6837
 30
0.0000
  0
VERTEX
  8
16
 10
114.9528
 20
6.2260
 30
0.0000
  0
SEQEND
  8
0
  0
POLYLINE
  8
16
 66
1
 10
0.0000
 20
0.0000
 30
0.0000
 40
0.0762
 41
0.0762
 70
0
  0
VERTEX
  8
16
 10
114.9909
 20
6.2260
 30
0.0000
 42
1.0000
  0
VERTEX
  8
16
 10
114.9147
 20
6.2260
 30
0.0000
  0
SEQEND
  8
0
  0
POLYLINE
  8
16
 66
1
 10
0.0000
 20
0.0000
 30
0.0000
 40
0.0762
 41
0.0762
 70
0
  0
VERTEX
  8
16
 10
114.9147
 20
5.6837
 30
0.0000
 42
1.0000
  0
VERTEX
  8
16
 10
114.9909
 20
5.6837
 30
0.0000
  0
SEQEND
  8
0
  0
POLYLINE
  8
16
 66
1
 10
0.0000
 20
0.0000
 30
0.0000
 40
0.1524
 41
0.1524
 70
0
  0
VERTEX
  8
16
 10
114.9528
 20
6.2260
 30
0.0000
  0
VERTEX
  8
16
 10
114.6816
 20
6.4972
 30
0.0000
  0
SEQEND
  8
0
  0
POLYLINE
  8
16
 66
1
 10
0.0000
 20
0.0000
 30
0.0000
 40
0.0762
 41
0.0762
 70
0
  0
VERTEX
  8
16
 10
114.7085
 20
6.5241
 30
0.0000
 42
1.0000
  0
VERTEX
  8
16
 10
114.6547
 20
6.4703
 30
0.0000
  0
SEQEND
  8
0
  0
POLYLINE
  8
16
 66
1
 10
0.0000
 20
0.0000
 30
0.0000
 40
0.0762
 41
0.0762
 70
0
  0
VERTEX
  8
16
 10
114.9259
 20
6.1991
 30
0.0000
 42
1.0000
  0
VERTEX
  8
16
 10
114.9797
 20
6.2529
 30
0.0000
  0
SEQEND
  8
0
  0
POLYLINE
  8
16
 66
1
 10
0.0000
 20
0.0000
 30
0.0000
 40
0.1524
 41
0.1524
 70
0
  0
VERTEX
  8
16
 10
114.6816
 20
6.4972
 30
0.0000
  0
VERTEX
  8
16
 10
114.4105
 20
6.4972
 30
0.0000
  0
SEQEND
  8
0
  0
POLYLINE
  8
16
 66
1
 10
0.0000
 20
0.0000
 30
0.0000
 40
0.0762
 41
0.0762
 70
0
  0
VERTEX
  8
16
 10
114.4105
 20
6.5353
 30
0.0000
 42
1.0000
  0
VERTEX
  8
16
 10
114.4105
 20
6.4591
 30
0.0000
  0
SEQEND
  8
0
  0
POLYLINE
  8
16
 66
1
 10
0.0000
 20
0.0000
 30
0.0000
 40
0.0762
 41
0.0762
 70
0
  0
VERTEX
  8
16
 10
114.6816
 20
6.4591
 30
0.0000
 42
1.0000
  0
VERTEX
  8
16
 10
114.6816
 20
6.5353
 30
0.0000
  0
SEQEND
  8
0
  0
POLYLINE
  8
16
 66
1
 10
0.0000
 20
0.0000
 30
0.0000
 40
0.1524
 41
0.1524
 70
0
  0
VERTEX
  8
16
 10
114.4105
 20
6.4972
 30
0.0000
  0
VERTEX
  8
16
 10
114.4105
 20
5.4126
 30
0.0000
  0
SEQEND
  8
0
  0
POLYLINE
  8
16
 66
1
 10
0.0000
 20
0.0000
 30
0.0000
 40
0.0762
 41
0.0762
 70
0
  0
VERTEX
  8
16
 10
114.3724
 20
5.4126
 30
0.0000
 42
1.0000
  0
VERTEX
  8
16
 10
114.4486
 20
5.4126
 30
0.0000
  0
SEQEND
  8
0
  0
POLYLINE
  8
16
 66
1
 10
0.0000
 20
0.0000
 30
0.0000
 40
0.0762
 41
0.0762
 70
0
  0
VERTEX
  8
16
 10
114.4486
 20
6.4972
 30
0.0000
 42
1.0000
  0
VERTEX
  8
16
 10
114.3724
 20
6.4972
 30
0.0000
  0
SEQEND
  8
0
  0
POLYLINE
  8
16
 66
1
 10
0.0000
 20
0.0000
 30
0.0000
 40
0.1524
 41
0.1524
 70
0
  0
VERTEX
  8
16
 10
113.3259
 20
7.0497
 30
0.0000
  0
VERTEX
  8
16
 10
114.9528
 20
7.0497
 30
0.0000
  0
SEQEND
  8
0
  0
POLYLINE
  8
16
 66
1
 10
0.0000
 20
0.0000
 30
0.0000
 40
0.0762
 41
0.0762
 70
0
  0
VERTEX
  8
16
 10
114.9528
 20
7.0116
 30
0.0000
 42
1.0000
  0
VERTEX
  8
16
 10
114.9528
 20
7.0878
 30
0.0000
  0
SEQEND
  8
0
  0
POLYLINE
  8
16
 66
1
 10
0.0000
 20
0.0000
 30
0.0000
 40
0.0762
 41
0.0762
 70
0
  0
VERTEX
  8
16
 10
113.3259
 20
7.0878
 30
0.0000
 42
1.0000
  0
VERTEX
  8
16
 10
113.3259
 20
7.0116
 30
0.0000
  0
SEQEND
  8
0
  0
POLYLINE
  8
16
 66
1
 10
0.0000
 20
0.0000
 30
0.0000
 40
0.1524
 41
0.1524
 70
0
  0
VERTEX
  8
16
 10
114.9528
 20
7.0497
 30
0.0000
  0
VERTEX
  8
16
 10
114.9528
 20
7.8631
 30
0.0000
  0
SEQEND
  8
0
  0
POLYLINE
  8
16
 66
1
 10
0.0000
 20
0.0000
 30
0.0000
 40
0.0762
 41
0.0762
 70
0
  0
VERTEX
  8
16
 10
114.9909
 20
7.8631
 30
0.0000
 42
1.0000
  0
VERTEX
  8
16
 10
114.9147
 20
7.8631
 30
0.0000
  0
SEQEND
  8
0
  0
POLYLINE
  8
16
 66
1
 10
0.0000
 20
0.0000
 30
0.0000
 40
0.0762
 41
0.0762
 70
0
  0
VERTEX
  8
16
 10
114.9147
 20
7.0497
 30
0.0000
 42
1.0000
  0
VERTEX
  8
16
 10
114.9909
 20
7.0497
 30
0.0000
  0
SEQEND
  8
0
  0
POLYLINE
  8
16
 66
1
 10
0.0000
 20
0.0000
 30
0.0000
 40
0.1524
 41
0.1524
 70
0
  0
VERTEX
  8
16
 10
114.9528
 20
7.8631
 30
0.0000
  0
VERTEX
  8
16
 10
114.6816
 20
8.1343
 30
0.0000
  0
SEQEND
  8
0
  0
POLYLINE
  8
16
 66
1
 10
0.0000
 20
0.0000
 30
0.0000
 40
0.0762
 41
0.0762
 70
0
  0
VERTEX
  8
16
 10
114.7085
 20
8.1612
 30
0.0000
 42
1.0000
  0
VERTEX
  8
16
 10
114.6547
 20
8.1074
 30
0.0000
  0
SEQEND
  8
0
  0
POLYLINE
  8
16
 66
1
 10
0.0000
 20
0.0000
 30
0.0000
 40
0.0762
 41
0.0762
 70
0
  0
VERTEX
  8
16
 10
114.9259
 20
7.8362
 30
0.0000
 42
1.0000
  0
VERTEX
  8
16
 10
114.9797
 20
7.8900
 30
0.0000
  0
SEQEND
  8
0
  0
POLYLINE
  8
16
 66
1
 10
0.0000
 20
0.0000
 30
0.0000
 40
0.1524
 41
0.1524
 70
0
  0
VERTEX
  8
16
 10
114.6816
 20
8.1343
 30
0.0000
  0
VERTEX
  8
16
 10
114.1393
 20
8.1343
 30
0.0000
  0
SEQEND
  8
0
  0
POLYLINE
  8
16
 66
1
 10
0.0000
 20
0.0000
 30
0.0000
 40
0.0762
 41
0.0762
 70
0
  0
VERTEX
  8
16
 10
114.1393
 20
8.1724
 30
0.0000
 42
1.0000
  0
VERTEX
  8
16
 10
114.1393
 20
8.0962
 30
0.0000
  0
SEQEND
  8
0
  0
POLYLINE
  8
16
 66
1
 10
0.0000
 20
0.0000
 30
0.0000
 40
0.0762
 41
0.0762
 70
0
  0
VERTEX
  8
16
 10
114.6816
 20
8.0962
 30
0.0000
 42
1.0000
  0
VERTEX
  8
16
 10
114.6816
 20
8.1724
 30
0.0000
  0
SEQEND
  8
0
  0
POLYLINE
  8
16
 66
1
 10
0.0000
 20
0.0000
 30
0.0000
 40
0.1524
 41
0.1524
 70
0
  0
VERTEX
  8
16
 10
114.1393
 20
8.1343
 30
0.0000
  0
VERTEX
  8
16
 10
113.8682
 20
7.8631
 30
0.0000
  0
SEQEND
  8
0
  0
POLYLINE
  8
16
 66
1
 10
0.0000
 20
0.0000
 30
0.0000
 40
0.0762
 41
0.0762
 70
0
  0
VERTEX
  8
16
 10
113.8413
 20
7.8900
 30
0.0000
 42
1.0000
  0
VERTEX
  8
16
 10
113.8951
 20
7.8362
 30
0.0000
  0
SEQEND
  8
0
  0
POLYLINE
  8
16
 66
1
 10
0.0000
 20
0.0000
 30
0.0000
 40
0.0762
 41
0.0762
 70
0
  0
VERTEX
  8
16
 10
114.1662
 20
8.1074
 30
0.0000
 42
1.0000
  0
VERTEX
  8
16
 10
114.1124
 20
8.1612
 30
0.0000
  0
SEQEND
  8
0
  0
POLYLINE
  8
16
 66
1
 10
0.0000
 20
0.0000
 30
0.0000
 40
0.1524
 41
0.1524
 70
0
  0
VERTEX
  8
16
 10
113.8682
 20
7.8631
 30
0.0000
  0
VERTEX
  8
16
 10
113.8682
 20
7.0497
 30
0.0000
  0
SEQEND
  8
0
  0
POLYLINE
  8
16
 66
1
 10
0.0000
 20
0.0000
 30
0.0000
 40
0.0762
 41
0.0762
 70
0
  0
VERTEX
  8
16
 10
113.8301
 20
7.0497
 30
0.0000
 42
1.0000
  0
VERTEX
  8
16
 10
113.9063
 20
7.0497
 30
0.0000
  0
SEQEND
  8
0
  0
POLYLINE
  8
16
 66
1
 10
0.0000
 20
0.0000
 30
0.0000
 40
0.0762
 41
0.0762
 70
0
  0
VERTEX
  8
16
 10
113.9063
 20
7.8631
 30
0.0000
 42
1.0000
  0
VERTEX
  8
16
 10
113.8301
 20
7.8631
 30
0.0000
  0
SEQEND
  8
0
  0
POLYLINE
  8
16
 66
1
 10
0.0000
 20
0.0000
 30
0.0000
 40
0.1524
 41
0.1524
 70
0
  0
VERTEX
  8
16
 10
115.4951
 20
8.6868
 30
0.0000
  0
VERTEX
  8
16
 10
115.4951
 20
8.9579
 30
0.0000
  0
SEQEND
  8
0
  0
POLYLINE
  8
16
 66
1
 10
0.0000
 20
0.0000
 30
0.0000
 40
0.0762
 41
0.0762
 70
0
  0
VERTEX
  8
16
 10
115.5332
 20
8.9579
 30
0.0000
 42
1.0000
  0
VERTEX
  8
16
 10
115.4570
 20
8.9579
 30
0.0000
  0
SEQEND
  8
0
  0
POLYLINE
  8
16
 66
1
 10
0.0000
 20
0.0000
 30
0.0000
 40
0.0762
 41
0.0762
 70
0
  0
VERTEX
  8
16
 10
115.4570
 20
8.6868
 30
0.0000
 42
1.0000
  0
VERTEX
  8
16
 10
115.5332
 20
8.6868
 30
0.0000
  0
SEQEND
  8
0
  0
POLYLINE
  8
16
 66
1
 10
0.0000
 20
0.0000
 30
0.0000
 40
0.1524
 41
0.1524
 70
0
  0
VERTEX
  8
16
 10
115.4951
 20
8.9579
 30
0.0000
  0
VERTEX
  8
16
 10
113.8682
 20
8.9579
 30
0.0000
  0
SEQEND
  8
0
  0
POLYLINE
  8
16
 66
1
 10
0.0000
 20
0.0000
 30
0.0000
 40
0.0762
 41
0.0762
 70
0
  0
VERTEX
  8
16
 10
113.8682
 20
8.9960
 30
0.0000
 42
1.0000
  0
VERTEX
  8
16
 10
113.8682
 20
8.9198
 30
0.0000
  0
SEQEND
  8
0
  0
POLYLINE
  8
16
 66
1
 10
0.0000
 20
0.0000
 30
0.0000
 40
0.0762
 41
0.0762
 70
0
  0
VERTEX
  8
16
 10
115.4951
 20
8.9198
 30
0.0000
 42
1.0000
  0
VERTEX
  8
16
 10
115.4951
 20
8.9960
 30
0.0000
  0
SEQEND
  8
0
  0
POLYLINE
  8
16
 66
1
 10
0.0000
 20
0.0000
 30
0.0000
 40
0.1524
 41
0.1524
 70
0
  0
VERTEX
  8
16
 10
113.8682
 20
8.6868
 30
0.0000
  0
VERTEX
  8
16
 10
113.8682
 20
9.2291
 30
0.0000
  0
SEQEND
  8
0
  0
POLYLINE
  8
16
 66
1
 10
0.0000
 20
0.0000
 30
0.0000
 40
0.0762
 41
0.0762
 70
0
  0
VERTEX
  8
16
 10
113.9063
 20
9.2291
 30
0.0000
 42
1.0000
  0
VERTEX
  8
16
 10
113.8301
 20
9.2291
 30
0.0000
  0
SEQEND
  8
0
  0
POLYLINE
  8
16
 66
1
 10
0.0000
 20
0.0000
 30
0.0000
 40
0.0762
 41
0.0762
 70
0
  0
VERTEX
  8
16
 10
113.8301
 20
8.6868
 30
0.0000
 42
1.0000
  0
VERTEX
  8
16
 10
113.9063
 20
8.6868
 30
0.0000
  0
SEQEND
  8
0
  0
POLYLINE
  8
16
 66
1
 10
0.0000
 20
0.0000
 30
0.0000
 40
0.1524
 41
0.1524
 70
0
  0
VERTEX
  8
16
 10
114.9528
 20
10.3221
 30
0.0000
  0
VERTEX
  8
16
 10
114.9528
 20
10.8644
 30
0.0000
  0
SEQEND
  8
0
  0
POLYLINE
  8
16
 66
1
 10
0.0000
 20
0.0000
 30
0.0000
 40
0.0762
 41
0.0762
 70
0
  0
VERTEX
  8
16
 10
114.9909
 20
10.8644
 30
0.0000
 42
1.0000
  0
VERTEX
  8
16
 10
114.9147
 20
10.8644
 30
0.0000
  0
SEQEND
  8
0
  0
POLYLINE
  8
16
 66
1
 10
0.0000
 20
0.0000
 30
0.0000
 40
0.0762
 41
0.0762
 70
0
  0
VERTEX
  8
16
 10
114.9147
 20
10.3221
 30
0.0000
 42
1.0000
  0
VERTEX
  8
16
 10
114.9909
 20
10.3221
 30
0.0000
  0
SEQEND
  8
0
  0
POLYLINE
  8
16
 66
1
 10
0.0000
 20
0.0000
 30
0.0000
 40
0.1524
 41
0.1524
 70
0
  0
VERTEX
  8
16
 10
114.9528
 20
10.8644
 30
0.0000
  0
VERTEX
  8
16
 10
114.6816
 20
11.1356
 30
0.0000
  0
SEQEND
  8
0
  0
POLYLINE
  8
16
 66
1
 10
0.0000
 20
0.0000
 30
0.0000
 40
0.0762
 41
0.0762
 70
0
  0
VERTEX
  8
16
 10
114.7085
 20
11.1625
 30
0.0000
 42
1.0000
  0
VERTEX
  8
16
 10
114.6547
 20
11.1087
 30
0.0000
  0
SEQEND
  8
0
  0
POLYLINE
  8
16
 66
1
 10
0.0000
 20
0.0000
 30
0.0000
 40
0.0762
 41
0.0762
 70
0
  0
VERTEX
  8
16
 10
114.9259
 20
10.8375
 30
0.0000
 42
1.0000
  0
VERTEX
  8
16
 10
114.9797
 20
10.8913
 30
0.0000
  0
SEQEND
  8
0
  0
POLYLINE
  8
16
 66
1
 10
0.0000
 20
0.0000
 30
0.0000
 40
0.1524
 41
0.1524
 70
0
  0
VERTEX
  8
16
 10
114.6816
 20
11.1356
 30
0.0000
  0
VERTEX
  8
16
 10
113.8682
 20
11.1356
 30
0.0000
  0
SEQEND
  8
0
  0
POLYLINE
  8
16
 66
1
 10
0.0000
 20
0.0000
 30
0.0000
 40
0.0762
 41
0.0762
 70
0
  0
VERTEX
  8
16
 10
113.8682
 20
11.1737
 30
0.0000
 42
1.0000
  0
VERTEX
  8
16
 10
113.8682
 20
11.0975
 30
0.0000
  0
SEQEND
  8
0
  0
POLYLINE
  8
16
 66
1
 10
0.0000
 20
0.0000
 30
0.0000
 40
0.0762
 41
0.0762
 70
0
  0
VERTEX
  8
16
 10
114.6816
 20
11.0975
 30
0.0000
 42
1.0000
  0
VERTEX
  8
16
 10
114.6816
 20
11.1737
 30
0.0000
  0
SEQEND
  8
0
  0
POLYLINE
  8
16
 66
1
 10
0.0000
 20
0.0000
 30
0.0000
 40
0.1524
 41
0.1524
 70
0
  0
VERTEX
  8
16
 10
113.8682
 20
11.1356
 30
0.0000
  0
VERTEX
  8
16
 10
113.8682
 20
10.3221
 30
0.0000
  0
SEQEND
  8
0
  0
POLYLINE
  8
16
 66
1
 10
0.0000
 20
0.0000
 30
0.0000
 40
0.0762
 41
0.0762
 70
0
  0
VERTEX
  8
16
 10
113.8301
 20
10.3221
 30
0.0000
 42
1.0000
  0
VERTEX
  8
16
 10
113.9063
 20
10.3221
 30
0.0000
  0
SEQEND
  8
0
  0
POLYLINE
  8
16
 66
1
 10
0.0000
 20
0.0000
 30
0.0000
 40
0.0762
 41
0.0762
 70
0
  0
VERTEX
  8
16
 10
113.9063
 20
11.1356
 30
0.0000
 42
1.0000
  0
VERTEX
  8
16
 10
113.8301
 20
11.1356
 30
0.0000
  0
SEQEND
  8
0
  0
POLYLINE
  8
16
 66
1
 10
0.0000
 20
0.0000
 30
0.0000
 40
0.1524
 41
0.1524
 70
0
  0
VERTEX
  8
16
 10
113.8682
 20
10.3221
 30
0.0000
  0
VERTEX
  8
16
 10
114.1393
 20
10.0510
 30
0.0000
  0
SEQEND
  8
0
  0
POLYLINE
  8
16
 66
1
 10
0.0000
 20
0.0000
 30
0.0000
 40
0.0762
 41
0.0762
 70
0
  0
VERTEX
  8
16
 10
114.1124
 20
10.0241
 30
0.0000
 42
1.0000
  0
VERTEX
  8
16
 10
114.1662
 20
10.0779
 30
0.0000
  0
SEQEND
  8
0
  0
POLYLINE
  8
16
 66
1
 10
0.0000
 20
0.0000
 30
0.0000
 40
0.0762
 41
0.0762
 70
0
  0
VERTEX
  8
16
 10
113.8951
 20
10.3490
 30
0.0000
 42
1.0000
  0
VERTEX
  8
16
 10
113.8413
 20
10.2952
 30
0.0000
  0
SEQEND
  8
0
  0
POLYLINE
  8
16
 66
1
 10
0.0000
 20
0.0000
 30
0.0000
 40
0.1524
 41
0.1524
 70
0
  0
VERTEX
  8
16
 10
114.1393
 20
10.0510
 30
0.0000
  0
VERTEX
  8
16
 10
114.4105
 20
10.3221
 30
0.0000
  0
SEQEND
  8
0
  0
POLYLINE
  8
16
 66
1
 10
0.0000
 20
0.0000
 30
0.0000
 40
0.0762
 41
0.0762
 70
0
  0
VERTEX
  8
16
 10
114.4374
 20
10.2952
 30
0.0000
 42
1.0000
  0
VERTEX
  8
16
 10
114.3836
 20
10.3490
 30
0.0000
  0
SEQEND
  8
0
  0
POLYLINE
  8
16
 66
1
 10
0.0000
 20
0.0000
 30
0.0000
 40
0.0762
 41
0.0762
 70
0
  0
VERTEX
  8
16
 10
114.1124
 20
10.0779
 30
0.0000
 42
1.0000
  0
VERTEX
  8
16
 10
114.1662
 20
10.0241
 30
0.0000
  0
SEQEND
  8
0
  0
POLYLINE
  8
16
 66
1
 10
0.0000
 20
0.0000
 30
0.0000
 40
0.1524
 41
0.1524
 70
0
  0
VERTEX
  8
16
 10
114.4105
 20
10.3221
 30
0.0000
  0
VERTEX
  8
16
 10
114.4105
 20
11.1356
 30
0.0000
  0
SEQEND
  8
0
  0
POLYLINE
  8
16
 66
1
 10
0.0000
 20
0.0000
 30
0.0000
 40
0.0762
 41
0.0762
 70
0
  0
VERTEX
  8
16
 10
114.4486
 20
11.1356
 30
0.0000
 42
1.0000
  0
VERTEX
  8
16
 10
114.3724
 20
11.1356
 30
0.0000
  0
SEQEND
  8
0
  0
POLYLINE
  8
16
 66
1
 10
0.0000
 20
0.0000
 30
0.0000
 40
0.0762
 41
0.0762
 70
0
  0
VERTEX
  8
16
 10
114.3724
 20
10.3221
 30
0.0000
 42
1.0000
  0
VERTEX
  8
16
 10
114.4486
 20
10.3221
 30
0.0000
  0
SEQEND
  8
0
  0
POLYLINE
  8
16
 66
1
 10
0.0000
 20
0.0000
 30
0.0000
 40
0.1524
 41
0.1524
 70
0
  0
VERTEX
  8
16
 10
114.9528
 20
12.7727
 30
0.0000
  0
VERTEX
  8
16
 10
114.9528
 20
11.9592
 30
0.0000
  0
SEQEND
  8
0
  0
POLYLINE
  8
16
 66
1
 10
0.0000
 20
0.0000
 30
0.0000
 40
0.0762
 41
0.0762
 70
0
  0
VERTEX
  8
16
 10
114.9147
 20
11.9592
 30
0.0000
 42
1.0000
  0
VERTEX
  8
16
 10
114.9909
 20
11.9592
 30
0.0000
  0
SEQEND
  8
0
  0
POLYLINE
  8
16
 66
1
 10
0.0000
 20
0.0000
 30
0.0000
 40
0.0762
 41
0.0762
 70
0
  0
VERTEX
  8
16
 10
114.9909
 20
12.7727
 30
0.0000
 42
1.0000
  0
VERTEX
  8
16
 10
114.9147
 20
12.7727
 30
0.0000
  0
SEQEND
  8
0
  0
POLYLINE
  8
16
 66
1
 10
0.0000
 20
0.0000
 30
0.0000
 40
0.1524
 41
0.1524
 70
0
  0
VERTEX
  8
16
 10
114.9528
 20
11.9592
 30
0.0000
  0
VERTEX
  8
16
 10
114.6816
 20
11.6881
 30
0.0000
  0
SEQEND
  8
0
  0
POLYLINE
  8
16
 66
1
 10
0.0000
 20
0.0000
 30
0.0000
 40
0.0762
 41
0.0762
 70
0
  0
VERTEX
  8
16
 10
114.6547
 20
11.7150
 30
0.0000
 42
1.0000
  0
VERTEX
  8
16
 10
114.7085
 20
11.6612
 30
0.0000
  0
SEQEND
  8
0
  0
POLYLINE
  8
16
 66
1
 10
0.0000
 20
0.0000
 30
0.0000
 40
0.0762
 41
0.0762
 70
0
  0
VERTEX
  8
16
 10
114.9797
 20
11.9323
 30
0.0000
 42
1.0000
  0
VERTEX
  8
16
 10
114.9259
 20
11.9861
 30
0.0000
  0
SEQEND
  8
0
  0
POLYLINE
  8
16
 66
1
 10
0.0000
 20
0.0000
 30
0.0000
 40
0.1524
 41
0.1524
 70
0
  0
VERTEX
  8
16
 10
114.6816
 20
11.6881
 30
0.0000
  0
VERTEX
  8
16
 10
114.1393
 20
11.6881
 30
0.0000
  0
SEQEND
  8
0
  0
POLYLINE
  8
16
 66
1
 10
0.0000
 20
0.0000
 30
0.0000
 40
0.0762
 41
0.0762
 70
0
  0
VERTEX
  8
16
 10
114.1393
 20
11.7262
 30
0.0000
 42
1.0000
  0
VERTEX
  8
16
 10
114.1393
 20
11.6500
 30
0.0000
  0
SEQEND
  8
0
  0
POLYLINE
  8
16
 66
1
 10
0.0000
 20
0.0000
 30
0.0000
 40
0.0762
 41
0.0762
 70
0
  0
VERTEX
  8
16
 10
114.6816
 20
11.6500
 30
0.0000
 42
1.0000
  0
VERTEX
  8
16
 10
114.6816
 20
11.7262
 30
0.0000
  0
SEQEND
  8
0
  0
POLYLINE
  8
16
 66
1
 10
0.0000
 20
0.0000
 30
0.0000
 40
0.1524
 41
0.1524
 70
0
  0
VERTEX
  8
16
 10
114.1393
 20
11.6881
 30
0.0000
  0
VERTEX
  8
16
 10
113.8682
 20
11.9592
 30
0.0000
  0
SEQEND
  8
0
  0
POLYLINE
  8
16
 66
1
 10
0.0000
 20
0.0000
 30
0.0000
 40
0.0762
 41
0.0762
 70
0
  0
VERTEX
  8
16
 10
113.8951
 20
11.9861
 30
0.0000
 42
1.0000
  0
VERTEX
  8
16
 10
113.8413
 20
11.9323
 30
0.0000
  0
SEQEND
  8
0
  0
POLYLINE
  8
16
 66
1
 10
0.0000
 20
0.0000
 30
0.0000
 40
0.0762
 41
0.0762
 70
0
  0
VERTEX
  8
16
 10
114.1124
 20
11.6612
 30
0.0000
 42
1.0000
  0
VERTEX
  8
16
 10
114.1662
 20
11.7150
 30
0.0000
  0
SEQEND
  8
0
  0
POLYLINE
  8
16
 66
1
 10
0.0000
 20
0.0000
 30
0.0000
 40
0.1524
 41
0.1524
 70
0
  0
VERTEX
  8
16
 10
113.8682
 20
11.9592
 30
0.0000
  0
VERTEX
  8
16
 10
113.8682
 20
12.7727
 30
0.0000
  0
SEQEND
  8
0
  0
POLYLINE
  8
16
 66
1
 10
0.0000
 20
0.0000
 30
0.0000
 40
0.0762
 41
0.0762
 70
0
  0
VERTEX
  8
16
 10
113.9063
 20
12.7727
 30
0.0000
 42
1.0000
  0
VERTEX
  8
16
 10
113.8301
 20
12.7727
 30
0.0000
  0
SEQEND
  8
0
  0
POLYLINE
  8
16
 66
1
 10
0.0000
 20
0.0000
 30
0.0000
 40
0.0762
 41
0.0762
 70
0
  0
VERTEX
  8
16
 10
113.8301
 20
11.9592
 30
0.0000
 42
1.0000
  0
VERTEX
  8
16
 10
113.9063
 20
11.9592
 30
0.0000
  0
SEQEND
  8
0
  0
POLYLINE
  8
16
 66
1
 10
0.0000
 20
0.0000
 30
0.0000
 40
0.1524
 41
0.1524
 70
0
  0
VERTEX
  8
16
 10
113.8682
 20
14.1386
 30
0.0000
  0
VERTEX
  8
16
 10
113.8682
 20
13.5963
 30
0.0000
  0
SEQEND
  8
0
  0
POLYLINE
  8
16
 66
1
 10
0.0000
 20
0.0000
 30
0.0000
 40
0.0762
 41
0.0762
 70
0
  0
VERTEX
  8
16
 10
113.8301
 20
13.5963
 30
0.0000
 42
1.0000
  0
VERTEX
  8
16
 10
113.9063
 20
13.5963
 30
0.0000
  0
SEQEND
  8
0
  0
POLYLINE
  8
16
 66
1
 10
0.0000
 20
0.0000
 30
0.0000
 40
0.0762
 41
0.0762
 70
0
  0
VERTEX
  8
16
 10
113.9063
 20
14.1386
 30
0.0000
 42
1.0000
  0
VERTEX
  8
16
 10
113.8301
 20
14.1386
 30
0.0000
  0
SEQEND
  8
0
  0
POLYLINE
  8
16
 66
1
 10
0.0000
 20
0.0000
 30
0.0000
 40
0.1524
 41
0.1524
 70
0
  0
VERTEX
  8
16
 10
113.8682
 20
13.5963
 30
0.0000
  0
VERTEX
  8
16
 10
114.1393
 20
13.3252
 30
0.0000
  0
SEQEND
  8
0
  0
POLYLINE
  8
16
 66
1
 10
0.0000
 20
0.0000
 30
0.0000
 40
0.0762
 41
0.0762
 70
0
  0
VERTEX
  8
16
 10
114.1124
 20
13.2983
 30
0.0000
 42
1.0000
  0
VERTEX
  8
16
 10
114.1662
 20
13.3521
 30
0.0000
  0
SEQEND
  8
0
  0
POLYLINE
  8
16
 66
1
 10
0.0000
 20
0.0000
 30
0.0000
 40
0.0762
 41
0.0762
 70
0
  0
VERTEX
  8
16
 10
113.8951
 20
13.6232
 30
0.0000
 42
1.0000
  0
VERTEX
  8
16
 10
113.8413
 20
13.5694
 30
0.0000
  0
SEQEND
  8
0
  0
POLYLINE
  8
16
 66
1
 10
0.0000
 20
0.0000
 30
0.0000
 40
0.1524
 41
0.1524
 70
0
  0
VERTEX
  8
16
 10
114.1393
 20
13.3252
 30
0.0000
  0
VERTEX
  8
16
 10
114.6816
 20
13.3252
 30
0.0000
  0
SEQEND
  8
0
  0
POLYLINE
  8
16
 66
1
 10
0.0000
 20
0.0000
 30
0.0000
 40
0.0762
 41
0.0762
 70
0
  0
VERTEX
  8
16
 10
114.6816
 20
13.2871
 30
0.0000
 42
1.0000
  0
VERTEX
  8
16
 10
114.6816
 20
13.3633
 30
0.0000
  0
SEQEND
  8
0
  0
POLYLINE
  8
16
 66
1
 10
0.0000
 20
0.0000
 30
0.0000
 40
0.0762
 41
0.0762
 70
0
  0
VERTEX
  8
16
 10
114.1393
 20
13.3633
 30
0.0000
 42
1.0000
  0
VERTEX
  8
16
 10
114.1393
 20
13.2871
 30
0.0000
  0
SEQEND
  8
0
  0
POLYLINE
  8
16
 66
1
 10
0.0000
 20
0.0000
 30
0.0000
 40
0.1524
 41
0.1524
 70
0
  0
VERTEX
  8
16
 10
114.6816
 20
13.3252
 30
0.0000
  0
VERTEX
  8
16
 10
114.9528
 20
13.5963
 30
0.0000
  0
SEQEND
  8
0
  0
POLYLINE
  8
16
 66
1
 10
0.0000
 20
0.0000
 30
0.0000
 40
0.0762
 41
0.0762
 70
0
  0
VERTEX
  8
16
 10
114.9797
 20
13.5694
 30
0.0000
 42
1.0000
  0
VERTEX
  8
16
 10
114.9259
 20
13.6232
 30
0.0000
  0
SEQEND
  8
0
  0
POLYLINE
  8
16
 66
1
 10
0.0000
 20
0.0000
 30
0.0000
 40
0.0762
 41
0.0762
 70
0
  0
VERTEX
  8
16
 10
114.6547
 20
13.3521
 30
0.0000
 42
1.0000
  0
VERTEX
  8
16
 10
114.7085
 20
13.2983
 30
0.0000
  0
SEQEND
  8
0
  0
POLYLINE
  8
16
 66
1
 10
0.0000
 20
0.0000
 30
0.0000
 40
0.1524
 41
0.1524
 70
0
  0
VERTEX
  8
16
 10
114.9528
 20
13.5963
 30
0.0000
  0
VERTEX
  8
16
 10
114.9528
 20
14.1386
 30
0.0000
  0
SEQEND
  8
0
  0
POLYLINE
  8
16
 66
1
 10
0.0000
 20
0.0000
 30
0.0000
 40
0.0762
 41
0.0762
 70
0
  0
VERTEX
  8
16
 10
114.9909
 20
14.1386
 30
0.0000
 42
1.0000
  0
VERTEX
  8
16
 10
114.9147
 20
14.1386
 30
0.0000
  0
SEQEND
  8
0
  0
POLYLINE
  8
16
 66
1
 10
0.0000
 20
0.0000
 30
0.0000
 40
0.0762
 41
0.0762
 70
0
  0
VERTEX
  8
16
 10
114.9147
 20
13.5963
 30
0.0000
 42
1.0000
  0
VERTEX
  8
16
 10
114.9909
 20
13.5963
 30
0.0000
  0
SEQEND
  8
0
  0
POLYLINE
  8
16
 66
1
 10
0.0000
 20
0.0000
 30
0.0000
 40
0.1524
 41
0.1524
 70
0
  0
VERTEX
  8
16
 10
114.9528
 20
14.1386
 30
0.0000
  0
VERTEX
  8
16
 10
114.6816
 20
14.4098
 30
0.0000
  0
SEQEND
  8
0
  0
POLYLINE
  8
16
 66
1
 10
0.0000
 20
0.0000
 30
0.0000
 40
0.0762
 41
0.0762
 70
0
  0
VERTEX
  8
16
 10
114.7085
 20
14.4367
 30
0.0000
 42
1.0000
  0
VERTEX
  8
16
 10
114.6547
 20
14.3829
 30
0.0000
  0
SEQEND
  8
0
  0
POLYLINE
  8
16
 66
1
 10
0.0000
 20
0.0000
 30
0.0000
 40
0.0762
 41
0.0762
 70
0
  0
VERTEX
  8
16
 10
114.9259
 20
14.1117
 30
0.0000
 42
1.0000
  0
VERTEX
  8
16
 10
114.9797
 20
14.1655
 30
0.0000
  0
SEQEND
  8
0
  0
POLYLINE
  8
16
 66
1
 10
0.0000
 20
0.0000
 30
0.0000
 40
0.1524
 41
0.1524
 70
0
  0
VERTEX
  8
16
 10
114.6816
 20
14.4098
 30
0.0000
  0
VERTEX
  8
16
 10
114.4105
 20
14.4098
 30
0.0000
  0
SEQEND
  8
0
  0
POLYLINE
  8
16
 66
1
 10
0.0000
 20
0.0000
 30
0.0000
 40
0.0762
 41
0.0762
 70
0
  0
VERTEX
  8
16
 10
114.4105
 20
14.4479
 30
0.0000
 42
1.0000
  0
VERTEX
  8
16
 10
114.4105
 20
14.3717
 30
0.0000
  0
SEQEND
  8
0
  0
POLYLINE
  8
16
 66
1
 10
0.0000
 20
0.0000
 30
0.0000
 40
0.0762
 41
0.0762
 70
0
  0
VERTEX
  8
16
 10
114.6816
 20
14.3717
 30
0.0000
 42
1.0000
  0
VERTEX
  8
16
 10
114.6816
 20
14.4479
 30
0.0000
  0
SEQEND
  8
0
  0
POLYLINE
  8
16
 66
1
 10
0.0000
 20
0.0000
 30
0.0000
 40
0.1524
 41
0.1524
 70
0
  0
VERTEX
  8
16
 10
114.4105
 20
14.4098
 30
0.0000
  0
VERTEX
  8
16
 10
114.4105
 20
13.3252
 30
0.0000
  0
SEQEND
  8
0
  0
POLYLINE
  8
16
 66
1
 10
0.0000
 20
0.0000
 30
0.0000
 40
0.0762
 41
0.0762
 70
0
  0
VERTEX
  8
16
 10
114.3724
 20
13.3252
 30
0.0000
 42
1.0000
  0
VERTEX
  8
16
 10
114.4486
 20
13.3252
 30
0.0000
  0
SEQEND
  8
0
  0
POLYLINE
  8
16
 66
1
 10
0.0000
 20
0.0000
 30
0.0000
 40
0.0762
 41
0.0762
 70
0
  0
VERTEX
  8
16
 10
114.4486
 20
14.4098
 30
0.0000
 42
1.0000
  0
VERTEX
  8
16
 10
114.3724
 20
14.4098
 30
0.0000
  0
SEQEND
  8
0
  0
POLYLINE
  8
16
 66
1
 10
0.0000
 20
0.0000
 30
0.0000
 40
0.1524
 41
0.1524
 70
0
  0
VERTEX
  8
16
 10
113.8682
 20
14.9623
 30
0.0000
  0
VERTEX
  8
16
 10
114.9528
 20
14.9623
 30
0.0000
  0
SEQEND
  8
0
  0
POLYLINE
  8
16
 66
1
 10
0.0000
 20
0.0000
 30
0.0000
 40
0.0762
 41
0.0762
 70
0
  0
VERTEX
  8
16
 10
114.9528
 20
14.9242
 30
0.0000
 42
1.0000
  0
VERTEX
  8
16
 10
114.9528
 20
15.0004
 30
0.0000
  0
SEQEND
  8
0
  0
POLYLINE
  8
16
 66
1
 10
0.0000
 20
0.0000
 30
0.0000
 40
0.0762
 41
0.0762
 70
0
  0
VERTEX
  8
16
 10
113.8682
 20
15.0004
 30
0.0000
 42
1.0000
  0
VERTEX
  8
16
 10
113.8682
 20
14.9242
 30
0.0000
  0
SEQEND
  8
0
  0
POLYLINE
  8
16
 66
1
 10
0.0000
 20
0.0000
 30
0.0000
 40
0.1524
 41
0.1524
 70
0
  0
VERTEX
  8
16
 10
114.9528
 20
14.9623
 30
0.0000
  0
VERTEX
  8
16
 10
114.9528
 20
15.2334
 30
0.0000
  0
SEQEND
  8
0
  0
POLYLINE
  8
16
 66
1
 10
0.0000
 20
0.0000
 30
0.0000
 40
0.0762
 41
0.0762
 70
0
  0
VERTEX
  8
16
 10
114.9909
 20
15.2334
 30
0.0000
 42
1.0000
  0
VERTEX
  8
16
 10
114.9147
 20
15.2334
 30
0.0000
  0
SEQEND
  8
0
  0
POLYLINE
  8
16
 66
1
 10
0.0000
 20
0.0000
 30
0.0000
 40
0.0762
 41
0.0762
 70
0
  0
VERTEX
  8
16
 10
114.9147
 20
14.9623
 30
0.0000
 42
1.0000
  0
VERTEX
  8
16
 10
114.9909
 20
14.9623
 30
0.0000
  0
SEQEND
  8
0
  0
POLYLINE
  8
16
 66
1
 10
0.0000
 20
0.0000
 30
0.0000
 40
0.1524
 41
0.1524
 70
0
  0
VERTEX
  8
16
 10
114.9528
 20
15.2334
 30
0.0000
  0
VERTEX
  8
16
 10
114.6816
 20
15.5046
 30
0.0000
  0
SEQEND
  8
0
  0
POLYLINE
  8
16
 66
1
 10
0.0000
 20
0.0000
 30
0.0000
 40
0.0762
 41
0.0762
 70
0
  0
VERTEX
  8
16
 10
114.7085
 20
15.5315
 30
0.0000
 42
1.0000
  0
VERTEX
  8
16
 10
114.6547
 20
15.4777
 30
0.0000
  0
SEQEND
  8
0
  0
POLYLINE
  8
16
 66
1
 10
0.0000
 20
0.0000
 30
0.0000
 40
0.0762
 41
0.0762
 70
0
  0
VERTEX
  8
16
 10
114.9259
 20
15.2065
 30
0.0000
 42
1.0000
  0
VERTEX
  8
16
 10
114.9797
 20
15.2603
 30
0.0000
  0
SEQEND
  8
0
  0
POLYLINE
  8
16
 66
1
 10
0.0000
 20
0.0000
 30
0.0000
 40
0.1524
 41
0.1524
 70
0
  0
VERTEX
  8
16
 10
114.6816
 20
15.5046
 30
0.0000
  0
VERTEX
  8
16
 10
113.8682
 20
15.5046
 30
0.0000
  0
SEQEND
  8
0
  0
POLYLINE
  8
16
 66
1
 10
0.0000
 20
0.0000
 30
0.0000
 40
0.0762
 41
0.0762
 70
0
  0
VERTEX
  8
16
 10
113.8682
 20
15.5427
 30
0.0000
 42
1.0000
  0
VERTEX
  8
16
 10
113.8682
 20
15.4665
 30
0.0000
  0
SEQEND
  8
0
  0
POLYLINE
  8
16
 66
1
 10
0.0000
 20
0.0000
 30
0.0000
 40
0.0762
 41
0.0762
 70
0
  0
VERTEX
  8
16
 10
114.6816
 20
15.4665
 30
0.0000
 42
1.0000
  0
VERTEX
  8
16
 10
114.6816
 20
15.5427
 30
0.0000
  0
SEQEND
  8
0
  0
POLYLINE
  8
16
 66
1
 10
0.0000
 20
0.0000
 30
0.0000
 40
0.1524
 41
0.1524
 70
0
  0
VERTEX
  8
16
 10
114.6816
 20
15.5046
 30
0.0000
  0
VERTEX
  8
16
 10
114.9528
 20
15.7757
 30
0.0000
  0
SEQEND
  8
0
  0
POLYLINE
  8
16
 66
1
 10
0.0000
 20
0.0000
 30
0.0000
 40
0.0762
 41
0.0762
 70
0
  0
VERTEX
  8
16
 10
114.9797
 20
15.7488
 30
0.0000
 42
1.0000
  0
VERTEX
  8
16
 10
114.9259
 20
15.8026
 30
0.0000
  0
SEQEND
  8
0
  0
POLYLINE
  8
16
 66
1
 10
0.0000
 20
0.0000
 30
0.0000
 40
0.0762
 41
0.0762
 70
0
  0
VERTEX
  8
16
 10
114.6547
 20
15.5315
 30
0.0000
 42
1.0000
  0
VERTEX
  8
16
 10
114.7085
 20
15.4777
 30
0.0000
  0
SEQEND
  8
0
  0
POLYLINE
  8
16
 66
1
 10
0.0000
 20
0.0000
 30
0.0000
 40
0.1524
 41
0.1524
 70
0
  0
VERTEX
  8
16
 10
114.9528
 20
15.7757
 30
0.0000
  0
VERTEX
  8
16
 10
114.6816
 20
16.0469
 30
0.0000
  0
SEQEND
  8
0
  0
POLYLINE
  8
16
 66
1
 10
0.0000
 20
0.0000
 30
0.0000
 40
0.0762
 41
0.0762
 70
0
  0
VERTEX
  8
16
 10
114.7085
 20
16.0738
 30
0.0000
 42
1.0000
  0
VERTEX
  8
16
 10
114.6547
 20
16.0200
 30
0.0000
  0
SEQEND
  8
0
  0
POLYLINE
  8
16
 66
1
 10
0.0000
 20
0.0000
 30
0.0000
 40
0.0762
 41
0.0762
 70
0
  0
VERTEX
  8
16
 10
114.9259
 20
15.7488
 30
0.0000
 42
1.0000
  0
VERTEX
  8
16
 10
114.9797
 20
15.8026
 30
0.0000
  0
SEQEND
  8
0
  0
POLYLINE
  8
16
 66
1
 10
0.0000
 20
0.0000
 30
0.0000
 40
0.1524
 41
0.1524
 70
0
  0
VERTEX
  8
16
 10
114.6816
 20
16.0469
 30
0.0000
  0
VERTEX
  8
16
 10
113.8682
 20
16.0469
 30
0.0000
  0
SEQEND
  8
0
  0
POLYLINE
  8
16
 66
1
 10
0.0000
 20
0.0000
 30
0.0000
 40
0.0762
 41
0.0762
 70
0
  0
VERTEX
  8
16
 10
113.8682
 20
16.0850
 30
0.0000
 42
1.0000
  0
VERTEX
  8
16
 10
113.8682
 20
16.0088
 30
0.0000
  0
SEQEND
  8
0
  0
POLYLINE
  8
16
 66
1
 10
0.0000
 20
0.0000
 30
0.0000
 40
0.0762
 41
0.0762
 70
0
  0
VERTEX
  8
16
 10
114.6816
 20
16.0088
 30
0.0000
 42
1.0000
  0
VERTEX
  8
16
 10
114.6816
 20
16.0850
 30
0.0000
  0
SEQEND
  8
0
  0
POLYLINE
  8
16
 66
1
 10
0.0000
 20
0.0000
 30
0.0000
 40
0.1524
 41
0.1524
 70
0
  0
VERTEX
  8
16
 10
113.8682
 20
17.4128
 30
0.0000
  0
VERTEX
  8
16
 10
113.8682
 20
16.8705
 30
0.0000
  0
SEQEND
  8
0
  0
POLYLINE
  8
16
 66
1
 10
0.0000
 20
0.0000
 30
0.0000
 40
0.0762
 41
0.0762
 70
0
  0
VERTEX
  8
16
 10
113.8301
 20
16.8705
 30
0.0000
 42
1.0000
  0
VERTEX
  8
16
 10
113.9063
 20
16.8705
 30
0.0000
  0
SEQEND
  8
0
  0
POLYLINE
  8
16
 66
1
 10
0.0000
 20
0.0000
 30
0.0000
 40
0.0762
 41
0.0762
 70
0
  0
VERTEX
  8
16
 10
113.9063
 20
17.4128
 30
0.0000
 42
1.0000
  0
VERTEX
  8
16
 10
113.8301
 20
17.4128
 30
0.0000
  0
SEQEND
  8
0
  0
POLYLINE
  8
16
 66
1
 10
0.0000
 20
0.0000
 30
0.0000
 40
0.1524
 41
0.1524
 70
0
  0
VERTEX
  8
16
 10
113.8682
 20
16.8705
 30
0.0000
  0
VERTEX
  8
16
 10
114.1393
 20
16.5994
 30
0.0000
  0
SEQEND
  8
0
  0
POLYLINE
  8
16
 66
1
 10
0.0000
 20
0.0000
 30
0.0000
 40
0.0762
 41
0.0762
 70
0
  0
VERTEX
  8
16
 10
114.1124
 20
16.5725
 30
0.0000
 42
1.0000
  0
VERTEX
  8
16
 10
114.1662
 20
16.6263
 30
0.0000
  0
SEQEND
  8
0
  0
POLYLINE
  8
16
 66
1
 10
0.0000
 20
0.0000
 30
0.0000
 40
0.0762
 41
0.0762
 70
0
  0
VERTEX
  8
16
 10
113.8951
 20
16.8974
 30
0.0000
 42
1.0000
  0
VERTEX
  8
16
 10
113.8413
 20
16.8436
 30
0.0000
  0
SEQEND
  8
0
  0
POLYLINE
  8
16
 66
1
 10
0.0000
 20
0.0000
 30
0.0000
 40
0.1524
 41
0.1524
 70
0
  0
VERTEX
  8
16
 10
114.1393
 20
16.5994
 30
0.0000
  0
VERTEX
  8
16
 10
114.6816
 20
16.5994
 30
0.0000
  0
SEQEND
  8
0
  0
POLYLINE
  8
16
 66
1
 10
0.0000
 20
0.0000
 30
0.0000
 40
0.0762
 41
0.0762
 70
0
  0
VERTEX
  8
16
 10
114.6816
 20
16.5613
 30
0.0000
 42
1.0000
  0
VERTEX
  8
16
 10
114.6816
 20
16.6375
 30
0.0000
  0
SEQEND
  8
0
  0
POLYLINE
  8
16
 66
1
 10
0.0000
 20
0.0000
 30
0.0000
 40
0.0762
 41
0.0762
 70
0
  0
VERTEX
  8
16
 10
114.1393
 20
16.6375
 30
0.0000
 42
1.0000
  0
VERTEX
  8
16
 10
114.1393
 20
16.5613
 30
0.0000
  0
SEQEND
  8
0
  0
POLYLINE
  8
16
 66
1
 10
0.0000
 20
0.0000
 30
0.0000
 40
0.1524
 41
0.1524
 70
0
  0
VERTEX
  8
16
 10
114.6816
 20
16.5994
 30
0.0000
  0
VERTEX
  8
16
 10
114.9528
 20
16.8705
 30
0.0000
  0
SEQEND
  8
0
  0
POLYLINE
  8
16
 66
1
 10
0.0000
 20
0.0000
 30
0.0000
 40
0.0762
 41
0.0762
 70
0
  0
VERTEX
  8
16
 10
114.9797
 20
16.8436
 30
0.0000
 42
1.0000
  0
VERTEX
  8
16
 10
114.9259
 20
16.8974
 30
0.0000
  0
SEQEND
  8
0
  0
POLYLINE
  8
16
 66
1
 10
0.0000
 20
0.0000
 30
0.0000
 40
0.0762
 41
0.0762
 70
0
  0
VERTEX
  8
16
 10
114.6547
 20
16.6263
 30
0.0000
 42
1.0000
  0
VERTEX
  8
16
 10
114.7085
 20
16.5725
 30
0.0000
  0
SEQEND
  8
0
  0
POLYLINE
  8
16
 66
1
 10
0.0000
 20
0.0000
 30
0.0000
 40
0.1524
 41
0.1524
 70
0
  0
VERTEX
  8
16
 10
114.9528
 20
16.8705
 30
0.0000
  0
VERTEX
  8
16
 10
114.9528
 20
17.4128
 30
0.0000
  0
SEQEND
  8
0
  0
POLYLINE
  8
16
 66
1
 10
0.0000
 20
0.0000
 30
0.0000
 40
0.0762
 41
0.0762
 70
0
  0
VERTEX
  8
16
 10
114.9909
 20
17.4128
 30
0.0000
 42
1.0000
  0
VERTEX
  8
16
 10
114.9147
 20
17.4128
 30
0.0000
  0
SEQEND
  8
0
  0
POLYLINE
  8
16
 66
1
 10
0.0000
 20
0.0000
 30
0.0000
 40
0.0762
 41
0.0762
 70
0
  0
VERTEX
  8
16
 10
114.9147
 20
16.8705
 30
0.0000
 42
1.0000
  0
VERTEX
  8
16
 10
114.9909
 20
16.8705
 30
0.0000
  0
SEQEND
  8
0
  0
POLYLINE
  8
16
 66
1
 10
0.0000
 20
0.0000
 30
0.0000
 40
0.1524
 41
0.1524
 70
0
  0
VERTEX
  8
16
 10
114.9528
 20
17.4128
 30
0.0000
  0
VERTEX
  8
16
 10
114.6816
 20
17.6840
 30
0.0000
  0
SEQEND
  8
0
  0
POLYLINE
  8
16
 66
1
 10
0.0000
 20
0.0000
 30
0.0000
 40
0.0762
 41
0.0762
 70
0
  0
VERTEX
  8
16
 10
114.7085
 20
17.7109
 30
0.0000
 42
1.0000
  0
VERTEX
  8
16
 10
114.6547
 20
17.6571
 30
0.0000
  0
SEQEND
  8
0
  0
POLYLINE
  8
16
 66
1
 10
0.0000
 20
0.0000
 30
0.0000
 40
0.0762
 41
0.0762
 70
0
  0
VERTEX
  8
16
 10
114.9259
 20
17.3859
 30
0.0000
 42
1.0000
  0
VERTEX
  8
16
 10
114.9797
 20
17.4397
 30
0.0000
  0
SEQEND
  8
0
  0
POLYLINE
  8
16
 66
1
 10
0.0000
 20
0.0000
 30
0.0000
 40
0.1524
 41
0.1524
 70
0
  0
VERTEX
  8
16
 10
114.6816
 20
17.6840
 30
0.0000
  0
VERTEX
  8
16
 10
114.4105
 20
17.6840
 30
0.0000
  0
SEQEND
  8
0
  0
POLYLINE
  8
16
 66
1
 10
0.0000
 20
0.0000
 30
0.0000
 40
0.0762
 41
0.0762
 70
0
  0
VERTEX
  8
16
 10
114.4105
 20
17.7221
 30
0.0000
 42
1.0000
  0
VERTEX
  8
16
 10
114.4105
 20
17.6459
 30
0.0000
  0
SEQEND
  8
0
  0
POLYLINE
  8
16
 66
1
 10
0.0000
 20
0.0000
 30
0.0000
 40
0.0762
 41
0.0762
 70
0
  0
VERTEX
  8
16
 10
114.6816
 20
17.6459
 30
0.0000
 42
1.0000
  0
VERTEX
  8
16
 10
114.6816
 20
17.7221
 30
0.0000
  0
SEQEND
  8
0
  0
POLYLINE
  8
16
 66
1
 10
0.0000
 20
0.0000
 30
0.0000
 40
0.1524
 41
0.1524
 70
0
  0
VERTEX
  8
16
 10
114.4105
 20
17.6840
 30
0.0000
  0
VERTEX
  8
16
 10
114.4105
 20
16.5994
 30
0.0000
  0
SEQEND
  8
0
  0
POLYLINE
  8
16
 66
1
 10
0.0000
 20
0.0000
 30
0.0000
 40
0.0762
 41
0.0762
 70
0
  0
VERTEX
  8
16
 10
114.3724
 20
16.5994
 30
0.0000
 42
1.0000
  0
VERTEX
  8
16
 10
114.4486
 20
16.5994
 30
0.0000
  0
SEQEND
  8
0
  0
POLYLINE
  8
16
 66
1
 10
0.0000
 20
0.0000
 30
0.0000
 40
0.0762
 41
0.0762
 70
0
  0
VERTEX
  8
16
 10
114.4486
 20
17.6840
 30
0.0000
 42
1.0000
  0
VERTEX
  8
16
 10
114.3724
 20
17.6840
 30
0.0000
  0
SEQEND
  8
0
  0
POLYLINE
  8
16
 66
1
 10
0.0000
 20
0.0000
 30
0.0000
 40
0.1524
 41
0.1524
 70
0
  0
VERTEX
  8
16
 10
113.8682
 20
18.2365
 30
0.0000
  0
VERTEX
  8
16
 10
114.9528
 20
18.2365
 30
0.0000
  0
SEQEND
  8
0
  0
POLYLINE
  8
16
 66
1
 10
0.0000
 20
0.0000
 30
0.0000
 40
0.0762
 41
0.0762
 70
0
  0
VERTEX
  8
16
 10
114.9528
 20
18.1984
 30
0.0000
 42
1.0000
  0
VERTEX
  8
16
 10
114.9528
 20
18.2746
 30
0.0000
  0
SEQEND
  8
0
  0
POLYLINE
  8
16
 66
1
 10
0.0000
 20
0.0000
 30
0.0000
 40
0.0762
 41
0.0762
 70
0
  0
VERTEX
  8
16
 10
113.8682
 20
18.2746
 30
0.0000
 42
1.0000
  0
VERTEX
  8
16
 10
113.8682
 20
18.1984
 30
0.0000
  0
SEQEND
  8
0
  0
POLYLINE
  8
16
 66
1
 10
0.0000
 20
0.0000
 30
0.0000
 40
0.1524
 41
0.1524
 70
0
  0
VERTEX
  8
16
 10
114.9528
 20
18.2365
 30
0.0000
  0
VERTEX
  8
16
 10
114.9528
 20
19.0499
 30
0.0000
  0
SEQEND
  8
0
  0
POLYLINE
  8
16
 66
1
 10
0.0000
 20
0.0000
 30
0.0000
 40
0.0762
 41
0.0762
 70
0
  0
VERTEX
  8
16
 10
114.9909
 20
19.0499
 30
0.0000
 42
1.0000
  0
VERTEX
  8
16
 10
114.9147
 20
19.0499
 30
0.0000
  0
SEQEND
  8
0
  0
POLYLINE
  8
16
 66
1
 10
0.0000
 20
0.0000
 30
0.0000
 40
0.0762
 41
0.0762
 70
0
  0
VERTEX
  8
16
 10
114.9147
 20
18.2365
 30
0.0000
 42
1.0000
  0
VERTEX
  8
16
 10
114.9909
 20
18.2365
 30
0.0000
  0
SEQEND
  8
0
  0
POLYLINE
  8
16
 66
1
 10
0.0000
 20
0.0000
 30
0.0000
 40
0.1524
 41
0.1524
 70
0
  0
VERTEX
  8
16
 10
114.9528
 20
19.0499
 30
0.0000
  0
VERTEX
  8
16
 10
114.6816
 20
19.3211
 30
0.0000
  0
SEQEND
  8
0
  0
POLYLINE
  8
16
 66
1
 10
0.0000
 20
0.0000
 30
0.0000
 40
0.0762
 41
0.0762
 70
0
  0
VERTEX
  8
16
 10
114.7085
 20
19.3480
 30
0.0000
 42
1.0000
  0
VERTEX
  8
16
 10
114.6547
 20
19.2942
 30
0.0000
  0
SEQEND
  8
0
  0
POLYLINE
  8
16
 66
1
 10
0.0000
 20
0.0000
 30
0.0000
 40
0.0762
 41
0.0762
 70
0
  0
VERTEX
  8
16
 10
114.9259
 20
19.0230
 30
0.0000
 42
1.0000
  0
VERTEX
  8
16
 10
114.9797
 20
19.0768
 30
0.0000
  0
SEQEND
  8
0
  0
POLYLINE
  8
16
 66
1
 10
0.0000
 20
0.0000
 30
0.0000
 40
0.1524
 41
0.1524
 70
0
  0
VERTEX
  8
16
 10
114.6816
 20
19.3211
 30
0.0000
  0
VERTEX
  8
16
 10
113.8682
 20
19.3211
 30
0.0000
  0
SEQEND
  8
0
  0
POLYLINE
  8
16
 66
1
 10
0.0000
 20
0.0000
 30
0.0000
 40
0.0762
 41
0.0762
 70
0
  0
VERTEX
  8
16
 10
113.8682
 20
19.3592
 30
0.0000
 42
1.0000
  0
VERTEX
  8
16
 10
113.8682
 20
19.2830
 30
0.0000
  0
SEQEND
  8
0
  0
POLYLINE
  8
16
 66
1
 10
0.0000
 20
0.0000
 30
0.0000
 40
0.0762
 41
0.0762
 70
0
  0
VERTEX
  8
16
 10
114.6816
 20
19.2830
 30
0.0000
 42
1.0000
  0
VERTEX
  8
16
 10
114.6816
 20
19.3592
 30
0.0000
  0
SEQEND
  8
0
  0
POLYLINE
  8
16
 66
1
 10
0.0000
 20
0.0000
 30
0.0000
 40
0.1524
 41
0.1524
 70
0
  0
VERTEX
  8
16
 10
115.2240
 20
20.1447
 30
0.0000
  0
VERTEX
  8
16
 10
114.1393
 20
20.1447
 30
0.0000
  0
SEQEND
  8
0
  0
POLYLINE
  8
16
 66
1
 10
0.0000
 20
0.0000
 30
0.0000
 40
0.0762
 41
0.0762
 70
0
  0
VERTEX
  8
16
 10
114.1393
 20
20.1828
 30
0.0000
 42
1.0000
  0
VERTEX
  8
16
 10
114.1393
 20
20.1066
 30
0.0000
  0
SEQEND
  8
0
  0
POLYLINE
  8
16
 66
1
 10
0.0000
 20
0.0000
 30
0.0000
 40
0.0762
 41
0.0762
 70
0
  0
VERTEX
  8
16
 10
115.2240
 20
20.1066
 30
0.0000
 42
1.0000
  0
VERTEX
  8
16
 10
115.2240
 20
20.1828
 30
0.0000
  0
SEQEND
  8
0
  0
POLYLINE
  8
16
 66
1
 10
0.0000
 20
0.0000
 30
0.0000
 40
0.1524
 41
0.1524
 70
0
  0
VERTEX
  8
16
 10
114.1393
 20
20.1447
 30
0.0000
  0
VERTEX
  8
16
 10
113.8682
 20
20.4159
 30
0.0000
  0
SEQEND
  8
0
  0
POLYLINE
  8
16
 66
1
 10
0.0000
 20
0.0000
 30
0.0000
 40
0.0762
 41
0.0762
 70
0
  0
VERTEX
  8
16
 10
113.8951
 20
20.4428
 30
0.0000
 42
1.0000
  0
VERTEX
  8
16
 10
113.8413
 20
20.3890
 30
0.0000
  0
SEQEND
  8
0
  0
POLYLINE
  8
16
 66
1
 10
0.0000
 20
0.0000
 30
0.0000
 40
0.0762
 41
0.0762
 70
0
  0
VERTEX
  8
16
 10
114.1124
 20
20.1178
 30
0.0000
 42
1.0000
  0
VERTEX
  8
16
 10
114.1662
 20
20.1716
 30
0.0000
  0
SEQEND
  8
0
  0
POLYLINE
  8
16
 66
1
 10
0.0000
 20
0.0000
 30
0.0000
 40
0.1524
 41
0.1524
 70
0
  0
VERTEX
  8
16
 10
114.9528
 20
19.8736
 30
0.0000
  0
VERTEX
  8
16
 10
114.9528
 20
20.4159
 30
0.0000
  0
SEQEND
  8
0
  0
POLYLINE
  8
16
 66
1
 10
0.0000
 20
0.0000
 30
0.0000
 40
0.0762
 41
0.0762
 70
0
  0
VERTEX
  8
16
 10
114.9909
 20
20.4159
 30
0.0000
 42
1.0000
  0
VERTEX
  8
16
 10
114.9147
 20
20.4159
 30
0.0000
  0
SEQEND
  8
0
  0
POLYLINE
  8
16
 66
1
 10
0.0000
 20
0.0000
 30
0.0000
 40
0.0762
 41
0.0762
 70
0
  0
VERTEX
  8
16
 10
114.9147
 20
19.8736
 30
0.0000
 42
1.0000
  0
VERTEX
  8
16
 10
114.9909
 20
19.8736
 30
0.0000
  0
SEQEND
  8
0
  0
POLYLINE
  8
16
 66
1
 10
0.0000
 20
0.0000
 30
0.0000
 40
0.1524
 41
0.1524
 70
0
  0
VERTEX
  8
16
 10
115.4951
 20
22.8749
 30
0.0000
  0
VERTEX
  8
16
 10
113.8682
 20
22.8749
 30
0.0000
  0
SEQEND
  8
0
  0
POLYLINE
  8
16
 66
1
 10
0.0000
 20
0.0000
 30
0.0000
 40
0.0762
 41
0.0762
 70
0
  0
VERTEX
  8
16
 10
113.8682
 20
22.9130
 30
0.0000
 42
1.0000
  0
VERTEX
  8
16
 10
113.8682
 20
22.8368
 30
0.0000
  0
SEQEND
  8
0
  0
POLYLINE
  8
16
 66
1
 10
0.0000
 20
0.0000
 30
0.0000
 40
0.0762
 41
0.0762
 70
0
  0
VERTEX
  8
16
 10
115.4951
 20
22.8368
 30
0.0000
 42
1.0000
  0
VERTEX
  8
16
 10
115.4951
 20
22.9130
 30
0.0000
  0
SEQEND
  8
0
  0
POLYLINE
  8
16
 66
1
 10
0.0000
 20
0.0000
 30
0.0000
 40
0.1524
 41
0.1524
 70
0
  0
VERTEX
  8
16
 10
113.8682
 20
22.8749
 30
0.0000
  0
VERTEX
  8
16
 10
113.8682
 20
23.6883
 30
0.0000
  0
SEQEND
  8
0
  0
POLYLINE
  8
16
 66
1
 10
0.0000
 20
0.0000
 30
0.0000
 40
0.0762
 41
0.0762
 70
0
  0
VERTEX
  8
16
 10
113.9063
 20
23.6883
 30
0.0000
 42
1.0000
  0
VERTEX
  8
16
 10
113.8301
 20
23.6883
 30
0.0000
  0
SEQEND
  8
0
  0
POLYLINE
  8
16
 66
1
 10
0.0000
 20
0.0000
 30
0.0000
 40
0.0762
 41
0.0762
 70
0
  0
VERTEX
  8
16
 10
113.8301
 20
22.8749
 30
0.0000
 42
1.0000
  0
VERTEX
  8
16
 10
113.9063
 20
22.8749
 30
0.0000
  0
SEQEND
  8
0
  0
POLYLINE
  8
16
 66
1
 10
0.0000
 20
0.0000
 30
0.0000
 40
0.1524
 41
0.1524
 70
0
  0
VERTEX
  8
16
 10
113.8682
 20
23.6883
 30
0.0000
  0
VERTEX
  8
16
 10
114.1393
 20
23.9595
 30
0.0000
  0
SEQEND
  8
0
  0
POLYLINE
  8
16
 66
1
 10
0.0000
 20
0.0000
 30
0.0000
 40
0.0762
 41
0.0762
 70
0
  0
VERTEX
  8
16
 10
114.1662
 20
23.9326
 30
0.0000
 42
1.0000
  0
VERTEX
  8
16
 10
114.1124
 20
23.9864
 30
0.0000
  0
SEQEND
  8
0
  0
POLYLINE
  8
16
 66
1
 10
0.0000
 20
0.0000
 30
0.0000
 40
0.0762
 41
0.0762
 70
0
  0
VERTEX
  8
16
 10
113.8413
 20
23.7152
 30
0.0000
 42
1.0000
  0
VERTEX
  8
16
 10
113.8951
 20
23.6614
 30
0.0000
  0
SEQEND
  8
0
  0
POLYLINE
  8
16
 66
1
 10
0.0000
 20
0.0000
 30
0.0000
 40
0.1524
 41
0.1524
 70
0
  0
VERTEX
  8
16
 10
114.1393
 20
23.9595
 30
0.0000
  0
VERTEX
  8
16
 10
114.6816
 20
23.9595
 30
0.0000
  0
SEQEND
  8
0
  0
POLYLINE
  8
16
 66
1
 10
0.0000
 20
0.0000
 30
0.0000
 40
0.0762
 41
0.0762
 70
0
  0
VERTEX
  8
16
 10
114.6816
 20
23.9214
 30
0.0000
 42
1.0000
  0
VERTEX
  8
16
 10
114.6816
 20
23.9976
 30
0.0000
  0
SEQEND
  8
0
  0
POLYLINE
  8
16
 66
1
 10
0.0000
 20
0.0000
 30
0.0000
 40
0.0762
 41
0.0762
 70
0
  0
VERTEX
  8
16
 10
114.1393
 20
23.9976
 30
0.0000
 42
1.0000
  0
VERTEX
  8
16
 10
114.1393
 20
23.9214
 30
0.0000
  0
SEQEND
  8
0
  0
POLYLINE
  8
16
 66
1
 10
0.0000
 20
0.0000
 30
0.0000
 40
0.1524
 41
0.1524
 70
0
  0
VERTEX
  8
16
 10
114.6816
 20
23.9595
 30
0.0000
  0
VERTEX
  8
16
 10
114.9528
 20
23.6883
 30
0.0000
  0
SEQEND
  8
0
  0
POLYLINE
  8
16
 66
1
 10
0.0000
 20
0.0000
 30
0.0000
 40
0.0762
 41
0.0762
 70
0
  0
VERTEX
  8
16
 10
114.9259
 20
23.6614
 30
0.0000
 42
1.0000
  0
VERTEX
  8
16
 10
114.9797
 20
23.7152
 30
0.0000
  0
SEQEND
  8
0
  0
POLYLINE
  8
16
 66
1
 10
0.0000
 20
0.0000
 30
0.0000
 40
0.0762
 41
0.0762
 70
0
  0
VERTEX
  8
16
 10
114.7085
 20
23.9864
 30
0.0000
 42
1.0000
  0
VERTEX
  8
16
 10
114.6547
 20
23.9326
 30
0.0000
  0
SEQEND
  8
0
  0
POLYLINE
  8
16
 66
1
 10
0.0000
 20
0.0000
 30
0.0000
 40
0.1524
 41
0.1524
 70
0
  0
VERTEX
  8
16
 10
114.9528
 20
23.6883
 30
0.0000
  0
VERTEX
  8
16
 10
114.9528
 20
22.8749
 30
0.0000
  0
SEQEND
  8
0
  0
POLYLINE
  8
16
 66
1
 10
0.0000
 20
0.0000
 30
0.0000
 40
0.0762
 41
0.0762
 70
0
  0
VERTEX
  8
16
 10
114.9147
 20
22.8749
 30
0.0000
 42
1.0000
  0
VERTEX
  8
16
 10
114.9909
 20
22.8749
 30
0.0000
  0
SEQEND
  8
0
  0
POLYLINE
  8
16
 66
1
 10
0.0000
 20
0.0000
 30
0.0000
 40
0.0762
 41
0.0762
 70
0
  0
VERTEX
  8
16
 10
114.9909
 20
23.6883
 30
0.0000
 42
1.0000
  0
VERTEX
  8
16
 10
114.9147
 20
23.6883
 30
0.0000
  0
SEQEND
  8
0
  0
POLYLINE
  8
16
 66
1
 10
0.0000
 20
0.0000
 30
0.0000
 40
0.1524
 41
0.1524
 70
0
  0
VERTEX
  8
16
 10
114.9528
 20
24.7831
 30
0.0000
  0
VERTEX
  8
16
 10
114.9528
 20
25.3254
 30
0.0000
  0
SEQEND
  8
0
  0
POLYLINE
  8
16
 66
1
 10
0.0000
 20
0.0000
 30
0.0000
 40
0.0762
 41
0.0762
 70
0
  0
VERTEX
  8
16
 10
114.9909
 20
25.3254
 30
0.0000
 42
1.0000
  0
VERTEX
  8
16
 10
114.9147
 20
25.3254
 30
0.0000
  0
SEQEND
  8
0
  0
POLYLINE
  8
16
 66
1
 10
0.0000
 20
0.0000
 30
0.0000
 40
0.0762
 41
0.0762
 70
0
  0
VERTEX
  8
16
 10
114.9147
 20
24.7831
 30
0.0000
 42
1.0000
  0
VERTEX
  8
16
 10
114.9909
 20
24.7831
 30
0.0000
  0
SEQEND
  8
0
  0
POLYLINE
  8
16
 66
1
 10
0.0000
 20
0.0000
 30
0.0000
 40
0.1524
 41
0.1524
 70
0
  0
VERTEX
  8
16
 10
114.9528
 20
25.3254
 30
0.0000
  0
VERTEX
  8
16
 10
114.6816
 20
25.5966
 30
0.0000
  0
SEQEND
  8
0
  0
POLYLINE
  8
16
 66
1
 10
0.0000
 20
0.0000
 30
0.0000
 40
0.0762
 41
0.0762
 70
0
  0
VERTEX
  8
16
 10
114.7085
 20
25.6235
 30
0.0000
 42
1.0000
  0
VERTEX
  8
16
 10
114.6547
 20
25.5697
 30
0.0000
  0
SEQEND
  8
0
  0
POLYLINE
  8
16
 66
1
 10
0.0000
 20
0.0000
 30
0.0000
 40
0.0762
 41
0.0762
 70
0
  0
VERTEX
  8
16
 10
114.9259
 20
25.2985
 30
0.0000
 42
1.0000
  0
VERTEX
  8
16
 10
114.9797
 20
25.3523
 30
0.0000
  0
SEQEND
  8
0
  0
POLYLINE
  8
16
 66
1
 10
0.0000
 20
0.0000
 30
0.0000
 40
0.1524
 41
0.1524
 70
0
  0
VERTEX
  8
16
 10
114.6816
 20
25.5966
 30
0.0000
  0
VERTEX
  8
16
 10
113.8682
 20
25.5966
 30
0.0000
  0
SEQEND
  8
0
  0
POLYLINE
  8
16
 66
1
 10
0.0000
 20
0.0000
 30
0.0000
 40
0.0762
 41
0.0762
 70
0
  0
VERTEX
  8
16
 10
113.8682
 20
25.6347
 30
0.0000
 42
1.0000
  0
VERTEX
  8
16
 10
113.8682
 20
25.5585
 30
0.0000
  0
SEQEND
  8
0
  0
POLYLINE
  8
16
 66
1
 10
0.0000
 20
0.0000
 30
0.0000
 40
0.0762
 41
0.0762
 70
0
  0
VERTEX
  8
16
 10
114.6816
 20
25.5585
 30
0.0000
 42
1.0000
  0
VERTEX
  8
16
 10
114.6816
 20
25.6347
 30
0.0000
  0
SEQEND
  8
0
  0
POLYLINE
  8
16
 66
1
 10
0.0000
 20
0.0000
 30
0.0000
 40
0.1524
 41
0.1524
 70
0
  0
VERTEX
  8
16
 10
113.8682
 20
25.5966
 30
0.0000
  0
VERTEX
  8
16
 10
113.8682
 20
24.7831
 30
0.0000
  0
SEQEND
  8
0
  0
POLYLINE
  8
16
 66
1
 10
0.0000
 20
0.0000
 30
0.0000
 40
0.0762
 41
0.0762
 70
0
  0
VERTEX
  8
16
 10
113.8301
 20
24.7831
 30
0.0000
 42
1.0000
  0
VERTEX
  8
16
 10
113.9063
 20
24.7831
 30
0.0000
  0
SEQEND
  8
0
  0
POLYLINE
  8
16
 66
1
 10
0.0000
 20
0.0000
 30
0.0000
 40
0.0762
 41
0.0762
 70
0
  0
VERTEX
  8
16
 10
113.9063
 20
25.5966
 30
0.0000
 42
1.0000
  0
VERTEX
  8
16
 10
113.8301
 20
25.5966
 30
0.0000
  0
SEQEND
  8
0
  0
POLYLINE
  8
16
 66
1
 10
0.0000
 20
0.0000
 30
0.0000
 40
0.1524
 41
0.1524
 70
0
  0
VERTEX
  8
16
 10
113.8682
 20
24.7831
 30
0.0000
  0
VERTEX
  8
16
 10
114.1393
 20
24.5120
 30
0.0000
  0
SEQEND
  8
0
  0
POLYLINE
  8
16
 66
1
 10
0.0000
 20
0.0000
 30
0.0000
 40
0.0762
 41
0.0762
 70
0
  0
VERTEX
  8
16
 10
114.1124
 20
24.4851
 30
0.0000
 42
1.0000
  0
VERTEX
  8
16
 10
114.1662
 20
24.5389
 30
0.0000
  0
SEQEND
  8
0
  0
POLYLINE
  8
16
 66
1
 10
0.0000
 20
0.0000
 30
0.0000
 40
0.0762
 41
0.0762
 70
0
  0
VERTEX
  8
16
 10
113.8951
 20
24.8100
 30
0.0000
 42
1.0000
  0
VERTEX
  8
16
 10
113.8413
 20
24.7562
 30
0.0000
  0
SEQEND
  8
0
  0
POLYLINE
  8
16
 66
1
 10
0.0000
 20
0.0000
 30
0.0000
 40
0.1524
 41
0.1524
 70
0
  0
VERTEX
  8
16
 10
114.1393
 20
24.5120
 30
0.0000
  0
VERTEX
  8
16
 10
114.4105
 20
24.7831
 30
0.0000
  0
SEQEND
  8
0
  0
POLYLINE
  8
16
 66
1
 10
0.0000
 20
0.0000
 30
0.0000
 40
0.0762
 41
0.0762
 70
0
  0
VERTEX
  8
16
 10
114.4374
 20
24.7562
 30
0.0000
 42
1.0000
  0
VERTEX
  8
16
 10
114.3836
 20
24.8100
 30
0.0000
  0
SEQEND
  8
0
  0
POLYLINE
  8
16
 66
1
 10
0.0000
 20
0.0000
 30
0.0000
 40
0.0762
 41
0.0762
 70
0
  0
VERTEX
  8
16
 10
114.1124
 20
24.5389
 30
0.0000
 42
1.0000
  0
VERTEX
  8
16
 10
114.1662
 20
24.4851
 30
0.0000
  0
SEQEND
  8
0
  0
POLYLINE
  8
16
 66
1
 10
0.0000
 20
0.0000
 30
0.0000
 40
0.1524
 41
0.1524
 70
0
  0
VERTEX
  8
16
 10
114.4105
 20
24.7831
 30
0.0000
  0
VERTEX
  8
16
 10
114.4105
 20
25.5966
 30
0.0000
  0
SEQEND
  8
0
  0
POLYLINE
  8
16
 66
1
 10
0.0000
 20
0.0000
 30
0.0000
 40
0.0762
 41
0.0762
 70
0
  0
VERTEX
  8
16
 10
114.4486
 20
25.5966
 30
0.0000
 42
1.0000
  0
VERTEX
  8
16
 10
114.3724
 20
25.5966
 30
0.0000
  0
SEQEND
  8
0
  0
POLYLINE
  8
16
 66
1
 10
0.0000
 20
0.0000
 30
0.0000
 40
0.0762
 41
0.0762
 70
0
  0
VERTEX
  8
16
 10
114.3724
 20
24.7831
 30
0.0000
 42
1.0000
  0
VERTEX
  8
16
 10
114.4486
 20
24.7831
 30
0.0000
  0
SEQEND
  8
0
  0
POLYLINE
  8
16
 66
1
 10
0.0000
 20
0.0000
 30
0.0000
 40
0.1524
 41
0.1524
 70
0
  0
VERTEX
  8
16
 10
113.8682
 20
26.1491
 30
0.0000
  0
VERTEX
  8
16
 10
113.8682
 20
26.9625
 30
0.0000
  0
SEQEND
  8
0
  0
POLYLINE
  8
16
 66
1
 10
0.0000
 20
0.0000
 30
0.0000
 40
0.0762
 41
0.0762
 70
0
  0
VERTEX
  8
16
 10
113.9063
 20
26.9625
 30
0.0000
 42
1.0000
  0
VERTEX
  8
16
 10
113.8301
 20
26.9625
 30
0.0000
  0
SEQEND
  8
0
  0
POLYLINE
  8
16
 66
1
 10
0.0000
 20
0.0000
 30
0.0000
 40
0.0762
 41
0.0762
 70
0
  0
VERTEX
  8
16
 10
113.8301
 20
26.1491
 30
0.0000
 42
1.0000
  0
VERTEX
  8
16
 10
113.9063
 20
26.1491
 30
0.0000
  0
SEQEND
  8
0
  0
POLYLINE
  8
16
 66
1
 10
0.0000
 20
0.0000
 30
0.0000
 40
0.1524
 41
0.1524
 70
0
  0
VERTEX
  8
16
 10
113.8682
 20
26.9625
 30
0.0000
  0
VERTEX
  8
16
 10
114.1393
 20
27.2337
 30
0.0000
  0
SEQEND
  8
0
  0
POLYLINE
  8
16
 66
1
 10
0.0000
 20
0.0000
 30
0.0000
 40
0.0762
 41
0.0762
 70
0
  0
VERTEX
  8
16
 10
114.1662
 20
27.2068
 30
0.0000
 42
1.0000
  0
VERTEX
  8
16
 10
114.1124
 20
27.2606
 30
0.0000
  0
SEQEND
  8
0
  0
POLYLINE
  8
16
 66
1
 10
0.0000
 20
0.0000
 30
0.0000
 40
0.0762
 41
0.0762
 70
0
  0
VERTEX
  8
16
 10
113.8413
 20
26.9894
 30
0.0000
 42
1.0000
  0
VERTEX
  8
16
 10
113.8951
 20
26.9356
 30
0.0000
  0
SEQEND
  8
0
  0
POLYLINE
  8
16
 66
1
 10
0.0000
 20
0.0000
 30
0.0000
 40
0.1524
 41
0.1524
 70
0
  0
VERTEX
  8
16
 10
114.1393
 20
27.2337
 30
0.0000
  0
VERTEX
  8
16
 10
114.4105
 20
26.9625
 30
0.0000
  0
SEQEND
  8
0
  0
POLYLINE
  8
16
 66
1
 10
0.0000
 20
0.0000
 30
0.0000
 40
0.0762
 41
0.0762
 70
0
  0
VERTEX
  8
16
 10
114.3836
 20
26.9356
 30
0.0000
 42
1.0000
  0
VERTEX
  8
16
 10
114.4374
 20
26.9894
 30
0.0000
  0
SEQEND
  8
0
  0
POLYLINE
  8
16
 66
1
 10
0.0000
 20
0.0000
 30
0.0000
 40
0.0762
 41
0.0762
 70
0
  0
VERTEX
  8
16
 10
114.1662
 20
27.2606
 30
0.0000
 42
1.0000
  0
VERTEX
  8
16
 10
114.1124
 20
27.2068
 30
0.0000
  0
SEQEND
  8
0
  0
POLYLINE
  8
16
 66
1
 10
0.0000
 20
0.0000
 30
0.0000
 40
0.1524
 41
0.1524
 70
0
  0
VERTEX
  8
16
 10
114.4105
 20
26.9625
 30
0.0000
  0
VERTEX
  8
16
 10
114.4105
 20
26.4202
 30
0.0000
  0
SEQEND
  8
0
  0
POLYLINE
  8
16
 66
1
 10
0.0000
 20
0.0000
 30
0.0000
 40
0.0762
 41
0.0762
 70
0
  0
VERTEX
  8
16
 10
114.3724
 20
26.4202
 30
0.0000
 42
1.0000
  0
VERTEX
  8
16
 10
114.4486
 20
26.4202
 30
0.0000
  0
SEQEND
  8
0
  0
POLYLINE
  8
16
 66
1
 10
0.0000
 20
0.0000
 30
0.0000
 40
0.0762
 41
0.0762
 70
0
  0
VERTEX
  8
16
 10
114.4486
 20
26.9625
 30
0.0000
 42
1.0000
  0
VERTEX
  8
16
 10
114.3724
 20
26.9625
 30
0.0000
  0
SEQEND
  8
0
  0
POLYLINE
  8
16
 66
1
 10
0.0000
 20
0.0000
 30
0.0000
 40
0.1524
 41
0.1524
 70
0
  0
VERTEX
  8
16
 10
114.4105
 20
26.4202
 30
0.0000
  0
VERTEX
  8
16
 10
114.6816
 20
26.1491
 30
0.0000
  0
SEQEND
  8
0
  0
POLYLINE
  8
16
 66
1
 10
0.0000
 20
0.0000
 30
0.0000
 40
0.0762
 41
0.0762
 70
0
  0
VERTEX
  8
16
 10
114.6547
 20
26.1222
 30
0.0000
 42
1.0000
  0
VERTEX
  8
16
 10
114.7085
 20
26.1760
 30
0.0000
  0
SEQEND
  8
0
  0
POLYLINE
  8
16
 66
1
 10
0.0000
 20
0.0000
 30
0.0000
 40
0.0762
 41
0.0762
 70
0
  0
VERTEX
  8
16
 10
114.4374
 20
26.4471
 30
0.0000
 42
1.0000
  0
VERTEX
  8
16
 10
114.3836
 20
26.3933
 30
0.0000
  0
SEQEND
  8
0
  0
POLYLINE
  8
16
 66
1
 10
0.0000
 20
0.0000
 30
0.0000
 40
0.1524
 41
0.1524
 70
0
  0
VERTEX
  8
16
 10
114.6816
 20
26.1491
 30
0.0000
  0
VERTEX
  8
16
 10
114.9528
 20
26.4202
 30
0.0000
  0
SEQEND
  8
0
  0
POLYLINE
  8
16
 66
1
 10
0.0000
 20
0.0000
 30
0.0000
 40
0.0762
 41
0.0762
 70
0
  0
VERTEX
  8
16
 10
114.9797
 20
26.3933
 30
0.0000
 42
1.0000
  0
VERTEX
  8
16
 10
114.9259
 20
26.4471
 30
0.0000
  0
SEQEND
  8
0
  0
POLYLINE
  8
16
 66
1
 10
0.0000
 20
0.0000
 30
0.0000
 40
0.0762
 41
0.0762
 70
0
  0
VERTEX
  8
16
 10
114.6547
 20
26.1760
 30
0.0000
 42
1.0000
  0
VERTEX
  8
16
 10
114.7085
 20
26.1222
 30
0.0000
  0
SEQEND
  8
0
  0
POLYLINE
  8
16
 66
1
 10
0.0000
 20
0.0000
 30
0.0000
 40
0.1524
 41
0.1524
 70
0
  0
VERTEX
  8
16
 10
114.9528
 20
26.4202
 30
0.0000
  0
VERTEX
  8
16
 10
114.9528
 20
27.2337
 30
0.0000
  0
SEQEND
  8
0
  0
POLYLINE
  8
16
 66
1
 10
0.0000
 20
0.0000
 30
0.0000
 40
0.0762
 41
0.0762
 70
0
  0
VERTEX
  8
16
 10
114.9909
 20
27.2337
 30
0.0000
 42
1.0000
  0
VERTEX
  8
16
 10
114.9147
 20
27.2337
 30
0.0000
  0
SEQEND
  8
0
  0
POLYLINE
  8
16
 66
1
 10
0.0000
 20
0.0000
 30
0.0000
 40
0.0762
 41
0.0762
 70
0
  0
VERTEX
  8
16
 10
114.9147
 20
26.4202
 30
0.0000
 42
1.0000
  0
VERTEX
  8
16
 10
114.9909
 20
26.4202
 30
0.0000
  0
SEQEND
  8
0
  0
POLYLINE
  8
16
 66
1
 10
0.0000
 20
0.0000
 30
0.0000
 40
0.1524
 41
0.1524
 70
0
  0
VERTEX
  8
16
 10
113.8682
 20
28.5996
 30
0.0000
  0
VERTEX
  8
16
 10
113.8682
 20
28.0573
 30
0.0000
  0
SEQEND
  8
0
  0
POLYLINE
  8
16
 66
1
 10
0.0000
 20
0.0000
 30
0.0000
 40
0.0762
 41
0.0762
 70
0
  0
VERTEX
  8
16
 10
113.8301
 20
28.0573
 30
0.0000
 42
1.0000
  0
VERTEX
  8
16
 10
113.9063
 20
28.0573
 30
0.0000
  0
SEQEND
  8
0
  0
POLYLINE
  8
16
 66
1
 10
0.0000
 20
0.0000
 30
0.0000
 40
0.0762
 41
0.0762
 70
0
  0
VERTEX
  8
16
 10
113.9063
 20
28.5996
 30
0.0000
 42
1.0000
  0
VERTEX
  8
16
 10
113.8301
 20
28.5996
 30
0.0000
  0
SEQEND
  8
0
  0
POLYLINE
  8
16
 66
1
 10
0.0000
 20
0.0000
 30
0.0000
 40
0.1524
 41
0.1524
 70
0
  0
VERTEX
  8
16
 10
113.8682
 20
28.0573
 30
0.0000
  0
VERTEX
  8
16
 10
114.1393
 20
27.7862
 30
0.0000
  0
SEQEND
  8
0
  0
POLYLINE
  8
16
 66
1
 10
0.0000
 20
0.0000
 30
0.0000
 40
0.0762
 41
0.0762
 70
0
  0
VERTEX
  8
16
 10
114.1124
 20
27.7593
 30
0.0000
 42
1.0000
  0
VERTEX
  8
16
 10
114.1662
 20
27.8131
 30
0.0000
  0
SEQEND
  8
0
  0
POLYLINE
  8
16
 66
1
 10
0.0000
 20
0.0000
 30
0.0000
 40
0.0762
 41
0.0762
 70
0
  0
VERTEX
  8
16
 10
113.8951
 20
28.0842
 30
0.0000
 42
1.0000
  0
VERTEX
  8
16
 10
113.8413
 20
28.0304
 30
0.0000
  0
SEQEND
  8
0
  0
POLYLINE
  8
16
 66
1
 10
0.0000
 20
0.0000
 30
0.0000
 40
0.1524
 41
0.1524
 70
0
  0
VERTEX
  8
16
 10
114.1393
 20
27.7862
 30
0.0000
  0
VERTEX
  8
16
 10
114.6816
 20
27.7862
 30
0.0000
  0
SEQEND
  8
0
  0
POLYLINE
  8
16
 66
1
 10
0.0000
 20
0.0000
 30
0.0000
 40
0.0762
 41
0.0762
 70
0
  0
VERTEX
  8
16
 10
114.6816
 20
27.7481
 30
0.0000
 42
1.0000
  0
VERTEX
  8
16
 10
114.6816
 20
27.8243
 30
0.0000
  0
SEQEND
  8
0
  0
POLYLINE
  8
16
 66
1
 10
0.0000
 20
0.0000
 30
0.0000
 40
0.0762
 41
0.0762
 70
0
  0
VERTEX
  8
16
 10
114.1393
 20
27.8243
 30
0.0000
 42
1.0000
  0
VERTEX
  8
16
 10
114.1393
 20
27.7481
 30
0.0000
  0
SEQEND
  8
0
  0
POLYLINE
  8
16
 66
1
 10
0.0000
 20
0.0000
 30
0.0000
 40
0.1524
 41
0.1524
 70
0
  0
VERTEX
  8
16
 10
114.6816
 20
27.7862
 30
0.0000
  0
VERTEX
  8
16
 10
114.9528
 20
28.0573
 30
0.0000
  0
SEQEND
  8
0
  0
POLYLINE
  8
16
 66
1
 10
0.0000
 20
0.0000
 30
0.0000
 40
0.0762
 41
0.0762
 70
0
  0
VERTEX
  8
16
 10
114.9797
 20
28.0304
 30
0.0000
 42
1.0000
  0
VERTEX
  8
16
 10
114.9259
 20
28.0842
 30
0.0000
  0
SEQEND
  8
0
  0
POLYLINE
  8
16
 66
1
 10
0.0000
 20
0.0000
 30
0.0000
 40
0.0762
 41
0.0762
 70
0
  0
VERTEX
  8
16
 10
114.6547
 20
27.8131
 30
0.0000
 42
1.0000
  0
VERTEX
  8
16
 10
114.7085
 20
27.7593
 30
0.0000
  0
SEQEND
  8
0
  0
POLYLINE
  8
16
 66
1
 10
0.0000
 20
0.0000
 30
0.0000
 40
0.1524
 41
0.1524
 70
0
  0
VERTEX
  8
16
 10
114.9528
 20
28.0573
 30
0.0000
  0
VERTEX
  8
16
 10
114.9528
 20
28.5996
 30
0.0000
  0
SEQEND
  8
0
  0
POLYLINE
  8
16
 66
1
 10
0.0000
 20
0.0000
 30
0.0000
 40
0.0762
 41
0.0762
 70
0
  0
VERTEX
  8
16
 10
114.9909
 20
28.5996
 30
0.0000
 42
1.0000
  0
VERTEX
  8
16
 10
114.9147
 20
28.5996
 30
0.0000
  0
SEQEND
  8
0
  0
POLYLINE
  8
16
 66
1
 10
0.0000
 20
0.0000
 30
0.0000
 40
0.0762
 41
0.0762
 70
0
  0
VERTEX
  8
16
 10
114.9147
 20
28.0573
 30
0.0000
 42
1.0000
  0
VERTEX
  8
16
 10
114.9909
 20
28.0573
 30
0.0000
  0
SEQEND
  8
0
  0
POLYLINE
  8
16
 66
1
 10
0.0000
 20
0.0000
 30
0.0000
 40
0.1524
 41
0.1524
 70
0
  0
VERTEX
  8
16
 10
114.9528
 20
28.5996
 30
0.0000
  0
VERTEX
  8
16
 10
114.6816
 20
28.8708
 30
0.0000
  0
SEQEND
  8
0
  0
POLYLINE
  8
16
 66
1
 10
0.0000
 20
0.0000
 30
0.0000
 40
0.0762
 41
0.0762
 70
0
  0
VERTEX
  8
16
 10
114.7085
 20
28.8977
 30
0.0000
 42
1.0000
  0
VERTEX
  8
16
 10
114.6547
 20
28.8439
 30
0.0000
  0
SEQEND
  8
0
  0
POLYLINE
  8
16
 66
1
 10
0.0000
 20
0.0000
 30
0.0000
 40
0.0762
 41
0.0762
 70
0
  0
VERTEX
  8
16
 10
114.9259
 20
28.5727
 30
0.0000
 42
1.0000
  0
VERTEX
  8
16
 10
114.9797
 20
28.6265
 30
0.0000
  0
SEQEND
  8
0
  0
POLYLINE
  8
16
 66
1
 10
0.0000
 20
0.0000
 30
0.0000
 40
0.1524
 41
0.1524
 70
0
  0
VERTEX
  8
16
 10
114.6816
 20
28.8708
 30
0.0000
  0
VERTEX
  8
16
 10
114.4105
 20
28.8708
 30
0.0000
  0
SEQEND
  8
0
  0
POLYLINE
  8
16
 66
1
 10
0.0000
 20
0.0000
 30
0.0000
 40
0.0762
 41
0.0762
 70
0
  0
VERTEX
  8
16
 10
114.4105
 20
28.9089
 30
0.0000
 42
1.0000
  0
VERTEX
  8
16
 10
114.4105
 20
28.8327
 30
0.0000
  0
SEQEND
  8
0
  0
POLYLINE
  8
16
 66
1
 10
0.0000
 20
0.0000
 30
0.0000
 40
0.0762
 41
0.0762
 70
0
  0
VERTEX
  8
16
 10
114.6816
 20
28.8327
 30
0.0000
 42
1.0000
  0
VERTEX
  8
16
 10
114.6816
 20
28.9089
 30
0.0000
  0
SEQEND
  8
0
  0
POLYLINE
  8
16
 66
1
 10
0.0000
 20
0.0000
 30
0.0000
 40
0.1524
 41
0.1524
 70
0
  0
VERTEX
  8
16
 10
114.4105
 20
28.8708
 30
0.0000
  0
VERTEX
  8
16
 10
114.4105
 20
27.7862
 30
0.0000
  0
SEQEND
  8
0
  0
POLYLINE
  8
16
 66
1
 10
0.0000
 20
0.0000
 30
0.0000
 40
0.0762
 41
0.0762
 70
0
  0
VERTEX
  8
16
 10
114.3724
 20
27.7862
 30
0.0000
 42
1.0000
  0
VERTEX
  8
16
 10
114.4486
 20
27.7862
 30
0.0000
  0
SEQEND
  8
0
  0
POLYLINE
  8
16
 66
1
 10
0.0000
 20
0.0000
 30
0.0000
 40
0.0762
 41
0.0762
 70
0
  0
VERTEX
  8
16
 10
114.4486
 20
28.8708
 30
0.0000
 42
1.0000
  0
VERTEX
  8
16
 10
114.3724
 20
28.8708
 30
0.0000
  0
SEQEND
  8
0
  0
POLYLINE
  8
16
 66
1
 10
0.0000
 20
0.0000
 30
0.0000
 40
0.1524
 41
0.1524
 70
0
  0
VERTEX
  8
16
 10
115.4951
 20
30.5079
 30
0.0000
  0
VERTEX
  8
16
 10
113.8682
 20
30.5079
 30
0.0000
  0
SEQEND
  8
0
  0
POLYLINE
  8
16
 66
1
 10
0.0000
 20
0.0000
 30
0.0000
 40
0.0762
 41
0.0762
 70
0
  0
VERTEX
  8
16
 10
113.8682
 20
30.5460
 30
0.0000
 42
1.0000
  0
VERTEX
  8
16
 10
113.8682
 20
30.4698
 30
0.0000
  0
SEQEND
  8
0
  0
POLYLINE
  8
16
 66
1
 10
0.0000
 20
0.0000
 30
0.0000
 40
0.0762
 41
0.0762
 70
0
  0
VERTEX
  8
16
 10
115.4951
 20
30.4698
 30
0.0000
 42
1.0000
  0
VERTEX
  8
16
 10
115.4951
 20
30.5460
 30
0.0000
  0
SEQEND
  8
0
  0
POLYLINE
  8
16
 66
1
 10
0.0000
 20
0.0000
 30
0.0000
 40
0.1524
 41
0.1524
 70
0
  0
VERTEX
  8
16
 10
113.8682
 20
30.5079
 30
0.0000
  0
VERTEX
  8
16
 10
113.8682
 20
29.6944
 30
0.0000
  0
SEQEND
  8
0
  0
POLYLINE
  8
16
 66
1
 10
0.0000
 20
0.0000
 30
0.0000
 40
0.0762
 41
0.0762
 70
0
  0
VERTEX
  8
16
 10
113.8301
 20
29.6944
 30
0.0000
 42
1.0000
  0
VERTEX
  8
16
 10
113.9063
 20
29.6944
 30
0.0000
  0
SEQEND
  8
0
  0
POLYLINE
  8
16
 66
1
 10
0.0000
 20
0.0000
 30
0.0000
 40
0.0762
 41
0.0762
 70
0
  0
VERTEX
  8
16
 10
113.9063
 20
30.5079
 30
0.0000
 42
1.0000
  0
VERTEX
  8
16
 10
113.8301
 20
30.5079
 30
0.0000
  0
SEQEND
  8
0
  0
POLYLINE
  8
16
 66
1
 10
0.0000
 20
0.0000
 30
0.0000
 40
0.1524
 41
0.1524
 70
0
  0
VERTEX
  8
16
 10
113.8682
 20
29.6944
 30
0.0000
  0
VERTEX
  8
16
 10
114.1393
 20
29.4233
 30
0.0000
  0
SEQEND
  8
0
  0
POLYLINE
  8
16
 66
1
 10
0.0000
 20
0.0000
 30
0.0000
 40
0.0762
 41
0.0762
 70
0
  0
VERTEX
  8
16
 10
114.1124
 20
29.3964
 30
0.0000
 42
1.0000
  0
VERTEX
  8
16
 10
114.1662
 20
29.4502
 30
0.0000
  0
SEQEND
  8
0
  0
POLYLINE
  8
16
 66
1
 10
0.0000
 20
0.0000
 30
0.0000
 40
0.0762
 41
0.0762
 70
0
  0
VERTEX
  8
16
 10
113.8951
 20
29.7213
 30
0.0000
 42
1.0000
  0
VERTEX
  8
16
 10
113.8413
 20
29.6675
 30
0.0000
  0
SEQEND
  8
0
  0
POLYLINE
  8
16
 66
1
 10
0.0000
 20
0.0000
 30
0.0000
 40
0.1524
 41
0.1524
 70
0
  0
VERTEX
  8
16
 10
114.1393
 20
29.4233
 30
0.0000
  0
VERTEX
  8
16
 10
114.6816
 20
29.4233
 30
0.0000
  0
SEQEND
  8
0
  0
POLYLINE
  8
16
 66
1
 10
0.0000
 20
0.0000
 30
0.0000
 40
0.0762
 41
0.0762
 70
0
  0
VERTEX
  8
16
 10
114.6816
 20
29.3852
 30
0.0000
 42
1.0000
  0
VERTEX
  8
16
 10
114.6816
 20
29.4614
 30
0.0000
  0
SEQEND
  8
0
  0
POLYLINE
  8
16
 66
1
 10
0.0000
 20
0.0000
 30
0.0000
 40
0.0762
 41
0.0762
 70
0
  0
VERTEX
  8
16
 10
114.1393
 20
29.4614
 30
0.0000
 42
1.0000
  0
VERTEX
  8
16
 10
114.1393
 20
29.3852
 30
0.0000
  0
SEQEND
  8
0
  0
POLYLINE
  8
16
 66
1
 10
0.0000
 20
0.0000
 30
0.0000
 40
0.1524
 41
0.1524
 70
0
  0
VERTEX
  8
16
 10
114.6816
 20
29.4233
 30
0.0000
  0
VERTEX
  8
16
 10
114.9528
 20
29.6944
 30
0.0000
  0
SEQEND
  8
0
  0
POLYLINE
  8
16
 66
1
 10
0.0000
 20
0.0000
 30
0.0000
 40
0.0762
 41
0.0762
 70
0
  0
VERTEX
  8
16
 10
114.9797
 20
29.6675
 30
0.0000
 42
1.0000
  0
VERTEX
  8
16
 10
114.9259
 20
29.7213
 30
0.0000
  0
SEQEND
  8
0
  0
POLYLINE
  8
16
 66
1
 10
0.0000
 20
0.0000
 30
0.0000
 40
0.0762
 41
0.0762
 70
0
  0
VERTEX
  8
16
 10
114.6547
 20
29.4502
 30
0.0000
 42
1.0000
  0
VERTEX
  8
16
 10
114.7085
 20
29.3964
 30
0.0000
  0
SEQEND
  8
0
  0
POLYLINE
  8
16
 66
1
 10
0.0000
 20
0.0000
 30
0.0000
 40
0.1524
 41
0.1524
 70
0
  0
VERTEX
  8
16
 10
114.9528
 20
29.6944
 30
0.0000
  0
VERTEX
  8
16
 10
114.9528
 20
30.5079
 30
0.0000
  0
SEQEND
  8
0
  0
POLYLINE
  8
16
 66
1
 10
0.0000
 20
0.0000
 30
0.0000
 40
0.0762
 41
0.0762
 70
0
  0
VERTEX
  8
16
 10
114.9909
 20
30.5079
 30
0.0000
 42
1.0000
  0
VERTEX
  8
16
 10
114.9147
 20
30.5079
 30
0.0000
  0
SEQEND
  8
0
  0
POLYLINE
  8
16
 66
1
 10
0.0000
 20
0.0000
 30
0.0000
 40
0.0762
 41
0.0762
 70
0
  0
VERTEX
  8
16
 10
114.9147
 20
29.6944
 30
0.0000
 42
1.0000
  0
VERTEX
  8
16
 10
114.9909
 20
29.6944
 30
0.0000
  0
SEQEND
  8
0
  0
POLYLINE
  8
16
 66
1
 10
0.0000
 20
0.0000
 30
0.0000
 40
0.1524
 41
0.1524
 70
0
  0
VERTEX
  8
16
 10
113.8682
 20
32.9686
 30
0.0000
  0
VERTEX
  8
16
 10
113.8682
 20
33.5109
 30
0.0000
  0
SEQEND
  8
0
  0
POLYLINE
  8
16
 66
1
 10
0.0000
 20
0.0000
 30
0.0000
 40
0.0762
 41
0.0762
 70
0
  0
VERTEX
  8
16
 10
113.9063
 20
33.5109
 30
0.0000
 42
1.0000
  0
VERTEX
  8
16
 10
113.8301
 20
33.5109
 30
0.0000
  0
SEQEND
  8
0
  0
POLYLINE
  8
16
 66
1
 10
0.0000
 20
0.0000
 30
0.0000
 40
0.0762
 41
0.0762
 70
0
  0
VERTEX
  8
16
 10
113.8301
 20
32.9686
 30
0.0000
 42
1.0000
  0
VERTEX
  8
16
 10
113.9063
 20
32.9686
 30
0.0000
  0
SEQEND
  8
0
  0
POLYLINE
  8
16
 66
1
 10
0.0000
 20
0.0000
 30
0.0000
 40
0.1524
 41
0.1524
 70
0
  0
VERTEX
  8
16
 10
113.8682
 20
33.5109
 30
0.0000
  0
VERTEX
  8
16
 10
114.1393
 20
33.7821
 30
0.0000
  0
SEQEND
  8
0
  0
POLYLINE
  8
16
 66
1
 10
0.0000
 20
0.0000
 30
0.0000
 40
0.0762
 41
0.0762
 70
0
  0
VERTEX
  8
16
 10
114.1662
 20
33.7552
 30
0.0000
 42
1.0000
  0
VERTEX
  8
16
 10
114.1124
 20
33.8090
 30
0.0000
  0
SEQEND
  8
0
  0
POLYLINE
  8
16
 66
1
 10
0.0000
 20
0.0000
 30
0.0000
 40
0.0762
 41
0.0762
 70
0
  0
VERTEX
  8
16
 10
113.8413
 20
33.5378
 30
0.0000
 42
1.0000
  0
VERTEX
  8
16
 10
113.8951
 20
33.4840
 30
0.0000
  0
SEQEND
  8
0
  0
POLYLINE
  8
16
 66
1
 10
0.0000
 20
0.0000
 30
0.0000
 40
0.1524
 41
0.1524
 70
0
  0
VERTEX
  8
16
 10
114.1393
 20
33.7821
 30
0.0000
  0
VERTEX
  8
16
 10
114.6816
 20
33.7821
 30
0.0000
  0
SEQEND
  8
0
  0
POLYLINE
  8
16
 66
1
 10
0.0000
 20
0.0000
 30
0.0000
 40
0.0762
 41
0.0762
 70
0
  0
VERTEX
  8
16
 10
114.6816
 20
33.7440
 30
0.0000
 42
1.0000
  0
VERTEX
  8
16
 10
114.6816
 20
33.8202
 30
0.0000
  0
SEQEND
  8
0
  0
POLYLINE
  8
16
 66
1
 10
0.0000
 20
0.0000
 30
0.0000
 40
0.0762
 41
0.0762
 70
0
  0
VERTEX
  8
16
 10
114.1393
 20
33.8202
 30
0.0000
 42
1.0000
  0
VERTEX
  8
16
 10
114.1393
 20
33.7440
 30
0.0000
  0
SEQEND
  8
0
  0
POLYLINE
  8
16
 66
1
 10
0.0000
 20
0.0000
 30
0.0000
 40
0.1524
 41
0.1524
 70
0
  0
VERTEX
  8
16
 10
114.6816
 20
33.7821
 30
0.0000
  0
VERTEX
  8
16
 10
114.9528
 20
33.5109
 30
0.0000
  0
SEQEND
  8
0
  0
POLYLINE
  8
16
 66
1
 10
0.0000
 20
0.0000
 30
0.0000
 40
0.0762
 41
0.0762
 70
0
  0
VERTEX
  8
16
 10
114.9259
 20
33.4840
 30
0.0000
 42
1.0000
  0
VERTEX
  8
16
 10
114.9797
 20
33.5378
 30
0.0000
  0
SEQEND
  8
0
  0
POLYLINE
  8
16
 66
1
 10
0.0000
 20
0.0000
 30
0.0000
 40
0.0762
 41
0.0762
 70
0
  0
VERTEX
  8
16
 10
114.7085
 20
33.8090
 30
0.0000
 42
1.0000
  0
VERTEX
  8
16
 10
114.6547
 20
33.7552
 30
0.0000
  0
SEQEND
  8
0
  0
POLYLINE
  8
16
 66
1
 10
0.0000
 20
0.0000
 30
0.0000
 40
0.1524
 41
0.1524
 70
0
  0
VERTEX
  8
16
 10
114.9528
 20
33.5109
 30
0.0000
  0
VERTEX
  8
16
 10
114.9528
 20
32.9686
 30
0.0000
  0
SEQEND
  8
0
  0
POLYLINE
  8
16
 66
1
 10
0.0000
 20
0.0000
 30
0.0000
 40
0.0762
 41
0.0762
 70
0
  0
VERTEX
  8
16
 10
114.9147
 20
32.9686
 30
0.0000
 42
1.0000
  0
VERTEX
  8
16
 10
114.9909
 20
32.9686
 30
0.0000
  0
SEQEND
  8
0
  0
POLYLINE
  8
16
 66
1
 10
0.0000
 20
0.0000
 30
0.0000
 40
0.0762
 41
0.0762
 70
0
  0
VERTEX
  8
16
 10
114.9909
 20
33.5109
 30
0.0000
 42
1.0000
  0
VERTEX
  8
16
 10
114.9147
 20
33.5109
 30
0.0000
  0
SEQEND
  8
0
  0
POLYLINE
  8
16
 66
1
 10
0.0000
 20
0.0000
 30
0.0000
 40
0.1524
 41
0.1524
 70
0
  0
VERTEX
  8
16
 10
114.9528
 20
32.9686
 30
0.0000
  0
VERTEX
  8
16
 10
114.6816
 20
32.6975
 30
0.0000
  0
SEQEND
  8
0
  0
POLYLINE
  8
16
 66
1
 10
0.0000
 20
0.0000
 30
0.0000
 40
0.0762
 41
0.0762
 70
0
  0
VERTEX
  8
16
 10
114.6547
 20
32.7244
 30
0.0000
 42
1.0000
  0
VERTEX
  8
16
 10
114.7085
 20
32.6706
 30
0.0000
  0
SEQEND
  8
0
  0
POLYLINE
  8
16
 66
1
 10
0.0000
 20
0.0000
 30
0.0000
 40
0.0762
 41
0.0762
 70
0
  0
VERTEX
  8
16
 10
114.9797
 20
32.9417
 30
0.0000
 42
1.0000
  0
VERTEX
  8
16
 10
114.9259
 20
32.9955
 30
0.0000
  0
SEQEND
  8
0
  0
POLYLINE
  8
16
 66
1
 10
0.0000
 20
0.0000
 30
0.0000
 40
0.1524
 41
0.1524
 70
0
  0
VERTEX
  8
16
 10
114.6816
 20
32.6975
 30
0.0000
  0
VERTEX
  8
16
 10
114.1393
 20
32.6975
 30
0.0000
  0
SEQEND
  8
0
  0
POLYLINE
  8
16
 66
1
 10
0.0000
 20
0.0000
 30
0.0000
 40
0.0762
 41
0.0762
 70
0
  0
VERTEX
  8
16
 10
114.1393
 20
32.7356
 30
0.0000
 42
1.0000
  0
VERTEX
  8
16
 10
114.1393
 20
32.6594
 30
0.0000
  0
SEQEND
  8
0
  0
POLYLINE
  8
16
 66
1
 10
0.0000
 20
0.0000
 30
0.0000
 40
0.0762
 41
0.0762
 70
0
  0
VERTEX
  8
16
 10
114.6816
 20
32.6594
 30
0.0000
 42
1.0000
  0
VERTEX
  8
16
 10
114.6816
 20
32.7356
 30
0.0000
  0
SEQEND
  8
0
  0
POLYLINE
  8
16
 66
1
 10
0.0000
 20
0.0000
 30
0.0000
 40
0.1524
 41
0.1524
 70
0
  0
VERTEX
  8
16
 10
114.1393
 20
32.6975
 30
0.0000
  0
VERTEX
  8
16
 10
113.8682
 20
32.9686
 30
0.0000
  0
SEQEND
  8
0
  0
POLYLINE
  8
16
 66
1
 10
0.0000
 20
0.0000
 30
0.0000
 40
0.0762
 41
0.0762
 70
0
  0
VERTEX
  8
16
 10
113.8951
 20
32.9955
 30
0.0000
 42
1.0000
  0
VERTEX
  8
16
 10
113.8413
 20
32.9417
 30
0.0000
  0
SEQEND
  8
0
  0
POLYLINE
  8
16
 66
1
 10
0.0000
 20
0.0000
 30
0.0000
 40
0.0762
 41
0.0762
 70
0
  0
VERTEX
  8
16
 10
114.1124
 20
32.6706
 30
0.0000
 42
1.0000
  0
VERTEX
  8
16
 10
114.1662
 20
32.7244
 30
0.0000
  0
SEQEND
  8
0
  0
POLYLINE
  8
16
 66
1
 10
0.0000
 20
0.0000
 30
0.0000
 40
0.1524
 41
0.1524
 70
0
  0
VERTEX
  8
16
 10
113.8682
 20
34.3346
 30
0.0000
  0
VERTEX
  8
16
 10
114.9528
 20
34.3346
 30
0.0000
  0
SEQEND
  8
0
  0
POLYLINE
  8
16
 66
1
 10
0.0000
 20
0.0000
 30
0.0000
 40
0.0762
 41
0.0762
 70
0
  0
VERTEX
  8
16
 10
114.9528
 20
34.2965
 30
0.0000
 42
1.0000
  0
VERTEX
  8
16
 10
114.9528
 20
34.3727
 30
0.0000
  0
SEQEND
  8
0
  0
POLYLINE
  8
16
 66
1
 10
0.0000
 20
0.0000
 30
0.0000
 40
0.0762
 41
0.0762
 70
0
  0
VERTEX
  8
16
 10
113.8682
 20
34.3727
 30
0.0000
 42
1.0000
  0
VERTEX
  8
16
 10
113.8682
 20
34.2965
 30
0.0000
  0
SEQEND
  8
0
  0
POLYLINE
  8
16
 66
1
 10
0.0000
 20
0.0000
 30
0.0000
 40
0.1524
 41
0.1524
 70
0
  0
VERTEX
  8
16
 10
114.9528
 20
34.3346
 30
0.0000
  0
VERTEX
  8
16
 10
114.9528
 20
35.1480
 30
0.0000
  0
SEQEND
  8
0
  0
POLYLINE
  8
16
 66
1
 10
0.0000
 20
0.0000
 30
0.0000
 40
0.0762
 41
0.0762
 70
0
  0
VERTEX
  8
16
 10
114.9909
 20
35.1480
 30
0.0000
 42
1.0000
  0
VERTEX
  8
16
 10
114.9147
 20
35.1480
 30
0.0000
  0
SEQEND
  8
0
  0
POLYLINE
  8
16
 66
1
 10
0.0000
 20
0.0000
 30
0.0000
 40
0.0762
 41
0.0762
 70
0
  0
VERTEX
  8
16
 10
114.9147
 20
34.3346
 30
0.0000
 42
1.0000
  0
VERTEX
  8
16
 10
114.9909
 20
34.3346
 30
0.0000
  0
SEQEND
  8
0
  0
POLYLINE
  8
16
 66
1
 10
0.0000
 20
0.0000
 30
0.0000
 40
0.1524
 41
0.1524
 70
0
  0
VERTEX
  8
16
 10
114.9528
 20
35.1480
 30
0.0000
  0
VERTEX
  8
16
 10
114.6816
 20
35.4192
 30
0.0000
  0
SEQEND
  8
0
  0
POLYLINE
  8
16
 66
1
 10
0.0000
 20
0.0000
 30
0.0000
 40
0.0762
 41
0.0762
 70
0
  0
VERTEX
  8
16
 10
114.7085
 20
35.4461
 30
0.0000
 42
1.0000
  0
VERTEX
  8
16
 10
114.6547
 20
35.3923
 30
0.0000
  0
SEQEND
  8
0
  0
POLYLINE
  8
16
 66
1
 10
0.0000
 20
0.0000
 30
0.0000
 40
0.0762
 41
0.0762
 70
0
  0
VERTEX
  8
16
 10
114.9259
 20
35.1211
 30
0.0000
 42
1.0000
  0
VERTEX
  8
16
 10
114.9797
 20
35.1749
 30
0.0000
  0
SEQEND
  8
0
  0
POLYLINE
  8
16
 66
1
 10
0.0000
 20
0.0000
 30
0.0000
 40
0.1524
 41
0.1524
 70
0
  0
VERTEX
  8
16
 10
114.6816
 20
35.4192
 30
0.0000
  0
VERTEX
  8
16
 10
113.8682
 20
35.4192
 30
0.0000
  0
SEQEND
  8
0
  0
POLYLINE
  8
16
 66
1
 10
0.0000
 20
0.0000
 30
0.0000
 40
0.0762
 41
0.0762
 70
0
  0
VERTEX
  8
16
 10
113.8682
 20
35.4573
 30
0.0000
 42
1.0000
  0
VERTEX
  8
16
 10
113.8682
 20
35.3811
 30
0.0000
  0
SEQEND
  8
0
  0
POLYLINE
  8
16
 66
1
 10
0.0000
 20
0.0000
 30
0.0000
 40
0.0762
 41
0.0762
 70
0
  0
VERTEX
  8
16
 10
114.6816
 20
35.3811
 30
0.0000
 42
1.0000
  0
VERTEX
  8
16
 10
114.6816
 20
35.4573
 30
0.0000
  0
SEQEND
  8
0
  0
POLYLINE
  8
16
 66
1
 10
0.0000
 20
0.0000
 30
0.0000
 40
0.1524
 41
0.1524
 70
0
  0
VERTEX
  8
16
 10
113.8682
 20
37.6088
 30
0.0000
  0
VERTEX
  8
16
 10
115.4951
 20
37.6088
 30
0.0000
  0
SEQEND
  8
0
  0
POLYLINE
  8
16
 66
1
 10
0.0000
 20
0.0000
 30
0.0000
 40
0.0762
 41
0.0762
 70
0
  0
VERTEX
  8
16
 10
115.4951
 20
37.5707
 30
0.0000
 42
1.0000
  0
VERTEX
  8
16
 10
115.4951
 20
37.6469
 30
0.0000
  0
SEQEND
  8
0
  0
POLYLINE
  8
16
 66
1
 10
0.0000
 20
0.0000
 30
0.0000
 40
0.0762
 41
0.0762
 70
0
  0
VERTEX
  8
16
 10
113.8682
 20
37.6469
 30
0.0000
 42
1.0000
  0
VERTEX
  8
16
 10
113.8682
 20
37.5707
 30
0.0000
  0
SEQEND
  8
0
  0
POLYLINE
  8
16
 66
1
 10
0.0000
 20
0.0000
 30
0.0000
 40
0.1524
 41
0.1524
 70
0
  0
VERTEX
  8
16
 10
115.4951
 20
37.6088
 30
0.0000
  0
VERTEX
  8
16
 10
114.9528
 20
38.1511
 30
0.0000
  0
SEQEND
  8
0
  0
POLYLINE
  8
16
 66
1
 10
0.0000
 20
0.0000
 30
0.0000
 40
0.0762
 41
0.0762
 70
0
  0
VERTEX
  8
16
 10
114.9797
 20
38.1780
 30
0.0000
 42
1.0000
  0
VERTEX
  8
16
 10
114.9259
 20
38.1242
 30
0.0000
  0
SEQEND
  8
0
  0
POLYLINE
  8
16
 66
1
 10
0.0000
 20
0.0000
 30
0.0000
 40
0.0762
 41
0.0762
 70
0
  0
VERTEX
  8
16
 10
115.4682
 20
37.5819
 30
0.0000
 42
1.0000
  0
VERTEX
  8
16
 10
115.5220
 20
37.6357
 30
0.0000
  0
SEQEND
  8
0
  0
POLYLINE
  8
16
 66
1
 10
0.0000
 20
0.0000
 30
0.0000
 40
0.1524
 41
0.1524
 70
0
  0
VERTEX
  8
16
 10
114.9528
 20
38.1511
 30
0.0000
  0
VERTEX
  8
16
 10
115.4951
 20
38.6934
 30
0.0000
  0
SEQEND
  8
0
  0
POLYLINE
  8
16
 66
1
 10
0.0000
 20
0.0000
 30
0.0000
 40
0.0762
 41
0.0762
 70
0
  0
VERTEX
  8
16
 10
115.5220
 20
38.6665
 30
0.0000
 42
1.0000
  0
VERTEX
  8
16
 10
115.4682
 20
38.7203
 30
0.0000
  0
SEQEND
  8
0
  0
POLYLINE
  8
16
 66
1
 10
0.0000
 20
0.0000
 30
0.0000
 40
0.0762
 41
0.0762
 70
0
  0
VERTEX
  8
16
 10
114.9259
 20
38.1780
 30
0.0000
 42
1.0000
  0
VERTEX
  8
16
 10
114.9797
 20
38.1242
 30
0.0000
  0
SEQEND
  8
0
  0
POLYLINE
  8
16
 66
1
 10
0.0000
 20
0.0000
 30
0.0000
 40
0.1524
 41
0.1524
 70
0
  0
VERTEX
  8
16
 10
115.4951
 20
38.6934
 30
0.0000
  0
VERTEX
  8
16
 10
113.8682
 20
38.6934
 30
0.0000
  0
SEQEND
  8
0
  0
POLYLINE
  8
16
 66
1
 10
0.0000
 20
0.0000
 30
0.0000
 40
0.0762
 41
0.0762
 70
0
  0
VERTEX
  8
16
 10
113.8682
 20
38.7315
 30
0.0000
 42
1.0000
  0
VERTEX
  8
16
 10
113.8682
 20
38.6553
 30
0.0000
  0
SEQEND
  8
0
  0
POLYLINE
  8
16
 66
1
 10
0.0000
 20
0.0000
 30
0.0000
 40
0.0762
 41
0.0762
 70
0
  0
VERTEX
  8
16
 10
115.4951
 20
38.6553
 30
0.0000
 42
1.0000
  0
VERTEX
  8
16
 10
115.4951
 20
38.7315
 30
0.0000
  0
SEQEND
  8
0
  0
POLYLINE
  8
16
 66
1
 10
0.0000
 20
0.0000
 30
0.0000
 40
0.1524
 41
0.1524
 70
0
  0
VERTEX
  8
16
 10
115.2240
 20
39.2459
 30
0.0000
  0
VERTEX
  8
16
 10
115.4951
 20
39.5170
 30
0.0000
  0
SEQEND
  8
0
  0
POLYLINE
  8
16
 66
1
 10
0.0000
 20
0.0000
 30
0.0000
 40
0.0762
 41
0.0762
 70
0
  0
VERTEX
  8
16
 10
115.5220
 20
39.4901
 30
0.0000
 42
1.0000
  0
VERTEX
  8
16
 10
115.4682
 20
39.5439
 30
0.0000
  0
SEQEND
  8
0
  0
POLYLINE
  8
16
 66
1
 10
0.0000
 20
0.0000
 30
0.0000
 40
0.0762
 41
0.0762
 70
0
  0
VERTEX
  8
16
 10
115.1971
 20
39.2728
 30
0.0000
 42
1.0000
  0
VERTEX
  8
16
 10
115.2509
 20
39.2190
 30
0.0000
  0
SEQEND
  8
0
  0
POLYLINE
  8
16
 66
1
 10
0.0000
 20
0.0000
 30
0.0000
 40
0.1524
 41
0.1524
 70
0
  0
VERTEX
  8
16
 10
115.4951
 20
39.5170
 30
0.0000
  0
VERTEX
  8
16
 10
115.4951
 20
40.0593
 30
0.0000
  0
SEQEND
  8
0
  0
POLYLINE
  8
16
 66
1
 10
0.0000
 20
0.0000
 30
0.0000
 40
0.0762
 41
0.0762
 70
0
  0
VERTEX
  8
16
 10
115.5332
 20
40.0593
 30
0.0000
 42
1.0000
  0
VERTEX
  8
16
 10
115.4570
 20
40.0593
 30
0.0000
  0
SEQEND
  8
0
  0
POLYLINE
  8
16
 66
1
 10
0.0000
 20
0.0000
 30
0.0000
 40
0.0762
 41
0.0762
 70
0
  0
VERTEX
  8
16
 10
115.4570
 20
39.5170
 30
0.0000
 42
1.0000
  0
VERTEX
  8
16
 10
115.5332
 20
39.5170
 30
0.0000
  0
SEQEND
  8
0
  0
POLYLINE
  8
16
 66
1
 10
0.0000
 20
0.0000
 30
0.0000
 40
0.1524
 41
0.1524
 70
0
  0
VERTEX
  8
16
 10
115.4951
 20
40.0593
 30
0.0000
  0
VERTEX
  8
16
 10
115.2240
 20
40.3305
 30
0.0000
  0
SEQEND
  8
0
  0
POLYLINE
  8
16
 66
1
 10
0.0000
 20
0.0000
 30
0.0000
 40
0.0762
 41
0.0762
 70
0
  0
VERTEX
  8
16
 10
115.2509
 20
40.3574
 30
0.0000
 42
1.0000
  0
VERTEX
  8
16
 10
115.1971
 20
40.3036
 30
0.0000
  0
SEQEND
  8
0
  0
POLYLINE
  8
16
 66
1
 10
0.0000
 20
0.0000
 30
0.0000
 40
0.0762
 41
0.0762
 70
0
  0
VERTEX
  8
16
 10
115.4682
 20
40.0324
 30
0.0000
 42
1.0000
  0
VERTEX
  8
16
 10
115.5220
 20
40.0862
 30
0.0000
  0
SEQEND
  8
0
  0
POLYLINE
  8
16
 66
1
 10
0.0000
 20
0.0000
 30
0.0000
 40
0.1524
 41
0.1524
 70
0
  0
VERTEX
  8
16
 10
115.2240
 20
40.3305
 30
0.0000
  0
VERTEX
  8
16
 10
114.9528
 20
40.3305
 30
0.0000
  0
SEQEND
  8
0
  0
POLYLINE
  8
16
 66
1
 10
0.0000
 20
0.0000
 30
0.0000
 40
0.0762
 41
0.0762
 70
0
  0
VERTEX
  8
16
 10
114.9528
 20
40.3686
 30
0.0000
 42
1.0000
  0
VERTEX
  8
16
 10
114.9528
 20
40.2924
 30
0.0000
  0
SEQEND
  8
0
  0
POLYLINE
  8
16
 66
1
 10
0.0000
 20
0.0000
 30
0.0000
 40
0.0762
 41
0.0762
 70
0
  0
VERTEX
  8
16
 10
115.2240
 20
40.2924
 30
0.0000
 42
1.0000
  0
VERTEX
  8
16
 10
115.2240
 20
40.3686
 30
0.0000
  0
SEQEND
  8
0
  0
POLYLINE
  8
16
 66
1
 10
0.0000
 20
0.0000
 30
0.0000
 40
0.1524
 41
0.1524
 70
0
  0
VERTEX
  8
16
 10
114.9528
 20
40.3305
 30
0.0000
  0
VERTEX
  8
16
 10
114.6816
 20
40.0593
 30
0.0000
  0
SEQEND
  8
0
  0
POLYLINE
  8
16
 66
1
 10
0.0000
 20
0.0000
 30
0.0000
 40
0.0762
 41
0.0762
 70
0
  0
VERTEX
  8
16
 10
114.6547
 20
40.0862
 30
0.0000
 42
1.0000
  0
VERTEX
  8
16
 10
114.7085
 20
40.0324
 30
0.0000
  0
SEQEND
  8
0
  0
POLYLINE
  8
16
 66
1
 10
0.0000
 20
0.0000
 30
0.0000
 40
0.0762
 41
0.0762
 70
0
  0
VERTEX
  8
16
 10
114.9797
 20
40.3036
 30
0.0000
 42
1.0000
  0
VERTEX
  8
16
 10
114.9259
 20
40.3574
 30
0.0000
  0
SEQEND
  8
0
  0
POLYLINE
  8
16
 66
1
 10
0.0000
 20
0.0000
 30
0.0000
 40
0.1524
 41
0.1524
 70
0
  0
VERTEX
  8
16
 10
114.6816
 20
40.0593
 30
0.0000
  0
VERTEX
  8
16
 10
114.4105
 20
40.3305
 30
0.0000
  0
SEQEND
  8
0
  0
POLYLINE
  8
16
 66
1
 10
0.0000
 20
0.0000
 30
0.0000
 40
0.0762
 41
0.0762
 70
0
  0
VERTEX
  8
16
 10
114.4374
 20
40.3574
 30
0.0000
 42
1.0000
  0
VERTEX
  8
16
 10
114.3836
 20
40.3036
 30
0.0000
  0
SEQEND
  8
0
  0
POLYLINE
  8
16
 66
1
 10
0.0000
 20
0.0000
 30
0.0000
 40
0.0762
 41
0.0762
 70
0
  0
VERTEX
  8
16
 10
114.6547
 20
40.0324
 30
0.0000
 42
1.0000
  0
VERTEX
  8
16
 10
114.7085
 20
40.0862
 30
0.0000
  0
SEQEND
  8
0
  0
POLYLINE
  8
16
 66
1
 10
0.0000
 20
0.0000
 30
0.0000
 40
0.1524
 41
0.1524
 70
0
  0
VERTEX
  8
16
 10
114.4105
 20
40.3305
 30
0.0000
  0
VERTEX
  8
16
 10
114.1393
 20
40.3305
 30
0.0000
  0
SEQEND
  8
0
  0
POLYLINE
  8
16
 66
1
 10
0.0000
 20
0.0000
 30
0.0000
 40
0.0762
 41
0.0762
 70
0
  0
VERTEX
  8
16
 10
114.1393
 20
40.3686
 30
0.0000
 42
1.0000
  0
VERTEX
  8
16
 10
114.1393
 20
40.2924
 30
0.0000
  0
SEQEND
  8
0
  0
POLYLINE
  8
16
 66
1
 10
0.0000
 20
0.0000
 30
0.0000
 40
0.0762
 41
0.0762
 70
0
  0
VERTEX
  8
16
 10
114.4105
 20
40.2924
 30
0.0000
 42
1.0000
  0
VERTEX
  8
16
 10
114.4105
 20
40.3686
 30
0.0000
  0
SEQEND
  8
0
  0
POLYLINE
  8
16
 66
1
 10
0.0000
 20
0.0000
 30
0.0000
 40
0.1524
 41
0.1524
 70
0
  0
VERTEX
  8
16
 10
114.1393
 20
40.3305
 30
0.0000
  0
VERTEX
  8
16
 10
113.8682
 20
40.0593
 30
0.0000
  0
SEQEND
  8
0
  0
POLYLINE
  8
16
 66
1
 10
0.0000
 20
0.0000
 30
0.0000
 40
0.0762
 41
0.0762
 70
0
  0
VERTEX
  8
16
 10
113.8413
 20
40.0862
 30
0.0000
 42
1.0000
  0
VERTEX
  8
16
 10
113.8951
 20
40.0324
 30
0.0000
  0
SEQEND
  8
0
  0
POLYLINE
  8
16
 66
1
 10
0.0000
 20
0.0000
 30
0.0000
 40
0.0762
 41
0.0762
 70
0
  0
VERTEX
  8
16
 10
114.1662
 20
40.3036
 30
0.0000
 42
1.0000
  0
VERTEX
  8
16
 10
114.1124
 20
40.3574
 30
0.0000
  0
SEQEND
  8
0
  0
POLYLINE
  8
16
 66
1
 10
0.0000
 20
0.0000
 30
0.0000
 40
0.1524
 41
0.1524
 70
0
  0
VERTEX
  8
16
 10
113.8682
 20
40.0593
 30
0.0000
  0
VERTEX
  8
16
 10
113.8682
 20
39.5170
 30
0.0000
  0
SEQEND
  8
0
  0
POLYLINE
  8
16
 66
1
 10
0.0000
 20
0.0000
 30
0.0000
 40
0.0762
 41
0.0762
 70
0
  0
VERTEX
  8
16
 10
113.8301
 20
39.5170
 30
0.0000
 42
1.0000
  0
VERTEX
  8
16
 10
113.9063
 20
39.5170
 30
0.0000
  0
SEQEND
  8
0
  0
POLYLINE
  8
16
 66
1
 10
0.0000
 20
0.0000
 30
0.0000
 40
0.0762
 41
0.0762
 70
0
  0
VERTEX
  8
16
 10
113.9063
 20
40.0593
 30
0.0000
 42
1.0000
  0
VERTEX
  8
16
 10
113.8301
 20
40.0593
 30
0.0000
  0
SEQEND
  8
0
  0
POLYLINE
  8
16
 66
1
 10
0.0000
 20
0.0000
 30
0.0000
 40
0.1524
 41
0.1524
 70
0
  0
VERTEX
  8
16
 10
113.8682
 20
39.5170
 30
0.0000
  0
VERTEX
  8
16
 10
114.1393
 20
39.2459
 30
0.0000
  0
SEQEND
  8
0
  0
POLYLINE
  8
16
 66
1
 10
0.0000
 20
0.0000
 30
0.0000
 40
0.0762
 41
0.0762
 70
0
  0
VERTEX
  8
16
 10
114.1124
 20
39.2190
 30
0.0000
 42
1.0000
  0
VERTEX
  8
16
 10
114.1662
 20
39.2728
 30
0.0000
  0
SEQEND
  8
0
  0
POLYLINE
  8
16
 66
1
 10
0.0000
 20
0.0000
 30
0.0000
 40
0.0762
 41
0.0762
 70
0
  0
VERTEX
  8
16
 10
113.8951
 20
39.5439
 30
0.0000
 42
1.0000
  0
VERTEX
  8
16
 10
113.8413
 20
39.4901
 30
0.0000
  0
SEQEND
  8
0
  0
POLYLINE
  8
16
 66
1
 10
0.0000
 20
0.0000
 30
0.0000
 40
0.1524
 41
0.1524
 70
0
  0
VERTEX
  8
16
 10
114.1393
 20
39.2459
 30
0.0000
  0
VERTEX
  8
16
 10
114.4105
 20
39.2459
 30
0.0000
  0
SEQEND
  8
0
  0
POLYLINE
  8
16
 66
1
 10
0.0000
 20
0.0000
 30
0.0000
 40
0.0762
 41
0.0762
 70
0
  0
VERTEX
  8
16
 10
114.4105
 20
39.2078
 30
0.0000
 42
1.0000
  0
VERTEX
  8
16
 10
114.4105
 20
39.2840
 30
0.0000
  0
SEQEND
  8
0
  0
POLYLINE
  8
16
 66
1
 10
0.0000
 20
0.0000
 30
0.0000
 40
0.0762
 41
0.0762
 70
0
  0
VERTEX
  8
16
 10
114.1393
 20
39.2840
 30
0.0000
 42
1.0000
  0
VERTEX
  8
16
 10
114.1393
 20
39.2078
 30
0.0000
  0
SEQEND
  8
0
  0
POLYLINE
  8
16
 66
1
 10
0.0000
 20
0.0000
 30
0.0000
 40
0.1524
 41
0.1524
 70
0
  0
VERTEX
  8
16
 10
114.4105
 20
39.2459
 30
0.0000
  0
VERTEX
  8
16
 10
114.6816
 20
39.5170
 30
0.0000
  0
SEQEND
  8
0
  0
POLYLINE
  8
16
 66
1
 10
0.0000
 20
0.0000
 30
0.0000
 40
0.0762
 41
0.0762
 70
0
  0
VERTEX
  8
16
 10
114.7085
 20
39.4901
 30
0.0000
 42
1.0000
  0
VERTEX
  8
16
 10
114.6547
 20
39.5439
 30
0.0000
  0
SEQEND
  8
0
  0
POLYLINE
  8
16
 66
1
 10
0.0000
 20
0.0000
 30
0.0000
 40
0.0762
 41
0.0762
 70
0
  0
VERTEX
  8
16
 10
114.3836
 20
39.2728
 30
0.0000
 42
1.0000
  0
VERTEX
  8
16
 10
114.4374
 20
39.2190
 30
0.0000
  0
SEQEND
  8
0
  0
POLYLINE
  8
16
 66
1
 10
0.0000
 20
0.0000
 30
0.0000
 40
0.1524
 41
0.1524
 70
0
  0
VERTEX
  8
16
 10
114.6816
 20
39.5170
 30
0.0000
  0
VERTEX
  8
16
 10
114.9528
 20
39.2459
 30
0.0000
  0
SEQEND
  8
0
  0
POLYLINE
  8
16
 66
1
 10
0.0000
 20
0.0000
 30
0.0000
 40
0.0762
 41
0.0762
 70
0
  0
VERTEX
  8
16
 10
114.9259
 20
39.2190
 30
0.0000
 42
1.0000
  0
VERTEX
  8
16
 10
114.9797
 20
39.2728
 30
0.0000
  0
SEQEND
  8
0
  0
POLYLINE
  8
16
 66
1
 10
0.0000
 20
0.0000
 30
0.0000
 40
0.0762
 41
0.0762
 70
0
  0
VERTEX
  8
16
 10
114.7085
 20
39.5439
 30
0.0000
 42
1.0000
  0
VERTEX
  8
16
 10
114.6547
 20
39.4901
 30
0.0000
  0
SEQEND
  8
0
  0
POLYLINE
  8
16
 66
1
 10
0.0000
 20
0.0000
 30
0.0000
 40
0.1524
 41
0.1524
 70
0
  0
VERTEX
  8
16
 10
114.9528
 20
39.2459
 30
0.0000
  0
VERTEX
  8
16
 10
115.2240
 20
39.2459
 30
0.0000
  0
SEQEND
  8
0
  0
POLYLINE
  8
16
 66
1
 10
0.0000
 20
0.0000
 30
0.0000
 40
0.0762
 41
0.0762
 70
0
  0
VERTEX
  8
16
 10
115.2240
 20
39.2078
 30
0.0000
 42
1.0000
  0
VERTEX
  8
16
 10
115.2240
 20
39.2840
 30
0.0000
  0
SEQEND
  8
0
  0
POLYLINE
  8
16
 66
1
 10
0.0000
 20
0.0000
 30
0.0000
 40
0.0762
 41
0.0762
 70
0
  0
VERTEX
  8
16
 10
114.9528
 20
39.2840
 30
0.0000
 42
1.0000
  0
VERTEX
  8
16
 10
114.9528
 20
39.2078
 30
0.0000
  0
SEQEND
  8
0
  0
POLYLINE
  8
16
 66
1
 10
0.0000
 20
0.0000
 30
0.0000
 40
0.1524
 41
0.1524
 70
0
  0
VERTEX
  8
16
 10
114.6816
 20
39.5170
 30
0.0000
  0
VERTEX
  8
16
 10
114.6816
 20
40.0593
 30
0.0000
  0
SEQEND
  8
0
  0
POLYLINE
  8
16
 66
1
 10
0.0000
 20
0.0000
 30
0.0000
 40
0.0762
 41
0.0762
 70
0
  0
VERTEX
  8
16
 10
114.7197
 20
40.0593
 30
0.0000
 42
1.0000
  0
VERTEX
  8
16
 10
114.6435
 20
40.0593
 30
0.0000
  0
SEQEND
  8
0
  0
POLYLINE
  8
16
 66
1
 10
0.0000
 20
0.0000
 30
0.0000
 40
0.0762
 41
0.0762
 70
0
  0
VERTEX
  8
16
 10
114.6435
 20
39.5170
 30
0.0000
 42
1.0000
  0
VERTEX
  8
16
 10
114.7197
 20
39.5170
 30
0.0000
  0
SEQEND
  8
0
  0
POLYLINE
  8
16
 66
1
 10
0.0000
 20
0.0000
 30
0.0000
 40
0.1524
 41
0.1524
 70
0
  0
VERTEX
  8
16
 10
115.4951
 20
41.9676
 30
0.0000
  0
VERTEX
  8
16
 10
115.2240
 20
41.4253
 30
0.0000
  0
SEQEND
  8
0
  0
POLYLINE
  8
16
 66
1
 10
0.0000
 20
0.0000
 30
0.0000
 40
0.0762
 41
0.0762
 70
0
  0
VERTEX
  8
16
 10
115.1899
 20
41.4423
 30
0.0000
 42
1.0000
  0
VERTEX
  8
16
 10
115.2581
 20
41.4083
 30
0.0000
  0
SEQEND
  8
0
  0
POLYLINE
  8
16
 66
1
 10
0.0000
 20
0.0000
 30
0.0000
 40
0.0762
 41
0.0762
 70
0
  0
VERTEX
  8
16
 10
115.5292
 20
41.9506
 30
0.0000
 42
1.0000
  0
VERTEX
  8
16
 10
115.4610
 20
41.9846
 30
0.0000
  0
SEQEND
  8
0
  0
POLYLINE
  8
16
 66
1
 10
0.0000
 20
0.0000
 30
0.0000
 40
0.1524
 41
0.1524
 70
0
  0
VERTEX
  8
16
 10
115.2240
 20
41.4253
 30
0.0000
  0
VERTEX
  8
16
 10
114.6816
 20
40.8830
 30
0.0000
  0
SEQEND
  8
0
  0
POLYLINE
  8
16
 66
1
 10
0.0000
 20
0.0000
 30
0.0000
 40
0.0762
 41
0.0762
 70
0
  0
VERTEX
  8
16
 10
114.6547
 20
40.9099
 30
0.0000
 42
1.0000
  0
VERTEX
  8
16
 10
114.7085
 20
40.8561
 30
0.0000
  0
SEQEND
  8
0
  0
POLYLINE
  8
16
 66
1
 10
0.0000
 20
0.0000
 30
0.0000
 40
0.0762
 41
0.0762
 70
0
  0
VERTEX
  8
16
 10
115.2509
 20
41.3984
 30
0.0000
 42
1.0000
  0
VERTEX
  8
16
 10
115.1971
 20
41.4522
 30
0.0000
  0
SEQEND
  8
0
  0
POLYLINE
  8
16
 66
1
 10
0.0000
 20
0.0000
 30
0.0000
 40
0.1524
 41
0.1524
 70
0
  0
VERTEX
  8
16
 10
114.6816
 20
40.8830
 30
0.0000
  0
VERTEX
  8
16
 10
114.1393
 20
40.8830
 30
0.0000
  0
SEQEND
  8
0
  0
POLYLINE
  8
16
 66
1
 10
0.0000
 20
0.0000
 30
0.0000
 40
0.0762
 41
0.0762
 70
0
  0
VERTEX
  8
16
 10
114.1393
 20
40.9211
 30
0.0000
 42
1.0000
  0
VERTEX
  8
16
 10
114.1393
 20
40.8449
 30
0.0000
  0
SEQEND
  8
0
  0
POLYLINE
  8
16
 66
1
 10
0.0000
 20
0.0000
 30
0.0000
 40
0.0762
 41
0.0762
 70
0
  0
VERTEX
  8
16
 10
114.6816
 20
40.8449
 30
0.0000
 42
1.0000
  0
VERTEX
  8
16
 10
114.6816
 20
40.9211
 30
0.0000
  0
SEQEND
  8
0
  0
POLYLINE
  8
16
 66
1
 10
0.0000
 20
0.0000
 30
0.0000
 40
0.1524
 41
0.1524
 70
0
  0
VERTEX
  8
16
 10
114.1393
 20
40.8830
 30
0.0000
  0
VERTEX
  8
16
 10
113.8682
 20
41.1541
 30
0.0000
  0
SEQEND
  8
0
  0
POLYLINE
  8
16
 66
1
 10
0.0000
 20
0.0000
 30
0.0000
 40
0.0762
 41
0.0762
 70
0
  0
VERTEX
  8
16
 10
113.8951
 20
41.1810
 30
0.0000
 42
1.0000
  0
VERTEX
  8
16
 10
113.8413
 20
41.1272
 30
0.0000
  0
SEQEND
  8
0
  0
POLYLINE
  8
16
 66
1
 10
0.0000
 20
0.0000
 30
0.0000
 40
0.0762
 41
0.0762
 70
0
  0
VERTEX
  8
16
 10
114.1124
 20
40.8561
 30
0.0000
 42
1.0000
  0
VERTEX
  8
16
 10
114.1662
 20
40.9099
 30
0.0000
  0
SEQEND
  8
0
  0
POLYLINE
  8
16
 66
1
 10
0.0000
 20
0.0000
 30
0.0000
 40
0.1524
 41
0.1524
 70
0
  0
VERTEX
  8
16
 10
113.8682
 20
41.1541
 30
0.0000
  0
VERTEX
  8
16
 10
113.8682
 20
41.6964
 30
0.0000
  0
SEQEND
  8
0
  0
POLYLINE
  8
16
 66
1
 10
0.0000
 20
0.0000
 30
0.0000
 40
0.0762
 41
0.0762
 70
0
  0
VERTEX
  8
16
 10
113.9063
 20
41.6964
 30
0.0000
 42
1.0000
  0
VERTEX
  8
16
 10
113.8301
 20
41.6964
 30
0.0000
  0
SEQEND
  8
0
  0
POLYLINE
  8
16
 66
1
 10
0.0000
 20
0.0000
 30
0.0000
 40
0.0762
 41
0.0762
 70
0
  0
VERTEX
  8
16
 10
113.8301
 20
41.1541
 30
0.0000
 42
1.0000
  0
VERTEX
  8
16
 10
113.9063
 20
41.1541
 30
0.0000
  0
SEQEND
  8
0
  0
POLYLINE
  8
16
 66
1
 10
0.0000
 20
0.0000
 30
0.0000
 40
0.1524
 41
0.1524
 70
0
  0
VERTEX
  8
16
 10
113.8682
 20
41.6964
 30
0.0000
  0
VERTEX
  8
16
 10
114.1393
 20
41.9676
 30
0.0000
  0
SEQEND
  8
0
  0
POLYLINE
  8
16
 66
1
 10
0.0000
 20
0.0000
 30
0.0000
 40
0.0762
 41
0.0762
 70
0
  0
VERTEX
  8
16
 10
114.1662
 20
41.9407
 30
0.0000
 42
1.0000
  0
VERTEX
  8
16
 10
114.1124
 20
41.9945
 30
0.0000
  0
SEQEND
  8
0
  0
POLYLINE
  8
16
 66
1
 10
0.0000
 20
0.0000
 30
0.0000
 40
0.0762
 41
0.0762
 70
0
  0
VERTEX
  8
16
 10
113.8413
 20
41.7233
 30
0.0000
 42
1.0000
  0
VERTEX
  8
16
 10
113.8951
 20
41.6695
 30
0.0000
  0
SEQEND
  8
0
  0
POLYLINE
  8
16
 66
1
 10
0.0000
 20
0.0000
 30
0.0000
 40
0.1524
 41
0.1524
 70
0
  0
VERTEX
  8
16
 10
114.1393
 20
41.9676
 30
0.0000
  0
VERTEX
  8
16
 10
114.4105
 20
41.9676
 30
0.0000
  0
SEQEND
  8
0
  0
POLYLINE
  8
16
 66
1
 10
0.0000
 20
0.0000
 30
0.0000
 40
0.0762
 41
0.0762
 70
0
  0
VERTEX
  8
16
 10
114.4105
 20
41.9295
 30
0.0000
 42
1.0000
  0
VERTEX
  8
16
 10
114.4105
 20
42.0057
 30
0.0000
  0
SEQEND
  8
0
  0
POLYLINE
  8
16
 66
1
 10
0.0000
 20
0.0000
 30
0.0000
 40
0.0762
 41
0.0762
 70
0
  0
VERTEX
  8
16
 10
114.1393
 20
42.0057
 30
0.0000
 42
1.0000
  0
VERTEX
  8
16
 10
114.1393
 20
41.9295
 30
0.0000
  0
SEQEND
  8
0
  0
POLYLINE
  8
16
 66
1
 10
0.0000
 20
0.0000
 30
0.0000
 40
0.1524
 41
0.1524
 70
0
  0
VERTEX
  8
16
 10
114.4105
 20
41.9676
 30
0.0000
  0
VERTEX
  8
16
 10
114.6816
 20
41.6964
 30
0.0000
  0
SEQEND
  8
0
  0
POLYLINE
  8
16
 66
1
 10
0.0000
 20
0.0000
 30
0.0000
 40
0.0762
 41
0.0762
 70
0
  0
VERTEX
  8
16
 10
114.6547
 20
41.6695
 30
0.0000
 42
1.0000
  0
VERTEX
  8
16
 10
114.7085
 20
41.7233
 30
0.0000
  0
SEQEND
  8
0
  0
POLYLINE
  8
16
 66
1
 10
0.0000
 20
0.0000
 30
0.0000
 40
0.0762
 41
0.0762
 70
0
  0
VERTEX
  8
16
 10
114.4374
 20
41.9945
 30
0.0000
 42
1.0000
  0
VERTEX
  8
16
 10
114.3836
 20
41.9407
 30
0.0000
  0
SEQEND
  8
0
  0
POLYLINE
  8
16
 66
1
 10
0.0000
 20
0.0000
 30
0.0000
 40
0.1524
 41
0.1524
 70
0
  0
VERTEX
  8
16
 10
114.6816
 20
41.6964
 30
0.0000
  0
VERTEX
  8
16
 10
114.6816
 20
40.8830
 30
0.0000
  0
SEQEND
  8
0
  0
POLYLINE
  8
16
 66
1
 10
0.0000
 20
0.0000
 30
0.0000
 40
0.0762
 41
0.0762
 70
0
  0
VERTEX
  8
16
 10
114.6435
 20
40.8830
 30
0.0000
 42
1.0000
  0
VERTEX
  8
16
 10
114.7197
 20
40.8830
 30
0.0000
  0
SEQEND
  8
0
  0
POLYLINE
  8
16
 66
1
 10
0.0000
 20
0.0000
 30
0.0000
 40
0.0762
 41
0.0762
 70
0
  0
VERTEX
  8
16
 10
114.7197
 20
41.6964
 30
0.0000
 42
1.0000
  0
VERTEX
  8
16
 10
114.6435
 20
41.6964
 30
0.0000
  0
SEQEND
  8
0
  0
POLYLINE
  8
16
 66
1
 10
0.0000
 20
0.0000
 30
0.0000
 40
0.1524
 41
0.1524
 70
0
  0
VERTEX
  8
16
 10
115.4951
 20
43.6047
 30
0.0000
  0
VERTEX
  8
16
 10
115.4951
 20
42.5201
 30
0.0000
  0
SEQEND
  8
0
  0
POLYLINE
  8
16
 66
1
 10
0.0000
 20
0.0000
 30
0.0000
 40
0.0762
 41
0.0762
 70
0
  0
VERTEX
  8
16
 10
115.4570
 20
42.5201
 30
0.0000
 42
1.0000
  0
VERTEX
  8
16
 10
115.5332
 20
42.5201
 30
0.0000
  0
SEQEND
  8
0
  0
POLYLINE
  8
16
 66
1
 10
0.0000
 20
0.0000
 30
0.0000
 40
0.0762
 41
0.0762
 70
0
  0
VERTEX
  8
16
 10
115.5332
 20
43.6047
 30
0.0000
 42
1.0000
  0
VERTEX
  8
16
 10
115.4570
 20
43.6047
 30
0.0000
  0
SEQEND
  8
0
  0
POLYLINE
  8
16
 66
1
 10
0.0000
 20
0.0000
 30
0.0000
 40
0.1524
 41
0.1524
 70
0
  0
VERTEX
  8
16
 10
115.4951
 20
42.5201
 30
0.0000
  0
VERTEX
  8
16
 10
114.6816
 20
42.5201
 30
0.0000
  0
SEQEND
  8
0
  0
POLYLINE
  8
16
 66
1
 10
0.0000
 20
0.0000
 30
0.0000
 40
0.0762
 41
0.0762
 70
0
  0
VERTEX
  8
16
 10
114.6816
 20
42.5582
 30
0.0000
 42
1.0000
  0
VERTEX
  8
16
 10
114.6816
 20
42.4820
 30
0.0000
  0
SEQEND
  8
0
  0
POLYLINE
  8
16
 66
1
 10
0.0000
 20
0.0000
 30
0.0000
 40
0.0762
 41
0.0762
 70
0
  0
VERTEX
  8
16
 10
115.4951
 20
42.4820
 30
0.0000
 42
1.0000
  0
VERTEX
  8
16
 10
115.4951
 20
42.5582
 30
0.0000
  0
SEQEND
  8
0
  0
POLYLINE
  8
16
 66
1
 10
0.0000
 20
0.0000
 30
0.0000
 40
0.1524
 41
0.1524
 70
0
  0
VERTEX
  8
16
 10
114.6816
 20
42.5201
 30
0.0000
  0
VERTEX
  8
16
 10
114.9528
 20
43.0624
 30
0.0000
  0
SEQEND
  8
0
  0
POLYLINE
  8
16
 66
1
 10
0.0000
 20
0.0000
 30
0.0000
 40
0.0762
 41
0.0762
 70
0
  0
VERTEX
  8
16
 10
114.9869
 20
43.0454
 30
0.0000
 42
1.0000
  0
VERTEX
  8
16
 10
114.9187
 20
43.0794
 30
0.0000
  0
SEQEND
  8
0
  0
POLYLINE
  8
16
 66
1
 10
0.0000
 20
0.0000
 30
0.0000
 40
0.0762
 41
0.0762
 70
0
  0
VERTEX
  8
16
 10
114.6475
 20
42.5371
 30
0.0000
 42
1.0000
  0
VERTEX
  8
16
 10
114.7157
 20
42.5031
 30
0.0000
  0
SEQEND
  8
0
  0
POLYLINE
  8
16
 66
1
 10
0.0000
 20
0.0000
 30
0.0000
 40
0.1524
 41
0.1524
 70
0
  0
VERTEX
  8
16
 10
114.9528
 20
43.0624
 30
0.0000
  0
VERTEX
  8
16
 10
114.9528
 20
43.3335
 30
0.0000
  0
SEQEND
  8
0
  0
POLYLINE
  8
16
 66
1
 10
0.0000
 20
0.0000
 30
0.0000
 40
0.0762
 41
0.0762
 70
0
  0
VERTEX
  8
16
 10
114.9909
 20
43.3335
 30
0.0000
 42
1.0000
  0
VERTEX
  8
16
 10
114.9147
 20
43.3335
 30
0.0000
  0
SEQEND
  8
0
  0
POLYLINE
  8
16
 66
1
 10
0.0000
 20
0.0000
 30
0.0000
 40
0.0762
 41
0.0762
 70
0
  0
VERTEX
  8
16
 10
114.9147
 20
43.0624
 30
0.0000
 42
1.0000
  0
VERTEX
  8
16
 10
114.9909
 20
43.0624
 30
0.0000
  0
SEQEND
  8
0
  0
POLYLINE
  8
16
 66
1
 10
0.0000
 20
0.0000
 30
0.0000
 40
0.1524
 41
0.1524
 70
0
  0
VERTEX
  8
16
 10
114.9528
 20
43.3335
 30
0.0000
  0
VERTEX
  8
16
 10
114.6816
 20
43.6047
 30
0.0000
  0
SEQEND
  8
0
  0
POLYLINE
  8
16
 66
1
 10
0.0000
 20
0.0000
 30
0.0000
 40
0.0762
 41
0.0762
 70
0
  0
VERTEX
  8
16
 10
114.7085
 20
43.6316
 30
0.0000
 42
1.0000
  0
VERTEX
  8
16
 10
114.6547
 20
43.5778
 30
0.0000
  0
SEQEND
  8
0
  0
POLYLINE
  8
16
 66
1
 10
0.0000
 20
0.0000
 30
0.0000
 40
0.0762
 41
0.0762
 70
0
  0
VERTEX
  8
16
 10
114.9259
 20
43.3066
 30
0.0000
 42
1.0000
  0
VERTEX
  8
16
 10
114.9797
 20
43.3604
 30
0.0000
  0
SEQEND
  8
0
  0
POLYLINE
  8
16
 66
1
 10
0.0000
 20
0.0000
 30
0.0000
 40
0.1524
 41
0.1524
 70
0
  0
VERTEX
  8
16
 10
114.6816
 20
43.6047
 30
0.0000
  0
VERTEX
  8
16
 10
114.1393
 20
43.6047
 30
0.0000
  0
SEQEND
  8
0
  0
POLYLINE
  8
16
 66
1
 10
0.0000
 20
0.0000
 30
0.0000
 40
0.0762
 41
0.0762
 70
0
  0
VERTEX
  8
16
 10
114.1393
 20
43.6428
 30
0.0000
 42
1.0000
  0
VERTEX
  8
16
 10
114.1393
 20
43.5666
 30
0.0000
  0
SEQEND
  8
0
  0
POLYLINE
  8
16
 66
1
 10
0.0000
 20
0.0000
 30
0.0000
 40
0.0762
 41
0.0762
 70
0
  0
VERTEX
  8
16
 10
114.6816
 20
43.5666
 30
0.0000
 42
1.0000
  0
VERTEX
  8
16
 10
114.6816
 20
43.6428
 30
0.0000
  0
SEQEND
  8
0
  0
POLYLINE
  8
16
 66
1
 10
0.0000
 20
0.0000
 30
0.0000
 40
0.1524
 41
0.1524
 70
0
  0
VERTEX
  8
16
 10
114.1393
 20
43.6047
 30
0.0000
  0
VERTEX
  8
16
 10
113.8682
 20
43.3335
 30
0.0000
  0
SEQEND
  8
0
  0
POLYLINE
  8
16
 66
1
 10
0.0000
 20
0.0000
 30
0.0000
 40
0.0762
 41
0.0762
 70
0
  0
VERTEX
  8
16
 10
113.8413
 20
43.3604
 30
0.0000
 42
1.0000
  0
VERTEX
  8
16
 10
113.8951
 20
43.3066
 30
0.0000
  0
SEQEND
  8
0
  0
POLYLINE
  8
16
 66
1
 10
0.0000
 20
0.0000
 30
0.0000
 40
0.0762
 41
0.0762
 70
0
  0
VERTEX
  8
16
 10
114.1662
 20
43.5778
 30
0.0000
 42
1.0000
  0
VERTEX
  8
16
 10
114.1124
 20
43.6316
 30
0.0000
  0
SEQEND
  8
0
  0
POLYLINE
  8
16
 66
1
 10
0.0000
 20
0.0000
 30
0.0000
 40
0.1524
 41
0.1524
 70
0
  0
VERTEX
  8
16
 10
113.8682
 20
43.3335
 30
0.0000
  0
VERTEX
  8
16
 10
113.8682
 20
42.7912
 30
0.0000
  0
SEQEND
  8
0
  0
POLYLINE
  8
16
 66
1
 10
0.0000
 20
0.0000
 30
0.0000
 40
0.0762
 41
0.0762
 70
0
  0
VERTEX
  8
16
 10
113.8301
 20
42.7912
 30
0.0000
 42
1.0000
  0
VERTEX
  8
16
 10
113.9063
 20
42.7912
 30
0.0000
  0
SEQEND
  8
0
  0
POLYLINE
  8
16
 66
1
 10
0.0000
 20
0.0000
 30
0.0000
 40
0.0762
 41
0.0762
 70
0
  0
VERTEX
  8
16
 10
113.9063
 20
43.3335
 30
0.0000
 42
1.0000
  0
VERTEX
  8
16
 10
113.8301
 20
43.3335
 30
0.0000
  0
SEQEND
  8
0
  0
POLYLINE
  8
16
 66
1
 10
0.0000
 20
0.0000
 30
0.0000
 40
0.1524
 41
0.1524
 70
0
  0
VERTEX
  8
16
 10
113.8682
 20
42.7912
 30
0.0000
  0
VERTEX
  8
16
 10
114.1393
 20
42.5201
 30
0.0000
  0
SEQEND
  8
0
  0
POLYLINE
  8
16
 66
1
 10
0.0000
 20
0.0000
 30
0.0000
 40
0.0762
 41
0.0762
 70
0
  0
VERTEX
  8
16
 10
114.1124
 20
42.4932
 30
0.0000
 42
1.0000
  0
VERTEX
  8
16
 10
114.1662
 20
42.5470
 30
0.0000
  0
SEQEND
  8
0
  0
POLYLINE
  8
16
 66
1
 10
0.0000
 20
0.0000
 30
0.0000
 40
0.0762
 41
0.0762
 70
0
  0
VERTEX
  8
16
 10
113.8951
 20
42.8181
 30
0.0000
 42
1.0000
  0
VERTEX
  8
16
 10
113.8413
 20
42.7643
 30
0.0000
  0
SEQEND
  8
0
  0
POLYLINE
  8
16
 66
1
 10
0.0000
 20
0.0000
 30
0.0000
 40
0.1524
 41
0.1524
 70
0
  0
VERTEX
  8
16
 10
115.4951
 20
45.2418
 30
0.0000
  0
VERTEX
  8
16
 10
115.4951
 20
44.1572
 30
0.0000
  0
SEQEND
  8
0
  0
POLYLINE
  8
16
 66
1
 10
0.0000
 20
0.0000
 30
0.0000
 40
0.0762
 41
0.0762
 70
0
  0
VERTEX
  8
16
 10
115.4570
 20
44.1572
 30
0.0000
 42
1.0000
  0
VERTEX
  8
16
 10
115.5332
 20
44.1572
 30
0.0000
  0
SEQEND
  8
0
  0
POLYLINE
  8
16
 66
1
 10
0.0000
 20
0.0000
 30
0.0000
 40
0.0762
 41
0.0762
 70
0
  0
VERTEX
  8
16
 10
115.5332
 20
45.2418
 30
0.0000
 42
1.0000
  0
VERTEX
  8
16
 10
115.4570
 20
45.2418
 30
0.0000
  0
SEQEND
  8
0
  0
POLYLINE
  8
16
 66
1
 10
0.0000
 20
0.0000
 30
0.0000
 40
0.1524
 41
0.1524
 70
0
  0
VERTEX
  8
16
 10
115.4951
 20
44.1572
 30
0.0000
  0
VERTEX
  8
16
 10
114.6816
 20
44.1572
 30
0.0000
  0
SEQEND
  8
0
  0
POLYLINE
  8
16
 66
1
 10
0.0000
 20
0.0000
 30
0.0000
 40
0.0762
 41
0.0762
 70
0
  0
VERTEX
  8
16
 10
114.6816
 20
44.1953
 30
0.0000
 42
1.0000
  0
VERTEX
  8
16
 10
114.6816
 20
44.1191
 30
0.0000
  0
SEQEND
  8
0
  0
POLYLINE
  8
16
 66
1
 10
0.0000
 20
0.0000
 30
0.0000
 40
0.0762
 41
0.0762
 70
0
  0
VERTEX
  8
16
 10
115.4951
 20
44.1191
 30
0.0000
 42
1.0000
  0
VERTEX
  8
16
 10
115.4951
 20
44.1953
 30
0.0000
  0
SEQEND
  8
0
  0
POLYLINE
  8
16
 66
1
 10
0.0000
 20
0.0000
 30
0.0000
 40
0.1524
 41
0.1524
 70
0
  0
VERTEX
  8
16
 10
114.6816
 20
44.1572
 30
0.0000
  0
VERTEX
  8
16
 10
114.9528
 20
44.6995
 30
0.0000
  0
SEQEND
  8
0
  0
POLYLINE
  8
16
 66
1
 10
0.0000
 20
0.0000
 30
0.0000
 40
0.0762
 41
0.0762
 70
0
  0
VERTEX
  8
16
 10
114.9869
 20
44.6825
 30
0.0000
 42
1.0000
  0
VERTEX
  8
16
 10
114.9187
 20
44.7165
 30
0.0000
  0
SEQEND
  8
0
  0
POLYLINE
  8
16
 66
1
 10
0.0000
 20
0.0000
 30
0.0000
 40
0.0762
 41
0.0762
 70
0
  0
VERTEX
  8
16
 10
114.6475
 20
44.1742
 30
0.0000
 42
1.0000
  0
VERTEX
  8
16
 10
114.7157
 20
44.1402
 30
0.0000
  0
SEQEND
  8
0
  0
POLYLINE
  8
16
 66
1
 10
0.0000
 20
0.0000
 30
0.0000
 40
0.1524
 41
0.1524
 70
0
  0
VERTEX
  8
16
 10
114.9528
 20
44.6995
 30
0.0000
  0
VERTEX
  8
16
 10
114.9528
 20
44.9706
 30
0.0000
  0
SEQEND
  8
0
  0
POLYLINE
  8
16
 66
1
 10
0.0000
 20
0.0000
 30
0.0000
 40
0.0762
 41
0.0762
 70
0
  0
VERTEX
  8
16
 10
114.9909
 20
44.9706
 30
0.0000
 42
1.0000
  0
VERTEX
  8
16
 10
114.9147
 20
44.9706
 30
0.0000
  0
SEQEND
  8
0
  0
POLYLINE
  8
16
 66
1
 10
0.0000
 20
0.0000
 30
0.0000
 40
0.0762
 41
0.0762
 70
0
  0
VERTEX
  8
16
 10
114.9147
 20
44.6995
 30
0.0000
 42
1.0000
  0
VERTEX
  8
16
 10
114.9909
 20
44.6995
 30
0.0000
  0
SEQEND
  8
0
  0
POLYLINE
  8
16
 66
1
 10
0.0000
 20
0.0000
 30
0.0000
 40
0.1524
 41
0.1524
 70
0
  0
VERTEX
  8
16
 10
114.9528
 20
44.9706
 30
0.0000
  0
VERTEX
  8
16
 10
114.6816
 20
45.2418
 30
0.0000
  0
SEQEND
  8
0
  0
POLYLINE
  8
16
 66
1
 10
0.0000
 20
0.0000
 30
0.0000
 40
0.0762
 41
0.0762
 70
0
  0
VERTEX
  8
16
 10
114.7085
 20
45.2687
 30
0.0000
 42
1.0000
  0
VERTEX
  8
16
 10
114.6547
 20
45.2149
 30
0.0000
  0
SEQEND
  8
0
  0
POLYLINE
  8
16
 66
1
 10
0.0000
 20
0.0000
 30
0.0000
 40
0.0762
 41
0.0762
 70
0
  0
VERTEX
  8
16
 10
114.9259
 20
44.9437
 30
0.0000
 42
1.0000
  0
VERTEX
  8
16
 10
114.9797
 20
44.9975
 30
0.0000
  0
SEQEND
  8
0
  0
POLYLINE
  8
16
 66
1
 10
0.0000
 20
0.0000
 30
0.0000
 40
0.1524
 41
0.1524
 70
0
  0
VERTEX
  8
16
 10
114.6816
 20
45.2418
 30
0.0000
  0
VERTEX
  8
16
 10
114.1393
 20
45.2418
 30
0.0000
  0
SEQEND
  8
0
  0
POLYLINE
  8
16
 66
1
 10
0.0000
 20
0.0000
 30
0.0000
 40
0.0762
 41
0.0762
 70
0
  0
VERTEX
  8
16
 10
114.1393
 20
45.2799
 30
0.0000
 42
1.0000
  0
VERTEX
  8
16
 10
114.1393
 20
45.2037
 30
0.0000
  0
SEQEND
  8
0
  0
POLYLINE
  8
16
 66
1
 10
0.0000
 20
0.0000
 30
0.0000
 40
0.0762
 41
0.0762
 70
0
  0
VERTEX
  8
16
 10
114.6816
 20
45.2037
 30
0.0000
 42
1.0000
  0
VERTEX
  8
16
 10
114.6816
 20
45.2799
 30
0.0000
  0
SEQEND
  8
0
  0
POLYLINE
  8
16
 66
1
 10
0.0000
 20
0.0000
 30
0.0000
 40
0.1524
 41
0.1524
 70
0
  0
VERTEX
  8
16
 10
114.1393
 20
45.2418
 30
0.0000
  0
VERTEX
  8
16
 10
113.8682
 20
44.9706
 30
0.0000
  0
SEQEND
  8
0
  0
POLYLINE
  8
16
 66
1
 10
0.0000
 20
0.0000
 30
0.0000
 40
0.0762
 41
0.0762
 70
0
  0
VERTEX
  8
16
 10
113.8413
 20
44.9975
 30
0.0000
 42
1.0000
  0
VERTEX
  8
16
 10
113.8951
 20
44.9437
 30
0.0000
  0
SEQEND
  8
0
  0
POLYLINE
  8
16
 66
1
 10
0.0000
 20
0.0000
 30
0.0000
 40
0.0762
 41
0.0762
 70
0
  0
VERTEX
  8
16
 10
114.1662
 20
45.2149
 30
0.0000
 42
1.0000
  0
VERTEX
  8
16
 10
114.1124
 20
45.2687
 30
0.0000
  0
SEQEND
  8
0
  0
POLYLINE
  8
16
 66
1
 10
0.0000
 20
0.0000
 30
0.0000
 40
0.1524
 41
0.1524
 70
0
  0
VERTEX
  8
16
 10
113.8682
 20
44.9706
 30
0.0000
  0
VERTEX
  8
16
 10
113.8682
 20
44.4283
 30
0.0000
  0
SEQEND
  8
0
  0
POLYLINE
  8
16
 66
1
 10
0.0000
 20
0.0000
 30
0.0000
 40
0.0762
 41
0.0762
 70
0
  0
VERTEX
  8
16
 10
113.8301
 20
44.4283
 30
0.0000
 42
1.0000
  0
VERTEX
  8
16
 10
113.9063
 20
44.4283
 30
0.0000
  0
SEQEND
  8
0
  0
POLYLINE
  8
16
 66
1
 10
0.0000
 20
0.0000
 30
0.0000
 40
0.0762
 41
0.0762
 70
0
  0
VERTEX
  8
16
 10
113.9063
 20
44.9706
 30
0.0000
 42
1.0000
  0
VERTEX
  8
16
 10
113.8301
 20
44.9706
 30
0.0000
  0
SEQEND
  8
0
  0
POLYLINE
  8
16
 66
1
 10
0.0000
 20
0.0000
 30
0.0000
 40
0.1524
 41
0.1524
 70
0
  0
VERTEX
  8
16
 10
113.8682
 20
44.4283
 30
0.0000
  0
VERTEX
  8
16
 10
114.1393
 20
44.1572
 30
0.0000
  0
SEQEND
  8
0
  0
POLYLINE
  8
16
 66
1
 10
0.0000
 20
0.0000
 30
0.0000
 40
0.0762
 41
0.0762
 70
0
  0
VERTEX
  8
16
 10
114.1124
 20
44.1303
 30
0.0000
 42
1.0000
  0
VERTEX
  8
16
 10
114.1662
 20
44.1841
 30
0.0000
  0
SEQEND
  8
0
  0
POLYLINE
  8
16
 66
1
 10
0.0000
 20
0.0000
 30
0.0000
 40
0.0762
 41
0.0762
 70
0
  0
VERTEX
  8
16
 10
113.8951
 20
44.4552
 30
0.0000
 42
1.0000
  0
VERTEX
  8
16
 10
113.8413
 20
44.4014
 30
0.0000
  0
SEQEND
  8
0
  0
POLYLINE
  8
16
 66
1
 10
0.0000
 20
0.0000
 30
0.0000
 40
0.1524
 41
0.1524
 70
0
  0
VERTEX
  8
16
 10
110.4151
 20
0.2989
 30
0.0000
  0
VERTEX
  8
16
 10
109.3305
 20
0.2989
 30
0.0000
  0
SEQEND
  8
0
  0
POLYLINE
  8
16
 66
1
 10
0.0000
 20
0.0000
 30
0.0000
 40
0.0762
 41
0.0762
 70
0
  0
VERTEX
  8
16
 10
109.3305
 20
0.3370
 30
0.0000
 42
1.0000
  0
VERTEX
  8
16
 10
109.3305
 20
0.2608
 30
0.0000
  0
SEQEND
  8
0
  0
POLYLINE
  8
16
 66
1
 10
0.0000
 20
0.0000
 30
0.0000
 40
0.0762
 41
0.0762
 70
0
  0
VERTEX
  8
16
 10
110.4151
 20
0.2608
 30
0.0000
 42
1.0000
  0
VERTEX
  8
16
 10
110.4151
 20
0.3370
 30
0.0000
  0
SEQEND
  8
0
  0
POLYLINE
  8
16
 66
1
 10
0.0000
 20
0.0000
 30
0.0000
 40
0.1524
 41
0.1524
 70
0
  0
VERTEX
  8
16
 10
109.3305
 20
0.2989
 30
0.0000
  0
VERTEX
  8
16
 10
108.7882
 20
0.8412
 30
0.0000
  0
SEQEND
  8
0
  0
POLYLINE
  8
16
 66
1
 10
0.0000
 20
0.0000
 30
0.0000
 40
0.0762
 41
0.0762
 70
0
  0
VERTEX
  8
16
 10
108.8151
 20
0.8681
 30
0.0000
 42
1.0000
  0
VERTEX
  8
16
 10
108.7613
 20
0.8143
 30
0.0000
  0
SEQEND
  8
0
  0
POLYLINE
  8
16
 66
1
 10
0.0000
 20
0.0000
 30
0.0000
 40
0.0762
 41
0.0762
 70
0
  0
VERTEX
  8
16
 10
109.3036
 20
0.2720
 30
0.0000
 42
1.0000
  0
VERTEX
  8
16
 10
109.3574
 20
0.3258
 30
0.0000
  0
SEQEND
  8
0
  0
POLYLINE
  8
16
 66
1
 10
0.0000
 20
0.0000
 30
0.0000
 40
0.1524
 41
0.1524
 70
0
  0
VERTEX
  8
16
 10
108.7882
 20
0.8412
 30
0.0000
  0
VERTEX
  8
16
 10
109.3305
 20
1.3835
 30
0.0000
  0
SEQEND
  8
0
  0
POLYLINE
  8
16
 66
1
 10
0.0000
 20
0.0000
 30
0.0000
 40
0.0762
 41
0.0762
 70
0
  0
VERTEX
  8
16
 10
109.3574
 20
1.3566
 30
0.0000
 42
1.0000
  0
VERTEX
  8
16
 10
109.3036
 20
1.4104
 30
0.0000
  0
SEQEND
  8
0
  0
POLYLINE
  8
16
 66
1
 10
0.0000
 20
0.0000
 30
0.0000
 40
0.0762
 41
0.0762
 70
0
  0
VERTEX
  8
16
 10
108.7613
 20
0.8681
 30
0.0000
 42
1.0000
  0
VERTEX
  8
16
 10
108.8151
 20
0.8143
 30
0.0000
  0
SEQEND
  8
0
  0
POLYLINE
  8
16
 66
1
 10
0.0000
 20
0.0000
 30
0.0000
 40
0.1524
 41
0.1524
 70
0
  0
VERTEX
  8
16
 10
109.3305
 20
1.3835
 30
0.0000
  0
VERTEX
  8
16
 10
110.4151
 20
1.3835
 30
0.0000
  0
SEQEND
  8
0
  0
POLYLINE
  8
16
 66
1
 10
0.0000
 20
0.0000
 30
0.0000
 40
0.0762
 41
0.0762
 70
0
  0
VERTEX
  8
16
 10
110.4151
 20
1.3454
 30
0.0000
 42
1.0000
  0
VERTEX
  8
16
 10
110.4151
 20
1.4216
 30
0.0000
  0
SEQEND
  8
0
  0
POLYLINE
  8
16
 66
1
 10
0.0000
 20
0.0000
 30
0.0000
 40
0.0762
 41
0.0762
 70
0
  0
VERTEX
  8
16
 10
109.3305
 20
1.4216
 30
0.0000
 42
1.0000
  0
VERTEX
  8
16
 10
109.3305
 20
1.3454
 30
0.0000
  0
SEQEND
  8
0
  0
POLYLINE
  8
16
 66
1
 10
0.0000
 20
0.0000
 30
0.0000
 40
0.1524
 41
0.1524
 70
0
  0
VERTEX
  8
16
 10
108.7882
 20
1.9360
 30
0.0000
  0
VERTEX
  8
16
 10
109.0593
 20
1.9360
 30
0.0000
  0
SEQEND
  8
0
  0
POLYLINE
  8
16
 66
1
 10
0.0000
 20
0.0000
 30
0.0000
 40
0.0762
 41
0.0762
 70
0
  0
VERTEX
  8
16
 10
109.0593
 20
1.8979
 30
0.0000
 42
1.0000
  0
VERTEX
  8
16
 10
109.0593
 20
1.9741
 30
0.0000
  0
SEQEND
  8
0
  0
POLYLINE
  8
16
 66
1
 10
0.0000
 20
0.0000
 30
0.0000
 40
0.0762
 41
0.0762
 70
0
  0
VERTEX
  8
16
 10
108.7882
 20
1.9741
 30
0.0000
 42
1.0000
  0
VERTEX
  8
16
 10
108.7882
 20
1.8979
 30
0.0000
  0
SEQEND
  8
0
  0
POLYLINE
  8
16
 66
1
 10
0.0000
 20
0.0000
 30
0.0000
 40
0.1524
 41
0.1524
 70
0
  0
VERTEX
  8
16
 10
109.0593
 20
1.9360
 30
0.0000
  0
VERTEX
  8
16
 10
109.0593
 20
2.2071
 30
0.0000
  0
SEQEND
  8
0
  0
POLYLINE
  8
16
 66
1
 10
0.0000
 20
0.0000
 30
0.0000
 40
0.0762
 41
0.0762
 70
0
  0
VERTEX
  8
16
 10
109.0974
 20
2.2071
 30
0.0000
 42
1.0000
  0
VERTEX
  8
16
 10
109.0212
 20
2.2071
 30
0.0000
  0
SEQEND
  8
0
  0
POLYLINE
  8
16
 66
1
 10
0.0000
 20
0.0000
 30
0.0000
 40
0.0762
 41
0.0762
 70
0
  0
VERTEX
  8
16
 10
109.0212
 20
1.9360
 30
0.0000
 42
1.0000
  0
VERTEX
  8
16
 10
109.0974
 20
1.9360
 30
0.0000
  0
SEQEND
  8
0
  0
POLYLINE
  8
16
 66
1
 10
0.0000
 20
0.0000
 30
0.0000
 40
0.1524
 41
0.1524
 70
0
  0
VERTEX
  8
16
 10
109.0593
 20
2.2071
 30
0.0000
  0
VERTEX
  8
16
 10
108.7882
 20
2.2071
 30
0.0000
  0
SEQEND
  8
0
  0
POLYLINE
  8
16
 66
1
 10
0.0000
 20
0.0000
 30
0.0000
 40
0.0762
 41
0.0762
 70
0
  0
VERTEX
  8
16
 10
108.7882
 20
2.2452
 30
0.0000
 42
1.0000
  0
VERTEX
  8
16
 10
108.7882
 20
2.1690
 30
0.0000
  0
SEQEND
  8
0
  0
POLYLINE
  8
16
 66
1
 10
0.0000
 20
0.0000
 30
0.0000
 40
0.0762
 41
0.0762
 70
0
  0
VERTEX
  8
16
 10
109.0593
 20
2.1690
 30
0.0000
 42
1.0000
  0
VERTEX
  8
16
 10
109.0593
 20
2.2452
 30
0.0000
  0
SEQEND
  8
0
  0
POLYLINE
  8
16
 66
1
 10
0.0000
 20
0.0000
 30
0.0000
 40
0.1524
 41
0.1524
 70
0
  0
VERTEX
  8
16
 10
108.7882
 20
2.2071
 30
0.0000
  0
VERTEX
  8
16
 10
108.7882
 20
1.9360
 30
0.0000
  0
SEQEND
  8
0
  0
POLYLINE
  8
16
 66
1
 10
0.0000
 20
0.0000
 30
0.0000
 40
0.0762
 41
0.0762
 70
0
  0
VERTEX
  8
16
 10
108.7501
 20
1.9360
 30
0.0000
 42
1.0000
  0
VERTEX
  8
16
 10
108.8263
 20
1.9360
 30
0.0000
  0
SEQEND
  8
0
  0
POLYLINE
  8
16
 66
1
 10
0.0000
 20
0.0000
 30
0.0000
 40
0.0762
 41
0.0762
 70
0
  0
VERTEX
  8
16
 10
108.8263
 20
2.2071
 30
0.0000
 42
1.0000
  0
VERTEX
  8
16
 10
108.7501
 20
2.2071
 30
0.0000
  0
SEQEND
  8
0
  0
POLYLINE
  8
16
 66
1
 10
0.0000
 20
0.0000
 30
0.0000
 40
0.1524
 41
0.1524
 70
0
  0
VERTEX
  8
16
 10
110.1440
 20
6.0219
 30
0.0000
  0
VERTEX
  8
16
 10
110.4151
 20
5.7507
 30
0.0000
  0
SEQEND
  8
0
  0
POLYLINE
  8
16
 66
1
 10
0.0000
 20
0.0000
 30
0.0000
 40
0.0762
 41
0.0762
 70
0
  0
VERTEX
  8
16
 10
110.3882
 20
5.7238
 30
0.0000
 42
1.0000
  0
VERTEX
  8
16
 10
110.4420
 20
5.7776
 30
0.0000
  0
SEQEND
  8
0
  0
POLYLINE
  8
16
 66
1
 10
0.0000
 20
0.0000
 30
0.0000
 40
0.0762
 41
0.0762
 70
0
  0
VERTEX
  8
16
 10
110.1709
 20
6.0488
 30
0.0000
 42
1.0000
  0
VERTEX
  8
16
 10
110.1171
 20
5.9950
 30
0.0000
  0
SEQEND
  8
0
  0
POLYLINE
  8
16
 66
1
 10
0.0000
 20
0.0000
 30
0.0000
 40
0.1524
 41
0.1524
 70
0
  0
VERTEX
  8
16
 10
110.4151
 20
5.7507
 30
0.0000
  0
VERTEX
  8
16
 10
110.4151
 20
5.2084
 30
0.0000
  0
SEQEND
  8
0
  0
POLYLINE
  8
16
 66
1
 10
0.0000
 20
0.0000
 30
0.0000
 40
0.0762
 41
0.0762
 70
0
  0
VERTEX
  8
16
 10
110.3770
 20
5.2084
 30
0.0000
 42
1.0000
  0
VERTEX
  8
16
 10
110.4532
 20
5.2084
 30
0.0000
  0
SEQEND
  8
0
  0
POLYLINE
  8
16
 66
1
 10
0.0000
 20
0.0000
 30
0.0000
 40
0.0762
 41
0.0762
 70
0
  0
VERTEX
  8
16
 10
110.4532
 20
5.7507
 30
0.0000
 42
1.0000
  0
VERTEX
  8
16
 10
110.3770
 20
5.7507
 30
0.0000
  0
SEQEND
  8
0
  0
POLYLINE
  8
16
 66
1
 10
0.0000
 20
0.0000
 30
0.0000
 40
0.1524
 41
0.1524
 70
0
  0
VERTEX
  8
16
 10
110.4151
 20
5.2084
 30
0.0000
  0
VERTEX
  8
16
 10
110.1440
 20
4.9373
 30
0.0000
  0
SEQEND
  8
0
  0
POLYLINE
  8
16
 66
1
 10
0.0000
 20
0.0000
 30
0.0000
 40
0.0762
 41
0.0762
 70
0
  0
VERTEX
  8
16
 10
110.1171
 20
4.9642
 30
0.0000
 42
1.0000
  0
VERTEX
  8
16
 10
110.1709
 20
4.9104
 30
0.0000
  0
SEQEND
  8
0
  0
POLYLINE
  8
16
 66
1
 10
0.0000
 20
0.0000
 30
0.0000
 40
0.0762
 41
0.0762
 70
0
  0
VERTEX
  8
16
 10
110.4420
 20
5.1815
 30
0.0000
 42
1.0000
  0
VERTEX
  8
16
 10
110.3882
 20
5.2353
 30
0.0000
  0
SEQEND
  8
0
  0
POLYLINE
  8
16
 66
1
 10
0.0000
 20
0.0000
 30
0.0000
 40
0.1524
 41
0.1524
 70
0
  0
VERTEX
  8
16
 10
110.1440
 20
4.9373
 30
0.0000
  0
VERTEX
  8
16
 10
109.8728
 20
4.9373
 30
0.0000
  0
SEQEND
  8
0
  0
POLYLINE
  8
16
 66
1
 10
0.0000
 20
0.0000
 30
0.0000
 40
0.0762
 41
0.0762
 70
0
  0
VERTEX
  8
16
 10
109.8728
 20
4.9754
 30
0.0000
 42
1.0000
  0
VERTEX
  8
16
 10
109.8728
 20
4.8992
 30
0.0000
  0
SEQEND
  8
0
  0
POLYLINE
  8
16
 66
1
 10
0.0000
 20
0.0000
 30
0.0000
 40
0.0762
 41
0.0762
 70
0
  0
VERTEX
  8
16
 10
110.1440
 20
4.8992
 30
0.0000
 42
1.0000
  0
VERTEX
  8
16
 10
110.1440
 20
4.9754
 30
0.0000
  0
SEQEND
  8
0
  0
POLYLINE
  8
16
 66
1
 10
0.0000
 20
0.0000
 30
0.0000
 40
0.1524
 41
0.1524
 70
0
  0
VERTEX
  8
16
 10
109.8728
 20
4.9373
 30
0.0000
  0
VERTEX
  8
16
 10
109.6016
 20
5.2084
 30
0.0000
  0
SEQEND
  8
0
  0
POLYLINE
  8
16
 66
1
 10
0.0000
 20
0.0000
 30
0.0000
 40
0.0762
 41
0.0762
 70
0
  0
VERTEX
  8
16
 10
109.6285
 20
5.2353
 30
0.0000
 42
1.0000
  0
VERTEX
  8
16
 10
109.5747
 20
5.1815
 30
0.0000
  0
SEQEND
  8
0
  0
POLYLINE
  8
16
 66
1
 10
0.0000
 20
0.0000
 30
0.0000
 40
0.0762
 41
0.0762
 70
0
  0
VERTEX
  8
16
 10
109.8459
 20
4.9104
 30
0.0000
 42
1.0000
  0
VERTEX
  8
16
 10
109.8997
 20
4.9642
 30
0.0000
  0
SEQEND
  8
0
  0
POLYLINE
  8
16
 66
1
 10
0.0000
 20
0.0000
 30
0.0000
 40
0.1524
 41
0.1524
 70
0
  0
VERTEX
  8
16
 10
109.6016
 20
5.2084
 30
0.0000
  0
VERTEX
  8
16
 10
109.6016
 20
5.7507
 30
0.0000
  0
SEQEND
  8
0
  0
POLYLINE
  8
16
 66
1
 10
0.0000
 20
0.0000
 30
0.0000
 40
0.0762
 41
0.0762
 70
0
  0
VERTEX
  8
16
 10
109.6397
 20
5.7507
 30
0.0000
 42
1.0000
  0
VERTEX
  8
16
 10
109.5635
 20
5.7507
 30
0.0000
  0
SEQEND
  8
0
  0
POLYLINE
  8
16
 66
1
 10
0.0000
 20
0.0000
 30
0.0000
 40
0.0762
 41
0.0762
 70
0
  0
VERTEX
  8
16
 10
109.5635
 20
5.2084
 30
0.0000
 42
1.0000
  0
VERTEX
  8
16
 10
109.6397
 20
5.2084
 30
0.0000
  0
SEQEND
  8
0
  0
POLYLINE
  8
16
 66
1
 10
0.0000
 20
0.0000
 30
0.0000
 40
0.1524
 41
0.1524
 70
0
  0
VERTEX
  8
16
 10
109.6016
 20
5.7507
 30
0.0000
  0
VERTEX
  8
16
 10
109.3305
 20
6.0219
 30
0.0000
  0
SEQEND
  8
0
  0
POLYLINE
  8
16
 66
1
 10
0.0000
 20
0.0000
 30
0.0000
 40
0.0762
 41
0.0762
 70
0
  0
VERTEX
  8
16
 10
109.3574
 20
6.0488
 30
0.0000
 42
1.0000
  0
VERTEX
  8
16
 10
109.3036
 20
5.9950
 30
0.0000
  0
SEQEND
  8
0
  0
POLYLINE
  8
16
 66
1
 10
0.0000
 20
0.0000
 30
0.0000
 40
0.0762
 41
0.0762
 70
0
  0
VERTEX
  8
16
 10
109.5747
 20
5.7238
 30
0.0000
 42
1.0000
  0
VERTEX
  8
16
 10
109.6285
 20
5.7776
 30
0.0000
  0
SEQEND
  8
0
  0
POLYLINE
  8
16
 66
1
 10
0.0000
 20
0.0000
 30
0.0000
 40
0.1524
 41
0.1524
 70
0
  0
VERTEX
  8
16
 10
109.3305
 20
6.0219
 30
0.0000
  0
VERTEX
  8
16
 10
109.0593
 20
6.0219
 30
0.0000
  0
SEQEND
  8
0
  0
POLYLINE
  8
16
 66
1
 10
0.0000
 20
0.0000
 30
0.0000
 40
0.0762
 41
0.0762
 70
0
  0
VERTEX
  8
16
 10
109.0593
 20
6.0600
 30
0.0000
 42
1.0000
  0
VERTEX
  8
16
 10
109.0593
 20
5.9838
 30
0.0000
  0
SEQEND
  8
0
  0
POLYLINE
  8
16
 66
1
 10
0.0000
 20
0.0000
 30
0.0000
 40
0.0762
 41
0.0762
 70
0
  0
VERTEX
  8
16
 10
109.3305
 20
5.9838
 30
0.0000
 42
1.0000
  0
VERTEX
  8
16
 10
109.3305
 20
6.0600
 30
0.0000
  0
SEQEND
  8
0
  0
POLYLINE
  8
16
 66
1
 10
0.0000
 20
0.0000
 30
0.0000
 40
0.1524
 41
0.1524
 70
0
  0
VERTEX
  8
16
 10
109.0593
 20
6.0219
 30
0.0000
  0
VERTEX
  8
16
 10
108.7882
 20
5.7507
 30
0.0000
  0
SEQEND
  8
0
  0
POLYLINE
  8
16
 66
1
 10
0.0000
 20
0.0000
 30
0.0000
 40
0.0762
 41
0.0762
 70
0
  0
VERTEX
  8
16
 10
108.7613
 20
5.7776
 30
0.0000
 42
1.0000
  0
VERTEX
  8
16
 10
108.8151
 20
5.7238
 30
0.0000
  0
SEQEND
  8
0
  0
POLYLINE
  8
16
 66
1
 10
0.0000
 20
0.0000
 30
0.0000
 40
0.0762
 41
0.0762
 70
0
  0
VERTEX
  8
16
 10
109.0862
 20
5.9950
 30
0.0000
 42
1.0000
  0
VERTEX
  8
16
 10
109.0324
 20
6.0488
 30
0.0000
  0
SEQEND
  8
0
  0
POLYLINE
  8
16
 66
1
 10
0.0000
 20
0.0000
 30
0.0000
 40
0.1524
 41
0.1524
 70
0
  0
VERTEX
  8
16
 10
108.7882
 20
5.7507
 30
0.0000
  0
VERTEX
  8
16
 10
108.7882
 20
5.2084
 30
0.0000
  0
SEQEND
  8
0
  0
POLYLINE
  8
16
 66
1
 10
0.0000
 20
0.0000
 30
0.0000
 40
0.0762
 41
0.0762
 70
0
  0
VERTEX
  8
16
 10
108.7501
 20
5.2084
 30
0.0000
 42
1.0000
  0
VERTEX
  8
16
 10
108.8263
 20
5.2084
 30
0.0000
  0
SEQEND
  8
0
  0
POLYLINE
  8
16
 66
1
 10
0.0000
 20
0.0000
 30
0.0000
 40
0.0762
 41
0.0762
 70
0
  0
VERTEX
  8
16
 10
108.8263
 20
5.7507
 30
0.0000
 42
1.0000
  0
VERTEX
  8
16
 10
108.7501
 20
5.7507
 30
0.0000
  0
SEQEND
  8
0
  0
POLYLINE
  8
16
 66
1
 10
0.0000
 20
0.0000
 30
0.0000
 40
0.1524
 41
0.1524
 70
0
  0
VERTEX
  8
16
 10
108.7882
 20
5.2084
 30
0.0000
  0
VERTEX
  8
16
 10
109.0593
 20
4.9373
 30
0.0000
  0
SEQEND
  8
0
  0
POLYLINE
  8
16
 66
1
 10
0.0000
 20
0.0000
 30
0.0000
 40
0.0762
 41
0.0762
 70
0
  0
VERTEX
  8
16
 10
109.0324
 20
4.9104
 30
0.0000
 42
1.0000
  0
VERTEX
  8
16
 10
109.0862
 20
4.9642
 30
0.0000
  0
SEQEND
  8
0
  0
POLYLINE
  8
16
 66
1
 10
0.0000
 20
0.0000
 30
0.0000
 40
0.0762
 41
0.0762
 70
0
  0
VERTEX
  8
16
 10
108.8151
 20
5.2353
 30
0.0000
 42
1.0000
  0
VERTEX
  8
16
 10
108.7613
 20
5.1815
 30
0.0000
  0
SEQEND
  8
0
  0
POLYLINE
  8
16
 66
1
 10
0.0000
 20
0.0000
 30
0.0000
 40
0.1524
 41
0.1524
 70
0
  0
VERTEX
  8
16
 10
110.4151
 20
6.5744
 30
0.0000
  0
VERTEX
  8
16
 10
110.4151
 20
6.8455
 30
0.0000
  0
SEQEND
  8
0
  0
POLYLINE
  8
16
 66
1
 10
0.0000
 20
0.0000
 30
0.0000
 40
0.0762
 41
0.0762
 70
0
  0
VERTEX
  8
16
 10
110.4532
 20
6.8455
 30
0.0000
 42
1.0000
  0
VERTEX
  8
16
 10
110.3770
 20
6.8455
 30
0.0000
  0
SEQEND
  8
0
  0
POLYLINE
  8
16
 66
1
 10
0.0000
 20
0.0000
 30
0.0000
 40
0.0762
 41
0.0762
 70
0
  0
VERTEX
  8
16
 10
110.3770
 20
6.5744
 30
0.0000
 42
1.0000
  0
VERTEX
  8
16
 10
110.4532
 20
6.5744
 30
0.0000
  0
SEQEND
  8
0
  0
POLYLINE
  8
16
 66
1
 10
0.0000
 20
0.0000
 30
0.0000
 40
0.1524
 41
0.1524
 70
0
  0
VERTEX
  8
16
 10
110.4151
 20
6.8455
 30
0.0000
  0
VERTEX
  8
16
 10
108.7882
 20
6.8455
 30
0.0000
  0
SEQEND
  8
0
  0
POLYLINE
  8
16
 66
1
 10
0.0000
 20
0.0000
 30
0.0000
 40
0.0762
 41
0.0762
 70
0
  0
VERTEX
  8
16
 10
108.7882
 20
6.8836
 30
0.0000
 42
1.0000
  0
VERTEX
  8
16
 10
108.7882
 20
6.8074
 30
0.0000
  0
SEQEND
  8
0
  0
POLYLINE
  8
16
 66
1
 10
0.0000
 20
0.0000
 30
0.0000
 40
0.0762
 41
0.0762
 70
0
  0
VERTEX
  8
16
 10
110.4151
 20
6.8074
 30
0.0000
 42
1.0000
  0
VERTEX
  8
16
 10
110.4151
 20
6.8836
 30
0.0000
  0
SEQEND
  8
0
  0
POLYLINE
  8
16
 66
1
 10
0.0000
 20
0.0000
 30
0.0000
 40
0.1524
 41
0.1524
 70
0
  0
VERTEX
  8
16
 10
108.7882
 20
6.5744
 30
0.0000
  0
VERTEX
  8
16
 10
108.7882
 20
7.1167
 30
0.0000
  0
SEQEND
  8
0
  0
POLYLINE
  8
16
 66
1
 10
0.0000
 20
0.0000
 30
0.0000
 40
0.0762
 41
0.0762
 70
0
  0
VERTEX
  8
16
 10
108.8263
 20
7.1167
 30
0.0000
 42
1.0000
  0
VERTEX
  8
16
 10
108.7501
 20
7.1167
 30
0.0000
  0
SEQEND
  8
0
  0
POLYLINE
  8
16
 66
1
 10
0.0000
 20
0.0000
 30
0.0000
 40
0.0762
 41
0.0762
 70
0
  0
VERTEX
  8
16
 10
108.7501
 20
6.5744
 30
0.0000
 42
1.0000
  0
VERTEX
  8
16
 10
108.8263
 20
6.5744
 30
0.0000
  0
SEQEND
  8
0
  0
POLYLINE
  8
16
 66
1
 10
0.0000
 20
0.0000
 30
0.0000
 40
0.1524
 41
0.1524
 70
0
  0
VERTEX
  8
16
 10
109.8728
 20
7.9386
 30
0.0000
  0
VERTEX
  8
16
 10
109.0593
 20
7.9386
 30
0.0000
  0
SEQEND
  8
0
  0
POLYLINE
  8
16
 66
1
 10
0.0000
 20
0.0000
 30
0.0000
 40
0.0762
 41
0.0762
 70
0
  0
VERTEX
  8
16
 10
109.0593
 20
7.9767
 30
0.0000
 42
1.0000
  0
VERTEX
  8
16
 10
109.0593
 20
7.9005
 30
0.0000
  0
SEQEND
  8
0
  0
POLYLINE
  8
16
 66
1
 10
0.0000
 20
0.0000
 30
0.0000
 40
0.0762
 41
0.0762
 70
0
  0
VERTEX
  8
16
 10
109.8728
 20
7.9005
 30
0.0000
 42
1.0000
  0
VERTEX
  8
16
 10
109.8728
 20
7.9767
 30
0.0000
  0
SEQEND
  8
0
  0
POLYLINE
  8
16
 66
1
 10
0.0000
 20
0.0000
 30
0.0000
 40
0.1524
 41
0.1524
 70
0
  0
VERTEX
  8
16
 10
109.0593
 20
7.9386
 30
0.0000
  0
VERTEX
  8
16
 10
108.7882
 20
8.2097
 30
0.0000
  0
SEQEND
  8
0
  0
POLYLINE
  8
16
 66
1
 10
0.0000
 20
0.0000
 30
0.0000
 40
0.0762
 41
0.0762
 70
0
  0
VERTEX
  8
16
 10
108.8151
 20
8.2366
 30
0.0000
 42
1.0000
  0
VERTEX
  8
16
 10
108.7613
 20
8.1828
 30
0.0000
  0
SEQEND
  8
0
  0
POLYLINE
  8
16
 66
1
 10
0.0000
 20
0.0000
 30
0.0000
 40
0.0762
 41
0.0762
 70
0
  0
VERTEX
  8
16
 10
109.0324
 20
7.9117
 30
0.0000
 42
1.0000
  0
VERTEX
  8
16
 10
109.0862
 20
7.9655
 30
0.0000
  0
SEQEND
  8
0
  0
POLYLINE
  8
16
 66
1
 10
0.0000
 20
0.0000
 30
0.0000
 40
0.1524
 41
0.1524
 70
0
  0
VERTEX
  8
16
 10
108.7882
 20
8.2097
 30
0.0000
  0
VERTEX
  8
16
 10
108.7882
 20
9.0232
 30
0.0000
  0
SEQEND
  8
0
  0
POLYLINE
  8
16
 66
1
 10
0.0000
 20
0.0000
 30
0.0000
 40
0.0762
 41
0.0762
 70
0
  0
VERTEX
  8
16
 10
108.8263
 20
9.0232
 30
0.0000
 42
1.0000
  0
VERTEX
  8
16
 10
108.7501
 20
9.0232
 30
0.0000
  0
SEQEND
  8
0
  0
POLYLINE
  8
16
 66
1
 10
0.0000
 20
0.0000
 30
0.0000
 40
0.0762
 41
0.0762
 70
0
  0
VERTEX
  8
16
 10
108.7501
 20
8.2097
 30
0.0000
 42
1.0000
  0
VERTEX
  8
16
 10
108.8263
 20
8.2097
 30
0.0000
  0
SEQEND
  8
0
  0
POLYLINE
  8
16
 66
1
 10
0.0000
 20
0.0000
 30
0.0000
 40
0.1524
 41
0.1524
 70
0
  0
VERTEX
  8
16
 10
109.8728
 20
9.0232
 30
0.0000
  0
VERTEX
  8
16
 10
108.5171
 20
9.0232
 30
0.0000
  0
SEQEND
  8
0
  0
POLYLINE
  8
16
 66
1
 10
0.0000
 20
0.0000
 30
0.0000
 40
0.0762
 41
0.0762
 70
0
  0
VERTEX
  8
16
 10
108.5171
 20
9.0613
 30
0.0000
 42
1.0000
  0
VERTEX
  8
16
 10
108.5171
 20
8.9851
 30
0.0000
  0
SEQEND
  8
0
  0
POLYLINE
  8
16
 66
1
 10
0.0000
 20
0.0000
 30
0.0000
 40
0.0762
 41
0.0762
 70
0
  0
VERTEX
  8
16
 10
109.8728
 20
8.9851
 30
0.0000
 42
1.0000
  0
VERTEX
  8
16
 10
109.8728
 20
9.0613
 30
0.0000
  0
SEQEND
  8
0
  0
POLYLINE
  8
16
 66
1
 10
0.0000
 20
0.0000
 30
0.0000
 40
0.1524
 41
0.1524
 70
0
  0
VERTEX
  8
16
 10
108.5171
 20
9.0232
 30
0.0000
  0
VERTEX
  8
16
 10
108.2459
 20
8.7520
 30
0.0000
  0
SEQEND
  8
0
  0
POLYLINE
  8
16
 66
1
 10
0.0000
 20
0.0000
 30
0.0000
 40
0.0762
 41
0.0762
 70
0
  0
VERTEX
  8
16
 10
108.2190
 20
8.7789
 30
0.0000
 42
1.0000
  0
VERTEX
  8
16
 10
108.2728
 20
8.7251
 30
0.0000
  0
SEQEND
  8
0
  0
POLYLINE
  8
16
 66
1
 10
0.0000
 20
0.0000
 30
0.0000
 40
0.0762
 41
0.0762
 70
0
  0
VERTEX
  8
16
 10
108.5440
 20
8.9963
 30
0.0000
 42
1.0000
  0
VERTEX
  8
16
 10
108.4902
 20
9.0501
 30
0.0000
  0
SEQEND
  8
0
  0
POLYLINE
  8
16
 66
1
 10
0.0000
 20
0.0000
 30
0.0000
 40
0.1524
 41
0.1524
 70
0
  0
VERTEX
  8
16
 10
108.2459
 20
8.7520
 30
0.0000
  0
VERTEX
  8
16
 10
108.2459
 20
8.4809
 30
0.0000
  0
SEQEND
  8
0
  0
POLYLINE
  8
16
 66
1
 10
0.0000
 20
0.0000
 30
0.0000
 40
0.0762
 41
0.0762
 70
0
  0
VERTEX
  8
16
 10
108.2078
 20
8.4809
 30
0.0000
 42
1.0000
  0
VERTEX
  8
16
 10
108.2840
 20
8.4809
 30
0.0000
  0
SEQEND
  8
0
  0
POLYLINE
  8
16
 66
1
 10
0.0000
 20
0.0000
 30
0.0000
 40
0.0762
 41
0.0762
 70
0
  0
VERTEX
  8
16
 10
108.2840
 20
8.7520
 30
0.0000
 42
1.0000
  0
VERTEX
  8
16
 10
108.2078
 20
8.7520
 30
0.0000
  0
SEQEND
  8
0
  0
POLYLINE
  8
16
 66
1
 10
0.0000
 20
0.0000
 30
0.0000
 40
0.1524
 41
0.1524
 70
0
  0
VERTEX
  8
16
 10
108.7882
 20
9.5757
 30
0.0000
  0
VERTEX
  8
16
 10
109.8728
 20
9.5757
 30
0.0000
  0
SEQEND
  8
0
  0
POLYLINE
  8
16
 66
1
 10
0.0000
 20
0.0000
 30
0.0000
 40
0.0762
 41
0.0762
 70
0
  0
VERTEX
  8
16
 10
109.8728
 20
9.5376
 30
0.0000
 42
1.0000
  0
VERTEX
  8
16
 10
109.8728
 20
9.6138
 30
0.0000
  0
SEQEND
  8
0
  0
POLYLINE
  8
16
 66
1
 10
0.0000
 20
0.0000
 30
0.0000
 40
0.0762
 41
0.0762
 70
0
  0
VERTEX
  8
16
 10
108.7882
 20
9.6138
 30
0.0000
 42
1.0000
  0
VERTEX
  8
16
 10
108.7882
 20
9.5376
 30
0.0000
  0
SEQEND
  8
0
  0
POLYLINE
  8
16
 66
1
 10
0.0000
 20
0.0000
 30
0.0000
 40
0.1524
 41
0.1524
 70
0
  0
VERTEX
  8
16
 10
109.8728
 20
9.5757
 30
0.0000
  0
VERTEX
  8
16
 10
109.8728
 20
10.3891
 30
0.0000
  0
SEQEND
  8
0
  0
POLYLINE
  8
16
 66
1
 10
0.0000
 20
0.0000
 30
0.0000
 40
0.0762
 41
0.0762
 70
0
  0
VERTEX
  8
16
 10
109.9109
 20
10.3891
 30
0.0000
 42
1.0000
  0
VERTEX
  8
16
 10
109.8347
 20
10.3891
 30
0.0000
  0
SEQEND
  8
0
  0
POLYLINE
  8
16
 66
1
 10
0.0000
 20
0.0000
 30
0.0000
 40
0.0762
 41
0.0762
 70
0
  0
VERTEX
  8
16
 10
109.8347
 20
9.5757
 30
0.0000
 42
1.0000
  0
VERTEX
  8
16
 10
109.9109
 20
9.5757
 30
0.0000
  0
SEQEND
  8
0
  0
POLYLINE
  8
16
 66
1
 10
0.0000
 20
0.0000
 30
0.0000
 40
0.1524
 41
0.1524
 70
0
  0
VERTEX
  8
16
 10
109.8728
 20
10.3891
 30
0.0000
  0
VERTEX
  8
16
 10
109.6016
 20
10.6603
 30
0.0000
  0
SEQEND
  8
0
  0
POLYLINE
  8
16
 66
1
 10
0.0000
 20
0.0000
 30
0.0000
 40
0.0762
 41
0.0762
 70
0
  0
VERTEX
  8
16
 10
109.6285
 20
10.6872
 30
0.0000
 42
1.0000
  0
VERTEX
  8
16
 10
109.5747
 20
10.6334
 30
0.0000
  0
SEQEND
  8
0
  0
POLYLINE
  8
16
 66
1
 10
0.0000
 20
0.0000
 30
0.0000
 40
0.0762
 41
0.0762
 70
0
  0
VERTEX
  8
16
 10
109.8459
 20
10.3622
 30
0.0000
 42
1.0000
  0
VERTEX
  8
16
 10
109.8997
 20
10.4160
 30
0.0000
  0
SEQEND
  8
0
  0
POLYLINE
  8
16
 66
1
 10
0.0000
 20
0.0000
 30
0.0000
 40
0.1524
 41
0.1524
 70
0
  0
VERTEX
  8
16
 10
109.6016
 20
10.6603
 30
0.0000
  0
VERTEX
  8
16
 10
108.7882
 20
10.6603
 30
0.0000
  0
SEQEND
  8
0
  0
POLYLINE
  8
16
 66
1
 10
0.0000
 20
0.0000
 30
0.0000
 40
0.0762
 41
0.0762
 70
0
  0
VERTEX
  8
16
 10
108.7882
 20
10.6984
 30
0.0000
 42
1.0000
  0
VERTEX
  8
16
 10
108.7882
 20
10.6222
 30
0.0000
  0
SEQEND
  8
0
  0
POLYLINE
  8
16
 66
1
 10
0.0000
 20
0.0000
 30
0.0000
 40
0.0762
 41
0.0762
 70
0
  0
VERTEX
  8
16
 10
109.6016
 20
10.6222
 30
0.0000
 42
1.0000
  0
VERTEX
  8
16
 10
109.6016
 20
10.6984
 30
0.0000
  0
SEQEND
  8
0
  0
POLYLINE
  8
16
 66
1
 10
0.0000
 20
0.0000
 30
0.0000
 40
0.1524
 41
0.1524
 70
0
  0
VERTEX
  8
16
 10
108.2459
 20
11.7551
 30
0.0000
  0
VERTEX
  8
16
 10
108.2459
 20
12.0262
 30
0.0000
  0
SEQEND
  8
0
  0
POLYLINE
  8
16
 66
1
 10
0.0000
 20
0.0000
 30
0.0000
 40
0.0762
 41
0.0762
 70
0
  0
VERTEX
  8
16
 10
108.2840
 20
12.0262
 30
0.0000
 42
1.0000
  0
VERTEX
  8
16
 10
108.2078
 20
12.0262
 30
0.0000
  0
SEQEND
  8
0
  0
POLYLINE
  8
16
 66
1
 10
0.0000
 20
0.0000
 30
0.0000
 40
0.0762
 41
0.0762
 70
0
  0
VERTEX
  8
16
 10
108.2078
 20
11.7551
 30
0.0000
 42
1.0000
  0
VERTEX
  8
16
 10
108.2840
 20
11.7551
 30
0.0000
  0
SEQEND
  8
0
  0
POLYLINE
  8
16
 66
1
 10
0.0000
 20
0.0000
 30
0.0000
 40
0.1524
 41
0.1524
 70
0
  0
VERTEX
  8
16
 10
108.2459
 20
12.0262
 30
0.0000
  0
VERTEX
  8
16
 10
108.5171
 20
12.2974
 30
0.0000
  0
SEQEND
  8
0
  0
POLYLINE
  8
16
 66
1
 10
0.0000
 20
0.0000
 30
0.0000
 40
0.0762
 41
0.0762
 70
0
  0
VERTEX
  8
16
 10
108.5440
 20
12.2705
 30
0.0000
 42
1.0000
  0
VERTEX
  8
16
 10
108.4902
 20
12.3243
 30
0.0000
  0
SEQEND
  8
0
  0
POLYLINE
  8
16
 66
1
 10
0.0000
 20
0.0000
 30
0.0000
 40
0.0762
 41
0.0762
 70
0
  0
VERTEX
  8
16
 10
108.2190
 20
12.0531
 30
0.0000
 42
1.0000
  0
VERTEX
  8
16
 10
108.2728
 20
11.9993
 30
0.0000
  0
SEQEND
  8
0
  0
POLYLINE
  8
16
 66
1
 10
0.0000
 20
0.0000
 30
0.0000
 40
0.1524
 41
0.1524
 70
0
  0
VERTEX
  8
16
 10
108.5171
 20
12.2974
 30
0.0000
  0
VERTEX
  8
16
 10
109.8728
 20
12.2974
 30
0.0000
  0
SEQEND
  8
0
  0
POLYLINE
  8
16
 66
1
 10
0.0000
 20
0.0000
 30
0.0000
 40
0.0762
 41
0.0762
 70
0
  0
VERTEX
  8
16
 10
109.8728
 20
12.2593
 30
0.0000
 42
1.0000
  0
VERTEX
  8
16
 10
109.8728
 20
12.3355
 30
0.0000
  0
SEQEND
  8
0
  0
POLYLINE
  8
16
 66
1
 10
0.0000
 20
0.0000
 30
0.0000
 40
0.0762
 41
0.0762
 70
0
  0
VERTEX
  8
16
 10
108.5171
 20
12.3355
 30
0.0000
 42
1.0000
  0
VERTEX
  8
16
 10
108.5171
 20
12.2593
 30
0.0000
  0
SEQEND
  8
0
  0
POLYLINE
  8
16
 66
1
 10
0.0000
 20
0.0000
 30
0.0000
 40
0.1524
 41
0.1524
 70
0
  0
VERTEX
  8
16
 10
109.8728
 20
12.2974
 30
0.0000
  0
VERTEX
  8
16
 10
109.8728
 20
11.4839
 30
0.0000
  0
SEQEND
  8
0
  0
POLYLINE
  8
16
 66
1
 10
0.0000
 20
0.0000
 30
0.0000
 40
0.0762
 41
0.0762
 70
0
  0
VERTEX
  8
16
 10
109.8347
 20
11.4839
 30
0.0000
 42
1.0000
  0
VERTEX
  8
16
 10
109.9109
 20
11.4839
 30
0.0000
  0
SEQEND
  8
0
  0
POLYLINE
  8
16
 66
1
 10
0.0000
 20
0.0000
 30
0.0000
 40
0.0762
 41
0.0762
 70
0
  0
VERTEX
  8
16
 10
109.9109
 20
12.2974
 30
0.0000
 42
1.0000
  0
VERTEX
  8
16
 10
109.8347
 20
12.2974
 30
0.0000
  0
SEQEND
  8
0
  0
POLYLINE
  8
16
 66
1
 10
0.0000
 20
0.0000
 30
0.0000
 40
0.1524
 41
0.1524
 70
0
  0
VERTEX
  8
16
 10
109.8728
 20
11.4839
 30
0.0000
  0
VERTEX
  8
16
 10
109.6016
 20
11.2128
 30
0.0000
  0
SEQEND
  8
0
  0
POLYLINE
  8
16
 66
1
 10
0.0000
 20
0.0000
 30
0.0000
 40
0.0762
 41
0.0762
 70
0
  0
VERTEX
  8
16
 10
109.5747
 20
11.2397
 30
0.0000
 42
1.0000
  0
VERTEX
  8
16
 10
109.6285
 20
11.1859
 30
0.0000
  0
SEQEND
  8
0
  0
POLYLINE
  8
16
 66
1
 10
0.0000
 20
0.0000
 30
0.0000
 40
0.0762
 41
0.0762
 70
0
  0
VERTEX
  8
16
 10
109.8997
 20
11.4570
 30
0.0000
 42
1.0000
  0
VERTEX
  8
16
 10
109.8459
 20
11.5108
 30
0.0000
  0
SEQEND
  8
0
  0
POLYLINE
  8
16
 66
1
 10
0.0000
 20
0.0000
 30
0.0000
 40
0.1524
 41
0.1524
 70
0
  0
VERTEX
  8
16
 10
109.6016
 20
11.2128
 30
0.0000
  0
VERTEX
  8
16
 10
109.0593
 20
11.2128
 30
0.0000
  0
SEQEND
  8
0
  0
POLYLINE
  8
16
 66
1
 10
0.0000
 20
0.0000
 30
0.0000
 40
0.0762
 41
0.0762
 70
0
  0
VERTEX
  8
16
 10
109.0593
 20
11.2509
 30
0.0000
 42
1.0000
  0
VERTEX
  8
16
 10
109.0593
 20
11.1747
 30
0.0000
  0
SEQEND
  8
0
  0
POLYLINE
  8
16
 66
1
 10
0.0000
 20
0.0000
 30
0.0000
 40
0.0762
 41
0.0762
 70
0
  0
VERTEX
  8
16
 10
109.6016
 20
11.1747
 30
0.0000
 42
1.0000
  0
VERTEX
  8
16
 10
109.6016
 20
11.2509
 30
0.0000
  0
SEQEND
  8
0
  0
POLYLINE
  8
16
 66
1
 10
0.0000
 20
0.0000
 30
0.0000
 40
0.1524
 41
0.1524
 70
0
  0
VERTEX
  8
16
 10
109.0593
 20
11.2128
 30
0.0000
  0
VERTEX
  8
16
 10
108.7882
 20
11.4839
 30
0.0000
  0
SEQEND
  8
0
  0
POLYLINE
  8
16
 66
1
 10
0.0000
 20
0.0000
 30
0.0000
 40
0.0762
 41
0.0762
 70
0
  0
VERTEX
  8
16
 10
108.8151
 20
11.5108
 30
0.0000
 42
1.0000
  0
VERTEX
  8
16
 10
108.7613
 20
11.4570
 30
0.0000
  0
SEQEND
  8
0
  0
POLYLINE
  8
16
 66
1
 10
0.0000
 20
0.0000
 30
0.0000
 40
0.0762
 41
0.0762
 70
0
  0
VERTEX
  8
16
 10
109.0324
 20
11.1859
 30
0.0000
 42
1.0000
  0
VERTEX
  8
16
 10
109.0862
 20
11.2397
 30
0.0000
  0
SEQEND
  8
0
  0
POLYLINE
  8
16
 66
1
 10
0.0000
 20
0.0000
 30
0.0000
 40
0.1524
 41
0.1524
 70
0
  0
VERTEX
  8
16
 10
108.7882
 20
11.4839
 30
0.0000
  0
VERTEX
  8
16
 10
108.7882
 20
12.2974
 30
0.0000
  0
SEQEND
  8
0
  0
POLYLINE
  8
16
 66
1
 10
0.0000
 20
0.0000
 30
0.0000
 40
0.0762
 41
0.0762
 70
0
  0
VERTEX
  8
16
 10
108.8263
 20
12.2974
 30
0.0000
 42
1.0000
  0
VERTEX
  8
16
 10
108.7501
 20
12.2974
 30
0.0000
  0
SEQEND
  8
0
  0
POLYLINE
  8
16
 66
1
 10
0.0000
 20
0.0000
 30
0.0000
 40
0.0762
 41
0.0762
 70
0
  0
VERTEX
  8
16
 10
108.7501
 20
11.4839
 30
0.0000
 42
1.0000
  0
VERTEX
  8
16
 10
108.8263
 20
11.4839
 30
0.0000
  0
SEQEND
  8
0
  0
POLYLINE
  8
16
 66
1
 10
0.0000
 20
0.0000
 30
0.0000
 40
0.1524
 41
0.1524
 70
0
  0
VERTEX
  8
16
 10
108.7882
 20
12.8499
 30
0.0000
  0
VERTEX
  8
16
 10
108.7882
 20
13.6633
 30
0.0000
  0
SEQEND
  8
0
  0
POLYLINE
  8
16
 66
1
 10
0.0000
 20
0.0000
 30
0.0000
 40
0.0762
 41
0.0762
 70
0
  0
VERTEX
  8
16
 10
108.8263
 20
13.6633
 30
0.0000
 42
1.0000
  0
VERTEX
  8
16
 10
108.7501
 20
13.6633
 30
0.0000
  0
SEQEND
  8
0
  0
POLYLINE
  8
16
 66
1
 10
0.0000
 20
0.0000
 30
0.0000
 40
0.0762
 41
0.0762
 70
0
  0
VERTEX
  8
16
 10
108.7501
 20
12.8499
 30
0.0000
 42
1.0000
  0
VERTEX
  8
16
 10
108.8263
 20
12.8499
 30
0.0000
  0
SEQEND
  8
0
  0
POLYLINE
  8
16
 66
1
 10
0.0000
 20
0.0000
 30
0.0000
 40
0.1524
 41
0.1524
 70
0
  0
VERTEX
  8
16
 10
108.7882
 20
13.6633
 30
0.0000
  0
VERTEX
  8
16
 10
109.0593
 20
13.9345
 30
0.0000
  0
SEQEND
  8
0
  0
POLYLINE
  8
16
 66
1
 10
0.0000
 20
0.0000
 30
0.0000
 40
0.0762
 41
0.0762
 70
0
  0
VERTEX
  8
16
 10
109.0862
 20
13.9076
 30
0.0000
 42
1.0000
  0
VERTEX
  8
16
 10
109.0324
 20
13.9614
 30
0.0000
  0
SEQEND
  8
0
  0
POLYLINE
  8
16
 66
1
 10
0.0000
 20
0.0000
 30
0.0000
 40
0.0762
 41
0.0762
 70
0
  0
VERTEX
  8
16
 10
108.7613
 20
13.6902
 30
0.0000
 42
1.0000
  0
VERTEX
  8
16
 10
108.8151
 20
13.6364
 30
0.0000
  0
SEQEND
  8
0
  0
POLYLINE
  8
16
 66
1
 10
0.0000
 20
0.0000
 30
0.0000
 40
0.1524
 41
0.1524
 70
0
  0
VERTEX
  8
16
 10
109.0593
 20
13.9345
 30
0.0000
  0
VERTEX
  8
16
 10
109.3305
 20
13.6633
 30
0.0000
  0
SEQEND
  8
0
  0
POLYLINE
  8
16
 66
1
 10
0.0000
 20
0.0000
 30
0.0000
 40
0.0762
 41
0.0762
 70
0
  0
VERTEX
  8
16
 10
109.3036
 20
13.6364
 30
0.0000
 42
1.0000
  0
VERTEX
  8
16
 10
109.3574
 20
13.6902
 30
0.0000
  0
SEQEND
  8
0
  0
POLYLINE
  8
16
 66
1
 10
0.0000
 20
0.0000
 30
0.0000
 40
0.0762
 41
0.0762
 70
0
  0
VERTEX
  8
16
 10
109.0862
 20
13.9614
 30
0.0000
 42
1.0000
  0
VERTEX
  8
16
 10
109.0324
 20
13.9076
 30
0.0000
  0
SEQEND
  8
0
  0
POLYLINE
  8
16
 66
1
 10
0.0000
 20
0.0000
 30
0.0000
 40
0.1524
 41
0.1524
 70
0
  0
VERTEX
  8
16
 10
109.3305
 20
13.6633
 30
0.0000
  0
VERTEX
  8
16
 10
109.3305
 20
13.1210
 30
0.0000
  0
SEQEND
  8
0
  0
POLYLINE
  8
16
 66
1
 10
0.0000
 20
0.0000
 30
0.0000
 40
0.0762
 41
0.0762
 70
0
  0
VERTEX
  8
16
 10
109.2924
 20
13.1210
 30
0.0000
 42
1.0000
  0
VERTEX
  8
16
 10
109.3686
 20
13.1210
 30
0.0000
  0
SEQEND
  8
0
  0
POLYLINE
  8
16
 66
1
 10
0.0000
 20
0.0000
 30
0.0000
 40
0.0762
 41
0.0762
 70
0
  0
VERTEX
  8
16
 10
109.3686
 20
13.6633
 30
0.0000
 42
1.0000
  0
VERTEX
  8
16
 10
109.2924
 20
13.6633
 30
0.0000
  0
SEQEND
  8
0
  0
POLYLINE
  8
16
 66
1
 10
0.0000
 20
0.0000
 30
0.0000
 40
0.1524
 41
0.1524
 70
0
  0
VERTEX
  8
16
 10
109.3305
 20
13.1210
 30
0.0000
  0
VERTEX
  8
16
 10
109.6016
 20
12.8499
 30
0.0000
  0
SEQEND
  8
0
  0
POLYLINE
  8
16
 66
1
 10
0.0000
 20
0.0000
 30
0.0000
 40
0.0762
 41
0.0762
 70
0
  0
VERTEX
  8
16
 10
109.5747
 20
12.8230
 30
0.0000
 42
1.0000
  0
VERTEX
  8
16
 10
109.6285
 20
12.8768
 30
0.0000
  0
SEQEND
  8
0
  0
POLYLINE
  8
16
 66
1
 10
0.0000
 20
0.0000
 30
0.0000
 40
0.0762
 41
0.0762
 70
0
  0
VERTEX
  8
16
 10
109.3574
 20
13.1479
 30
0.0000
 42
1.0000
  0
VERTEX
  8
16
 10
109.3036
 20
13.0941
 30
0.0000
  0
SEQEND
  8
0
  0
POLYLINE
  8
16
 66
1
 10
0.0000
 20
0.0000
 30
0.0000
 40
0.1524
 41
0.1524
 70
0
  0
VERTEX
  8
16
 10
109.6016
 20
12.8499
 30
0.0000
  0
VERTEX
  8
16
 10
109.8728
 20
13.1210
 30
0.0000
  0
SEQEND
  8
0
  0
POLYLINE
  8
16
 66
1
 10
0.0000
 20
0.0000
 30
0.0000
 40
0.0762
 41
0.0762
 70
0
  0
VERTEX
  8
16
 10
109.8997
 20
13.0941
 30
0.0000
 42
1.0000
  0
VERTEX
  8
16
 10
109.8459
 20
13.1479
 30
0.0000
  0
SEQEND
  8
0
  0
POLYLINE
  8
16
 66
1
 10
0.0000
 20
0.0000
 30
0.0000
 40
0.0762
 41
0.0762
 70
0
  0
VERTEX
  8
16
 10
109.5747
 20
12.8768
 30
0.0000
 42
1.0000
  0
VERTEX
  8
16
 10
109.6285
 20
12.8230
 30
0.0000
  0
SEQEND
  8
0
  0
POLYLINE
  8
16
 66
1
 10
0.0000
 20
0.0000
 30
0.0000
 40
0.1524
 41
0.1524
 70
0
  0
VERTEX
  8
16
 10
109.8728
 20
13.1210
 30
0.0000
  0
VERTEX
  8
16
 10
109.8728
 20
13.9345
 30
0.0000
  0
SEQEND
  8
0
  0
POLYLINE
  8
16
 66
1
 10
0.0000
 20
0.0000
 30
0.0000
 40
0.0762
 41
0.0762
 70
0
  0
VERTEX
  8
16
 10
109.9109
 20
13.9345
 30
0.0000
 42
1.0000
  0
VERTEX
  8
16
 10
109.8347
 20
13.9345
 30
0.0000
  0
SEQEND
  8
0
  0
POLYLINE
  8
16
 66
1
 10
0.0000
 20
0.0000
 30
0.0000
 40
0.0762
 41
0.0762
 70
0
  0
VERTEX
  8
16
 10
109.8347
 20
13.1210
 30
0.0000
 42
1.0000
  0
VERTEX
  8
16
 10
109.9109
 20
13.1210
 30
0.0000
  0
SEQEND
  8
0
  0
POLYLINE
  8
16
 66
1
 10
0.0000
 20
0.0000
 30
0.0000
 40
0.1524
 41
0.1524
 70
0
  0
VERTEX
  8
16
 10
110.1440
 20
14.7581
 30
0.0000
  0
VERTEX
  8
16
 10
109.0593
 20
14.7581
 30
0.0000
  0
SEQEND
  8
0
  0
POLYLINE
  8
16
 66
1
 10
0.0000
 20
0.0000
 30
0.0000
 40
0.0762
 41
0.0762
 70
0
  0
VERTEX
  8
16
 10
109.0593
 20
14.7962
 30
0.0000
 42
1.0000
  0
VERTEX
  8
16
 10
109.0593
 20
14.7200
 30
0.0000
  0
SEQEND
  8
0
  0
POLYLINE
  8
16
 66
1
 10
0.0000
 20
0.0000
 30
0.0000
 40
0.0762
 41
0.0762
 70
0
  0
VERTEX
  8
16
 10
110.1440
 20
14.7200
 30
0.0000
 42
1.0000
  0
VERTEX
  8
16
 10
110.1440
 20
14.7962
 30
0.0000
  0
SEQEND
  8
0
  0
POLYLINE
  8
16
 66
1
 10
0.0000
 20
0.0000
 30
0.0000
 40
0.1524
 41
0.1524
 70
0
  0
VERTEX
  8
16
 10
109.0593
 20
14.7581
 30
0.0000
  0
VERTEX
  8
16
 10
108.7882
 20
15.0293
 30
0.0000
  0
SEQEND
  8
0
  0
POLYLINE
  8
16
 66
1
 10
0.0000
 20
0.0000
 30
0.0000
 40
0.0762
 41
0.0762
 70
0
  0
VERTEX
  8
16
 10
108.8151
 20
15.0562
 30
0.0000
 42
1.0000
  0
VERTEX
  8
16
 10
108.7613
 20
15.0024
 30
0.0000
  0
SEQEND
  8
0
  0
POLYLINE
  8
16
 66
1
 10
0.0000
 20
0.0000
 30
0.0000
 40
0.0762
 41
0.0762
 70
0
  0
VERTEX
  8
16
 10
109.0324
 20
14.7312
 30
0.0000
 42
1.0000
  0
VERTEX
  8
16
 10
109.0862
 20
14.7850
 30
0.0000
  0
SEQEND
  8
0
  0
POLYLINE
  8
16
 66
1
 10
0.0000
 20
0.0000
 30
0.0000
 40
0.1524
 41
0.1524
 70
0
  0
VERTEX
  8
16
 10
109.8728
 20
14.4870
 30
0.0000
  0
VERTEX
  8
16
 10
109.8728
 20
15.0293
 30
0.0000
  0
SEQEND
  8
0
  0
POLYLINE
  8
16
 66
1
 10
0.0000
 20
0.0000
 30
0.0000
 40
0.0762
 41
0.0762
 70
0
  0
VERTEX
  8
16
 10
109.9109
 20
15.0293
 30
0.0000
 42
1.0000
  0
VERTEX
  8
16
 10
109.8347
 20
15.0293
 30
0.0000
  0
SEQEND
  8
0
  0
POLYLINE
  8
16
 66
1
 10
0.0000
 20
0.0000
 30
0.0000
 40
0.0762
 41
0.0762
 70
0
  0
VERTEX
  8
16
 10
109.8347
 20
14.4870
 30
0.0000
 42
1.0000
  0
VERTEX
  8
16
 10
109.9109
 20
14.4870
 30
0.0000
  0
SEQEND
  8
0
  0
POLYLINE
  8
16
 66
1
 10
0.0000
 20
0.0000
 30
0.0000
 40
0.1524
 41
0.1524
 70
0
  0
VERTEX
  8
16
 10
109.8728
 20
16.1223
 30
0.0000
  0
VERTEX
  8
16
 10
109.8728
 20
16.6646
 30
0.0000
  0
SEQEND
  8
0
  0
POLYLINE
  8
16
 66
1
 10
0.0000
 20
0.0000
 30
0.0000
 40
0.0762
 41
0.0762
 70
0
  0
VERTEX
  8
16
 10
109.9109
 20
16.6646
 30
0.0000
 42
1.0000
  0
VERTEX
  8
16
 10
109.8347
 20
16.6646
 30
0.0000
  0
SEQEND
  8
0
  0
POLYLINE
  8
16
 66
1
 10
0.0000
 20
0.0000
 30
0.0000
 40
0.0762
 41
0.0762
 70
0
  0
VERTEX
  8
16
 10
109.8347
 20
16.1223
 30
0.0000
 42
1.0000
  0
VERTEX
  8
16
 10
109.9109
 20
16.1223
 30
0.0000
  0
SEQEND
  8
0
  0
POLYLINE
  8
16
 66
1
 10
0.0000
 20
0.0000
 30
0.0000
 40
0.1524
 41
0.1524
 70
0
  0
VERTEX
  8
16
 10
109.8728
 20
16.6646
 30
0.0000
  0
VERTEX
  8
16
 10
109.6016
 20
16.9358
 30
0.0000
  0
SEQEND
  8
0
  0
POLYLINE
  8
16
 66
1
 10
0.0000
 20
0.0000
 30
0.0000
 40
0.0762
 41
0.0762
 70
0
  0
VERTEX
  8
16
 10
109.6285
 20
16.9627
 30
0.0000
 42
1.0000
  0
VERTEX
  8
16
 10
109.5747
 20
16.9089
 30
0.0000
  0
SEQEND
  8
0
  0
POLYLINE
  8
16
 66
1
 10
0.0000
 20
0.0000
 30
0.0000
 40
0.0762
 41
0.0762
 70
0
  0
VERTEX
  8
16
 10
109.8459
 20
16.6377
 30
0.0000
 42
1.0000
  0
VERTEX
  8
16
 10
109.8997
 20
16.6915
 30
0.0000
  0
SEQEND
  8
0
  0
POLYLINE
  8
16
 66
1
 10
0.0000
 20
0.0000
 30
0.0000
 40
0.1524
 41
0.1524
 70
0
  0
VERTEX
  8
16
 10
109.6016
 20
16.9358
 30
0.0000
  0
VERTEX
  8
16
 10
108.7882
 20
16.9358
 30
0.0000
  0
SEQEND
  8
0
  0
POLYLINE
  8
16
 66
1
 10
0.0000
 20
0.0000
 30
0.0000
 40
0.0762
 41
0.0762
 70
0
  0
VERTEX
  8
16
 10
108.7882
 20
16.9739
 30
0.0000
 42
1.0000
  0
VERTEX
  8
16
 10
108.7882
 20
16.8977
 30
0.0000
  0
SEQEND
  8
0
  0
POLYLINE
  8
16
 66
1
 10
0.0000
 20
0.0000
 30
0.0000
 40
0.0762
 41
0.0762
 70
0
  0
VERTEX
  8
16
 10
109.6016
 20
16.8977
 30
0.0000
 42
1.0000
  0
VERTEX
  8
16
 10
109.6016
 20
16.9739
 30
0.0000
  0
SEQEND
  8
0
  0
POLYLINE
  8
16
 66
1
 10
0.0000
 20
0.0000
 30
0.0000
 40
0.1524
 41
0.1524
 70
0
  0
VERTEX
  8
16
 10
108.7882
 20
16.9358
 30
0.0000
  0
VERTEX
  8
16
 10
108.7882
 20
16.1223
 30
0.0000
  0
SEQEND
  8
0
  0
POLYLINE
  8
16
 66
1
 10
0.0000
 20
0.0000
 30
0.0000
 40
0.0762
 41
0.0762
 70
0
  0
VERTEX
  8
16
 10
108.7501
 20
16.1223
 30
0.0000
 42
1.0000
  0
VERTEX
  8
16
 10
108.8263
 20
16.1223
 30
0.0000
  0
SEQEND
  8
0
  0
POLYLINE
  8
16
 66
1
 10
0.0000
 20
0.0000
 30
0.0000
 40
0.0762
 41
0.0762
 70
0
  0
VERTEX
  8
16
 10
108.8263
 20
16.9358
 30
0.0000
 42
1.0000
  0
VERTEX
  8
16
 10
108.7501
 20
16.9358
 30
0.0000
  0
SEQEND
  8
0
  0
POLYLINE
  8
16
 66
1
 10
0.0000
 20
0.0000
 30
0.0000
 40
0.1524
 41
0.1524
 70
0
  0
VERTEX
  8
16
 10
108.7882
 20
16.1223
 30
0.0000
  0
VERTEX
  8
16
 10
109.0593
 20
15.8512
 30
0.0000
  0
SEQEND
  8
0
  0
POLYLINE
  8
16
 66
1
 10
0.0000
 20
0.0000
 30
0.0000
 40
0.0762
 41
0.0762
 70
0
  0
VERTEX
  8
16
 10
109.0324
 20
15.8243
 30
0.0000
 42
1.0000
  0
VERTEX
  8
16
 10
109.0862
 20
15.8781
 30
0.0000
  0
SEQEND
  8
0
  0
POLYLINE
  8
16
 66
1
 10
0.0000
 20
0.0000
 30
0.0000
 40
0.0762
 41
0.0762
 70
0
  0
VERTEX
  8
16
 10
108.8151
 20
16.1492
 30
0.0000
 42
1.0000
  0
VERTEX
  8
16
 10
108.7613
 20
16.0954
 30
0.0000
  0
SEQEND
  8
0
  0
POLYLINE
  8
16
 66
1
 10
0.0000
 20
0.0000
 30
0.0000
 40
0.1524
 41
0.1524
 70
0
  0
VERTEX
  8
16
 10
109.0593
 20
15.8512
 30
0.0000
  0
VERTEX
  8
16
 10
109.3305
 20
16.1223
 30
0.0000
  0
SEQEND
  8
0
  0
POLYLINE
  8
16
 66
1
 10
0.0000
 20
0.0000
 30
0.0000
 40
0.0762
 41
0.0762
 70
0
  0
VERTEX
  8
16
 10
109.3574
 20
16.0954
 30
0.0000
 42
1.0000
  0
VERTEX
  8
16
 10
109.3036
 20
16.1492
 30
0.0000
  0
SEQEND
  8
0
  0
POLYLINE
  8
16
 66
1
 10
0.0000
 20
0.0000
 30
0.0000
 40
0.0762
 41
0.0762
 70
0
  0
VERTEX
  8
16
 10
109.0324
 20
15.8781
 30
0.0000
 42
1.0000
  0
VERTEX
  8
16
 10
109.0862
 20
15.8243
 30
0.0000
  0
SEQEND
  8
0
  0
POLYLINE
  8
16
 66
1
 10
0.0000
 20
0.0000
 30
0.0000
 40
0.1524
 41
0.1524
 70
0
  0
VERTEX
  8
16
 10
109.3305
 20
16.1223
 30
0.0000
  0
VERTEX
  8
16
 10
109.3305
 20
16.9358
 30
0.0000
  0
SEQEND
  8
0
  0
POLYLINE
  8
16
 66
1
 10
0.0000
 20
0.0000
 30
0.0000
 40
0.0762
 41
0.0762
 70
0
  0
VERTEX
  8
16
 10
109.3686
 20
16.9358
 30
0.0000
 42
1.0000
  0
VERTEX
  8
16
 10
109.2924
 20
16.9358
 30
0.0000
  0
SEQEND
  8
0
  0
POLYLINE
  8
16
 66
1
 10
0.0000
 20
0.0000
 30
0.0000
 40
0.0762
 41
0.0762
 70
0
  0
VERTEX
  8
16
 10
109.2924
 20
16.1223
 30
0.0000
 42
1.0000
  0
VERTEX
  8
16
 10
109.3686
 20
16.1223
 30
0.0000
  0
SEQEND
  8
0
  0
POLYLINE
  8
16
 66
1
 10
0.0000
 20
0.0000
 30
0.0000
 40
0.1524
 41
0.1524
 70
0
  0
VERTEX
  8
16
 10
110.4151
 20
18.5729
 30
0.0000
  0
VERTEX
  8
16
 10
108.7882
 20
18.5729
 30
0.0000
  0
SEQEND
  8
0
  0
POLYLINE
  8
16
 66
1
 10
0.0000
 20
0.0000
 30
0.0000
 40
0.0762
 41
0.0762
 70
0
  0
VERTEX
  8
16
 10
108.7882
 20
18.6110
 30
0.0000
 42
1.0000
  0
VERTEX
  8
16
 10
108.7882
 20
18.5348
 30
0.0000
  0
SEQEND
  8
0
  0
POLYLINE
  8
16
 66
1
 10
0.0000
 20
0.0000
 30
0.0000
 40
0.0762
 41
0.0762
 70
0
  0
VERTEX
  8
16
 10
110.4151
 20
18.5348
 30
0.0000
 42
1.0000
  0
VERTEX
  8
16
 10
110.4151
 20
18.6110
 30
0.0000
  0
SEQEND
  8
0
  0
POLYLINE
  8
16
 66
1
 10
0.0000
 20
0.0000
 30
0.0000
 40
0.1524
 41
0.1524
 70
0
  0
VERTEX
  8
16
 10
108.7882
 20
18.5729
 30
0.0000
  0
VERTEX
  8
16
 10
108.7882
 20
17.7594
 30
0.0000
  0
SEQEND
  8
0
  0
POLYLINE
  8
16
 66
1
 10
0.0000
 20
0.0000
 30
0.0000
 40
0.0762
 41
0.0762
 70
0
  0
VERTEX
  8
16
 10
108.7501
 20
17.7594
 30
0.0000
 42
1.0000
  0
VERTEX
  8
16
 10
108.8263
 20
17.7594
 30
0.0000
  0
SEQEND
  8
0
  0
POLYLINE
  8
16
 66
1
 10
0.0000
 20
0.0000
 30
0.0000
 40
0.0762
 41
0.0762
 70
0
  0
VERTEX
  8
16
 10
108.8263
 20
18.5729
 30
0.0000
 42
1.0000
  0
VERTEX
  8
16
 10
108.7501
 20
18.5729
 30
0.0000
  0
SEQEND
  8
0
  0
POLYLINE
  8
16
 66
1
 10
0.0000
 20
0.0000
 30
0.0000
 40
0.1524
 41
0.1524
 70
0
  0
VERTEX
  8
16
 10
108.7882
 20
17.7594
 30
0.0000
  0
VERTEX
  8
16
 10
109.0593
 20
17.4883
 30
0.0000
  0
SEQEND
  8
0
  0
POLYLINE
  8
16
 66
1
 10
0.0000
 20
0.0000
 30
0.0000
 40
0.0762
 41
0.0762
 70
0
  0
VERTEX
  8
16
 10
109.0324
 20
17.4614
 30
0.0000
 42
1.0000
  0
VERTEX
  8
16
 10
109.0862
 20
17.5152
 30
0.0000
  0
SEQEND
  8
0
  0
POLYLINE
  8
16
 66
1
 10
0.0000
 20
0.0000
 30
0.0000
 40
0.0762
 41
0.0762
 70
0
  0
VERTEX
  8
16
 10
108.8151
 20
17.7863
 30
0.0000
 42
1.0000
  0
VERTEX
  8
16
 10
108.7613
 20
17.7325
 30
0.0000
  0
SEQEND
  8
0
  0
POLYLINE
  8
16
 66
1
 10
0.0000
 20
0.0000
 30
0.0000
 40
0.1524
 41
0.1524
 70
0
  0
VERTEX
  8
16
 10
109.0593
 20
17.4883
 30
0.0000
  0
VERTEX
  8
16
 10
109.6016
 20
17.4883
 30
0.0000
  0
SEQEND
  8
0
  0
POLYLINE
  8
16
 66
1
 10
0.0000
 20
0.0000
 30
0.0000
 40
0.0762
 41
0.0762
 70
0
  0
VERTEX
  8
16
 10
109.6016
 20
17.4502
 30
0.0000
 42
1.0000
  0
VERTEX
  8
16
 10
109.6016
 20
17.5264
 30
0.0000
  0
SEQEND
  8
0
  0
POLYLINE
  8
16
 66
1
 10
0.0000
 20
0.0000
 30
0.0000
 40
0.0762
 41
0.0762
 70
0
  0
VERTEX
  8
16
 10
109.0593
 20
17.5264
 30
0.0000
 42
1.0000
  0
VERTEX
  8
16
 10
109.0593
 20
17.4502
 30
0.0000
  0
SEQEND
  8
0
  0
POLYLINE
  8
16
 66
1
 10
0.0000
 20
0.0000
 30
0.0000
 40
0.1524
 41
0.1524
 70
0
  0
VERTEX
  8
16
 10
109.6016
 20
17.4883
 30
0.0000
  0
VERTEX
  8
16
 10
109.8728
 20
17.7594
 30
0.0000
  0
SEQEND
  8
0
  0
POLYLINE
  8
16
 66
1
 10
0.0000
 20
0.0000
 30
0.0000
 40
0.0762
 41
0.0762
 70
0
  0
VERTEX
  8
16
 10
109.8997
 20
17.7325
 30
0.0000
 42
1.0000
  0
VERTEX
  8
16
 10
109.8459
 20
17.7863
 30
0.0000
  0
SEQEND
  8
0
  0
POLYLINE
  8
16
 66
1
 10
0.0000
 20
0.0000
 30
0.0000
 40
0.0762
 41
0.0762
 70
0
  0
VERTEX
  8
16
 10
109.5747
 20
17.5152
 30
0.0000
 42
1.0000
  0
VERTEX
  8
16
 10
109.6285
 20
17.4614
 30
0.0000
  0
SEQEND
  8
0
  0
POLYLINE
  8
16
 66
1
 10
0.0000
 20
0.0000
 30
0.0000
 40
0.1524
 41
0.1524
 70
0
  0
VERTEX
  8
16
 10
109.8728
 20
17.7594
 30
0.0000
  0
VERTEX
  8
16
 10
109.8728
 20
18.5729
 30
0.0000
  0
SEQEND
  8
0
  0
POLYLINE
  8
16
 66
1
 10
0.0000
 20
0.0000
 30
0.0000
 40
0.0762
 41
0.0762
 70
0
  0
VERTEX
  8
16
 10
109.9109
 20
18.5729
 30
0.0000
 42
1.0000
  0
VERTEX
  8
16
 10
109.8347
 20
18.5729
 30
0.0000
  0
SEQEND
  8
0
  0
POLYLINE
  8
16
 66
1
 10
0.0000
 20
0.0000
 30
0.0000
 40
0.0762
 41
0.0762
 70
0
  0
VERTEX
  8
16
 10
109.8347
 20
17.7594
 30
0.0000
 42
1.0000
  0
VERTEX
  8
16
 10
109.9109
 20
17.7594
 30
0.0000
  0
SEQEND
  8
0
  0
INSERT
  8
17
  2
OCTAGONP
 10
91.4400
 20
29.2100
 30
0.0000
 41
1.4224
 42
1.4224
 43
1.0000
 50
180.0000
  0
INSERT
  8
17
  2
OCTAGONP
 10
86.3600
 20
29.2100
 30
0.0000
 41
1.4224
 42
1.4224
 43
1.0000
 50
180.0000
  0
INSERT
  8
17
  2
OCTAGONP
 10
40.6400
 20
10.1600
 30
0.0000
 41
1.4224
 42
1.4224
 43
1.0000
 50
270.0000
  0
INSERT
  8
17
  2
OCTAGONP
 10
40.6400
 20
5.0800
 30
0.0000
 41
1.4224
 42
1.4224
 43
1.0000
 50
270.0000
  0
INSERT
  8
17
  2
OCTAGONP
 10
81.2800
 20
16.5100
 30
0.0000
 41
1.4224
 42
1.4224
 43
1.0000
 50
180.0000
  0
INSERT
  8
17
  2
OCTAGONP
 10
76.2000
 20
16.5100
 30
0.0000
 41
1.4224
 42
1.4224
 43
1.0000
 50
180.0000
  0
INSERT
  8
17
  2
OCTAGONP
 10
73.6600
 20
11.4300
 30
0.0000
 41
1.4224
 42
1.4224
 43
1.0000
 50
90.0000
  0
INSERT
  8
17
  2
OCTAGONP
 10
73.6600
 20
16.5100
 30
0.0000
 41
1.4224
 42
1.4224
 43
1.0000
 50
90.0000
  0
INSERT
  8
17
  2
OCTAGONP
 10
78.7400
 20
21.5900
 30
0.0000
 41
1.4224
 42
1.4224
 43
1.0000
 50
90.0000
  0
INSERT
  8
17
  2
OCTAGONP
 10
78.7400
 20
26.6700
 30
0.0000
 41
1.4224
 42
1.4224
 43
1.0000
 50
90.0000
  0
INSERT
  8
17
  2
OCTAGONP
 10
53.3400
 20
48.2600
 30
0.0000
 41
1.4224
 42
1.4224
 43
1.0000
 50
90.0000
  0
INSERT
  8
17
  2
OCTAGONP
 10
53.3400
 20
53.3400
 30
0.0000
 41
1.4224
 42
1.4224
 43
1.0000
 50
90.0000
  0
INSERT
  8
17
  2
OCTAGONP
 10
53.3400
 20
43.1800
 30
0.0000
 41
1.4224
 42
1.4224
 43
1.0000
 50
0.0000
  0
INSERT
  8
17
  2
OCTAGONP
 10
58.4200
 20
43.1800
 30
0.0000
 41
1.4224
 42
1.4224
 43
1.0000
 50
0.0000
  0
INSERT
  8
17
  2
OCTAGONP
 10
40.6400
 20
43.1800
 30
0.0000
 41
1.4224
 42
1.4224
 43
1.0000
 50
180.0000
  0
INSERT
  8
17
  2
OCTAGONP
 10
35.5600
 20
43.1800
 30
0.0000
 41
1.4224
 42
1.4224
 43
1.0000
 50
180.0000
  0
INSERT
  8
17
  2
OCTAGONP
 10
30.4800
 20
50.8000
 30
0.0000
 41
1.4224
 42
1.4224
 43
1.0000
 50
90.0000
  0
INSERT
  8
17
  2
OCTAGONP
 10
30.4800
 20
55.8800
 30
0.0000
 41
1.4224
 42
1.4224
 43
1.0000
 50
90.0000
  0
INSERT
  8
17
  2
OCTAGONP
 10
27.9400
 20
10.1600
 30
0.0000
 41
1.4224
 42
1.4224
 43
1.0000
 50
270.0000
  0
INSERT
  8
17
  2
OCTAGONP
 10
27.9400
 20
5.0800
 30
0.0000
 41
1.4224
 42
1.4224
 43
1.0000
 50
270.0000
  0
INSERT
  8
17
  2
LONGP100
 10
50.8000
 20
5.0800
 30
0.0000
 41
1.4224
 42
1.4224
 43
1.0000
 50
180.0000
  0
INSERT
  8
17
  2
LONGP100
 10
50.8000
 20
7.6200
 30
0.0000
 41
1.4224
 42
1.4224
 43
1.0000
 50
180.0000
  0
INSERT
  8
17
  2
LONGP100
 10
50.8000
 20
10.1600
 30
0.0000
 41
1.4224
 42
1.4224
 43
1.0000
 50
180.0000
  0
INSERT
  8
17
  2
LONGP100
 10
50.8000
 20
12.7000
 30
0.0000
 41
1.4224
 42
1.4224
 43
1.0000
 50
180.0000
  0
INSERT
  8
17
  2
LONGP100
 10
50.8000
 20
15.2400
 30
0.0000
 41
1.4224
 42
1.4224
 43
1.0000
 50
180.0000
  0
INSERT
  8
17
  2
LONGP100
 10
50.8000
 20
17.7800
 30
0.0000
 41
1.4224
 42
1.4224
 43
1.0000
 50
180.0000
  0
INSERT
  8
17
  2
LONGP100
 10
50.8000
 20
20.3200
 30
0.0000
 41
1.4224
 42
1.4224
 43
1.0000
 50
180.0000
  0
INSERT
  8
17
  2
LONGP100
 10
43.1800
 20
20.3200
 30
0.0000
 41
1.4224
 42
1.4224
 43
1.0000
 50
180.0000
  0
INSERT
  8
17
  2
LONGP100
 10
43.1800
 20
17.7800
 30
0.0000
 41
1.4224
 42
1.4224
 43
1.0000
 50
180.0000
  0
INSERT
  8
17
  2
LONGP100
 10
43.1800
 20
15.2400
 30
0.0000
 41
1.4224
 42
1.4224
 43
1.0000
 50
180.0000
  0
INSERT
  8
17
  2
LONGP100
 10
43.1800
 20
12.7000
 30
0.0000
 41
1.4224
 42
1.4224
 43
1.0000
 50
180.0000
  0
INSERT
  8
17
  2
LONGP100
 10
43.1800
 20
10.1600
 30
0.0000
 41
1.4224
 42
1.4224
 43
1.0000
 50
180.0000
  0
INSERT
  8
17
  2
LONGP100
 10
43.1800
 20
7.6200
 30
0.0000
 41
1.4224
 42
1.4224
 43
1.0000
 50
180.0000
  0
INSERT
  8
17
  2
LONGP100
 10
43.1800
 20
5.0800
 30
0.0000
 41
1.4224
 42
1.4224
 43
1.0000
 50
180.0000
  0
INSERT
  8
17
  2
LONGP100
 10
38.1000
 20
5.0800
 30
0.0000
 41
1.4224
 42
1.4224
 43
1.0000
 50
180.0000
  0
INSERT
  8
17
  2
LONGP100
 10
38.1000
 20
7.6200
 30
0.0000
 41
1.4224
 42
1.4224
 43
1.0000
 50
180.0000
  0
INSERT
  8
17
  2
LONGP100
 10
38.1000
 20
10.1600
 30
0.0000
 41
1.4224
 42
1.4224
 43
1.0000
 50
180.0000
  0
INSERT
  8
17
  2
LONGP100
 10
38.1000
 20
12.7000
 30
0.0000
 41
1.4224
 42
1.4224
 43
1.0000
 50
180.0000
  0
INSERT
  8
17
  2
LONGP100
 10
38.1000
 20
15.2400
 30
0.0000
 41
1.4224
 42
1.4224
 43
1.0000
 50
180.0000
  0
INSERT
  8
17
  2
LONGP100
 10
38.1000
 20
17.7800
 30
0.0000
 41
1.4224
 42
1.4224
 43
1.0000
 50
180.0000
  0
INSERT
  8
17
  2
LONGP100
 10
38.1000
 20
20.3200
 30
0.0000
 41
1.4224
 42
1.4224
 43
1.0000
 50
180.0000
  0
INSERT
  8
17
  2
LONGP100
 10
30.4800
 20
20.3200
 30
0.0000
 41
1.4224
 42
1.4224
 43
1.0000
 50
180.0000
  0
INSERT
  8
17
  2
LONGP100
 10
30.4800
 20
17.7800
 30
0.0000
 41
1.4224
 42
1.4224
 43
1.0000
 50
180.0000
  0
INSERT
  8
17
  2
LONGP100
 10
30.4800
 20
15.2400
 30
0.0000
 41
1.4224
 42
1.4224
 43
1.0000
 50
180.0000
  0
INSERT
  8
17
  2
LONGP100
 10
30.4800
 20
12.7000
 30
0.0000
 41
1.4224
 42
1.4224
 43
1.0000
 50
180.0000
  0
INSERT
  8
17
  2
LONGP100
 10
30.4800
 20
10.1600
 30
0.0000
 41
1.4224
 42
1.4224
 43
1.0000
 50
180.0000
  0
INSERT
  8
17
  2
LONGP100
 10
30.4800
 20
7.6200
 30
0.0000
 41
1.4224
 42
1.4224
 43
1.0000
 50
180.0000
  0
INSERT
  8
17
  2
LONGP100
 10
30.4800
 20
5.0800
 30
0.0000
 41
1.4224
 42
1.4224
 43
1.0000
 50
180.0000
  0
INSERT
  8
17
  2
LONGP100
 10
76.2000
 20
6.3500
 30
0.0000
 41
1.4224
 42
1.4224
 43
1.0000
 50
90.0000
  0
INSERT
  8
17
  2
LONGP100
 10
78.7400
 20
6.3500
 30
0.0000
 41
1.4224
 42
1.4224
 43
1.0000
 50
90.0000
  0
INSERT
  8
17
  2
LONGP100
 10
81.2800
 20
6.3500
 30
0.0000
 41
1.4224
 42
1.4224
 43
1.0000
 50
90.0000
  0
INSERT
  8
17
  2
LONGP100
 10
83.8200
 20
6.3500
 30
0.0000
 41
1.4224
 42
1.4224
 43
1.0000
 50
90.0000
  0
INSERT
  8
17
  2
LONGP100
 10
86.3600
 20
6.3500
 30
0.0000
 41
1.4224
 42
1.4224
 43
1.0000
 50
90.0000
  0
INSERT
  8
17
  2
LONGP100
 10
88.9000
 20
6.3500
 30
0.0000
 41
1.4224
 42
1.4224
 43
1.0000
 50
90.0000
  0
INSERT
  8
17
  2
LONGP100
 10
91.4400
 20
6.3500
 30
0.0000
 41
1.4224
 42
1.4224
 43
1.0000
 50
90.0000
  0
INSERT
  8
17
  2
LONGP100
 10
93.9800
 20
6.3500
 30
0.0000
 41
1.4224
 42
1.4224
 43
1.0000
 50
90.0000
  0
INSERT
  8
17
  2
LONGP100
 10
93.9800
 20
13.9700
 30
0.0000
 41
1.4224
 42
1.4224
 43
1.0000
 50
90.0000
  0
INSERT
  8
17
  2
LONGP100
 10
91.4400
 20
13.9700
 30
0.0000
 41
1.4224
 42
1.4224
 43
1.0000
 50
90.0000
  0
INSERT
  8
17
  2
LONGP100
 10
88.9000
 20
13.9700
 30
0.0000
 41
1.4224
 42
1.4224
 43
1.0000
 50
90.0000
  0
INSERT
  8
17
  2
LONGP100
 10
86.3600
 20
13.9700
 30
0.0000
 41
1.4224
 42
1.4224
 43
1.0000
 50
90.0000
  0
INSERT
  8
17
  2
LONGP100
 10
83.8200
 20
13.9700
 30
0.0000
 41
1.4224
 42
1.4224
 43
1.0000
 50
90.0000
  0
INSERT
  8
17
  2
LONGP100
 10
81.2800
 20
13.9700
 30
0.0000
 41
1.4224
 42
1.4224
 43
1.0000
 50
90.0000
  0
INSERT
  8
17
  2
LONGP100
 10
78.7400
 20
13.9700
 30
0.0000
 41
1.4224
 42
1.4224
 43
1.0000
 50
90.0000
  0
INSERT
  8
17
  2
LONGP100
 10
76.2000
 20
13.9700
 30
0.0000
 41
1.4224
 42
1.4224
 43
1.0000
 50
90.0000
  0
INSERT
  8
17
  2
LONGP100
 10
81.2800
 20
19.0500
 30
0.0000
 41
1.4224
 42
1.4224
 43
1.0000
 50
90.0000
  0
INSERT
  8
17
  2
LONGP100
 10
83.8200
 20
19.0500
 30
0.0000
 41
1.4224
 42
1.4224
 43
1.0000
 50
90.0000
  0
INSERT
  8
17
  2
LONGP100
 10
86.3600
 20
19.0500
 30
0.0000
 41
1.4224
 42
1.4224
 43
1.0000
 50
90.0000
  0
INSERT
  8
17
  2
LONGP100
 10
88.9000
 20
19.0500
 30
0.0000
 41
1.4224
 42
1.4224
 43
1.0000
 50
90.0000
  0
INSERT
  8
17
  2
LONGP100
 10
91.4400
 20
19.0500
 30
0.0000
 41
1.4224
 42
1.4224
 43
1.0000
 50
90.0000
  0
INSERT
  8
17
  2
LONGP100
 10
93.9800
 20
19.0500
 30
0.0000
 41
1.4224
 42
1.4224
 43
1.0000
 50
90.0000
  0
INSERT
  8
17
  2
LONGP100
 10
96.5200
 20
19.0500
 30
0.0000
 41
1.4224
 42
1.4224
 43
1.0000
 50
90.0000
  0
INSERT
  8
17
  2
LONGP100
 10
96.5200
 20
26.6700
 30
0.0000
 41
1.4224
 42
1.4224
 43
1.0000
 50
90.0000
  0
INSERT
  8
17
  2
LONGP100
 10
93.9800
 20
26.6700
 30
0.0000
 41
1.4224
 42
1.4224
 43
1.0000
 50
90.0000
  0
INSERT
  8
17
  2
LONGP100
 10
91.4400
 20
26.6700
 30
0.0000
 41
1.4224
 42
1.4224
 43
1.0000
 50
90.0000
  0
INSERT
  8
17
  2
LONGP100
 10
88.9000
 20
26.6700
 30
0.0000
 41
1.4224
 42
1.4224
 43
1.0000
 50
90.0000
  0
INSERT
  8
17
  2
LONGP100
 10
86.3600
 20
26.6700
 30
0.0000
 41
1.4224
 42
1.4224
 43
1.0000
 50
90.0000
  0
INSERT
  8
17
  2
LONGP100
 10
83.8200
 20
26.6700
 30
0.0000
 41
1.4224
 42
1.4224
 43
1.0000
 50
90.0000
  0
INSERT
  8
17
  2
LONGP100
 10
81.2800
 20
26.6700
 30
0.0000
 41
1.4224
 42
1.4224
 43
1.0000
 50
90.0000
  0
INSERT
  8
17
  2
LONGP100
 10
93.9800
 20
31.7500
 30
0.0000
 41
1.4224
 42
1.4224
 43
1.0000
 50
180.0000
  0
INSERT
  8
17
  2
LONGP100
 10
93.9800
 20
34.2900
 30
0.0000
 41
1.4224
 42
1.4224
 43
1.0000
 50
180.0000
  0
INSERT
  8
17
  2
LONGP100
 10
93.9800
 20
36.8300
 30
0.0000
 41
1.4224
 42
1.4224
 43
1.0000
 50
180.0000
  0
INSERT
  8
17
  2
LONGP100
 10
93.9800
 20
39.3700
 30
0.0000
 41
1.4224
 42
1.4224
 43
1.0000
 50
180.0000
  0
INSERT
  8
17
  2
LONGP100
 10
93.9800
 20
41.9100
 30
0.0000
 41
1.4224
 42
1.4224
 43
1.0000
 50
180.0000
  0
INSERT
  8
17
  2
LONGP100
 10
93.9800
 20
44.4500
 30
0.0000
 41
1.4224
 42
1.4224
 43
1.0000
 50
180.0000
  0
INSERT
  8
17
  2
LONGP100
 10
93.9800
 20
46.9900
 30
0.0000
 41
1.4224
 42
1.4224
 43
1.0000
 50
180.0000
  0
INSERT
  8
17
  2
LONGP100
 10
86.3600
 20
46.9900
 30
0.0000
 41
1.4224
 42
1.4224
 43
1.0000
 50
180.0000
  0
INSERT
  8
17
  2
LONGP100
 10
86.3600
 20
44.4500
 30
0.0000
 41
1.4224
 42
1.4224
 43
1.0000
 50
180.0000
  0
INSERT
  8
17
  2
LONGP100
 10
86.3600
 20
41.9100
 30
0.0000
 41
1.4224
 42
1.4224
 43
1.0000
 50
180.0000
  0
INSERT
  8
17
  2
LONGP100
 10
86.3600
 20
39.3700
 30
0.0000
 41
1.4224
 42
1.4224
 43
1.0000
 50
180.0000
  0
INSERT
  8
17
  2
LONGP100
 10
86.3600
 20
36.8300
 30
0.0000
 41
1.4224
 42
1.4224
 43
1.0000
 50
180.0000
  0
INSERT
  8
17
  2
LONGP100
 10
86.3600
 20
34.2900
 30
0.0000
 41
1.4224
 42
1.4224
 43
1.0000
 50
180.0000
  0
INSERT
  8
17
  2
LONGP100
 10
86.3600
 20
31.7500
 30
0.0000
 41
1.4224
 42
1.4224
 43
1.0000
 50
180.0000
  0
INSERT
  8
17
  2
LONGP100
 10
60.9600
 20
36.8300
 30
0.0000
 41
1.4224
 42
1.4224
 43
1.0000
 50
90.0000
  0
INSERT
  8
17
  2
LONGP100
 10
63.5000
 20
36.8300
 30
0.0000
 41
1.4224
 42
1.4224
 43
1.0000
 50
90.0000
  0
INSERT
  8
17
  2
LONGP100
 10
66.0400
 20
36.8300
 30
0.0000
 41
1.4224
 42
1.4224
 43
1.0000
 50
90.0000
  0
INSERT
  8
17
  2
LONGP100
 10
68.5800
 20
36.8300
 30
0.0000
 41
1.4224
 42
1.4224
 43
1.0000
 50
90.0000
  0
INSERT
  8
17
  2
LONGP100
 10
71.1200
 20
36.8300
 30
0.0000
 41
1.4224
 42
1.4224
 43
1.0000
 50
90.0000
  0
INSERT
  8
17
  2
LONGP100
 10
73.6600
 20
36.8300
 30
0.0000
 41
1.4224
 42
1.4224
 43
1.0000
 50
90.0000
  0
INSERT
  8
17
  2
LONGP100
 10
76.2000
 20
36.8300
 30
0.0000
 41
1.4224
 42
1.4224
 43
1.0000
 50
90.0000
  0
INSERT
  8
17
  2
LONGP100
 10
78.7400
 20
36.8300
 30
0.0000
 41
1.4224
 42
1.4224
 43
1.0000
 50
90.0000
  0
INSERT
  8
17
  2
LONGP100
 10
78.7400
 20
44.4500
 30
0.0000
 41
1.4224
 42
1.4224
 43
1.0000
 50
90.0000
  0
INSERT
  8
17
  2
LONGP100
 10
76.2000
 20
44.4500
 30
0.0000
 41
1.4224
 42
1.4224
 43
1.0000
 50
90.0000
  0
INSERT
  8
17
  2
LONGP100
 10
73.6600
 20
44.4500
 30
0.0000
 41
1.4224
 42
1.4224
 43
1.0000
 50
90.0000
  0
INSERT
  8
17
  2
LONGP100
 10
71.1200
 20
44.4500
 30
0.0000
 41
1.4224
 42
1.4224
 43
1.0000
 50
90.0000
  0
INSERT
  8
17
  2
LONGP100
 10
68.5800
 20
44.4500
 30
0.0000
 41
1.4224
 42
1.4224
 43
1.0000
 50
90.0000
  0
INSERT
  8
17
  2
LONGP100
 10
66.0400
 20
44.4500
 30
0.0000
 41
1.4224
 42
1.4224
 43
1.0000
 50
90.0000
  0
INSERT
  8
17
  2
LONGP100
 10
63.5000
 20
44.4500
 30
0.0000
 41
1.4224
 42
1.4224
 43
1.0000
 50
90.0000
  0
INSERT
  8
17
  2
LONGP100
 10
60.9600
 20
44.4500
 30
0.0000
 41
1.4224
 42
1.4224
 43
1.0000
 50
90.0000
  0
INSERT
  8
17
  2
LONGP100
 10
53.3400
 20
25.4000
 30
0.0000
 41
1.4224
 42
1.4224
 43
1.0000
 50
180.0000
  0
INSERT
  8
17
  2
LONGP100
 10
53.3400
 20
27.9400
 30
0.0000
 41
1.4224
 42
1.4224
 43
1.0000
 50
180.0000
  0
INSERT
  8
17
  2
LONGP100
 10
53.3400
 20
30.4800
 30
0.0000
 41
1.4224
 42
1.4224
 43
1.0000
 50
180.0000
  0
INSERT
  8
17
  2
LONGP100
 10
53.3400
 20
33.0200
 30
0.0000
 41
1.4224
 42
1.4224
 43
1.0000
 50
180.0000
  0
INSERT
  8
17
  2
LONGP100
 10
53.3400
 20
35.5600
 30
0.0000
 41
1.4224
 42
1.4224
 43
1.0000
 50
180.0000
  0
INSERT
  8
17
  2
LONGP100
 10
53.3400
 20
38.1000
 30
0.0000
 41
1.4224
 42
1.4224
 43
1.0000
 50
180.0000
  0
INSERT
  8
17
  2
LONGP100
 10
53.3400
 20
40.6400
 30
0.0000
 41
1.4224
 42
1.4224
 43
1.0000
 50
180.0000
  0
INSERT
  8
17
  2
LONGP100
 10
45.7200
 20
40.6400
 30
0.0000
 41
1.4224
 42
1.4224
 43
1.0000
 50
180.0000
  0
INSERT
  8
17
  2
LONGP100
 10
45.7200
 20
38.1000
 30
0.0000
 41
1.4224
 42
1.4224
 43
1.0000
 50
180.0000
  0
INSERT
  8
17
  2
LONGP100
 10
45.7200
 20
35.5600
 30
0.0000
 41
1.4224
 42
1.4224
 43
1.0000
 50
180.0000
  0
INSERT
  8
17
  2
LONGP100
 10
45.7200
 20
33.0200
 30
0.0000
 41
1.4224
 42
1.4224
 43
1.0000
 50
180.0000
  0
INSERT
  8
17
  2
LONGP100
 10
45.7200
 20
30.4800
 30
0.0000
 41
1.4224
 42
1.4224
 43
1.0000
 50
180.0000
  0
INSERT
  8
17
  2
LONGP100
 10
45.7200
 20
27.9400
 30
0.0000
 41
1.4224
 42
1.4224
 43
1.0000
 50
180.0000
  0
INSERT
  8
17
  2
LONGP100
 10
45.7200
 20
25.4000
 30
0.0000
 41
1.4224
 42
1.4224
 43
1.0000
 50
180.0000
  0
INSERT
  8
17
  2
LONGP100
 10
33.0200
 20
48.2600
 30
0.0000
 41
1.4224
 42
1.4224
 43
1.0000
 50
90.0000
  0
INSERT
  8
17
  2
LONGP100
 10
35.5600
 20
48.2600
 30
0.0000
 41
1.4224
 42
1.4224
 43
1.0000
 50
90.0000
  0
INSERT
  8
17
  2
LONGP100
 10
38.1000
 20
48.2600
 30
0.0000
 41
1.4224
 42
1.4224
 43
1.0000
 50
90.0000
  0
INSERT
  8
17
  2
LONGP100
 10
40.6400
 20
48.2600
 30
0.0000
 41
1.4224
 42
1.4224
 43
1.0000
 50
90.0000
  0
INSERT
  8
17
  2
LONGP100
 10
43.1800
 20
48.2600
 30
0.0000
 41
1.4224
 42
1.4224
 43
1.0000
 50
90.0000
  0
INSERT
  8
17
  2
LONGP100
 10
45.7200
 20
48.2600
 30
0.0000
 41
1.4224
 42
1.4224
 43
1.0000
 50
90.0000
  0
INSERT
  8
17
  2
LONGP100
 10
48.2600
 20
48.2600
 30
0.0000
 41
1.4224
 42
1.4224
 43
1.0000
 50
90.0000
  0
INSERT
  8
17
  2
LONGP100
 10
50.8000
 20
48.2600
 30
0.0000
 41
1.4224
 42
1.4224
 43
1.0000
 50
90.0000
  0
INSERT
  8
17
  2
LONGP100
 10
50.8000
 20
55.8800
 30
0.0000
 41
1.4224
 42
1.4224
 43
1.0000
 50
90.0000
  0
INSERT
  8
17
  2
LONGP100
 10
48.2600
 20
55.8800
 30
0.0000
 41
1.4224
 42
1.4224
 43
1.0000
 50
90.0000
  0
INSERT
  8
17
  2
LONGP100
 10
45.7200
 20
55.8800
 30
0.0000
 41
1.4224
 42
1.4224
 43
1.0000
 50
90.0000
  0
INSERT
  8
17
  2
LONGP100
 10
43.1800
 20
55.8800
 30
0.0000
 41
1.4224
 42
1.4224
 43
1.0000
 50
90.0000
  0
INSERT
  8
17
  2
LONGP100
 10
40.6400
 20
55.8800
 30
0.0000
 41
1.4224
 42
1.4224
 43
1.0000
 50
90.0000
  0
INSERT
  8
17
  2
LONGP100
 10
38.1000
 20
55.8800
 30
0.0000
 41
1.4224
 42
1.4224
 43
1.0000
 50
90.0000
  0
INSERT
  8
17
  2
LONGP100
 10
35.5600
 20
55.8800
 30
0.0000
 41
1.4224
 42
1.4224
 43
1.0000
 50
90.0000
  0
INSERT
  8
17
  2
LONGP100
 10
33.0200
 20
55.8800
 30
0.0000
 41
1.4224
 42
1.4224
 43
1.0000
 50
90.0000
  0
INSERT
  8
17
  2
LONGP100
 10
38.1000
 20
25.4000
 30
0.0000
 41
1.4224
 42
1.4224
 43
1.0000
 50
180.0000
  0
INSERT
  8
17
  2
LONGP100
 10
38.1000
 20
27.9400
 30
0.0000
 41
1.4224
 42
1.4224
 43
1.0000
 50
180.0000
  0
INSERT
  8
17
  2
LONGP100
 10
38.1000
 20
30.4800
 30
0.0000
 41
1.4224
 42
1.4224
 43
1.0000
 50
180.0000
  0
INSERT
  8
17
  2
LONGP100
 10
38.1000
 20
33.0200
 30
0.0000
 41
1.4224
 42
1.4224
 43
1.0000
 50
180.0000
  0
INSERT
  8
17
  2
LONGP100
 10
38.1000
 20
35.5600
 30
0.0000
 41
1.4224
 42
1.4224
 43
1.0000
 50
180.0000
  0
INSERT
  8
17
  2
LONGP100
 10
38.1000
 20
38.1000
 30
0.0000
 41
1.4224
 42
1.4224
 43
1.0000
 50
180.0000
  0
INSERT
  8
17
  2
LONGP100
 10
38.1000
 20
40.6400
 30
0.0000
 41
1.4224
 42
1.4224
 43
1.0000
 50
180.0000
  0
INSERT
  8
17
  2
LONGP100
 10
30.4800
 20
40.6400
 30
0.0000
 41
1.4224
 42
1.4224
 43
1.0000
 50
180.0000
  0
INSERT
  8
17
  2
LONGP100
 10
30.4800
 20
38.1000
 30
0.0000
 41
1.4224
 42
1.4224
 43
1.0000
 50
180.0000
  0
INSERT
  8
17
  2
LONGP100
 10
30.4800
 20
35.5600
 30
0.0000
 41
1.4224
 42
1.4224
 43
1.0000
 50
180.0000
  0
INSERT
  8
17
  2
LONGP100
 10
30.4800
 20
33.0200
 30
0.0000
 41
1.4224
 42
1.4224
 43
1.0000
 50
180.0000
  0
INSERT
  8
17
  2
LONGP100
 10
30.4800
 20
30.4800
 30
0.0000
 41
1.4224
 42
1.4224
 43
1.0000
 50
180.0000
  0
INSERT
  8
17
  2
LONGP100
 10
30.4800
 20
27.9400
 30
0.0000
 41
1.4224
 42
1.4224
 43
1.0000
 50
180.0000
  0
INSERT
  8
17
  2
LONGP100
 10
30.4800
 20
25.4000
 30
0.0000
 41
1.4224
 42
1.4224
 43
1.0000
 50
180.0000
  0
INSERT
  8
17
  2
OCTAGONP
 10
43.1800
 20
27.9400
 30
0.0000
 41
1.6002
 42
1.6002
 43
1.0000
 50
0.0000
  0
INSERT
  8
17
  2
OCTAGONP
 10
68.5800
 20
34.2900
 30
0.0000
 41
1.6002
 42
1.6002
 43
1.0000
 50
0.0000
  0
INSERT
  8
17
  2
OCTAGONP
 10
71.1200
 20
46.9900
 30
0.0000
 41
1.6002
 42
1.6002
 43
1.0000
 50
0.0000
  0
INSERT
  8
17
  2
OCTAGONP
 10
96.5200
 20
36.8300
 30
0.0000
 41
1.6002
 42
1.6002
 43
1.0000
 50
0.0000
  0
INSERT
  8
17
  2
OCTAGONP
 10
68.5800
 20
46.9900
 30
0.0000
 41
1.6002
 42
1.6002
 43
1.0000
 50
0.0000
  0
INSERT
  8
17
  2
OCTAGONP
 10
96.5200
 20
39.3700
 30
0.0000
 41
1.6002
 42
1.6002
 43
1.0000
 50
0.0000
  0
INSERT
  8
17
  2
OCTAGONP
 10
66.0400
 20
46.9900
 30
0.0000
 41
1.6002
 42
1.6002
 43
1.0000
 50
0.0000
  0
INSERT
  8
17
  2
OCTAGONP
 10
96.5200
 20
41.9100
 30
0.0000
 41
1.6002
 42
1.6002
 43
1.0000
 50
0.0000
  0
INSERT
  8
17
  2
OCTAGONP
 10
53.3400
 20
12.7000
 30
0.0000
 41
1.6002
 42
1.6002
 43
1.0000
 50
0.0000
  0
INSERT
  8
17
  2
OCTAGONP
 10
81.2800
 20
3.8100
 30
0.0000
 41
1.6002
 42
1.6002
 43
1.0000
 50
0.0000
  0
INSERT
  8
17
  2
ROUNDP
 10
66.0400
 20
5.0800
 30
0.0000
 41
1.4224
 42
1.4224
 43
1.0000
 50
90.0000
  0
INSERT
  8
17
  2
ROUNDP
 10
66.0400
 20
20.3200
 30
0.0000
 41
1.4224
 42
1.4224
 43
1.0000
 50
90.0000
  0
INSERT
  8
17
  2
ROUNDP
 10
58.4200
 20
20.3200
 30
0.0000
 41
1.4224
 42
1.4224
 43
1.0000
 50
90.0000
  0
INSERT
  8
17
  2
ROUNDP
 10
58.4200
 20
5.0800
 30
0.0000
 41
1.4224
 42
1.4224
 43
1.0000
 50
90.0000
  0
INSERT
  8
17
  2
OCTAGONP
 10
68.5800
 20
57.1500
 30
0.0000
 41
1.4224
 42
1.4224
 43
1.0000
 50
180.0000
  0
INSERT
  8
17
  2
OCTAGONP
 10
60.9600
 20
57.1500
 30
0.0000
 41
1.4224
 42
1.4224
 43
1.0000
 50
180.0000
  0
INSERT
  8
17
  2
OCTAGONP
 10
68.5800
 20
49.5300
 30
0.0000
 41
1.4224
 42
1.4224
 43
1.0000
 50
180.0000
  0
INSERT
  8
17
  2
OCTAGONP
 10
60.9600
 20
49.5300
 30
0.0000
 41
1.4224
 42
1.4224
 43
1.0000
 50
180.0000
  0
INSERT
  8
17
  2
OCTAGONP
 10
68.5800
 20
52.0700
 30
0.0000
 41
1.4224
 42
1.4224
 43
1.0000
 50
180.0000
  0
INSERT
  8
17
  2
OCTAGONP
 10
60.9600
 20
52.0700
 30
0.0000
 41
1.4224
 42
1.4224
 43
1.0000
 50
180.0000
  0
INSERT
  8
17
  2
OCTAGONP
 10
68.5800
 20
54.6100
 30
0.0000
 41
1.4224
 42
1.4224
 43
1.0000
 50
180.0000
  0
INSERT
  8
17
  2
OCTAGONP
 10
60.9600
 20
54.6100
 30
0.0000
 41
1.4224
 42
1.4224
 43
1.0000
 50
180.0000
  0
INSERT
  8
17
  2
OCTAGONP
 10
30.4800
 20
58.4200
 30
0.0000
 41
1.4224
 42
1.4224
 43
1.0000
 50
0.0000
  0
INSERT
  8
17
  2
OCTAGONP
 10
38.1000
 20
58.4200
 30
0.0000
 41
1.4224
 42
1.4224
 43
1.0000
 50
0.0000
  0
INSERT
  8
17
  2
LONGP100
 10
71.1200
 20
49.5300
 30
0.0000
 41
1.4224
 42
1.4224
 43
1.0000
 50
90.0000
  0
INSERT
  8
17
  2
LONGP100
 10
73.6600
 20
49.5300
 30
0.0000
 41
1.4224
 42
1.4224
 43
1.0000
 50
90.0000
  0
INSERT
  8
17
  2
LONGP100
 10
76.2000
 20
49.5300
 30
0.0000
 41
1.4224
 42
1.4224
 43
1.0000
 50
90.0000
  0
INSERT
  8
17
  2
LONGP100
 10
78.7400
 20
49.5300
 30
0.0000
 41
1.4224
 42
1.4224
 43
1.0000
 50
90.0000
  0
INSERT
  8
17
  2
LONGP100
 10
78.7400
 20
57.1500
 30
0.0000
 41
1.4224
 42
1.4224
 43
1.0000
 50
90.0000
  0
INSERT
  8
17
  2
LONGP100
 10
76.2000
 20
57.1500
 30
0.0000
 41
1.4224
 42
1.4224
 43
1.0000
 50
90.0000
  0
INSERT
  8
17
  2
LONGP100
 10
73.6600
 20
57.1500
 30
0.0000
 41
1.4224
 42
1.4224
 43
1.0000
 50
90.0000
  0
INSERT
  8
17
  2
LONGP100
 10
71.1200
 20
57.1500
 30
0.0000
 41
1.4224
 42
1.4224
 43
1.0000
 50
90.0000
  0
POLYLINE
  8
16
 66
1
 10
0.0000
 20
0.0000
 30
0.0000
 40
0.4064
 41
0.4064
 70
0
  0
VERTEX
  8
16
 10
17.1450
 20
4.1910
 30
0.0000
  0
VERTEX
  8
16
 10
17.1450
 20
4.6990
 30
0.0000
  0
SEQEND
  8
0
  0
POLYLINE
  8
16
 66
1
 10
0.0000
 20
0.0000
 30
0.0000
 40
0.2032
 41
0.2032
 70
0
  0
VERTEX
  8
16
 10
17.2466
 20
4.6990
 30
0.0000
 42
1.0000
  0
VERTEX
  8
16
 10
17.0434
 20
4.6990
 30
0.0000
  0
SEQEND
  8
0
  0
POLYLINE
  8
16
 66
1
 10
0.0000
 20
0.0000
 30
0.0000
 40
0.2032
 41
0.2032
 70
0
  0
VERTEX
  8
16
 10
17.0434
 20
4.1910
 30
0.0000
 42
1.0000
  0
VERTEX
  8
16
 10
17.2466
 20
4.1910
 30
0.0000
  0
SEQEND
  8
0
  0
POLYLINE
  8
16
 66
1
 10
0.0000
 20
0.0000
 30
0.0000
 40
0.4064
 41
0.4064
 70
0
  0
VERTEX
  8
16
 10
17.1450
 20
4.6990
 30
0.0000
  0
VERTEX
  8
16
 10
20.7010
 20
4.6990
 30
0.0000
  0
SEQEND
  8
0
  0
POLYLINE
  8
16
 66
1
 10
0.0000
 20
0.0000
 30
0.0000
 40
0.2032
 41
0.2032
 70
0
  0
VERTEX
  8
16
 10
20.7010
 20
4.5974
 30
0.0000
 42
1.0000
  0
VERTEX
  8
16
 10
20.7010
 20
4.8006
 30
0.0000
  0
SEQEND
  8
0
  0
POLYLINE
  8
16
 66
1
 10
0.0000
 20
0.0000
 30
0.0000
 40
0.2032
 41
0.2032
 70
0
  0
VERTEX
  8
16
 10
17.1450
 20
4.8006
 30
0.0000
 42
1.0000
  0
VERTEX
  8
16
 10
17.1450
 20
4.5974
 30
0.0000
  0
SEQEND
  8
0
  0
POLYLINE
  8
16
 66
1
 10
0.0000
 20
0.0000
 30
0.0000
 40
0.4064
 41
0.4064
 70
0
  0
VERTEX
  8
16
 10
17.2720
 20
54.9910
 30
0.0000
  0
VERTEX
  8
16
 10
17.1450
 20
55.4990
 30
0.0000
  0
SEQEND
  8
0
  0
POLYLINE
  8
16
 66
1
 10
0.0000
 20
0.0000
 30
0.0000
 40
0.2032
 41
0.2032
 70
0
  0
VERTEX
  8
16
 10
17.2436
 20
55.5236
 30
0.0000
 42
1.0000
  0
VERTEX
  8
16
 10
17.0464
 20
55.4744
 30
0.0000
  0
SEQEND
  8
0
  0
POLYLINE
  8
16
 66
1
 10
0.0000
 20
0.0000
 30
0.0000
 40
0.2032
 41
0.2032
 70
0
  0
VERTEX
  8
16
 10
17.1734
 20
54.9664
 30
0.0000
 42
1.0000
  0
VERTEX
  8
16
 10
17.3706
 20
55.0156
 30
0.0000
  0
SEQEND
  8
0
  0
POLYLINE
  8
16
 66
1
 10
0.0000
 20
0.0000
 30
0.0000
 40
0.4064
 41
0.4064
 70
0
  0
VERTEX
  8
16
 10
17.1450
 20
55.4990
 30
0.0000
  0
VERTEX
  8
16
 10
20.7010
 20
55.4990
 30
0.0000
  0
SEQEND
  8
0
  0
POLYLINE
  8
16
 66
1
 10
0.0000
 20
0.0000
 30
0.0000
 40
0.2032
 41
0.2032
 70
0
  0
VERTEX
  8
16
 10
20.7010
 20
55.3974
 30
0.0000
 42
1.0000
  0
VERTEX
  8
16
 10
20.7010
 20
55.6006
 30
0.0000
  0
SEQEND
  8
0
  0
POLYLINE
  8
16
 66
1
 10
0.0000
 20
0.0000
 30
0.0000
 40
0.2032
 41
0.2032
 70
0
  0
VERTEX
  8
16
 10
17.1450
 20
55.6006
 30
0.0000
 42
1.0000
  0
VERTEX
  8
16
 10
17.1450
 20
55.3974
 30
0.0000
  0
SEQEND
  8
0
  0
POLYLINE
  8
16
 66
1
 10
0.0000
 20
0.0000
 30
0.0000
 40
0.4064
 41
0.4064
 70
0
  0
VERTEX
  8
16
 10
21.3360
 20
8.5090
 30
0.0000
  0
VERTEX
  8
16
 10
20.0660
 20
7.2390
 30
0.0000
  0
SEQEND
  8
0
  0
POLYLINE
  8
16
 66
1
 10
0.0000
 20
0.0000
 30
0.0000
 40
0.2032
 41
0.2032
 70
0
  0
VERTEX
  8
16
 10
19.9942
 20
7.3108
 30
0.0000
 42
1.0000
  0
VERTEX
  8
16
 10
20.1378
 20
7.1672
 30
0.0000
  0
SEQEND
  8
0
  0
POLYLINE
  8
16
 66
1
 10
0.0000
 20
0.0000
 30
0.0000
 40
0.2032
 41
0.2032
 70
0
  0
VERTEX
  8
16
 10
21.4078
 20
8.4372
 30
0.0000
 42
1.0000
  0
VERTEX
  8
16
 10
21.2642
 20
8.5808
 30
0.0000
  0
SEQEND
  8
0
  0
POLYLINE
  8
16
 66
1
 10
0.0000
 20
0.0000
 30
0.0000
 40
0.4064
 41
0.4064
 70
0
  0
VERTEX
  8
16
 10
20.0660
 20
7.2390
 30
0.0000
  0
VERTEX
  8
16
 10
17.5260
 20
7.2390
 30
0.0000
  0
SEQEND
  8
0
  0
POLYLINE
  8
16
 66
1
 10
0.0000
 20
0.0000
 30
0.0000
 40
0.2032
 41
0.2032
 70
0
  0
VERTEX
  8
16
 10
17.5260
 20
7.3406
 30
0.0000
 42
1.0000
  0
VERTEX
  8
16
 10
17.5260
 20
7.1374
 30
0.0000
  0
SEQEND
  8
0
  0
POLYLINE
  8
16
 66
1
 10
0.0000
 20
0.0000
 30
0.0000
 40
0.2032
 41
0.2032
 70
0
  0
VERTEX
  8
16
 10
20.0660
 20
7.1374
 30
0.0000
 42
1.0000
  0
VERTEX
  8
16
 10
20.0660
 20
7.3406
 30
0.0000
  0
SEQEND
  8
0
  0
POLYLINE
  8
16
 66
1
 10
0.0000
 20
0.0000
 30
0.0000
 40
0.4064
 41
0.4064
 70
0
  0
VERTEX
  8
16
 10
21.3360
 20
21.2090
 30
0.0000
  0
VERTEX
  8
16
 10
20.0660
 20
19.9390
 30
0.0000
  0
SEQEND
  8
0
  0
POLYLINE
  8
16
 66
1
 10
0.0000
 20
0.0000
 30
0.0000
 40
0.2032
 41
0.2032
 70
0
  0
VERTEX
  8
16
 10
19.9942
 20
20.0108
 30
0.0000
 42
1.0000
  0
VERTEX
  8
16
 10
20.1378
 20
19.8672
 30
0.0000
  0
SEQEND
  8
0
  0
POLYLINE
  8
16
 66
1
 10
0.0000
 20
0.0000
 30
0.0000
 40
0.2032
 41
0.2032
 70
0
  0
VERTEX
  8
16
 10
21.4078
 20
21.1372
 30
0.0000
 42
1.0000
  0
VERTEX
  8
16
 10
21.2642
 20
21.2808
 30
0.0000
  0
SEQEND
  8
0
  0
POLYLINE
  8
16
 66
1
 10
0.0000
 20
0.0000
 30
0.0000
 40
0.4064
 41
0.4064
 70
0
  0
VERTEX
  8
16
 10
20.0660
 20
19.9390
 30
0.0000
  0
VERTEX
  8
16
 10
17.5260
 20
19.9390
 30
0.0000
  0
SEQEND
  8
0
  0
POLYLINE
  8
16
 66
1
 10
0.0000
 20
0.0000
 30
0.0000
 40
0.2032
 41
0.2032
 70
0
  0
VERTEX
  8
16
 10
17.5260
 20
20.0406
 30
0.0000
 42
1.0000
  0
VERTEX
  8
16
 10
17.5260
 20
19.8374
 30
0.0000
  0
SEQEND
  8
0
  0
POLYLINE
  8
16
 66
1
 10
0.0000
 20
0.0000
 30
0.0000
 40
0.2032
 41
0.2032
 70
0
  0
VERTEX
  8
16
 10
20.0660
 20
19.8374
 30
0.0000
 42
1.0000
  0
VERTEX
  8
16
 10
20.0660
 20
20.0406
 30
0.0000
  0
SEQEND
  8
0
  0
POLYLINE
  8
16
 66
1
 10
0.0000
 20
0.0000
 30
0.0000
 40
0.4064
 41
0.4064
 70
0
  0
VERTEX
  8
16
 10
21.3360
 20
23.7490
 30
0.0000
  0
VERTEX
  8
16
 10
17.5260
 20
23.7490
 30
0.0000
  0
SEQEND
  8
0
  0
POLYLINE
  8
16
 66
1
 10
0.0000
 20
0.0000
 30
0.0000
 40
0.2032
 41
0.2032
 70
0
  0
VERTEX
  8
16
 10
17.5260
 20
23.8506
 30
0.0000
 42
1.0000
  0
VERTEX
  8
16
 10
17.5260
 20
23.6474
 30
0.0000
  0
SEQEND
  8
0
  0
POLYLINE
  8
16
 66
1
 10
0.0000
 20
0.0000
 30
0.0000
 40
0.2032
 41
0.2032
 70
0
  0
VERTEX
  8
16
 10
21.3360
 20
23.6474
 30
0.0000
 42
1.0000
  0
VERTEX
  8
16
 10
21.3360
 20
23.8506
 30
0.0000
  0
SEQEND
  8
0
  0
POLYLINE
  8
16
 66
1
 10
0.0000
 20
0.0000
 30
0.0000
 40
0.4064
 41
0.4064
 70
0
  0
VERTEX
  8
16
 10
21.3360
 20
27.5590
 30
0.0000
  0
VERTEX
  8
16
 10
20.0660
 20
26.2890
 30
0.0000
  0
SEQEND
  8
0
  0
POLYLINE
  8
16
 66
1
 10
0.0000
 20
0.0000
 30
0.0000
 40
0.2032
 41
0.2032
 70
0
  0
VERTEX
  8
16
 10
19.9942
 20
26.3608
 30
0.0000
 42
1.0000
  0
VERTEX
  8
16
 10
20.1378
 20
26.2172
 30
0.0000
  0
SEQEND
  8
0
  0
POLYLINE
  8
16
 66
1
 10
0.0000
 20
0.0000
 30
0.0000
 40
0.2032
 41
0.2032
 70
0
  0
VERTEX
  8
16
 10
21.4078
 20
27.4872
 30
0.0000
 42
1.0000
  0
VERTEX
  8
16
 10
21.2642
 20
27.6308
 30
0.0000
  0
SEQEND
  8
0
  0
POLYLINE
  8
16
 66
1
 10
0.0000
 20
0.0000
 30
0.0000
 40
0.4064
 41
0.4064
 70
0
  0
VERTEX
  8
16
 10
20.0660
 20
26.2890
 30
0.0000
  0
VERTEX
  8
16
 10
17.5260
 20
26.2890
 30
0.0000
  0
SEQEND
  8
0
  0
POLYLINE
  8
16
 66
1
 10
0.0000
 20
0.0000
 30
0.0000
 40
0.2032
 41
0.2032
 70
0
  0
VERTEX
  8
16
 10
17.5260
 20
26.3906
 30
0.0000
 42
1.0000
  0
VERTEX
  8
16
 10
17.5260
 20
26.1874
 30
0.0000
  0
SEQEND
  8
0
  0
POLYLINE
  8
16
 66
1
 10
0.0000
 20
0.0000
 30
0.0000
 40
0.2032
 41
0.2032
 70
0
  0
VERTEX
  8
16
 10
20.0660
 20
26.1874
 30
0.0000
 42
1.0000
  0
VERTEX
  8
16
 10
20.0660
 20
26.3906
 30
0.0000
  0
SEQEND
  8
0
  0
POLYLINE
  8
16
 66
1
 10
0.0000
 20
0.0000
 30
0.0000
 40
0.4064
 41
0.4064
 70
0
  0
VERTEX
  8
16
 10
21.3360
 20
30.0990
 30
0.0000
  0
VERTEX
  8
16
 10
17.5260
 20
30.0990
 30
0.0000
  0
SEQEND
  8
0
  0
POLYLINE
  8
16
 66
1
 10
0.0000
 20
0.0000
 30
0.0000
 40
0.2032
 41
0.2032
 70
0
  0
VERTEX
  8
16
 10
17.5260
 20
30.2006
 30
0.0000
 42
1.0000
  0
VERTEX
  8
16
 10
17.5260
 20
29.9974
 30
0.0000
  0
SEQEND
  8
0
  0
POLYLINE
  8
16
 66
1
 10
0.0000
 20
0.0000
 30
0.0000
 40
0.2032
 41
0.2032
 70
0
  0
VERTEX
  8
16
 10
21.3360
 20
29.9974
 30
0.0000
 42
1.0000
  0
VERTEX
  8
16
 10
21.3360
 20
30.2006
 30
0.0000
  0
SEQEND
  8
0
  0
POLYLINE
  8
16
 66
1
 10
0.0000
 20
0.0000
 30
0.0000
 40
0.4064
 41
0.4064
 70
0
  0
VERTEX
  8
16
 10
21.3360
 20
33.9090
 30
0.0000
  0
VERTEX
  8
16
 10
20.0660
 20
32.6390
 30
0.0000
  0
SEQEND
  8
0
  0
POLYLINE
  8
16
 66
1
 10
0.0000
 20
0.0000
 30
0.0000
 40
0.2032
 41
0.2032
 70
0
  0
VERTEX
  8
16
 10
19.9942
 20
32.7108
 30
0.0000
 42
1.0000
  0
VERTEX
  8
16
 10
20.1378
 20
32.5672
 30
0.0000
  0
SEQEND
  8
0
  0
POLYLINE
  8
16
 66
1
 10
0.0000
 20
0.0000
 30
0.0000
 40
0.2032
 41
0.2032
 70
0
  0
VERTEX
  8
16
 10
21.4078
 20
33.8372
 30
0.0000
 42
1.0000
  0
VERTEX
  8
16
 10
21.2642
 20
33.9808
 30
0.0000
  0
SEQEND
  8
0
  0
POLYLINE
  8
16
 66
1
 10
0.0000
 20
0.0000
 30
0.0000
 40
0.4064
 41
0.4064
 70
0
  0
VERTEX
  8
16
 10
20.0660
 20
32.6390
 30
0.0000
  0
VERTEX
  8
16
 10
17.5260
 20
32.6390
 30
0.0000
  0
SEQEND
  8
0
  0
POLYLINE
  8
16
 66
1
 10
0.0000
 20
0.0000
 30
0.0000
 40
0.2032
 41
0.2032
 70
0
  0
VERTEX
  8
16
 10
17.5260
 20
32.7406
 30
0.0000
 42
1.0000
  0
VERTEX
  8
16
 10
17.5260
 20
32.5374
 30
0.0000
  0
SEQEND
  8
0
  0
POLYLINE
  8
16
 66
1
 10
0.0000
 20
0.0000
 30
0.0000
 40
0.2032
 41
0.2032
 70
0
  0
VERTEX
  8
16
 10
20.0660
 20
32.5374
 30
0.0000
 42
1.0000
  0
VERTEX
  8
16
 10
20.0660
 20
32.7406
 30
0.0000
  0
SEQEND
  8
0
  0
POLYLINE
  8
16
 66
1
 10
0.0000
 20
0.0000
 30
0.0000
 40
0.4064
 41
0.4064
 70
0
  0
VERTEX
  8
16
 10
21.3360
 20
11.0490
 30
0.0000
  0
VERTEX
  8
16
 10
17.5260
 20
11.0490
 30
0.0000
  0
SEQEND
  8
0
  0
POLYLINE
  8
16
 66
1
 10
0.0000
 20
0.0000
 30
0.0000
 40
0.2032
 41
0.2032
 70
0
  0
VERTEX
  8
16
 10
17.5260
 20
11.1506
 30
0.0000
 42
1.0000
  0
VERTEX
  8
16
 10
17.5260
 20
10.9474
 30
0.0000
  0
SEQEND
  8
0
  0
POLYLINE
  8
16
 66
1
 10
0.0000
 20
0.0000
 30
0.0000
 40
0.2032
 41
0.2032
 70
0
  0
VERTEX
  8
16
 10
21.3360
 20
10.9474
 30
0.0000
 42
1.0000
  0
VERTEX
  8
16
 10
21.3360
 20
11.1506
 30
0.0000
  0
SEQEND
  8
0
  0
POLYLINE
  8
16
 66
1
 10
0.0000
 20
0.0000
 30
0.0000
 40
0.4064
 41
0.4064
 70
0
  0
VERTEX
  8
16
 10
21.3360
 20
14.8590
 30
0.0000
  0
VERTEX
  8
16
 10
20.0660
 20
13.5890
 30
0.0000
  0
SEQEND
  8
0
  0
POLYLINE
  8
16
 66
1
 10
0.0000
 20
0.0000
 30
0.0000
 40
0.2032
 41
0.2032
 70
0
  0
VERTEX
  8
16
 10
19.9942
 20
13.6608
 30
0.0000
 42
1.0000
  0
VERTEX
  8
16
 10
20.1378
 20
13.5172
 30
0.0000
  0
SEQEND
  8
0
  0
POLYLINE
  8
16
 66
1
 10
0.0000
 20
0.0000
 30
0.0000
 40
0.2032
 41
0.2032
 70
0
  0
VERTEX
  8
16
 10
21.4078
 20
14.7872
 30
0.0000
 42
1.0000
  0
VERTEX
  8
16
 10
21.2642
 20
14.9308
 30
0.0000
  0
SEQEND
  8
0
  0
POLYLINE
  8
16
 66
1
 10
0.0000
 20
0.0000
 30
0.0000
 40
0.4064
 41
0.4064
 70
0
  0
VERTEX
  8
16
 10
20.0660
 20
13.5890
 30
0.0000
  0
VERTEX
  8
16
 10
17.5260
 20
13.5890
 30
0.0000
  0
SEQEND
  8
0
  0
POLYLINE
  8
16
 66
1
 10
0.0000
 20
0.0000
 30
0.0000
 40
0.2032
 41
0.2032
 70
0
  0
VERTEX
  8
16
 10
17.5260
 20
13.6906
 30
0.0000
 42
1.0000
  0
VERTEX
  8
16
 10
17.5260
 20
13.4874
 30
0.0000
  0
SEQEND
  8
0
  0
POLYLINE
  8
16
 66
1
 10
0.0000
 20
0.0000
 30
0.0000
 40
0.2032
 41
0.2032
 70
0
  0
VERTEX
  8
16
 10
20.0660
 20
13.4874
 30
0.0000
 42
1.0000
  0
VERTEX
  8
16
 10
20.0660
 20
13.6906
 30
0.0000
  0
SEQEND
  8
0
  0
POLYLINE
  8
16
 66
1
 10
0.0000
 20
0.0000
 30
0.0000
 40
0.4064
 41
0.4064
 70
0
  0
VERTEX
  8
16
 10
21.3360
 20
17.3990
 30
0.0000
  0
VERTEX
  8
16
 10
17.5260
 20
17.3990
 30
0.0000
  0
SEQEND
  8
0
  0
POLYLINE
  8
16
 66
1
 10
0.0000
 20
0.0000
 30
0.0000
 40
0.2032
 41
0.2032
 70
0
  0
VERTEX
  8
16
 10
17.5260
 20
17.5006
 30
0.0000
 42
1.0000
  0
VERTEX
  8
16
 10
17.5260
 20
17.2974
 30
0.0000
  0
SEQEND
  8
0
  0
POLYLINE
  8
16
 66
1
 10
0.0000
 20
0.0000
 30
0.0000
 40
0.2032
 41
0.2032
 70
0
  0
VERTEX
  8
16
 10
21.3360
 20
17.2974
 30
0.0000
 42
1.0000
  0
VERTEX
  8
16
 10
21.3360
 20
17.5006
 30
0.0000
  0
SEQEND
  8
0
  0
POLYLINE
  8
16
 66
1
 10
0.0000
 20
0.0000
 30
0.0000
 40
0.4064
 41
0.4064
 70
0
  0
VERTEX
  8
16
 10
21.3360
 20
36.4490
 30
0.0000
  0
VERTEX
  8
16
 10
17.5260
 20
36.4490
 30
0.0000
  0
SEQEND
  8
0
  0
POLYLINE
  8
16
 66
1
 10
0.0000
 20
0.0000
 30
0.0000
 40
0.2032
 41
0.2032
 70
0
  0
VERTEX
  8
16
 10
17.5260
 20
36.5506
 30
0.0000
 42
1.0000
  0
VERTEX
  8
16
 10
17.5260
 20
36.3474
 30
0.0000
  0
SEQEND
  8
0
  0
POLYLINE
  8
16
 66
1
 10
0.0000
 20
0.0000
 30
0.0000
 40
0.2032
 41
0.2032
 70
0
  0
VERTEX
  8
16
 10
21.3360
 20
36.3474
 30
0.0000
 42
1.0000
  0
VERTEX
  8
16
 10
21.3360
 20
36.5506
 30
0.0000
  0
SEQEND
  8
0
  0
POLYLINE
  8
16
 66
1
 10
0.0000
 20
0.0000
 30
0.0000
 40
0.4064
 41
0.4064
 70
0
  0
VERTEX
  8
16
 10
21.3360
 20
40.2590
 30
0.0000
  0
VERTEX
  8
16
 10
20.0660
 20
38.9890
 30
0.0000
  0
SEQEND
  8
0
  0
POLYLINE
  8
16
 66
1
 10
0.0000
 20
0.0000
 30
0.0000
 40
0.2032
 41
0.2032
 70
0
  0
VERTEX
  8
16
 10
19.9942
 20
39.0608
 30
0.0000
 42
1.0000
  0
VERTEX
  8
16
 10
20.1378
 20
38.9172
 30
0.0000
  0
SEQEND
  8
0
  0
POLYLINE
  8
16
 66
1
 10
0.0000
 20
0.0000
 30
0.0000
 40
0.2032
 41
0.2032
 70
0
  0
VERTEX
  8
16
 10
21.4078
 20
40.1872
 30
0.0000
 42
1.0000
  0
VERTEX
  8
16
 10
21.2642
 20
40.3308
 30
0.0000
  0
SEQEND
  8
0
  0
POLYLINE
  8
16
 66
1
 10
0.0000
 20
0.0000
 30
0.0000
 40
0.4064
 41
0.4064
 70
0
  0
VERTEX
  8
16
 10
20.0660
 20
38.9890
 30
0.0000
  0
VERTEX
  8
16
 10
17.5260
 20
38.9890
 30
0.0000
  0
SEQEND
  8
0
  0
POLYLINE
  8
16
 66
1
 10
0.0000
 20
0.0000
 30
0.0000
 40
0.2032
 41
0.2032
 70
0
  0
VERTEX
  8
16
 10
17.5260
 20
39.0906
 30
0.0000
 42
1.0000
  0
VERTEX
  8
16
 10
17.5260
 20
38.8874
 30
0.0000
  0
SEQEND
  8
0
  0
POLYLINE
  8
16
 66
1
 10
0.0000
 20
0.0000
 30
0.0000
 40
0.2032
 41
0.2032
 70
0
  0
VERTEX
  8
16
 10
20.0660
 20
38.8874
 30
0.0000
 42
1.0000
  0
VERTEX
  8
16
 10
20.0660
 20
39.0906
 30
0.0000
  0
SEQEND
  8
0
  0
POLYLINE
  8
16
 66
1
 10
0.0000
 20
0.0000
 30
0.0000
 40
0.4064
 41
0.4064
 70
0
  0
VERTEX
  8
16
 10
21.3360
 20
42.7990
 30
0.0000
  0
VERTEX
  8
16
 10
17.5260
 20
42.7990
 30
0.0000
  0
SEQEND
  8
0
  0
POLYLINE
  8
16
 66
1
 10
0.0000
 20
0.0000
 30
0.0000
 40
0.2032
 41
0.2032
 70
0
  0
VERTEX
  8
16
 10
17.5260
 20
42.9006
 30
0.0000
 42
1.0000
  0
VERTEX
  8
16
 10
17.5260
 20
42.6974
 30
0.0000
  0
SEQEND
  8
0
  0
POLYLINE
  8
16
 66
1
 10
0.0000
 20
0.0000
 30
0.0000
 40
0.2032
 41
0.2032
 70
0
  0
VERTEX
  8
16
 10
21.3360
 20
42.6974
 30
0.0000
 42
1.0000
  0
VERTEX
  8
16
 10
21.3360
 20
42.9006
 30
0.0000
  0
SEQEND
  8
0
  0
POLYLINE
  8
16
 66
1
 10
0.0000
 20
0.0000
 30
0.0000
 40
0.4064
 41
0.4064
 70
0
  0
VERTEX
  8
16
 10
21.3360
 20
46.6090
 30
0.0000
  0
VERTEX
  8
16
 10
20.0660
 20
45.3390
 30
0.0000
  0
SEQEND
  8
0
  0
POLYLINE
  8
16
 66
1
 10
0.0000
 20
0.0000
 30
0.0000
 40
0.2032
 41
0.2032
 70
0
  0
VERTEX
  8
16
 10
19.9942
 20
45.4108
 30
0.0000
 42
1.0000
  0
VERTEX
  8
16
 10
20.1378
 20
45.2672
 30
0.0000
  0
SEQEND
  8
0
  0
POLYLINE
  8
16
 66
1
 10
0.0000
 20
0.0000
 30
0.0000
 40
0.2032
 41
0.2032
 70
0
  0
VERTEX
  8
16
 10
21.4078
 20
46.5372
 30
0.0000
 42
1.0000
  0
VERTEX
  8
16
 10
21.2642
 20
46.6808
 30
0.0000
  0
SEQEND
  8
0
  0
POLYLINE
  8
16
 66
1
 10
0.0000
 20
0.0000
 30
0.0000
 40
0.4064
 41
0.4064
 70
0
  0
VERTEX
  8
16
 10
20.0660
 20
45.3390
 30
0.0000
  0
VERTEX
  8
16
 10
17.5260
 20
45.3390
 30
0.0000
  0
SEQEND
  8
0
  0
POLYLINE
  8
16
 66
1
 10
0.0000
 20
0.0000
 30
0.0000
 40
0.2032
 41
0.2032
 70
0
  0
VERTEX
  8
16
 10
17.5260
 20
45.4406
 30
0.0000
 42
1.0000
  0
VERTEX
  8
16
 10
17.5260
 20
45.2374
 30
0.0000
  0
SEQEND
  8
0
  0
POLYLINE
  8
16
 66
1
 10
0.0000
 20
0.0000
 30
0.0000
 40
0.2032
 41
0.2032
 70
0
  0
VERTEX
  8
16
 10
20.0660
 20
45.2374
 30
0.0000
 42
1.0000
  0
VERTEX
  8
16
 10
20.0660
 20
45.4406
 30
0.0000
  0
SEQEND
  8
0
  0
POLYLINE
  8
16
 66
1
 10
0.0000
 20
0.0000
 30
0.0000
 40
0.4064
 41
0.4064
 70
0
  0
VERTEX
  8
16
 10
21.3360
 20
49.1490
 30
0.0000
  0
VERTEX
  8
16
 10
17.5260
 20
49.1490
 30
0.0000
  0
SEQEND
  8
0
  0
POLYLINE
  8
16
 66
1
 10
0.0000
 20
0.0000
 30
0.0000
 40
0.2032
 41
0.2032
 70
0
  0
VERTEX
  8
16
 10
17.5260
 20
49.2506
 30
0.0000
 42
1.0000
  0
VERTEX
  8
16
 10
17.5260
 20
49.0474
 30
0.0000
  0
SEQEND
  8
0
  0
POLYLINE
  8
16
 66
1
 10
0.0000
 20
0.0000
 30
0.0000
 40
0.2032
 41
0.2032
 70
0
  0
VERTEX
  8
16
 10
21.3360
 20
49.0474
 30
0.0000
 42
1.0000
  0
VERTEX
  8
16
 10
21.3360
 20
49.2506
 30
0.0000
  0
SEQEND
  8
0
  0
POLYLINE
  8
16
 66
1
 10
0.0000
 20
0.0000
 30
0.0000
 40
0.4064
 41
0.4064
 70
0
  0
VERTEX
  8
16
 10
21.3360
 20
52.9590
 30
0.0000
  0
VERTEX
  8
16
 10
20.0660
 20
51.6890
 30
0.0000
  0
SEQEND
  8
0
  0
POLYLINE
  8
16
 66
1
 10
0.0000
 20
0.0000
 30
0.0000
 40
0.2032
 41
0.2032
 70
0
  0
VERTEX
  8
16
 10
19.9942
 20
51.7608
 30
0.0000
 42
1.0000
  0
VERTEX
  8
16
 10
20.1378
 20
51.6172
 30
0.0000
  0
SEQEND
  8
0
  0
POLYLINE
  8
16
 66
1
 10
0.0000
 20
0.0000
 30
0.0000
 40
0.2032
 41
0.2032
 70
0
  0
VERTEX
  8
16
 10
21.4078
 20
52.8872
 30
0.0000
 42
1.0000
  0
VERTEX
  8
16
 10
21.2642
 20
53.0308
 30
0.0000
  0
SEQEND
  8
0
  0
POLYLINE
  8
16
 66
1
 10
0.0000
 20
0.0000
 30
0.0000
 40
0.4064
 41
0.4064
 70
0
  0
VERTEX
  8
16
 10
20.0660
 20
51.6890
 30
0.0000
  0
VERTEX
  8
16
 10
17.5260
 20
51.6890
 30
0.0000
  0
SEQEND
  8
0
  0
POLYLINE
  8
16
 66
1
 10
0.0000
 20
0.0000
 30
0.0000
 40
0.2032
 41
0.2032
 70
0
  0
VERTEX
  8
16
 10
17.5260
 20
51.7906
 30
0.0000
 42
1.0000
  0
VERTEX
  8
16
 10
17.5260
 20
51.5874
 30
0.0000
  0
SEQEND
  8
0
  0
POLYLINE
  8
16
 66
1
 10
0.0000
 20
0.0000
 30
0.0000
 40
0.2032
 41
0.2032
 70
0
  0
VERTEX
  8
16
 10
20.0660
 20
51.5874
 30
0.0000
 42
1.0000
  0
VERTEX
  8
16
 10
20.0660
 20
51.7906
 30
0.0000
  0
SEQEND
  8
0
  0
POLYLINE
  8
16
 66
1
 10
0.0000
 20
0.0000
 30
0.0000
 40
0.4064
 41
0.4064
 70
0
  0
VERTEX
  8
16
 10
21.3360
 20
59.3090
 30
0.0000
  0
VERTEX
  8
16
 10
20.0660
 20
58.0390
 30
0.0000
  0
SEQEND
  8
0
  0
POLYLINE
  8
16
 66
1
 10
0.0000
 20
0.0000
 30
0.0000
 40
0.2032
 41
0.2032
 70
0
  0
VERTEX
  8
16
 10
19.9942
 20
58.1108
 30
0.0000
 42
1.0000
  0
VERTEX
  8
16
 10
20.1378
 20
57.9672
 30
0.0000
  0
SEQEND
  8
0
  0
POLYLINE
  8
16
 66
1
 10
0.0000
 20
0.0000
 30
0.0000
 40
0.2032
 41
0.2032
 70
0
  0
VERTEX
  8
16
 10
21.4078
 20
59.2372
 30
0.0000
 42
1.0000
  0
VERTEX
  8
16
 10
21.2642
 20
59.3808
 30
0.0000
  0
SEQEND
  8
0
  0
POLYLINE
  8
16
 66
1
 10
0.0000
 20
0.0000
 30
0.0000
 40
0.4064
 41
0.4064
 70
0
  0
VERTEX
  8
16
 10
20.0660
 20
58.0390
 30
0.0000
  0
VERTEX
  8
16
 10
16.2560
 20
58.0390
 30
0.0000
  0
SEQEND
  8
0
  0
POLYLINE
  8
16
 66
1
 10
0.0000
 20
0.0000
 30
0.0000
 40
0.2032
 41
0.2032
 70
0
  0
VERTEX
  8
16
 10
16.2560
 20
58.1406
 30
0.0000
 42
1.0000
  0
VERTEX
  8
16
 10
16.2560
 20
57.9374
 30
0.0000
  0
SEQEND
  8
0
  0
POLYLINE
  8
16
 66
1
 10
0.0000
 20
0.0000
 30
0.0000
 40
0.2032
 41
0.2032
 70
0
  0
VERTEX
  8
16
 10
20.0660
 20
57.9374
 30
0.0000
 42
1.0000
  0
VERTEX
  8
16
 10
20.0660
 20
58.1406
 30
0.0000
  0
SEQEND
  8
0
  0
INSERT
  8
16
  2
RECT
 10
8.9535
 20
29.6545
 30
0.0000
 41
17.1451
 42
2.1591
 43
1.0000
 50
180.0000
  0
INSERT
  8
16
  2
RECT
 10
8.9535
 20
26.4795
 30
0.0000
 41
17.1451
 42
2.1591
 43
1.0000
 50
180.0000
  0
INSERT
  8
16
  2
RECT
 10
8.9535
 20
23.3045
 30
0.0000
 41
17.1451
 42
2.1591
 43
1.0000
 50
180.0000
  0
INSERT
  8
16
  2
RECT
 10
8.9535
 20
39.1795
 30
0.0000
 41
17.1451
 42
2.1591
 43
1.0000
 50
180.0000
  0
INSERT
  8
16
  2
RECT
 10
8.9535
 20
36.0045
 30
0.0000
 41
17.1451
 42
2.1591
 43
1.0000
 50
180.0000
  0
INSERT
  8
16
  2
RECT
 10
8.9535
 20
32.8295
 30
0.0000
 41
17.1451
 42
2.1591
 43
1.0000
 50
180.0000
  0
INSERT
  8
16
  2
RECT
 10
8.9535
 20
20.1295
 30
0.0000
 41
17.1451
 42
2.1591
 43
1.0000
 50
180.0000
  0
INSERT
  8
16
  2
RECT
 10
8.9535
 20
16.9545
 30
0.0000
 41
17.1451
 42
2.1591
 43
1.0000
 50
180.0000
  0
INSERT
  8
16
  2
RECT
 10
8.9535
 20
13.7795
 30
0.0000
 41
17.1451
 42
2.1591
 43
1.0000
 50
180.0000
  0
INSERT
  8
16
  2
RECT
 10
8.9535
 20
48.7045
 30
0.0000
 41
17.1451
 42
2.1591
 43
1.0000
 50
180.0000
  0
INSERT
  8
16
  2
RECT
 10
8.9535
 20
45.5295
 30
0.0000
 41
17.1451
 42
2.1591
 43
1.0000
 50
180.0000
  0
INSERT
  8
16
  2
RECT
 10
8.9535
 20
42.3545
 30
0.0000
 41
17.1451
 42
2.1591
 43
1.0000
 50
180.0000
  0
INSERT
  8
16
  2
RECT
 10
8.9535
 20
10.6045
 30
0.0000
 41
17.1451
 42
2.1591
 43
1.0000
 50
180.0000
  0
INSERT
  8
16
  2
RECT
 10
8.9535
 20
7.4295
 30
0.0000
 41
17.1451
 42
2.1591
 43
1.0000
 50
180.0000
  0
INSERT
  8
16
  2
RECT
 10
8.9535
 20
4.2545
 30
0.0000
 41
17.1451
 42
2.1591
 43
1.0000
 50
180.0000
  0
INSERT
  8
16
  2
RECT
 10
8.9535
 20
58.2295
 30
0.0000
 41
17.1451
 42
2.1591
 43
1.0000
 50
180.0000
  0
INSERT
  8
16
  2
RECT
 10
8.9535
 20
55.0545
 30
0.0000
 41
17.1451
 42
2.1591
 43
1.0000
 50
180.0000
  0
INSERT
  8
16
  2
RECT
 10
8.9535
 20
51.8795
 30
0.0000
 41
17.1451
 42
2.1591
 43
1.0000
 50
180.0000
  0
INSERT
  8
17
  2
SQUAREP
 10
25.1460
 20
3.4290
 30
0.0000
 41
1.4224
 42
1.4224
 43
1.0000
 50
180.0000
  0
INSERT
  8
17
  2
SQUAREP
 10
21.3360
 20
4.6990
 30
0.0000
 41
1.4224
 42
1.4224
 43
1.0000
 50
180.0000
  0
INSERT
  8
17
  2
SQUAREP
 10
25.1460
 20
7.2390
 30
0.0000
 41
1.4224
 42
1.4224
 43
1.0000
 50
180.0000
  0
INSERT
  8
17
  2
SQUAREP
 10
21.3360
 20
8.5090
 30
0.0000
 41
1.4224
 42
1.4224
 43
1.0000
 50
180.0000
  0
INSERT
  8
17
  2
SQUAREP
 10
25.1460
 20
9.7790
 30
0.0000
 41
1.4224
 42
1.4224
 43
1.0000
 50
180.0000
  0
INSERT
  8
17
  2
SQUAREP
 10
21.3360
 20
11.0490
 30
0.0000
 41
1.4224
 42
1.4224
 43
1.0000
 50
180.0000
  0
INSERT
  8
17
  2
SQUAREP
 10
25.1460
 20
13.5890
 30
0.0000
 41
1.4224
 42
1.4224
 43
1.0000
 50
180.0000
  0
INSERT
  8
17
  2
SQUAREP
 10
21.3360
 20
14.8590
 30
0.0000
 41
1.4224
 42
1.4224
 43
1.0000
 50
180.0000
  0
INSERT
  8
17
  2
SQUAREP
 10
25.1460
 20
16.1290
 30
0.0000
 41
1.4224
 42
1.4224
 43
1.0000
 50
180.0000
  0
INSERT
  8
17
  2
SQUAREP
 10
21.3360
 20
17.3990
 30
0.0000
 41
1.4224
 42
1.4224
 43
1.0000
 50
180.0000
  0
INSERT
  8
17
  2
SQUAREP
 10
25.1460
 20
19.9390
 30
0.0000
 41
1.4224
 42
1.4224
 43
1.0000
 50
180.0000
  0
INSERT
  8
17
  2
SQUAREP
 10
21.3360
 20
21.2090
 30
0.0000
 41
1.4224
 42
1.4224
 43
1.0000
 50
180.0000
  0
INSERT
  8
17
  2
SQUAREP
 10
25.1460
 20
22.4790
 30
0.0000
 41
1.4224
 42
1.4224
 43
1.0000
 50
180.0000
  0
INSERT
  8
17
  2
SQUAREP
 10
21.3360
 20
23.7490
 30
0.0000
 41
1.4224
 42
1.4224
 43
1.0000
 50
180.0000
  0
INSERT
  8
17
  2
SQUAREP
 10
25.1460
 20
26.2890
 30
0.0000
 41
1.4224
 42
1.4224
 43
1.0000
 50
180.0000
  0
INSERT
  8
17
  2
SQUAREP
 10
21.3360
 20
27.5590
 30
0.0000
 41
1.4224
 42
1.4224
 43
1.0000
 50
180.0000
  0
INSERT
  8
17
  2
SQUAREP
 10
25.1460
 20
28.8290
 30
0.0000
 41
1.4224
 42
1.4224
 43
1.0000
 50
180.0000
  0
INSERT
  8
17
  2
SQUAREP
 10
21.3360
 20
30.0990
 30
0.0000
 41
1.4224
 42
1.4224
 43
1.0000
 50
180.0000
  0
INSERT
  8
17
  2
SQUAREP
 10
25.1460
 20
32.6390
 30
0.0000
 41
1.4224
 42
1.4224
 43
1.0000
 50
180.0000
  0
INSERT
  8
17
  2
SQUAREP
 10
21.3360
 20
33.9090
 30
0.0000
 41
1.4224
 42
1.4224
 43
1.0000
 50
180.0000
  0
INSERT
  8
17
  2
SQUAREP
 10
25.1460
 20
35.1790
 30
0.0000
 41
1.4224
 42
1.4224
 43
1.0000
 50
180.0000
  0
INSERT
  8
17
  2
SQUAREP
 10
21.3360
 20
36.4490
 30
0.0000
 41
1.4224
 42
1.4224
 43
1.0000
 50
180.0000
  0
INSERT
  8
17
  2
SQUAREP
 10
25.1460
 20
38.9890
 30
0.0000
 41
1.4224
 42
1.4224
 43
1.0000
 50
180.0000
  0
INSERT
  8
17
  2
SQUAREP
 10
21.3360
 20
40.2590
 30
0.0000
 41
1.4224
 42
1.4224
 43
1.0000
 50
180.0000
  0
INSERT
  8
17
  2
SQUAREP
 10
25.1460
 20
41.5290
 30
0.0000
 41
1.4224
 42
1.4224
 43
1.0000
 50
180.0000
  0
INSERT
  8
17
  2
SQUAREP
 10
21.3360
 20
42.7990
 30
0.0000
 41
1.4224
 42
1.4224
 43
1.0000
 50
180.0000
  0
INSERT
  8
17
  2
SQUAREP
 10
25.1460
 20
45.3390
 30
0.0000
 41
1.4224
 42
1.4224
 43
1.0000
 50
180.0000
  0
INSERT
  8
17
  2
SQUAREP
 10
21.3360
 20
46.6090
 30
0.0000
 41
1.4224
 42
1.4224
 43
1.0000
 50
180.0000
  0
INSERT
  8
17
  2
SQUAREP
 10
25.1460
 20
47.8790
 30
0.0000
 41
1.4224
 42
1.4224
 43
1.0000
 50
180.0000
  0
INSERT
  8
17
  2
SQUAREP
 10
21.3360
 20
49.1490
 30
0.0000
 41
1.4224
 42
1.4224
 43
1.0000
 50
180.0000
  0
INSERT
  8
17
  2
SQUAREP
 10
25.1460
 20
51.6890
 30
0.0000
 41
1.4224
 42
1.4224
 43
1.0000
 50
180.0000
  0
INSERT
  8
17
  2
SQUAREP
 10
21.3360
 20
52.9590
 30
0.0000
 41
1.4224
 42
1.4224
 43
1.0000
 50
180.0000
  0
INSERT
  8
17
  2
SQUAREP
 10
25.1460
 20
54.2290
 30
0.0000
 41
1.4224
 42
1.4224
 43
1.0000
 50
180.0000
  0
INSERT
  8
17
  2
SQUAREP
 10
21.3360
 20
55.4990
 30
0.0000
 41
1.4224
 42
1.4224
 43
1.0000
 50
180.0000
  0
INSERT
  8
17
  2
SQUAREP
 10
25.1460
 20
58.0390
 30
0.0000
 41
1.4224
 42
1.4224
 43
1.0000
 50
180.0000
  0
INSERT
  8
17
  2
SQUAREP
 10
21.3360
 20
59.3090
 30
0.0000
 41
1.4224
 42
1.4224
 43
1.0000
 50
180.0000
  0
POLYLINE
  8
16
 66
1
 10
0.0000
 20
0.0000
 30
0.0000
 40
0.2540
 41
0.2540
 70
0
  0
VERTEX
  8
16
 10
21.8440
 20
30.7340
 30
0.0000
  0
VERTEX
  8
16
 10
21.8440
 20
31.4960
 30
0.0000
  0
SEQEND
  8
0
  0
POLYLINE
  8
16
 66
1
 10
0.0000
 20
0.0000
 30
0.0000
 40
0.1270
 41
0.1270
 70
0
  0
VERTEX
  8
16
 10
21.9075
 20
31.4960
 30
0.0000
 42
1.0000
  0
VERTEX
  8
16
 10
21.7805
 20
31.4960
 30
0.0000
  0
SEQEND
  8
0
  0
POLYLINE
  8
16
 66
1
 10
0.0000
 20
0.0000
 30
0.0000
 40
0.1270
 41
0.1270
 70
0
  0
VERTEX
  8
16
 10
21.7805
 20
30.7340
 30
0.0000
 42
1.0000
  0
VERTEX
  8
16
 10
21.9075
 20
30.7340
 30
0.0000
  0
SEQEND
  8
0
  0
POLYLINE
  8
16
 66
1
 10
0.0000
 20
0.0000
 30
0.0000
 40
0.2540
 41
0.2540
 70
0
  0
VERTEX
  8
16
 10
21.8440
 20
31.4960
 30
0.0000
  0
VERTEX
  8
16
 10
24.3840
 20
34.0360
 30
0.0000
  0
SEQEND
  8
0
  0
POLYLINE
  8
16
 66
1
 10
0.0000
 20
0.0000
 30
0.0000
 40
0.1270
 41
0.1270
 70
0
  0
VERTEX
  8
16
 10
24.4289
 20
33.9911
 30
0.0000
 42
1.0000
  0
VERTEX
  8
16
 10
24.3391
 20
34.0809
 30
0.0000
  0
SEQEND
  8
0
  0
POLYLINE
  8
16
 66
1
 10
0.0000
 20
0.0000
 30
0.0000
 40
0.1270
 41
0.1270
 70
0
  0
VERTEX
  8
16
 10
21.7991
 20
31.5409
 30
0.0000
 42
1.0000
  0
VERTEX
  8
16
 10
21.8889
 20
31.4511
 30
0.0000
  0
SEQEND
  8
0
  0
POLYLINE
  8
16
 66
1
 10
0.0000
 20
0.0000
 30
0.0000
 40
0.2540
 41
0.2540
 70
0
  0
VERTEX
  8
16
 10
24.3840
 20
34.0360
 30
0.0000
  0
VERTEX
  8
16
 10
26.1620
 20
34.0360
 30
0.0000
  0
SEQEND
  8
0
  0
POLYLINE
  8
16
 66
1
 10
0.0000
 20
0.0000
 30
0.0000
 40
0.1270
 41
0.1270
 70
0
  0
VERTEX
  8
16
 10
26.1620
 20
33.9725
 30
0.0000
 42
1.0000
  0
VERTEX
  8
16
 10
26.1620
 20
34.0995
 30
0.0000
  0
SEQEND
  8
0
  0
POLYLINE
  8
16
 66
1
 10
0.0000
 20
0.0000
 30
0.0000
 40
0.1270
 41
0.1270
 70
0
  0
VERTEX
  8
16
 10
24.3840
 20
34.0995
 30
0.0000
 42
1.0000
  0
VERTEX
  8
16
 10
24.3840
 20
33.9725
 30
0.0000
  0
SEQEND
  8
0
  0
POLYLINE
  8
16
 66
1
 10
0.0000
 20
0.0000
 30
0.0000
 40
0.2540
 41
0.2540
 70
0
  0
VERTEX
  8
16
 10
26.1620
 20
34.0360
 30
0.0000
  0
VERTEX
  8
16
 10
27.6860
 20
35.5600
 30
0.0000
  0
SEQEND
  8
0
  0
POLYLINE
  8
16
 66
1
 10
0.0000
 20
0.0000
 30
0.0000
 40
0.1270
 41
0.1270
 70
0
  0
VERTEX
  8
16
 10
27.7309
 20
35.5151
 30
0.0000
 42
1.0000
  0
VERTEX
  8
16
 10
27.6411
 20
35.6049
 30
0.0000
  0
SEQEND
  8
0
  0
POLYLINE
  8
16
 66
1
 10
0.0000
 20
0.0000
 30
0.0000
 40
0.1270
 41
0.1270
 70
0
  0
VERTEX
  8
16
 10
26.1171
 20
34.0809
 30
0.0000
 42
1.0000
  0
VERTEX
  8
16
 10
26.2069
 20
33.9911
 30
0.0000
  0
SEQEND
  8
0
  0
POLYLINE
  8
16
 66
1
 10
0.0000
 20
0.0000
 30
0.0000
 40
0.2540
 41
0.2540
 70
0
  0
VERTEX
  8
16
 10
27.6860
 20
35.5600
 30
0.0000
  0
VERTEX
  8
16
 10
27.6860
 20
40.3860
 30
0.0000
  0
SEQEND
  8
0
  0
POLYLINE
  8
16
 66
1
 10
0.0000
 20
0.0000
 30
0.0000
 40
0.1270
 41
0.1270
 70
0
  0
VERTEX
  8
16
 10
27.7495
 20
40.3860
 30
0.0000
 42
1.0000
  0
VERTEX
  8
16
 10
27.6225
 20
40.3860
 30
0.0000
  0
SEQEND
  8
0
  0
POLYLINE
  8
16
 66
1
 10
0.0000
 20
0.0000
 30
0.0000
 40
0.1270
 41
0.1270
 70
0
  0
VERTEX
  8
16
 10
27.6225
 20
35.5600
 30
0.0000
 42
1.0000
  0
VERTEX
  8
16
 10
27.7495
 20
35.5600
 30
0.0000
  0
SEQEND
  8
0
  0
POLYLINE
  8
16
 66
1
 10
0.0000
 20
0.0000
 30
0.0000
 40
0.2540
 41
0.2540
 70
0
  0
VERTEX
  8
16
 10
27.6860
 20
40.3860
 30
0.0000
  0
VERTEX
  8
16
 10
29.2100
 20
41.9100
 30
0.0000
  0
SEQEND
  8
0
  0
POLYLINE
  8
16
 66
1
 10
0.0000
 20
0.0000
 30
0.0000
 40
0.1270
 41
0.1270
 70
0
  0
VERTEX
  8
16
 10
29.2549
 20
41.8651
 30
0.0000
 42
1.0000
  0
VERTEX
  8
16
 10
29.1651
 20
41.9549
 30
0.0000
  0
SEQEND
  8
0
  0
POLYLINE
  8
16
 66
1
 10
0.0000
 20
0.0000
 30
0.0000
 40
0.1270
 41
0.1270
 70
0
  0
VERTEX
  8
16
 10
27.6411
 20
40.4309
 30
0.0000
 42
1.0000
  0
VERTEX
  8
16
 10
27.7309
 20
40.3411
 30
0.0000
  0
SEQEND
  8
0
  0
POLYLINE
  8
16
 66
1
 10
0.0000
 20
0.0000
 30
0.0000
 40
0.2540
 41
0.2540
 70
0
  0
VERTEX
  8
16
 10
29.2100
 20
41.9100
 30
0.0000
  0
VERTEX
  8
16
 10
33.2740
 20
41.9100
 30
0.0000
  0
SEQEND
  8
0
  0
POLYLINE
  8
16
 66
1
 10
0.0000
 20
0.0000
 30
0.0000
 40
0.1270
 41
0.1270
 70
0
  0
VERTEX
  8
16
 10
33.2740
 20
41.8465
 30
0.0000
 42
1.0000
  0
VERTEX
  8
16
 10
33.2740
 20
41.9735
 30
0.0000
  0
SEQEND
  8
0
  0
POLYLINE
  8
16
 66
1
 10
0.0000
 20
0.0000
 30
0.0000
 40
0.1270
 41
0.1270
 70
0
  0
VERTEX
  8
16
 10
29.2100
 20
41.9735
 30
0.0000
 42
1.0000
  0
VERTEX
  8
16
 10
29.2100
 20
41.8465
 30
0.0000
  0
SEQEND
  8
0
  0
POLYLINE
  8
16
 66
1
 10
0.0000
 20
0.0000
 30
0.0000
 40
0.2540
 41
0.2540
 70
0
  0
VERTEX
  8
16
 10
33.2740
 20
41.9100
 30
0.0000
  0
VERTEX
  8
16
 10
36.8300
 20
38.3540
 30
0.0000
  0
SEQEND
  8
0
  0
POLYLINE
  8
16
 66
1
 10
0.0000
 20
0.0000
 30
0.0000
 40
0.1270
 41
0.1270
 70
0
  0
VERTEX
  8
16
 10
36.7851
 20
38.3091
 30
0.0000
 42
1.0000
  0
VERTEX
  8
16
 10
36.8749
 20
38.3989
 30
0.0000
  0
SEQEND
  8
0
  0
POLYLINE
  8
16
 66
1
 10
0.0000
 20
0.0000
 30
0.0000
 40
0.1270
 41
0.1270
 70
0
  0
VERTEX
  8
16
 10
33.3189
 20
41.9549
 30
0.0000
 42
1.0000
  0
VERTEX
  8
16
 10
33.2291
 20
41.8651
 30
0.0000
  0
SEQEND
  8
0
  0
POLYLINE
  8
16
 66
1
 10
0.0000
 20
0.0000
 30
0.0000
 40
0.2540
 41
0.2540
 70
0
  0
VERTEX
  8
16
 10
21.3360
 20
30.0990
 30
0.0000
  0
VERTEX
  8
16
 10
21.8440
 20
30.7340
 30
0.0000
  0
SEQEND
  8
0
  0
POLYLINE
  8
16
 66
1
 10
0.0000
 20
0.0000
 30
0.0000
 40
0.1270
 41
0.1270
 70
0
  0
VERTEX
  8
16
 10
21.8936
 20
30.6943
 30
0.0000
 42
1.0000
  0
VERTEX
  8
16
 10
21.7944
 20
30.7737
 30
0.0000
  0
SEQEND
  8
0
  0
POLYLINE
  8
16
 66
1
 10
0.0000
 20
0.0000
 30
0.0000
 40
0.1270
 41
0.1270
 70
0
  0
VERTEX
  8
16
 10
21.2864
 20
30.1387
 30
0.0000
 42
1.0000
  0
VERTEX
  8
16
 10
21.3856
 20
30.0593
 30
0.0000
  0
SEQEND
  8
0
  0
POLYLINE
  8
16
 66
1
 10
0.0000
 20
0.0000
 30
0.0000
 40
0.2540
 41
0.2540
 70
0
  0
VERTEX
  8
16
 10
36.8300
 20
38.3540
 30
0.0000
  0
VERTEX
  8
16
 10
38.1000
 20
38.1000
 30
0.0000
  0
SEQEND
  8
0
  0
POLYLINE
  8
16
 66
1
 10
0.0000
 20
0.0000
 30
0.0000
 40
0.1270
 41
0.1270
 70
0
  0
VERTEX
  8
16
 10
38.0875
 20
38.0377
 30
0.0000
 42
1.0000
  0
VERTEX
  8
16
 10
38.1125
 20
38.1623
 30
0.0000
  0
SEQEND
  8
0
  0
POLYLINE
  8
16
 66
1
 10
0.0000
 20
0.0000
 30
0.0000
 40
0.1270
 41
0.1270
 70
0
  0
VERTEX
  8
16
 10
36.8425
 20
38.4163
 30
0.0000
 42
1.0000
  0
VERTEX
  8
16
 10
36.8175
 20
38.2917
 30
0.0000
  0
SEQEND
  8
0
  0
POLYLINE
  8
16
 66
1
 10
0.0000
 20
0.0000
 30
0.0000
 40
0.2540
 41
0.2540
 70
0
  0
VERTEX
  8
16
 10
21.8440
 20
28.1940
 30
0.0000
  0
VERTEX
  8
16
 10
22.3520
 20
28.1940
 30
0.0000
  0
SEQEND
  8
0
  0
POLYLINE
  8
16
 66
1
 10
0.0000
 20
0.0000
 30
0.0000
 40
0.1270
 41
0.1270
 70
0
  0
VERTEX
  8
16
 10
22.3520
 20
28.1305
 30
0.0000
 42
1.0000
  0
VERTEX
  8
16
 10
22.3520
 20
28.2575
 30
0.0000
  0
SEQEND
  8
0
  0
POLYLINE
  8
16
 66
1
 10
0.0000
 20
0.0000
 30
0.0000
 40
0.1270
 41
0.1270
 70
0
  0
VERTEX
  8
16
 10
21.8440
 20
28.2575
 30
0.0000
 42
1.0000
  0
VERTEX
  8
16
 10
21.8440
 20
28.1305
 30
0.0000
  0
SEQEND
  8
0
  0
POLYLINE
  8
16
 66
1
 10
0.0000
 20
0.0000
 30
0.0000
 40
0.2540
 41
0.2540
 70
0
  0
VERTEX
  8
16
 10
22.3520
 20
28.1940
 30
0.0000
  0
VERTEX
  8
16
 10
25.6540
 20
31.4960
 30
0.0000
  0
SEQEND
  8
0
  0
POLYLINE
  8
16
 66
1
 10
0.0000
 20
0.0000
 30
0.0000
 40
0.1270
 41
0.1270
 70
0
  0
VERTEX
  8
16
 10
25.6989
 20
31.4511
 30
0.0000
 42
1.0000
  0
VERTEX
  8
16
 10
25.6091
 20
31.5409
 30
0.0000
  0
SEQEND
  8
0
  0
POLYLINE
  8
16
 66
1
 10
0.0000
 20
0.0000
 30
0.0000
 40
0.1270
 41
0.1270
 70
0
  0
VERTEX
  8
16
 10
22.3071
 20
28.2389
 30
0.0000
 42
1.0000
  0
VERTEX
  8
16
 10
22.3969
 20
28.1491
 30
0.0000
  0
SEQEND
  8
0
  0
POLYLINE
  8
16
 66
1
 10
0.0000
 20
0.0000
 30
0.0000
 40
0.2540
 41
0.2540
 70
0
  0
VERTEX
  8
16
 10
25.6540
 20
31.4960
 30
0.0000
  0
VERTEX
  8
16
 10
26.1620
 20
31.4960
 30
0.0000
  0
SEQEND
  8
0
  0
POLYLINE
  8
16
 66
1
 10
0.0000
 20
0.0000
 30
0.0000
 40
0.1270
 41
0.1270
 70
0
  0
VERTEX
  8
16
 10
26.1620
 20
31.4325
 30
0.0000
 42
1.0000
  0
VERTEX
  8
16
 10
26.1620
 20
31.5595
 30
0.0000
  0
SEQEND
  8
0
  0
POLYLINE
  8
16
 66
1
 10
0.0000
 20
0.0000
 30
0.0000
 40
0.1270
 41
0.1270
 70
0
  0
VERTEX
  8
16
 10
25.6540
 20
31.5595
 30
0.0000
 42
1.0000
  0
VERTEX
  8
16
 10
25.6540
 20
31.4325
 30
0.0000
  0
SEQEND
  8
0
  0
POLYLINE
  8
16
 66
1
 10
0.0000
 20
0.0000
 30
0.0000
 40
0.2540
 41
0.2540
 70
0
  0
VERTEX
  8
16
 10
26.1620
 20
31.4960
 30
0.0000
  0
VERTEX
  8
16
 10
28.4480
 20
33.7820
 30
0.0000
  0
SEQEND
  8
0
  0
POLYLINE
  8
16
 66
1
 10
0.0000
 20
0.0000
 30
0.0000
 40
0.1270
 41
0.1270
 70
0
  0
VERTEX
  8
16
 10
28.4929
 20
33.7371
 30
0.0000
 42
1.0000
  0
VERTEX
  8
16
 10
28.4031
 20
33.8269
 30
0.0000
  0
SEQEND
  8
0
  0
POLYLINE
  8
16
 66
1
 10
0.0000
 20
0.0000
 30
0.0000
 40
0.1270
 41
0.1270
 70
0
  0
VERTEX
  8
16
 10
26.1171
 20
31.5409
 30
0.0000
 42
1.0000
  0
VERTEX
  8
16
 10
26.2069
 20
31.4511
 30
0.0000
  0
SEQEND
  8
0
  0
POLYLINE
  8
16
 66
1
 10
0.0000
 20
0.0000
 30
0.0000
 40
0.2540
 41
0.2540
 70
0
  0
VERTEX
  8
16
 10
28.4480
 20
33.7820
 30
0.0000
  0
VERTEX
  8
16
 10
28.4480
 20
39.1160
 30
0.0000
  0
SEQEND
  8
0
  0
POLYLINE
  8
16
 66
1
 10
0.0000
 20
0.0000
 30
0.0000
 40
0.1270
 41
0.1270
 70
0
  0
VERTEX
  8
16
 10
28.5115
 20
39.1160
 30
0.0000
 42
1.0000
  0
VERTEX
  8
16
 10
28.3845
 20
39.1160
 30
0.0000
  0
SEQEND
  8
0
  0
POLYLINE
  8
16
 66
1
 10
0.0000
 20
0.0000
 30
0.0000
 40
0.1270
 41
0.1270
 70
0
  0
VERTEX
  8
16
 10
28.3845
 20
33.7820
 30
0.0000
 42
1.0000
  0
VERTEX
  8
16
 10
28.5115
 20
33.7820
 30
0.0000
  0
SEQEND
  8
0
  0
POLYLINE
  8
16
 66
1
 10
0.0000
 20
0.0000
 30
0.0000
 40
0.2540
 41
0.2540
 70
0
  0
VERTEX
  8
16
 10
28.4480
 20
39.1160
 30
0.0000
  0
VERTEX
  8
16
 10
29.4640
 20
40.1320
 30
0.0000
  0
SEQEND
  8
0
  0
POLYLINE
  8
16
 66
1
 10
0.0000
 20
0.0000
 30
0.0000
 40
0.1270
 41
0.1270
 70
0
  0
VERTEX
  8
16
 10
29.5089
 20
40.0871
 30
0.0000
 42
1.0000
  0
VERTEX
  8
16
 10
29.4191
 20
40.1769
 30
0.0000
  0
SEQEND
  8
0
  0
POLYLINE
  8
16
 66
1
 10
0.0000
 20
0.0000
 30
0.0000
 40
0.1270
 41
0.1270
 70
0
  0
VERTEX
  8
16
 10
28.4031
 20
39.1609
 30
0.0000
 42
1.0000
  0
VERTEX
  8
16
 10
28.4929
 20
39.0711
 30
0.0000
  0
SEQEND
  8
0
  0
POLYLINE
  8
16
 66
1
 10
0.0000
 20
0.0000
 30
0.0000
 40
0.2540
 41
0.2540
 70
0
  0
VERTEX
  8
16
 10
21.3360
 20
27.5590
 30
0.0000
  0
VERTEX
  8
16
 10
21.8440
 20
28.1940
 30
0.0000
  0
SEQEND
  8
0
  0
POLYLINE
  8
16
 66
1
 10
0.0000
 20
0.0000
 30
0.0000
 40
0.1270
 41
0.1270
 70
0
  0
VERTEX
  8
16
 10
21.8936
 20
28.1543
 30
0.0000
 42
1.0000
  0
VERTEX
  8
16
 10
21.7944
 20
28.2337
 30
0.0000
  0
SEQEND
  8
0
  0
POLYLINE
  8
16
 66
1
 10
0.0000
 20
0.0000
 30
0.0000
 40
0.1270
 41
0.1270
 70
0
  0
VERTEX
  8
16
 10
21.2864
 20
27.5987
 30
0.0000
 42
1.0000
  0
VERTEX
  8
16
 10
21.3856
 20
27.5193
 30
0.0000
  0
SEQEND
  8
0
  0
POLYLINE
  8
16
 66
1
 10
0.0000
 20
0.0000
 30
0.0000
 40
0.2540
 41
0.2540
 70
0
  0
VERTEX
  8
16
 10
29.4640
 20
40.1320
 30
0.0000
  0
VERTEX
  8
16
 10
30.4800
 20
40.6400
 30
0.0000
  0
SEQEND
  8
0
  0
POLYLINE
  8
16
 66
1
 10
0.0000
 20
0.0000
 30
0.0000
 40
0.1270
 41
0.1270
 70
0
  0
VERTEX
  8
16
 10
30.5084
 20
40.5832
 30
0.0000
 42
1.0000
  0
VERTEX
  8
16
 10
30.4516
 20
40.6968
 30
0.0000
  0
SEQEND
  8
0
  0
POLYLINE
  8
16
 66
1
 10
0.0000
 20
0.0000
 30
0.0000
 40
0.1270
 41
0.1270
 70
0
  0
VERTEX
  8
16
 10
29.4356
 20
40.1888
 30
0.0000
 42
1.0000
  0
VERTEX
  8
16
 10
29.4924
 20
40.0752
 30
0.0000
  0
SEQEND
  8
0
  0
POLYLINE
  8
16
 66
1
 10
0.0000
 20
0.0000
 30
0.0000
 40
0.2540
 41
0.2540
 70
0
  0
VERTEX
  8
16
 10
43.9420
 20
27.6860
 30
0.0000
  0
VERTEX
  8
16
 10
44.4500
 20
27.6860
 30
0.0000
  0
SEQEND
  8
0
  0
POLYLINE
  8
16
 66
1
 10
0.0000
 20
0.0000
 30
0.0000
 40
0.1270
 41
0.1270
 70
0
  0
VERTEX
  8
16
 10
44.4500
 20
27.6225
 30
0.0000
 42
1.0000
  0
VERTEX
  8
16
 10
44.4500
 20
27.7495
 30
0.0000
  0
SEQEND
  8
0
  0
POLYLINE
  8
16
 66
1
 10
0.0000
 20
0.0000
 30
0.0000
 40
0.1270
 41
0.1270
 70
0
  0
VERTEX
  8
16
 10
43.9420
 20
27.7495
 30
0.0000
 42
1.0000
  0
VERTEX
  8
16
 10
43.9420
 20
27.6225
 30
0.0000
  0
SEQEND
  8
0
  0
POLYLINE
  8
16
 66
1
 10
0.0000
 20
0.0000
 30
0.0000
 40
0.2540
 41
0.2540
 70
0
  0
VERTEX
  8
16
 10
44.4500
 20
27.6860
 30
0.0000
  0
VERTEX
  8
16
 10
45.7200
 20
27.9400
 30
0.0000
  0
SEQEND
  8
0
  0
POLYLINE
  8
16
 66
1
 10
0.0000
 20
0.0000
 30
0.0000
 40
0.1270
 41
0.1270
 70
0
  0
VERTEX
  8
16
 10
45.7325
 20
27.8777
 30
0.0000
 42
1.0000
  0
VERTEX
  8
16
 10
45.7075
 20
28.0023
 30
0.0000
  0
SEQEND
  8
0
  0
POLYLINE
  8
16
 66
1
 10
0.0000
 20
0.0000
 30
0.0000
 40
0.1270
 41
0.1270
 70
0
  0
VERTEX
  8
16
 10
44.4375
 20
27.7483
 30
0.0000
 42
1.0000
  0
VERTEX
  8
16
 10
44.4625
 20
27.6237
 30
0.0000
  0
SEQEND
  8
0
  0
POLYLINE
  8
16
 66
1
 10
0.0000
 20
0.0000
 30
0.0000
 40
0.2540
 41
0.2540
 70
0
  0
VERTEX
  8
16
 10
43.9420
 20
27.6860
 30
0.0000
  0
VERTEX
  8
16
 10
43.1800
 20
27.9400
 30
0.0000
  0
SEQEND
  8
0
  0
POLYLINE
  8
16
 66
1
 10
0.0000
 20
0.0000
 30
0.0000
 40
0.1270
 41
0.1270
 70
0
  0
VERTEX
  8
16
 10
43.2001
 20
28.0002
 30
0.0000
 42
1.0000
  0
VERTEX
  8
16
 10
43.1599
 20
27.8798
 30
0.0000
  0
SEQEND
  8
0
  0
POLYLINE
  8
16
 66
1
 10
0.0000
 20
0.0000
 30
0.0000
 40
0.1270
 41
0.1270
 70
0
  0
VERTEX
  8
16
 10
43.9219
 20
27.6258
 30
0.0000
 42
1.0000
  0
VERTEX
  8
16
 10
43.9621
 20
27.7462
 30
0.0000
  0
SEQEND
  8
0
  0
POLYLINE
  8
16
 66
1
 10
0.0000
 20
0.0000
 30
0.0000
 40
0.2540
 41
0.2540
 70
0
  0
VERTEX
  8
16
 10
69.3420
 20
34.5440
 30
0.0000
  0
VERTEX
  8
16
 10
70.6120
 20
35.8140
 30
0.0000
  0
SEQEND
  8
0
  0
POLYLINE
  8
16
 66
1
 10
0.0000
 20
0.0000
 30
0.0000
 40
0.1270
 41
0.1270
 70
0
  0
VERTEX
  8
16
 10
70.6569
 20
35.7691
 30
0.0000
 42
1.0000
  0
VERTEX
  8
16
 10
70.5671
 20
35.8589
 30
0.0000
  0
SEQEND
  8
0
  0
POLYLINE
  8
16
 66
1
 10
0.0000
 20
0.0000
 30
0.0000
 40
0.1270
 41
0.1270
 70
0
  0
VERTEX
  8
16
 10
69.2971
 20
34.5889
 30
0.0000
 42
1.0000
  0
VERTEX
  8
16
 10
69.3869
 20
34.4991
 30
0.0000
  0
SEQEND
  8
0
  0
POLYLINE
  8
16
 66
1
 10
0.0000
 20
0.0000
 30
0.0000
 40
0.2540
 41
0.2540
 70
0
  0
VERTEX
  8
16
 10
70.6120
 20
35.8140
 30
0.0000
  0
VERTEX
  8
16
 10
71.1200
 20
36.8300
 30
0.0000
  0
SEQEND
  8
0
  0
POLYLINE
  8
16
 66
1
 10
0.0000
 20
0.0000
 30
0.0000
 40
0.1270
 41
0.1270
 70
0
  0
VERTEX
  8
16
 10
71.1768
 20
36.8016
 30
0.0000
 42
1.0000
  0
VERTEX
  8
16
 10
71.0632
 20
36.8584
 30
0.0000
  0
SEQEND
  8
0
  0
POLYLINE
  8
16
 66
1
 10
0.0000
 20
0.0000
 30
0.0000
 40
0.1270
 41
0.1270
 70
0
  0
VERTEX
  8
16
 10
70.5552
 20
35.8424
 30
0.0000
 42
1.0000
  0
VERTEX
  8
16
 10
70.6688
 20
35.7856
 30
0.0000
  0
SEQEND
  8
0
  0
POLYLINE
  8
16
 66
1
 10
0.0000
 20
0.0000
 30
0.0000
 40
0.2540
 41
0.2540
 70
0
  0
VERTEX
  8
16
 10
68.5800
 20
34.2900
 30
0.0000
  0
VERTEX
  8
16
 10
69.3420
 20
34.5440
 30
0.0000
  0
SEQEND
  8
0
  0
POLYLINE
  8
16
 66
1
 10
0.0000
 20
0.0000
 30
0.0000
 40
0.1270
 41
0.1270
 70
0
  0
VERTEX
  8
16
 10
69.3621
 20
34.4838
 30
0.0000
 42
1.0000
  0
VERTEX
  8
16
 10
69.3219
 20
34.6042
 30
0.0000
  0
SEQEND
  8
0
  0
POLYLINE
  8
16
 66
1
 10
0.0000
 20
0.0000
 30
0.0000
 40
0.1270
 41
0.1270
 70
0
  0
VERTEX
  8
16
 10
68.5599
 20
34.3502
 30
0.0000
 42
1.0000
  0
VERTEX
  8
16
 10
68.6001
 20
34.2298
 30
0.0000
  0
SEQEND
  8
0
  0
POLYLINE
  8
16
 66
1
 10
0.0000
 20
0.0000
 30
0.0000
 40
0.2540
 41
0.2540
 70
0
  0
VERTEX
  8
16
 10
69.0880
 20
37.8460
 30
0.0000
  0
VERTEX
  8
16
 10
69.5960
 20
37.8460
 30
0.0000
  0
SEQEND
  8
0
  0
POLYLINE
  8
16
 66
1
 10
0.0000
 20
0.0000
 30
0.0000
 40
0.1270
 41
0.1270
 70
0
  0
VERTEX
  8
16
 10
69.5960
 20
37.7825
 30
0.0000
 42
1.0000
  0
VERTEX
  8
16
 10
69.5960
 20
37.9095
 30
0.0000
  0
SEQEND
  8
0
  0
POLYLINE
  8
16
 66
1
 10
0.0000
 20
0.0000
 30
0.0000
 40
0.1270
 41
0.1270
 70
0
  0
VERTEX
  8
16
 10
69.0880
 20
37.9095
 30
0.0000
 42
1.0000
  0
VERTEX
  8
16
 10
69.0880
 20
37.7825
 30
0.0000
  0
SEQEND
  8
0
  0
POLYLINE
  8
16
 66
1
 10
0.0000
 20
0.0000
 30
0.0000
 40
0.2540
 41
0.2540
 70
0
  0
VERTEX
  8
16
 10
69.5960
 20
37.8460
 30
0.0000
  0
VERTEX
  8
16
 10
72.3900
 20
40.6400
 30
0.0000
  0
SEQEND
  8
0
  0
POLYLINE
  8
16
 66
1
 10
0.0000
 20
0.0000
 30
0.0000
 40
0.1270
 41
0.1270
 70
0
  0
VERTEX
  8
16
 10
72.4349
 20
40.5951
 30
0.0000
 42
1.0000
  0
VERTEX
  8
16
 10
72.3451
 20
40.6849
 30
0.0000
  0
SEQEND
  8
0
  0
POLYLINE
  8
16
 66
1
 10
0.0000
 20
0.0000
 30
0.0000
 40
0.1270
 41
0.1270
 70
0
  0
VERTEX
  8
16
 10
69.5511
 20
37.8909
 30
0.0000
 42
1.0000
  0
VERTEX
  8
16
 10
69.6409
 20
37.8011
 30
0.0000
  0
SEQEND
  8
0
  0
POLYLINE
  8
16
 66
1
 10
0.0000
 20
0.0000
 30
0.0000
 40
0.2540
 41
0.2540
 70
0
  0
VERTEX
  8
16
 10
72.3900
 20
40.6400
 30
0.0000
  0
VERTEX
  8
16
 10
87.6300
 20
40.6400
 30
0.0000
  0
SEQEND
  8
0
  0
POLYLINE
  8
16
 66
1
 10
0.0000
 20
0.0000
 30
0.0000
 40
0.1270
 41
0.1270
 70
0
  0
VERTEX
  8
16
 10
87.6300
 20
40.5765
 30
0.0000
 42
1.0000
  0
VERTEX
  8
16
 10
87.6300
 20
40.7035
 30
0.0000
  0
SEQEND
  8
0
  0
POLYLINE
  8
16
 66
1
 10
0.0000
 20
0.0000
 30
0.0000
 40
0.1270
 41
0.1270
 70
0
  0
VERTEX
  8
16
 10
72.3900
 20
40.7035
 30
0.0000
 42
1.0000
  0
VERTEX
  8
16
 10
72.3900
 20
40.5765
 30
0.0000
  0
SEQEND
  8
0
  0
POLYLINE
  8
16
 66
1
 10
0.0000
 20
0.0000
 30
0.0000
 40
0.2540
 41
0.2540
 70
0
  0
VERTEX
  8
16
 10
87.6300
 20
40.6400
 30
0.0000
  0
VERTEX
  8
16
 10
89.1540
 20
42.1640
 30
0.0000
  0
SEQEND
  8
0
  0
POLYLINE
  8
16
 66
1
 10
0.0000
 20
0.0000
 30
0.0000
 40
0.1270
 41
0.1270
 70
0
  0
VERTEX
  8
16
 10
89.1989
 20
42.1191
 30
0.0000
 42
1.0000
  0
VERTEX
  8
16
 10
89.1091
 20
42.2089
 30
0.0000
  0
SEQEND
  8
0
  0
POLYLINE
  8
16
 66
1
 10
0.0000
 20
0.0000
 30
0.0000
 40
0.1270
 41
0.1270
 70
0
  0
VERTEX
  8
16
 10
87.5851
 20
40.6849
 30
0.0000
 42
1.0000
  0
VERTEX
  8
16
 10
87.6749
 20
40.5951
 30
0.0000
  0
SEQEND
  8
0
  0
POLYLINE
  8
16
 66
1
 10
0.0000
 20
0.0000
 30
0.0000
 40
0.2540
 41
0.2540
 70
0
  0
VERTEX
  8
16
 10
89.1540
 20
42.1640
 30
0.0000
  0
VERTEX
  8
16
 10
89.1540
 20
45.2120
 30
0.0000
  0
SEQEND
  8
0
  0
POLYLINE
  8
16
 66
1
 10
0.0000
 20
0.0000
 30
0.0000
 40
0.1270
 41
0.1270
 70
0
  0
VERTEX
  8
16
 10
89.2175
 20
45.2120
 30
0.0000
 42
1.0000
  0
VERTEX
  8
16
 10
89.0905
 20
45.2120
 30
0.0000
  0
SEQEND
  8
0
  0
POLYLINE
  8
16
 66
1
 10
0.0000
 20
0.0000
 30
0.0000
 40
0.1270
 41
0.1270
 70
0
  0
VERTEX
  8
16
 10
89.0905
 20
42.1640
 30
0.0000
 42
1.0000
  0
VERTEX
  8
16
 10
89.2175
 20
42.1640
 30
0.0000
  0
SEQEND
  8
0
  0
POLYLINE
  8
16
 66
1
 10
0.0000
 20
0.0000
 30
0.0000
 40
0.2540
 41
0.2540
 70
0
  0
VERTEX
  8
16
 10
89.1540
 20
45.2120
 30
0.0000
  0
VERTEX
  8
16
 10
87.6300
 20
46.7360
 30
0.0000
  0
SEQEND
  8
0
  0
POLYLINE
  8
16
 66
1
 10
0.0000
 20
0.0000
 30
0.0000
 40
0.1270
 41
0.1270
 70
0
  0
VERTEX
  8
16
 10
87.6749
 20
46.7809
 30
0.0000
 42
1.0000
  0
VERTEX
  8
16
 10
87.5851
 20
46.6911
 30
0.0000
  0
SEQEND
  8
0
  0
POLYLINE
  8
16
 66
1
 10
0.0000
 20
0.0000
 30
0.0000
 40
0.1270
 41
0.1270
 70
0
  0
VERTEX
  8
16
 10
89.1091
 20
45.1671
 30
0.0000
 42
1.0000
  0
VERTEX
  8
16
 10
89.1989
 20
45.2569
 30
0.0000
  0
SEQEND
  8
0
  0
POLYLINE
  8
16
 66
1
 10
0.0000
 20
0.0000
 30
0.0000
 40
0.2540
 41
0.2540
 70
0
  0
VERTEX
  8
16
 10
68.5800
 20
36.8300
 30
0.0000
  0
VERTEX
  8
16
 10
69.0880
 20
37.8460
 30
0.0000
  0
SEQEND
  8
0
  0
POLYLINE
  8
16
 66
1
 10
0.0000
 20
0.0000
 30
0.0000
 40
0.1270
 41
0.1270
 70
0
  0
VERTEX
  8
16
 10
69.1448
 20
37.8176
 30
0.0000
 42
1.0000
  0
VERTEX
  8
16
 10
69.0312
 20
37.8744
 30
0.0000
  0
SEQEND
  8
0
  0
POLYLINE
  8
16
 66
1
 10
0.0000
 20
0.0000
 30
0.0000
 40
0.1270
 41
0.1270
 70
0
  0
VERTEX
  8
16
 10
68.5232
 20
36.8584
 30
0.0000
 42
1.0000
  0
VERTEX
  8
16
 10
68.6368
 20
36.8016
 30
0.0000
  0
SEQEND
  8
0
  0
POLYLINE
  8
16
 66
1
 10
0.0000
 20
0.0000
 30
0.0000
 40
0.2540
 41
0.2540
 70
0
  0
VERTEX
  8
16
 10
87.6300
 20
46.7360
 30
0.0000
  0
VERTEX
  8
16
 10
86.3600
 20
46.9900
 30
0.0000
  0
SEQEND
  8
0
  0
POLYLINE
  8
16
 66
1
 10
0.0000
 20
0.0000
 30
0.0000
 40
0.1270
 41
0.1270
 70
0
  0
VERTEX
  8
16
 10
86.3725
 20
47.0523
 30
0.0000
 42
1.0000
  0
VERTEX
  8
16
 10
86.3475
 20
46.9277
 30
0.0000
  0
SEQEND
  8
0
  0
POLYLINE
  8
16
 66
1
 10
0.0000
 20
0.0000
 30
0.0000
 40
0.1270
 41
0.1270
 70
0
  0
VERTEX
  8
16
 10
87.6175
 20
46.6737
 30
0.0000
 42
1.0000
  0
VERTEX
  8
16
 10
87.6425
 20
46.7983
 30
0.0000
  0
SEQEND
  8
0
  0
POLYLINE
  8
16
 66
1
 10
0.0000
 20
0.0000
 30
0.0000
 40
0.2540
 41
0.2540
 70
0
  0
VERTEX
  8
16
 10
66.5480
 20
37.8460
 30
0.0000
  0
VERTEX
  8
16
 10
67.0560
 20
37.8460
 30
0.0000
  0
SEQEND
  8
0
  0
POLYLINE
  8
16
 66
1
 10
0.0000
 20
0.0000
 30
0.0000
 40
0.1270
 41
0.1270
 70
0
  0
VERTEX
  8
16
 10
67.0560
 20
37.7825
 30
0.0000
 42
1.0000
  0
VERTEX
  8
16
 10
67.0560
 20
37.9095
 30
0.0000
  0
SEQEND
  8
0
  0
POLYLINE
  8
16
 66
1
 10
0.0000
 20
0.0000
 30
0.0000
 40
0.1270
 41
0.1270
 70
0
  0
VERTEX
  8
16
 10
66.5480
 20
37.9095
 30
0.0000
 42
1.0000
  0
VERTEX
  8
16
 10
66.5480
 20
37.7825
 30
0.0000
  0
SEQEND
  8
0
  0
POLYLINE
  8
16
 66
1
 10
0.0000
 20
0.0000
 30
0.0000
 40
0.2540
 41
0.2540
 70
0
  0
VERTEX
  8
16
 10
67.0560
 20
37.8460
 30
0.0000
  0
VERTEX
  8
16
 10
70.8660
 20
41.6560
 30
0.0000
  0
SEQEND
  8
0
  0
POLYLINE
  8
16
 66
1
 10
0.0000
 20
0.0000
 30
0.0000
 40
0.1270
 41
0.1270
 70
0
  0
VERTEX
  8
16
 10
70.9109
 20
41.6111
 30
0.0000
 42
1.0000
  0
VERTEX
  8
16
 10
70.8211
 20
41.7009
 30
0.0000
  0
SEQEND
  8
0
  0
POLYLINE
  8
16
 66
1
 10
0.0000
 20
0.0000
 30
0.0000
 40
0.1270
 41
0.1270
 70
0
  0
VERTEX
  8
16
 10
67.0111
 20
37.8909
 30
0.0000
 42
1.0000
  0
VERTEX
  8
16
 10
67.1009
 20
37.8011
 30
0.0000
  0
SEQEND
  8
0
  0
POLYLINE
  8
16
 66
1
 10
0.0000
 20
0.0000
 30
0.0000
 40
0.2540
 41
0.2540
 70
0
  0
VERTEX
  8
16
 10
70.8660
 20
41.6560
 30
0.0000
  0
VERTEX
  8
16
 10
82.5500
 20
41.6560
 30
0.0000
  0
SEQEND
  8
0
  0
POLYLINE
  8
16
 66
1
 10
0.0000
 20
0.0000
 30
0.0000
 40
0.1270
 41
0.1270
 70
0
  0
VERTEX
  8
16
 10
82.5500
 20
41.5925
 30
0.0000
 42
1.0000
  0
VERTEX
  8
16
 10
82.5500
 20
41.7195
 30
0.0000
  0
SEQEND
  8
0
  0
POLYLINE
  8
16
 66
1
 10
0.0000
 20
0.0000
 30
0.0000
 40
0.1270
 41
0.1270
 70
0
  0
VERTEX
  8
16
 10
70.8660
 20
41.7195
 30
0.0000
 42
1.0000
  0
VERTEX
  8
16
 10
70.8660
 20
41.5925
 30
0.0000
  0
SEQEND
  8
0
  0
POLYLINE
  8
16
 66
1
 10
0.0000
 20
0.0000
 30
0.0000
 40
0.2540
 41
0.2540
 70
0
  0
VERTEX
  8
16
 10
82.5500
 20
41.6560
 30
0.0000
  0
VERTEX
  8
16
 10
85.0900
 20
44.1960
 30
0.0000
  0
SEQEND
  8
0
  0
POLYLINE
  8
16
 66
1
 10
0.0000
 20
0.0000
 30
0.0000
 40
0.1270
 41
0.1270
 70
0
  0
VERTEX
  8
16
 10
85.1349
 20
44.1511
 30
0.0000
 42
1.0000
  0
VERTEX
  8
16
 10
85.0451
 20
44.2409
 30
0.0000
  0
SEQEND
  8
0
  0
POLYLINE
  8
16
 66
1
 10
0.0000
 20
0.0000
 30
0.0000
 40
0.1270
 41
0.1270
 70
0
  0
VERTEX
  8
16
 10
82.5051
 20
41.7009
 30
0.0000
 42
1.0000
  0
VERTEX
  8
16
 10
82.5949
 20
41.6111
 30
0.0000
  0
SEQEND
  8
0
  0
POLYLINE
  8
16
 66
1
 10
0.0000
 20
0.0000
 30
0.0000
 40
0.2540
 41
0.2540
 70
0
  0
VERTEX
  8
16
 10
66.0400
 20
36.8300
 30
0.0000
  0
VERTEX
  8
16
 10
66.5480
 20
37.8460
 30
0.0000
  0
SEQEND
  8
0
  0
POLYLINE
  8
16
 66
1
 10
0.0000
 20
0.0000
 30
0.0000
 40
0.1270
 41
0.1270
 70
0
  0
VERTEX
  8
16
 10
66.6048
 20
37.8176
 30
0.0000
 42
1.0000
  0
VERTEX
  8
16
 10
66.4912
 20
37.8744
 30
0.0000
  0
SEQEND
  8
0
  0
POLYLINE
  8
16
 66
1
 10
0.0000
 20
0.0000
 30
0.0000
 40
0.1270
 41
0.1270
 70
0
  0
VERTEX
  8
16
 10
65.9832
 20
36.8584
 30
0.0000
 42
1.0000
  0
VERTEX
  8
16
 10
66.0968
 20
36.8016
 30
0.0000
  0
SEQEND
  8
0
  0
POLYLINE
  8
16
 66
1
 10
0.0000
 20
0.0000
 30
0.0000
 40
0.2540
 41
0.2540
 70
0
  0
VERTEX
  8
16
 10
85.0900
 20
44.1960
 30
0.0000
  0
VERTEX
  8
16
 10
86.3600
 20
44.4500
 30
0.0000
  0
SEQEND
  8
0
  0
POLYLINE
  8
16
 66
1
 10
0.0000
 20
0.0000
 30
0.0000
 40
0.1270
 41
0.1270
 70
0
  0
VERTEX
  8
16
 10
86.3725
 20
44.3877
 30
0.0000
 42
1.0000
  0
VERTEX
  8
16
 10
86.3475
 20
44.5123
 30
0.0000
  0
SEQEND
  8
0
  0
POLYLINE
  8
16
 66
1
 10
0.0000
 20
0.0000
 30
0.0000
 40
0.1270
 41
0.1270
 70
0
  0
VERTEX
  8
16
 10
85.0775
 20
44.2583
 30
0.0000
 42
1.0000
  0
VERTEX
  8
16
 10
85.1025
 20
44.1337
 30
0.0000
  0
SEQEND
  8
0
  0
POLYLINE
  8
16
 66
1
 10
0.0000
 20
0.0000
 30
0.0000
 40
0.2540
 41
0.2540
 70
0
  0
VERTEX
  8
16
 10
64.0080
 20
37.8460
 30
0.0000
  0
VERTEX
  8
16
 10
64.5160
 20
37.8460
 30
0.0000
  0
SEQEND
  8
0
  0
POLYLINE
  8
16
 66
1
 10
0.0000
 20
0.0000
 30
0.0000
 40
0.1270
 41
0.1270
 70
0
  0
VERTEX
  8
16
 10
64.5160
 20
37.7825
 30
0.0000
 42
1.0000
  0
VERTEX
  8
16
 10
64.5160
 20
37.9095
 30
0.0000
  0
SEQEND
  8
0
  0
POLYLINE
  8
16
 66
1
 10
0.0000
 20
0.0000
 30
0.0000
 40
0.1270
 41
0.1270
 70
0
  0
VERTEX
  8
16
 10
64.0080
 20
37.9095
 30
0.0000
 42
1.0000
  0
VERTEX
  8
16
 10
64.0080
 20
37.7825
 30
0.0000
  0
SEQEND
  8
0
  0
POLYLINE
  8
16
 66
1
 10
0.0000
 20
0.0000
 30
0.0000
 40
0.2540
 41
0.2540
 70
0
  0
VERTEX
  8
16
 10
64.5160
 20
37.8460
 30
0.0000
  0
VERTEX
  8
16
 10
69.0880
 20
42.4180
 30
0.0000
  0
SEQEND
  8
0
  0
POLYLINE
  8
16
 66
1
 10
0.0000
 20
0.0000
 30
0.0000
 40
0.1270
 41
0.1270
 70
0
  0
VERTEX
  8
16
 10
69.1329
 20
42.3731
 30
0.0000
 42
1.0000
  0
VERTEX
  8
16
 10
69.0431
 20
42.4629
 30
0.0000
  0
SEQEND
  8
0
  0
POLYLINE
  8
16
 66
1
 10
0.0000
 20
0.0000
 30
0.0000
 40
0.1270
 41
0.1270
 70
0
  0
VERTEX
  8
16
 10
64.4711
 20
37.8909
 30
0.0000
 42
1.0000
  0
VERTEX
  8
16
 10
64.5609
 20
37.8011
 30
0.0000
  0
SEQEND
  8
0
  0
POLYLINE
  8
16
 66
1
 10
0.0000
 20
0.0000
 30
0.0000
 40
0.2540
 41
0.2540
 70
0
  0
VERTEX
  8
16
 10
69.0880
 20
42.4180
 30
0.0000
  0
VERTEX
  8
16
 10
81.7880
 20
42.4180
 30
0.0000
  0
SEQEND
  8
0
  0
POLYLINE
  8
16
 66
1
 10
0.0000
 20
0.0000
 30
0.0000
 40
0.1270
 41
0.1270
 70
0
  0
VERTEX
  8
16
 10
81.7880
 20
42.3545
 30
0.0000
 42
1.0000
  0
VERTEX
  8
16
 10
81.7880
 20
42.4815
 30
0.0000
  0
SEQEND
  8
0
  0
POLYLINE
  8
16
 66
1
 10
0.0000
 20
0.0000
 30
0.0000
 40
0.1270
 41
0.1270
 70
0
  0
VERTEX
  8
16
 10
69.0880
 20
42.4815
 30
0.0000
 42
1.0000
  0
VERTEX
  8
16
 10
69.0880
 20
42.3545
 30
0.0000
  0
SEQEND
  8
0
  0
POLYLINE
  8
16
 66
1
 10
0.0000
 20
0.0000
 30
0.0000
 40
0.2540
 41
0.2540
 70
0
  0
VERTEX
  8
16
 10
81.7880
 20
42.4180
 30
0.0000
  0
VERTEX
  8
16
 10
85.0900
 20
45.7200
 30
0.0000
  0
SEQEND
  8
0
  0
POLYLINE
  8
16
 66
1
 10
0.0000
 20
0.0000
 30
0.0000
 40
0.1270
 41
0.1270
 70
0
  0
VERTEX
  8
16
 10
85.1349
 20
45.6751
 30
0.0000
 42
1.0000
  0
VERTEX
  8
16
 10
85.0451
 20
45.7649
 30
0.0000
  0
SEQEND
  8
0
  0
POLYLINE
  8
16
 66
1
 10
0.0000
 20
0.0000
 30
0.0000
 40
0.1270
 41
0.1270
 70
0
  0
VERTEX
  8
16
 10
81.7431
 20
42.4629
 30
0.0000
 42
1.0000
  0
VERTEX
  8
16
 10
81.8329
 20
42.3731
 30
0.0000
  0
SEQEND
  8
0
  0
POLYLINE
  8
16
 66
1
 10
0.0000
 20
0.0000
 30
0.0000
 40
0.2540
 41
0.2540
 70
0
  0
VERTEX
  8
16
 10
85.0900
 20
45.7200
 30
0.0000
  0
VERTEX
  8
16
 10
87.6300
 20
45.7200
 30
0.0000
  0
SEQEND
  8
0
  0
POLYLINE
  8
16
 66
1
 10
0.0000
 20
0.0000
 30
0.0000
 40
0.1270
 41
0.1270
 70
0
  0
VERTEX
  8
16
 10
87.6300
 20
45.6565
 30
0.0000
 42
1.0000
  0
VERTEX
  8
16
 10
87.6300
 20
45.7835
 30
0.0000
  0
SEQEND
  8
0
  0
POLYLINE
  8
16
 66
1
 10
0.0000
 20
0.0000
 30
0.0000
 40
0.1270
 41
0.1270
 70
0
  0
VERTEX
  8
16
 10
85.0900
 20
45.7835
 30
0.0000
 42
1.0000
  0
VERTEX
  8
16
 10
85.0900
 20
45.6565
 30
0.0000
  0
SEQEND
  8
0
  0
POLYLINE
  8
16
 66
1
 10
0.0000
 20
0.0000
 30
0.0000
 40
0.2540
 41
0.2540
 70
0
  0
VERTEX
  8
16
 10
87.6300
 20
45.7200
 30
0.0000
  0
VERTEX
  8
16
 10
88.3920
 20
44.9580
 30
0.0000
  0
SEQEND
  8
0
  0
POLYLINE
  8
16
 66
1
 10
0.0000
 20
0.0000
 30
0.0000
 40
0.1270
 41
0.1270
 70
0
  0
VERTEX
  8
16
 10
88.3471
 20
44.9131
 30
0.0000
 42
1.0000
  0
VERTEX
  8
16
 10
88.4369
 20
45.0029
 30
0.0000
  0
SEQEND
  8
0
  0
POLYLINE
  8
16
 66
1
 10
0.0000
 20
0.0000
 30
0.0000
 40
0.1270
 41
0.1270
 70
0
  0
VERTEX
  8
16
 10
87.6749
 20
45.7649
 30
0.0000
 42
1.0000
  0
VERTEX
  8
16
 10
87.5851
 20
45.6751
 30
0.0000
  0
SEQEND
  8
0
  0
POLYLINE
  8
16
 66
1
 10
0.0000
 20
0.0000
 30
0.0000
 40
0.2540
 41
0.2540
 70
0
  0
VERTEX
  8
16
 10
88.3920
 20
44.9580
 30
0.0000
  0
VERTEX
  8
16
 10
88.3920
 20
43.4340
 30
0.0000
  0
SEQEND
  8
0
  0
POLYLINE
  8
16
 66
1
 10
0.0000
 20
0.0000
 30
0.0000
 40
0.1270
 41
0.1270
 70
0
  0
VERTEX
  8
16
 10
88.3285
 20
43.4340
 30
0.0000
 42
1.0000
  0
VERTEX
  8
16
 10
88.4555
 20
43.4340
 30
0.0000
  0
SEQEND
  8
0
  0
POLYLINE
  8
16
 66
1
 10
0.0000
 20
0.0000
 30
0.0000
 40
0.1270
 41
0.1270
 70
0
  0
VERTEX
  8
16
 10
88.4555
 20
44.9580
 30
0.0000
 42
1.0000
  0
VERTEX
  8
16
 10
88.3285
 20
44.9580
 30
0.0000
  0
SEQEND
  8
0
  0
POLYLINE
  8
16
 66
1
 10
0.0000
 20
0.0000
 30
0.0000
 40
0.2540
 41
0.2540
 70
0
  0
VERTEX
  8
16
 10
88.3920
 20
43.4340
 30
0.0000
  0
VERTEX
  8
16
 10
87.3760
 20
42.4180
 30
0.0000
  0
SEQEND
  8
0
  0
POLYLINE
  8
16
 66
1
 10
0.0000
 20
0.0000
 30
0.0000
 40
0.1270
 41
0.1270
 70
0
  0
VERTEX
  8
16
 10
87.3311
 20
42.4629
 30
0.0000
 42
1.0000
  0
VERTEX
  8
16
 10
87.4209
 20
42.3731
 30
0.0000
  0
SEQEND
  8
0
  0
POLYLINE
  8
16
 66
1
 10
0.0000
 20
0.0000
 30
0.0000
 40
0.1270
 41
0.1270
 70
0
  0
VERTEX
  8
16
 10
88.4369
 20
43.3891
 30
0.0000
 42
1.0000
  0
VERTEX
  8
16
 10
88.3471
 20
43.4789
 30
0.0000
  0
SEQEND
  8
0
  0
POLYLINE
  8
16
 66
1
 10
0.0000
 20
0.0000
 30
0.0000
 40
0.2540
 41
0.2540
 70
0
  0
VERTEX
  8
16
 10
63.5000
 20
36.8300
 30
0.0000
  0
VERTEX
  8
16
 10
64.0080
 20
37.8460
 30
0.0000
  0
SEQEND
  8
0
  0
POLYLINE
  8
16
 66
1
 10
0.0000
 20
0.0000
 30
0.0000
 40
0.1270
 41
0.1270
 70
0
  0
VERTEX
  8
16
 10
64.0648
 20
37.8176
 30
0.0000
 42
1.0000
  0
VERTEX
  8
16
 10
63.9512
 20
37.8744
 30
0.0000
  0
SEQEND
  8
0
  0
POLYLINE
  8
16
 66
1
 10
0.0000
 20
0.0000
 30
0.0000
 40
0.1270
 41
0.1270
 70
0
  0
VERTEX
  8
16
 10
63.4432
 20
36.8584
 30
0.0000
 42
1.0000
  0
VERTEX
  8
16
 10
63.5568
 20
36.8016
 30
0.0000
  0
SEQEND
  8
0
  0
POLYLINE
  8
16
 66
1
 10
0.0000
 20
0.0000
 30
0.0000
 40
0.2540
 41
0.2540
 70
0
  0
VERTEX
  8
16
 10
87.3760
 20
42.4180
 30
0.0000
  0
VERTEX
  8
16
 10
86.3600
 20
41.9100
 30
0.0000
  0
SEQEND
  8
0
  0
POLYLINE
  8
16
 66
1
 10
0.0000
 20
0.0000
 30
0.0000
 40
0.1270
 41
0.1270
 70
0
  0
VERTEX
  8
16
 10
86.3316
 20
41.9668
 30
0.0000
 42
1.0000
  0
VERTEX
  8
16
 10
86.3884
 20
41.8532
 30
0.0000
  0
SEQEND
  8
0
  0
POLYLINE
  8
16
 66
1
 10
0.0000
 20
0.0000
 30
0.0000
 40
0.1270
 41
0.1270
 70
0
  0
VERTEX
  8
16
 10
87.4044
 20
42.3612
 30
0.0000
 42
1.0000
  0
VERTEX
  8
16
 10
87.3476
 20
42.4748
 30
0.0000
  0
SEQEND
  8
0
  0
POLYLINE
  8
16
 66
1
 10
0.0000
 20
0.0000
 30
0.0000
 40
0.2540
 41
0.2540
 70
0
  0
VERTEX
  8
16
 10
61.4680
 20
35.8140
 30
0.0000
  0
VERTEX
  8
16
 10
61.9760
 20
35.8140
 30
0.0000
  0
SEQEND
  8
0
  0
POLYLINE
  8
16
 66
1
 10
0.0000
 20
0.0000
 30
0.0000
 40
0.1270
 41
0.1270
 70
0
  0
VERTEX
  8
16
 10
61.9760
 20
35.7505
 30
0.0000
 42
1.0000
  0
VERTEX
  8
16
 10
61.9760
 20
35.8775
 30
0.0000
  0
SEQEND
  8
0
  0
POLYLINE
  8
16
 66
1
 10
0.0000
 20
0.0000
 30
0.0000
 40
0.1270
 41
0.1270
 70
0
  0
VERTEX
  8
16
 10
61.4680
 20
35.8775
 30
0.0000
 42
1.0000
  0
VERTEX
  8
16
 10
61.4680
 20
35.7505
 30
0.0000
  0
SEQEND
  8
0
  0
POLYLINE
  8
16
 66
1
 10
0.0000
 20
0.0000
 30
0.0000
 40
0.2540
 41
0.2540
 70
0
  0
VERTEX
  8
16
 10
61.9760
 20
35.8140
 30
0.0000
  0
VERTEX
  8
16
 10
64.7700
 20
33.0200
 30
0.0000
  0
SEQEND
  8
0
  0
POLYLINE
  8
16
 66
1
 10
0.0000
 20
0.0000
 30
0.0000
 40
0.1270
 41
0.1270
 70
0
  0
VERTEX
  8
16
 10
64.7251
 20
32.9751
 30
0.0000
 42
1.0000
  0
VERTEX
  8
16
 10
64.8149
 20
33.0649
 30
0.0000
  0
SEQEND
  8
0
  0
POLYLINE
  8
16
 66
1
 10
0.0000
 20
0.0000
 30
0.0000
 40
0.1270
 41
0.1270
 70
0
  0
VERTEX
  8
16
 10
62.0209
 20
35.8589
 30
0.0000
 42
1.0000
  0
VERTEX
  8
16
 10
61.9311
 20
35.7691
 30
0.0000
  0
SEQEND
  8
0
  0
POLYLINE
  8
16
 66
1
 10
0.0000
 20
0.0000
 30
0.0000
 40
0.2540
 41
0.2540
 70
0
  0
VERTEX
  8
16
 10
64.7700
 20
33.0200
 30
0.0000
  0
VERTEX
  8
16
 10
72.3900
 20
33.0200
 30
0.0000
  0
SEQEND
  8
0
  0
POLYLINE
  8
16
 66
1
 10
0.0000
 20
0.0000
 30
0.0000
 40
0.1270
 41
0.1270
 70
0
  0
VERTEX
  8
16
 10
72.3900
 20
32.9565
 30
0.0000
 42
1.0000
  0
VERTEX
  8
16
 10
72.3900
 20
33.0835
 30
0.0000
  0
SEQEND
  8
0
  0
POLYLINE
  8
16
 66
1
 10
0.0000
 20
0.0000
 30
0.0000
 40
0.1270
 41
0.1270
 70
0
  0
VERTEX
  8
16
 10
64.7700
 20
33.0835
 30
0.0000
 42
1.0000
  0
VERTEX
  8
16
 10
64.7700
 20
32.9565
 30
0.0000
  0
SEQEND
  8
0
  0
POLYLINE
  8
16
 66
1
 10
0.0000
 20
0.0000
 30
0.0000
 40
0.2540
 41
0.2540
 70
0
  0
VERTEX
  8
16
 10
72.3900
 20
33.0200
 30
0.0000
  0
VERTEX
  8
16
 10
74.9300
 20
35.5600
 30
0.0000
  0
SEQEND
  8
0
  0
POLYLINE
  8
16
 66
1
 10
0.0000
 20
0.0000
 30
0.0000
 40
0.1270
 41
0.1270
 70
0
  0
VERTEX
  8
16
 10
74.9749
 20
35.5151
 30
0.0000
 42
1.0000
  0
VERTEX
  8
16
 10
74.8851
 20
35.6049
 30
0.0000
  0
SEQEND
  8
0
  0
POLYLINE
  8
16
 66
1
 10
0.0000
 20
0.0000
 30
0.0000
 40
0.1270
 41
0.1270
 70
0
  0
VERTEX
  8
16
 10
72.3451
 20
33.0649
 30
0.0000
 42
1.0000
  0
VERTEX
  8
16
 10
72.4349
 20
32.9751
 30
0.0000
  0
SEQEND
  8
0
  0
POLYLINE
  8
16
 66
1
 10
0.0000
 20
0.0000
 30
0.0000
 40
0.2540
 41
0.2540
 70
0
  0
VERTEX
  8
16
 10
74.9300
 20
35.5600
 30
0.0000
  0
VERTEX
  8
16
 10
74.9300
 20
38.1000
 30
0.0000
  0
SEQEND
  8
0
  0
POLYLINE
  8
16
 66
1
 10
0.0000
 20
0.0000
 30
0.0000
 40
0.1270
 41
0.1270
 70
0
  0
VERTEX
  8
16
 10
74.9935
 20
38.1000
 30
0.0000
 42
1.0000
  0
VERTEX
  8
16
 10
74.8665
 20
38.1000
 30
0.0000
  0
SEQEND
  8
0
  0
POLYLINE
  8
16
 66
1
 10
0.0000
 20
0.0000
 30
0.0000
 40
0.1270
 41
0.1270
 70
0
  0
VERTEX
  8
16
 10
74.8665
 20
35.5600
 30
0.0000
 42
1.0000
  0
VERTEX
  8
16
 10
74.9935
 20
35.5600
 30
0.0000
  0
SEQEND
  8
0
  0
POLYLINE
  8
16
 66
1
 10
0.0000
 20
0.0000
 30
0.0000
 40
0.2540
 41
0.2540
 70
0
  0
VERTEX
  8
16
 10
74.9300
 20
38.1000
 30
0.0000
  0
VERTEX
  8
16
 10
75.9460
 20
39.1160
 30
0.0000
  0
SEQEND
  8
0
  0
POLYLINE
  8
16
 66
1
 10
0.0000
 20
0.0000
 30
0.0000
 40
0.1270
 41
0.1270
 70
0
  0
VERTEX
  8
16
 10
75.9909
 20
39.0711
 30
0.0000
 42
1.0000
  0
VERTEX
  8
16
 10
75.9011
 20
39.1609
 30
0.0000
  0
SEQEND
  8
0
  0
POLYLINE
  8
16
 66
1
 10
0.0000
 20
0.0000
 30
0.0000
 40
0.1270
 41
0.1270
 70
0
  0
VERTEX
  8
16
 10
74.8851
 20
38.1449
 30
0.0000
 42
1.0000
  0
VERTEX
  8
16
 10
74.9749
 20
38.0551
 30
0.0000
  0
SEQEND
  8
0
  0
POLYLINE
  8
16
 66
1
 10
0.0000
 20
0.0000
 30
0.0000
 40
0.2540
 41
0.2540
 70
0
  0
VERTEX
  8
16
 10
75.9460
 20
39.1160
 30
0.0000
  0
VERTEX
  8
16
 10
85.0900
 20
39.1160
 30
0.0000
  0
SEQEND
  8
0
  0
POLYLINE
  8
16
 66
1
 10
0.0000
 20
0.0000
 30
0.0000
 40
0.1270
 41
0.1270
 70
0
  0
VERTEX
  8
16
 10
85.0900
 20
39.0525
 30
0.0000
 42
1.0000
  0
VERTEX
  8
16
 10
85.0900
 20
39.1795
 30
0.0000
  0
SEQEND
  8
0
  0
POLYLINE
  8
16
 66
1
 10
0.0000
 20
0.0000
 30
0.0000
 40
0.1270
 41
0.1270
 70
0
  0
VERTEX
  8
16
 10
75.9460
 20
39.1795
 30
0.0000
 42
1.0000
  0
VERTEX
  8
16
 10
75.9460
 20
39.0525
 30
0.0000
  0
SEQEND
  8
0
  0
POLYLINE
  8
16
 66
1
 10
0.0000
 20
0.0000
 30
0.0000
 40
0.2540
 41
0.2540
 70
0
  0
VERTEX
  8
16
 10
60.9600
 20
36.8300
 30
0.0000
  0
VERTEX
  8
16
 10
61.4680
 20
35.8140
 30
0.0000
  0
SEQEND
  8
0
  0
POLYLINE
  8
16
 66
1
 10
0.0000
 20
0.0000
 30
0.0000
 40
0.1270
 41
0.1270
 70
0
  0
VERTEX
  8
16
 10
61.4112
 20
35.7856
 30
0.0000
 42
1.0000
  0
VERTEX
  8
16
 10
61.5248
 20
35.8424
 30
0.0000
  0
SEQEND
  8
0
  0
POLYLINE
  8
16
 66
1
 10
0.0000
 20
0.0000
 30
0.0000
 40
0.1270
 41
0.1270
 70
0
  0
VERTEX
  8
16
 10
61.0168
 20
36.8584
 30
0.0000
 42
1.0000
  0
VERTEX
  8
16
 10
60.9032
 20
36.8016
 30
0.0000
  0
SEQEND
  8
0
  0
POLYLINE
  8
16
 66
1
 10
0.0000
 20
0.0000
 30
0.0000
 40
0.2540
 41
0.2540
 70
0
  0
VERTEX
  8
16
 10
85.0900
 20
39.1160
 30
0.0000
  0
VERTEX
  8
16
 10
86.3600
 20
39.3700
 30
0.0000
  0
SEQEND
  8
0
  0
POLYLINE
  8
16
 66
1
 10
0.0000
 20
0.0000
 30
0.0000
 40
0.1270
 41
0.1270
 70
0
  0
VERTEX
  8
16
 10
86.3725
 20
39.3077
 30
0.0000
 42
1.0000
  0
VERTEX
  8
16
 10
86.3475
 20
39.4323
 30
0.0000
  0
SEQEND
  8
0
  0
POLYLINE
  8
16
 66
1
 10
0.0000
 20
0.0000
 30
0.0000
 40
0.1270
 41
0.1270
 70
0
  0
VERTEX
  8
16
 10
85.0775
 20
39.1783
 30
0.0000
 42
1.0000
  0
VERTEX
  8
16
 10
85.1025
 20
39.0537
 30
0.0000
  0
SEQEND
  8
0
  0
POLYLINE
  8
16
 66
1
 10
0.0000
 20
0.0000
 30
0.0000
 40
0.2540
 41
0.2540
 70
0
  0
VERTEX
  8
16
 10
63.5000
 20
44.4500
 30
0.0000
  0
VERTEX
  8
16
 10
63.2460
 20
45.7200
 30
0.0000
  0
SEQEND
  8
0
  0
POLYLINE
  8
16
 66
1
 10
0.0000
 20
0.0000
 30
0.0000
 40
0.1270
 41
0.1270
 70
0
  0
VERTEX
  8
16
 10
63.3083
 20
45.7325
 30
0.0000
 42
1.0000
  0
VERTEX
  8
16
 10
63.1837
 20
45.7075
 30
0.0000
  0
SEQEND
  8
0
  0
POLYLINE
  8
16
 66
1
 10
0.0000
 20
0.0000
 30
0.0000
 40
0.1270
 41
0.1270
 70
0
  0
VERTEX
  8
16
 10
63.4377
 20
44.4375
 30
0.0000
 42
1.0000
  0
VERTEX
  8
16
 10
63.5623
 20
44.4625
 30
0.0000
  0
SEQEND
  8
0
  0
POLYLINE
  8
16
 66
1
 10
0.0000
 20
0.0000
 30
0.0000
 40
0.2540
 41
0.2540
 70
0
  0
VERTEX
  8
16
 10
85.0900
 20
34.0360
 30
0.0000
  0
VERTEX
  8
16
 10
84.5820
 20
34.0360
 30
0.0000
  0
SEQEND
  8
0
  0
POLYLINE
  8
16
 66
1
 10
0.0000
 20
0.0000
 30
0.0000
 40
0.1270
 41
0.1270
 70
0
  0
VERTEX
  8
16
 10
84.5820
 20
34.0995
 30
0.0000
 42
1.0000
  0
VERTEX
  8
16
 10
84.5820
 20
33.9725
 30
0.0000
  0
SEQEND
  8
0
  0
POLYLINE
  8
16
 66
1
 10
0.0000
 20
0.0000
 30
0.0000
 40
0.1270
 41
0.1270
 70
0
  0
VERTEX
  8
16
 10
85.0900
 20
33.9725
 30
0.0000
 42
1.0000
  0
VERTEX
  8
16
 10
85.0900
 20
34.0995
 30
0.0000
  0
SEQEND
  8
0
  0
POLYLINE
  8
16
 66
1
 10
0.0000
 20
0.0000
 30
0.0000
 40
0.2540
 41
0.2540
 70
0
  0
VERTEX
  8
16
 10
86.3600
 20
34.2900
 30
0.0000
  0
VERTEX
  8
16
 10
85.0900
 20
34.0360
 30
0.0000
  0
SEQEND
  8
0
  0
POLYLINE
  8
16
 66
1
 10
0.0000
 20
0.0000
 30
0.0000
 40
0.1270
 41
0.1270
 70
0
  0
VERTEX
  8
16
 10
85.0775
 20
34.0983
 30
0.0000
 42
1.0000
  0
VERTEX
  8
16
 10
85.1025
 20
33.9737
 30
0.0000
  0
SEQEND
  8
0
  0
POLYLINE
  8
16
 66
1
 10
0.0000
 20
0.0000
 30
0.0000
 40
0.1270
 41
0.1270
 70
0
  0
VERTEX
  8
16
 10
86.3725
 20
34.2277
 30
0.0000
 42
1.0000
  0
VERTEX
  8
16
 10
86.3475
 20
34.3523
 30
0.0000
  0
SEQEND
  8
0
  0
POLYLINE
  8
16
 66
1
 10
0.0000
 20
0.0000
 30
0.0000
 40
0.2540
 41
0.2540
 70
0
  0
VERTEX
  8
16
 10
92.9640
 20
43.9420
 30
0.0000
  0
VERTEX
  8
16
 10
92.9640
 20
43.4340
 30
0.0000
  0
SEQEND
  8
0
  0
POLYLINE
  8
16
 66
1
 10
0.0000
 20
0.0000
 30
0.0000
 40
0.1270
 41
0.1270
 70
0
  0
VERTEX
  8
16
 10
92.9005
 20
43.4340
 30
0.0000
 42
1.0000
  0
VERTEX
  8
16
 10
93.0275
 20
43.4340
 30
0.0000
  0
SEQEND
  8
0
  0
POLYLINE
  8
16
 66
1
 10
0.0000
 20
0.0000
 30
0.0000
 40
0.1270
 41
0.1270
 70
0
  0
VERTEX
  8
16
 10
93.0275
 20
43.9420
 30
0.0000
 42
1.0000
  0
VERTEX
  8
16
 10
92.9005
 20
43.9420
 30
0.0000
  0
SEQEND
  8
0
  0
POLYLINE
  8
16
 66
1
 10
0.0000
 20
0.0000
 30
0.0000
 40
0.2540
 41
0.2540
 70
0
  0
VERTEX
  8
16
 10
92.9640
 20
43.4340
 30
0.0000
  0
VERTEX
  8
16
 10
90.6780
 20
41.1480
 30
0.0000
  0
SEQEND
  8
0
  0
POLYLINE
  8
16
 66
1
 10
0.0000
 20
0.0000
 30
0.0000
 40
0.1270
 41
0.1270
 70
0
  0
VERTEX
  8
16
 10
90.6331
 20
41.1929
 30
0.0000
 42
1.0000
  0
VERTEX
  8
16
 10
90.7229
 20
41.1031
 30
0.0000
  0
SEQEND
  8
0
  0
POLYLINE
  8
16
 66
1
 10
0.0000
 20
0.0000
 30
0.0000
 40
0.1270
 41
0.1270
 70
0
  0
VERTEX
  8
16
 10
93.0089
 20
43.3891
 30
0.0000
 42
1.0000
  0
VERTEX
  8
16
 10
92.9191
 20
43.4789
 30
0.0000
  0
SEQEND
  8
0
  0
POLYLINE
  8
16
 66
1
 10
0.0000
 20
0.0000
 30
0.0000
 40
0.2540
 41
0.2540
 70
0
  0
VERTEX
  8
16
 10
90.6780
 20
41.1480
 30
0.0000
  0
VERTEX
  8
16
 10
90.6780
 20
38.1000
 30
0.0000
  0
SEQEND
  8
0
  0
POLYLINE
  8
16
 66
1
 10
0.0000
 20
0.0000
 30
0.0000
 40
0.1270
 41
0.1270
 70
0
  0
VERTEX
  8
16
 10
90.6145
 20
38.1000
 30
0.0000
 42
1.0000
  0
VERTEX
  8
16
 10
90.7415
 20
38.1000
 30
0.0000
  0
SEQEND
  8
0
  0
POLYLINE
  8
16
 66
1
 10
0.0000
 20
0.0000
 30
0.0000
 40
0.1270
 41
0.1270
 70
0
  0
VERTEX
  8
16
 10
90.7415
 20
41.1480
 30
0.0000
 42
1.0000
  0
VERTEX
  8
16
 10
90.6145
 20
41.1480
 30
0.0000
  0
SEQEND
  8
0
  0
POLYLINE
  8
16
 66
1
 10
0.0000
 20
0.0000
 30
0.0000
 40
0.2540
 41
0.2540
 70
0
  0
VERTEX
  8
16
 10
90.6780
 20
38.1000
 30
0.0000
  0
VERTEX
  8
16
 10
87.3760
 20
34.7980
 30
0.0000
  0
SEQEND
  8
0
  0
POLYLINE
  8
16
 66
1
 10
0.0000
 20
0.0000
 30
0.0000
 40
0.1270
 41
0.1270
 70
0
  0
VERTEX
  8
16
 10
87.3311
 20
34.8429
 30
0.0000
 42
1.0000
  0
VERTEX
  8
16
 10
87.4209
 20
34.7531
 30
0.0000
  0
SEQEND
  8
0
  0
POLYLINE
  8
16
 66
1
 10
0.0000
 20
0.0000
 30
0.0000
 40
0.1270
 41
0.1270
 70
0
  0
VERTEX
  8
16
 10
90.7229
 20
38.0551
 30
0.0000
 42
1.0000
  0
VERTEX
  8
16
 10
90.6331
 20
38.1449
 30
0.0000
  0
SEQEND
  8
0
  0
POLYLINE
  8
16
 66
1
 10
0.0000
 20
0.0000
 30
0.0000
 40
0.2540
 41
0.2540
 70
0
  0
VERTEX
  8
16
 10
93.9800
 20
44.4500
 30
0.0000
  0
VERTEX
  8
16
 10
92.9640
 20
43.9420
 30
0.0000
  0
SEQEND
  8
0
  0
POLYLINE
  8
16
 66
1
 10
0.0000
 20
0.0000
 30
0.0000
 40
0.1270
 41
0.1270
 70
0
  0
VERTEX
  8
16
 10
92.9356
 20
43.9988
 30
0.0000
 42
1.0000
  0
VERTEX
  8
16
 10
92.9924
 20
43.8852
 30
0.0000
  0
SEQEND
  8
0
  0
POLYLINE
  8
16
 66
1
 10
0.0000
 20
0.0000
 30
0.0000
 40
0.1270
 41
0.1270
 70
0
  0
VERTEX
  8
16
 10
94.0084
 20
44.3932
 30
0.0000
 42
1.0000
  0
VERTEX
  8
16
 10
93.9516
 20
44.5068
 30
0.0000
  0
SEQEND
  8
0
  0
POLYLINE
  8
16
 66
1
 10
0.0000
 20
0.0000
 30
0.0000
 40
0.2540
 41
0.2540
 70
0
  0
VERTEX
  8
16
 10
87.3760
 20
34.7980
 30
0.0000
  0
VERTEX
  8
16
 10
86.3600
 20
34.2900
 30
0.0000
  0
SEQEND
  8
0
  0
POLYLINE
  8
16
 66
1
 10
0.0000
 20
0.0000
 30
0.0000
 40
0.1270
 41
0.1270
 70
0
  0
VERTEX
  8
16
 10
86.3316
 20
34.3468
 30
0.0000
 42
1.0000
  0
VERTEX
  8
16
 10
86.3884
 20
34.2332
 30
0.0000
  0
SEQEND
  8
0
  0
POLYLINE
  8
16
 66
1
 10
0.0000
 20
0.0000
 30
0.0000
 40
0.1270
 41
0.1270
 70
0
  0
VERTEX
  8
16
 10
87.4044
 20
34.7412
 30
0.0000
 42
1.0000
  0
VERTEX
  8
16
 10
87.3476
 20
34.8548
 30
0.0000
  0
SEQEND
  8
0
  0
POLYLINE
  8
16
 66
1
 10
0.0000
 20
0.0000
 30
0.0000
 40
0.2540
 41
0.2540
 70
0
  0
VERTEX
  8
16
 10
63.7540
 20
47.7520
 30
0.0000
  0
VERTEX
  8
16
 10
63.7540
 20
54.1020
 30
0.0000
  0
SEQEND
  8
0
  0
POLYLINE
  8
16
 66
1
 10
0.0000
 20
0.0000
 30
0.0000
 40
0.1270
 41
0.1270
 70
0
  0
VERTEX
  8
16
 10
63.8175
 20
54.1020
 30
0.0000
 42
1.0000
  0
VERTEX
  8
16
 10
63.6905
 20
54.1020
 30
0.0000
  0
SEQEND
  8
0
  0
POLYLINE
  8
16
 66
1
 10
0.0000
 20
0.0000
 30
0.0000
 40
0.1270
 41
0.1270
 70
0
  0
VERTEX
  8
16
 10
63.6905
 20
47.7520
 30
0.0000
 42
1.0000
  0
VERTEX
  8
16
 10
63.8175
 20
47.7520
 30
0.0000
  0
SEQEND
  8
0
  0
POLYLINE
  8
16
 66
1
 10
0.0000
 20
0.0000
 30
0.0000
 40
0.2540
 41
0.2540
 70
0
  0
VERTEX
  8
16
 10
63.7540
 20
54.1020
 30
0.0000
  0
VERTEX
  8
16
 10
68.8340
 20
59.1820
 30
0.0000
  0
SEQEND
  8
0
  0
POLYLINE
  8
16
 66
1
 10
0.0000
 20
0.0000
 30
0.0000
 40
0.1270
 41
0.1270
 70
0
  0
VERTEX
  8
16
 10
68.8789
 20
59.1371
 30
0.0000
 42
1.0000
  0
VERTEX
  8
16
 10
68.7891
 20
59.2269
 30
0.0000
  0
SEQEND
  8
0
  0
POLYLINE
  8
16
 66
1
 10
0.0000
 20
0.0000
 30
0.0000
 40
0.1270
 41
0.1270
 70
0
  0
VERTEX
  8
16
 10
63.7091
 20
54.1469
 30
0.0000
 42
1.0000
  0
VERTEX
  8
16
 10
63.7989
 20
54.0571
 30
0.0000
  0
SEQEND
  8
0
  0
POLYLINE
  8
16
 66
1
 10
0.0000
 20
0.0000
 30
0.0000
 40
0.2540
 41
0.2540
 70
0
  0
VERTEX
  8
16
 10
68.8340
 20
59.1820
 30
0.0000
  0
VERTEX
  8
16
 10
84.3280
 20
59.1820
 30
0.0000
  0
SEQEND
  8
0
  0
POLYLINE
  8
16
 66
1
 10
0.0000
 20
0.0000
 30
0.0000
 40
0.1270
 41
0.1270
 70
0
  0
VERTEX
  8
16
 10
84.3280
 20
59.1185
 30
0.0000
 42
1.0000
  0
VERTEX
  8
16
 10
84.3280
 20
59.2455
 30
0.0000
  0
SEQEND
  8
0
  0
POLYLINE
  8
16
 66
1
 10
0.0000
 20
0.0000
 30
0.0000
 40
0.1270
 41
0.1270
 70
0
  0
VERTEX
  8
16
 10
68.8340
 20
59.2455
 30
0.0000
 42
1.0000
  0
VERTEX
  8
16
 10
68.8340
 20
59.1185
 30
0.0000
  0
SEQEND
  8
0
  0
POLYLINE
  8
16
 66
1
 10
0.0000
 20
0.0000
 30
0.0000
 40
0.2540
 41
0.2540
 70
0
  0
VERTEX
  8
16
 10
84.3280
 20
59.1820
 30
0.0000
  0
VERTEX
  8
16
 10
96.0120
 20
47.4980
 30
0.0000
  0
SEQEND
  8
0
  0
POLYLINE
  8
16
 66
1
 10
0.0000
 20
0.0000
 30
0.0000
 40
0.1270
 41
0.1270
 70
0
  0
VERTEX
  8
16
 10
95.9671
 20
47.4531
 30
0.0000
 42
1.0000
  0
VERTEX
  8
16
 10
96.0569
 20
47.5429
 30
0.0000
  0
SEQEND
  8
0
  0
POLYLINE
  8
16
 66
1
 10
0.0000
 20
0.0000
 30
0.0000
 40
0.1270
 41
0.1270
 70
0
  0
VERTEX
  8
16
 10
84.3729
 20
59.2269
 30
0.0000
 42
1.0000
  0
VERTEX
  8
16
 10
84.2831
 20
59.1371
 30
0.0000
  0
SEQEND
  8
0
  0
POLYLINE
  8
16
 66
1
 10
0.0000
 20
0.0000
 30
0.0000
 40
0.2540
 41
0.2540
 70
0
  0
VERTEX
  8
16
 10
96.0120
 20
47.4980
 30
0.0000
  0
VERTEX
  8
16
 10
96.0120
 20
45.9740
 30
0.0000
  0
SEQEND
  8
0
  0
POLYLINE
  8
16
 66
1
 10
0.0000
 20
0.0000
 30
0.0000
 40
0.1270
 41
0.1270
 70
0
  0
VERTEX
  8
16
 10
95.9485
 20
45.9740
 30
0.0000
 42
1.0000
  0
VERTEX
  8
16
 10
96.0755
 20
45.9740
 30
0.0000
  0
SEQEND
  8
0
  0
POLYLINE
  8
16
 66
1
 10
0.0000
 20
0.0000
 30
0.0000
 40
0.1270
 41
0.1270
 70
0
  0
VERTEX
  8
16
 10
96.0755
 20
47.4980
 30
0.0000
 42
1.0000
  0
VERTEX
  8
16
 10
95.9485
 20
47.4980
 30
0.0000
  0
SEQEND
  8
0
  0
POLYLINE
  8
16
 66
1
 10
0.0000
 20
0.0000
 30
0.0000
 40
0.2540
 41
0.2540
 70
0
  0
VERTEX
  8
16
 10
96.0120
 20
45.9740
 30
0.0000
  0
VERTEX
  8
16
 10
94.9960
 20
44.9580
 30
0.0000
  0
SEQEND
  8
0
  0
POLYLINE
  8
16
 66
1
 10
0.0000
 20
0.0000
 30
0.0000
 40
0.1270
 41
0.1270
 70
0
  0
VERTEX
  8
16
 10
94.9511
 20
45.0029
 30
0.0000
 42
1.0000
  0
VERTEX
  8
16
 10
95.0409
 20
44.9131
 30
0.0000
  0
SEQEND
  8
0
  0
POLYLINE
  8
16
 66
1
 10
0.0000
 20
0.0000
 30
0.0000
 40
0.1270
 41
0.1270
 70
0
  0
VERTEX
  8
16
 10
96.0569
 20
45.9291
 30
0.0000
 42
1.0000
  0
VERTEX
  8
16
 10
95.9671
 20
46.0189
 30
0.0000
  0
SEQEND
  8
0
  0
POLYLINE
  8
16
 66
1
 10
0.0000
 20
0.0000
 30
0.0000
 40
0.2540
 41
0.2540
 70
0
  0
VERTEX
  8
16
 10
94.9960
 20
44.9580
 30
0.0000
  0
VERTEX
  8
16
 10
93.9800
 20
44.4500
 30
0.0000
  0
SEQEND
  8
0
  0
POLYLINE
  8
16
 66
1
 10
0.0000
 20
0.0000
 30
0.0000
 40
0.1270
 41
0.1270
 70
0
  0
VERTEX
  8
16
 10
93.9516
 20
44.5068
 30
0.0000
 42
1.0000
  0
VERTEX
  8
16
 10
94.0084
 20
44.3932
 30
0.0000
  0
SEQEND
  8
0
  0
POLYLINE
  8
16
 66
1
 10
0.0000
 20
0.0000
 30
0.0000
 40
0.1270
 41
0.1270
 70
0
  0
VERTEX
  8
16
 10
95.0244
 20
44.9012
 30
0.0000
 42
1.0000
  0
VERTEX
  8
16
 10
94.9676
 20
45.0148
 30
0.0000
  0
SEQEND
  8
0
  0
POLYLINE
  8
16
 66
1
 10
0.0000
 20
0.0000
 30
0.0000
 40
0.2540
 41
0.2540
 70
0
  0
VERTEX
  8
16
 10
63.2460
 20
45.7200
 30
0.0000
  0
VERTEX
  8
16
 10
63.2460
 20
47.2440
 30
0.0000
  0
SEQEND
  8
0
  0
POLYLINE
  8
16
 66
1
 10
0.0000
 20
0.0000
 30
0.0000
 40
0.1270
 41
0.1270
 70
0
  0
VERTEX
  8
16
 10
63.3095
 20
47.2440
 30
0.0000
 42
1.0000
  0
VERTEX
  8
16
 10
63.1825
 20
47.2440
 30
0.0000
  0
SEQEND
  8
0
  0
POLYLINE
  8
16
 66
1
 10
0.0000
 20
0.0000
 30
0.0000
 40
0.1270
 41
0.1270
 70
0
  0
VERTEX
  8
16
 10
63.1825
 20
45.7200
 30
0.0000
 42
1.0000
  0
VERTEX
  8
16
 10
63.3095
 20
45.7200
 30
0.0000
  0
SEQEND
  8
0
  0
POLYLINE
  8
16
 66
1
 10
0.0000
 20
0.0000
 30
0.0000
 40
0.2540
 41
0.2540
 70
0
  0
VERTEX
  8
16
 10
63.2460
 20
47.2440
 30
0.0000
  0
VERTEX
  8
16
 10
63.7540
 20
47.7520
 30
0.0000
  0
SEQEND
  8
0
  0
POLYLINE
  8
16
 66
1
 10
0.0000
 20
0.0000
 30
0.0000
 40
0.1270
 41
0.1270
 70
0
  0
VERTEX
  8
16
 10
63.7989
 20
47.7071
 30
0.0000
 42
1.0000
  0
VERTEX
  8
16
 10
63.7091
 20
47.7969
 30
0.0000
  0
SEQEND
  8
0
  0
POLYLINE
  8
16
 66
1
 10
0.0000
 20
0.0000
 30
0.0000
 40
0.1270
 41
0.1270
 70
0
  0
VERTEX
  8
16
 10
63.2011
 20
47.2889
 30
0.0000
 42
1.0000
  0
VERTEX
  8
16
 10
63.2909
 20
47.1991
 30
0.0000
  0
SEQEND
  8
0
  0
POLYLINE
  8
16
 66
1
 10
0.0000
 20
0.0000
 30
0.0000
 40
0.2540
 41
0.2540
 70
0
  0
VERTEX
  8
16
 10
65.7860
 20
45.7200
 30
0.0000
  0
VERTEX
  8
16
 10
65.7860
 20
46.2280
 30
0.0000
  0
SEQEND
  8
0
  0
POLYLINE
  8
16
 66
1
 10
0.0000
 20
0.0000
 30
0.0000
 40
0.1270
 41
0.1270
 70
0
  0
VERTEX
  8
16
 10
65.8495
 20
46.2280
 30
0.0000
 42
1.0000
  0
VERTEX
  8
16
 10
65.7225
 20
46.2280
 30
0.0000
  0
SEQEND
  8
0
  0
POLYLINE
  8
16
 66
1
 10
0.0000
 20
0.0000
 30
0.0000
 40
0.1270
 41
0.1270
 70
0
  0
VERTEX
  8
16
 10
65.7225
 20
45.7200
 30
0.0000
 42
1.0000
  0
VERTEX
  8
16
 10
65.8495
 20
45.7200
 30
0.0000
  0
SEQEND
  8
0
  0
POLYLINE
  8
16
 66
1
 10
0.0000
 20
0.0000
 30
0.0000
 40
0.2540
 41
0.2540
 70
0
  0
VERTEX
  8
16
 10
66.0400
 20
44.4500
 30
0.0000
  0
VERTEX
  8
16
 10
65.7860
 20
45.7200
 30
0.0000
  0
SEQEND
  8
0
  0
POLYLINE
  8
16
 66
1
 10
0.0000
 20
0.0000
 30
0.0000
 40
0.1270
 41
0.1270
 70
0
  0
VERTEX
  8
16
 10
65.8483
 20
45.7325
 30
0.0000
 42
1.0000
  0
VERTEX
  8
16
 10
65.7237
 20
45.7075
 30
0.0000
  0
SEQEND
  8
0
  0
POLYLINE
  8
16
 66
1
 10
0.0000
 20
0.0000
 30
0.0000
 40
0.1270
 41
0.1270
 70
0
  0
VERTEX
  8
16
 10
65.9777
 20
44.4375
 30
0.0000
 42
1.0000
  0
VERTEX
  8
16
 10
66.1023
 20
44.4625
 30
0.0000
  0
SEQEND
  8
0
  0
POLYLINE
  8
16
 66
1
 10
0.0000
 20
0.0000
 30
0.0000
 40
0.2540
 41
0.2540
 70
0
  0
VERTEX
  8
16
 10
65.7860
 20
46.2280
 30
0.0000
  0
VERTEX
  8
16
 10
66.0400
 20
46.9900
 30
0.0000
  0
SEQEND
  8
0
  0
POLYLINE
  8
16
 66
1
 10
0.0000
 20
0.0000
 30
0.0000
 40
0.1270
 41
0.1270
 70
0
  0
VERTEX
  8
16
 10
66.1002
 20
46.9699
 30
0.0000
 42
1.0000
  0
VERTEX
  8
16
 10
65.9798
 20
47.0101
 30
0.0000
  0
SEQEND
  8
0
  0
POLYLINE
  8
16
 66
1
 10
0.0000
 20
0.0000
 30
0.0000
 40
0.1270
 41
0.1270
 70
0
  0
VERTEX
  8
16
 10
65.7258
 20
46.2481
 30
0.0000
 42
1.0000
  0
VERTEX
  8
16
 10
65.8462
 20
46.2079
 30
0.0000
  0
SEQEND
  8
0
  0
POLYLINE
  8
16
 66
1
 10
0.0000
 20
0.0000
 30
0.0000
 40
0.2540
 41
0.2540
 70
0
  0
VERTEX
  8
16
 10
95.2500
 20
41.6560
 30
0.0000
  0
VERTEX
  8
16
 10
95.7580
 20
41.6560
 30
0.0000
  0
SEQEND
  8
0
  0
POLYLINE
  8
16
 66
1
 10
0.0000
 20
0.0000
 30
0.0000
 40
0.1270
 41
0.1270
 70
0
  0
VERTEX
  8
16
 10
95.7580
 20
41.5925
 30
0.0000
 42
1.0000
  0
VERTEX
  8
16
 10
95.7580
 20
41.7195
 30
0.0000
  0
SEQEND
  8
0
  0
POLYLINE
  8
16
 66
1
 10
0.0000
 20
0.0000
 30
0.0000
 40
0.1270
 41
0.1270
 70
0
  0
VERTEX
  8
16
 10
95.2500
 20
41.7195
 30
0.0000
 42
1.0000
  0
VERTEX
  8
16
 10
95.2500
 20
41.5925
 30
0.0000
  0
SEQEND
  8
0
  0
POLYLINE
  8
16
 66
1
 10
0.0000
 20
0.0000
 30
0.0000
 40
0.2540
 41
0.2540
 70
0
  0
VERTEX
  8
16
 10
93.9800
 20
41.9100
 30
0.0000
  0
VERTEX
  8
16
 10
95.2500
 20
41.6560
 30
0.0000
  0
SEQEND
  8
0
  0
POLYLINE
  8
16
 66
1
 10
0.0000
 20
0.0000
 30
0.0000
 40
0.1270
 41
0.1270
 70
0
  0
VERTEX
  8
16
 10
95.2375
 20
41.5937
 30
0.0000
 42
1.0000
  0
VERTEX
  8
16
 10
95.2625
 20
41.7183
 30
0.0000
  0
SEQEND
  8
0
  0
POLYLINE
  8
16
 66
1
 10
0.0000
 20
0.0000
 30
0.0000
 40
0.1270
 41
0.1270
 70
0
  0
VERTEX
  8
16
 10
93.9925
 20
41.9723
 30
0.0000
 42
1.0000
  0
VERTEX
  8
16
 10
93.9675
 20
41.8477
 30
0.0000
  0
SEQEND
  8
0
  0
POLYLINE
  8
16
 66
1
 10
0.0000
 20
0.0000
 30
0.0000
 40
0.2540
 41
0.2540
 70
0
  0
VERTEX
  8
16
 10
95.7580
 20
41.6560
 30
0.0000
  0
VERTEX
  8
16
 10
96.5200
 20
41.9100
 30
0.0000
  0
SEQEND
  8
0
  0
POLYLINE
  8
16
 66
1
 10
0.0000
 20
0.0000
 30
0.0000
 40
0.1270
 41
0.1270
 70
0
  0
VERTEX
  8
16
 10
96.5401
 20
41.8498
 30
0.0000
 42
1.0000
  0
VERTEX
  8
16
 10
96.4999
 20
41.9702
 30
0.0000
  0
SEQEND
  8
0
  0
POLYLINE
  8
16
 66
1
 10
0.0000
 20
0.0000
 30
0.0000
 40
0.1270
 41
0.1270
 70
0
  0
VERTEX
  8
16
 10
95.7379
 20
41.7162
 30
0.0000
 42
1.0000
  0
VERTEX
  8
16
 10
95.7781
 20
41.5958
 30
0.0000
  0
SEQEND
  8
0
  0
POLYLINE
  8
16
 66
1
 10
0.0000
 20
0.0000
 30
0.0000
 40
0.2540
 41
0.2540
 70
0
  0
VERTEX
  8
16
 10
88.6460
 20
20.3200
 30
0.0000
  0
VERTEX
  8
16
 10
88.6460
 20
24.3840
 30
0.0000
  0
SEQEND
  8
0
  0
POLYLINE
  8
16
 66
1
 10
0.0000
 20
0.0000
 30
0.0000
 40
0.1270
 41
0.1270
 70
0
  0
VERTEX
  8
16
 10
88.7095
 20
24.3840
 30
0.0000
 42
1.0000
  0
VERTEX
  8
16
 10
88.5825
 20
24.3840
 30
0.0000
  0
SEQEND
  8
0
  0
POLYLINE
  8
16
 66
1
 10
0.0000
 20
0.0000
 30
0.0000
 40
0.1270
 41
0.1270
 70
0
  0
VERTEX
  8
16
 10
88.5825
 20
20.3200
 30
0.0000
 42
1.0000
  0
VERTEX
  8
16
 10
88.7095
 20
20.3200
 30
0.0000
  0
SEQEND
  8
0
  0
POLYLINE
  8
16
 66
1
 10
0.0000
 20
0.0000
 30
0.0000
 40
0.2540
 41
0.2540
 70
0
  0
VERTEX
  8
16
 10
88.6460
 20
24.3840
 30
0.0000
  0
VERTEX
  8
16
 10
87.6300
 20
25.4000
 30
0.0000
  0
SEQEND
  8
0
  0
POLYLINE
  8
16
 66
1
 10
0.0000
 20
0.0000
 30
0.0000
 40
0.1270
 41
0.1270
 70
0
  0
VERTEX
  8
16
 10
87.6749
 20
25.4449
 30
0.0000
 42
1.0000
  0
VERTEX
  8
16
 10
87.5851
 20
25.3551
 30
0.0000
  0
SEQEND
  8
0
  0
POLYLINE
  8
16
 66
1
 10
0.0000
 20
0.0000
 30
0.0000
 40
0.1270
 41
0.1270
 70
0
  0
VERTEX
  8
16
 10
88.6011
 20
24.3391
 30
0.0000
 42
1.0000
  0
VERTEX
  8
16
 10
88.6909
 20
24.4289
 30
0.0000
  0
SEQEND
  8
0
  0
POLYLINE
  8
16
 66
1
 10
0.0000
 20
0.0000
 30
0.0000
 40
0.2540
 41
0.2540
 70
0
  0
VERTEX
  8
16
 10
87.6300
 20
25.4000
 30
0.0000
  0
VERTEX
  8
16
 10
87.6300
 20
30.4800
 30
0.0000
  0
SEQEND
  8
0
  0
POLYLINE
  8
16
 66
1
 10
0.0000
 20
0.0000
 30
0.0000
 40
0.1270
 41
0.1270
 70
0
  0
VERTEX
  8
16
 10
87.6935
 20
30.4800
 30
0.0000
 42
1.0000
  0
VERTEX
  8
16
 10
87.5665
 20
30.4800
 30
0.0000
  0
SEQEND
  8
0
  0
POLYLINE
  8
16
 66
1
 10
0.0000
 20
0.0000
 30
0.0000
 40
0.1270
 41
0.1270
 70
0
  0
VERTEX
  8
16
 10
87.5665
 20
25.4000
 30
0.0000
 42
1.0000
  0
VERTEX
  8
16
 10
87.6935
 20
25.4000
 30
0.0000
  0
SEQEND
  8
0
  0
POLYLINE
  8
16
 66
1
 10
0.0000
 20
0.0000
 30
0.0000
 40
0.2540
 41
0.2540
 70
0
  0
VERTEX
  8
16
 10
87.6300
 20
30.4800
 30
0.0000
  0
VERTEX
  8
16
 10
89.4080
 20
32.2580
 30
0.0000
  0
SEQEND
  8
0
  0
POLYLINE
  8
16
 66
1
 10
0.0000
 20
0.0000
 30
0.0000
 40
0.1270
 41
0.1270
 70
0
  0
VERTEX
  8
16
 10
89.4529
 20
32.2131
 30
0.0000
 42
1.0000
  0
VERTEX
  8
16
 10
89.3631
 20
32.3029
 30
0.0000
  0
SEQEND
  8
0
  0
POLYLINE
  8
16
 66
1
 10
0.0000
 20
0.0000
 30
0.0000
 40
0.1270
 41
0.1270
 70
0
  0
VERTEX
  8
16
 10
87.5851
 20
30.5249
 30
0.0000
 42
1.0000
  0
VERTEX
  8
16
 10
87.6749
 20
30.4351
 30
0.0000
  0
SEQEND
  8
0
  0
POLYLINE
  8
16
 66
1
 10
0.0000
 20
0.0000
 30
0.0000
 40
0.2540
 41
0.2540
 70
0
  0
VERTEX
  8
16
 10
89.4080
 20
32.2580
 30
0.0000
  0
VERTEX
  8
16
 10
89.4080
 20
35.8140
 30
0.0000
  0
SEQEND
  8
0
  0
POLYLINE
  8
16
 66
1
 10
0.0000
 20
0.0000
 30
0.0000
 40
0.1270
 41
0.1270
 70
0
  0
VERTEX
  8
16
 10
89.4715
 20
35.8140
 30
0.0000
 42
1.0000
  0
VERTEX
  8
16
 10
89.3445
 20
35.8140
 30
0.0000
  0
SEQEND
  8
0
  0
POLYLINE
  8
16
 66
1
 10
0.0000
 20
0.0000
 30
0.0000
 40
0.1270
 41
0.1270
 70
0
  0
VERTEX
  8
16
 10
89.3445
 20
32.2580
 30
0.0000
 42
1.0000
  0
VERTEX
  8
16
 10
89.4715
 20
32.2580
 30
0.0000
  0
SEQEND
  8
0
  0
POLYLINE
  8
16
 66
1
 10
0.0000
 20
0.0000
 30
0.0000
 40
0.2540
 41
0.2540
 70
0
  0
VERTEX
  8
16
 10
89.4080
 20
35.8140
 30
0.0000
  0
VERTEX
  8
16
 10
92.7100
 20
39.1160
 30
0.0000
  0
SEQEND
  8
0
  0
POLYLINE
  8
16
 66
1
 10
0.0000
 20
0.0000
 30
0.0000
 40
0.1270
 41
0.1270
 70
0
  0
VERTEX
  8
16
 10
92.7549
 20
39.0711
 30
0.0000
 42
1.0000
  0
VERTEX
  8
16
 10
92.6651
 20
39.1609
 30
0.0000
  0
SEQEND
  8
0
  0
POLYLINE
  8
16
 66
1
 10
0.0000
 20
0.0000
 30
0.0000
 40
0.1270
 41
0.1270
 70
0
  0
VERTEX
  8
16
 10
89.3631
 20
35.8589
 30
0.0000
 42
1.0000
  0
VERTEX
  8
16
 10
89.4529
 20
35.7691
 30
0.0000
  0
SEQEND
  8
0
  0
POLYLINE
  8
16
 66
1
 10
0.0000
 20
0.0000
 30
0.0000
 40
0.2540
 41
0.2540
 70
0
  0
VERTEX
  8
16
 10
88.9000
 20
19.0500
 30
0.0000
  0
VERTEX
  8
16
 10
88.6460
 20
20.3200
 30
0.0000
  0
SEQEND
  8
0
  0
POLYLINE
  8
16
 66
1
 10
0.0000
 20
0.0000
 30
0.0000
 40
0.1270
 41
0.1270
 70
0
  0
VERTEX
  8
16
 10
88.7083
 20
20.3325
 30
0.0000
 42
1.0000
  0
VERTEX
  8
16
 10
88.5837
 20
20.3075
 30
0.0000
  0
SEQEND
  8
0
  0
POLYLINE
  8
16
 66
1
 10
0.0000
 20
0.0000
 30
0.0000
 40
0.1270
 41
0.1270
 70
0
  0
VERTEX
  8
16
 10
88.8377
 20
19.0375
 30
0.0000
 42
1.0000
  0
VERTEX
  8
16
 10
88.9623
 20
19.0625
 30
0.0000
  0
SEQEND
  8
0
  0
POLYLINE
  8
16
 66
1
 10
0.0000
 20
0.0000
 30
0.0000
 40
0.2540
 41
0.2540
 70
0
  0
VERTEX
  8
16
 10
92.7100
 20
39.1160
 30
0.0000
  0
VERTEX
  8
16
 10
93.9800
 20
39.3700
 30
0.0000
  0
SEQEND
  8
0
  0
POLYLINE
  8
16
 66
1
 10
0.0000
 20
0.0000
 30
0.0000
 40
0.1270
 41
0.1270
 70
0
  0
VERTEX
  8
16
 10
93.9925
 20
39.3077
 30
0.0000
 42
1.0000
  0
VERTEX
  8
16
 10
93.9675
 20
39.4323
 30
0.0000
  0
SEQEND
  8
0
  0
POLYLINE
  8
16
 66
1
 10
0.0000
 20
0.0000
 30
0.0000
 40
0.1270
 41
0.1270
 70
0
  0
VERTEX
  8
16
 10
92.6975
 20
39.1783
 30
0.0000
 42
1.0000
  0
VERTEX
  8
16
 10
92.7225
 20
39.0537
 30
0.0000
  0
SEQEND
  8
0
  0
POLYLINE
  8
16
 66
1
 10
0.0000
 20
0.0000
 30
0.0000
 40
0.2540
 41
0.2540
 70
0
  0
VERTEX
  8
16
 10
95.2500
 20
39.1160
 30
0.0000
  0
VERTEX
  8
16
 10
95.7580
 20
39.1160
 30
0.0000
  0
SEQEND
  8
0
  0
POLYLINE
  8
16
 66
1
 10
0.0000
 20
0.0000
 30
0.0000
 40
0.1270
 41
0.1270
 70
0
  0
VERTEX
  8
16
 10
95.7580
 20
39.0525
 30
0.0000
 42
1.0000
  0
VERTEX
  8
16
 10
95.7580
 20
39.1795
 30
0.0000
  0
SEQEND
  8
0
  0
POLYLINE
  8
16
 66
1
 10
0.0000
 20
0.0000
 30
0.0000
 40
0.1270
 41
0.1270
 70
0
  0
VERTEX
  8
16
 10
95.2500
 20
39.1795
 30
0.0000
 42
1.0000
  0
VERTEX
  8
16
 10
95.2500
 20
39.0525
 30
0.0000
  0
SEQEND
  8
0
  0
POLYLINE
  8
16
 66
1
 10
0.0000
 20
0.0000
 30
0.0000
 40
0.2540
 41
0.2540
 70
0
  0
VERTEX
  8
16
 10
95.7580
 20
39.1160
 30
0.0000
  0
VERTEX
  8
16
 10
96.5200
 20
39.3700
 30
0.0000
  0
SEQEND
  8
0
  0
POLYLINE
  8
16
 66
1
 10
0.0000
 20
0.0000
 30
0.0000
 40
0.1270
 41
0.1270
 70
0
  0
VERTEX
  8
16
 10
96.5401
 20
39.3098
 30
0.0000
 42
1.0000
  0
VERTEX
  8
16
 10
96.4999
 20
39.4302
 30
0.0000
  0
SEQEND
  8
0
  0
POLYLINE
  8
16
 66
1
 10
0.0000
 20
0.0000
 30
0.0000
 40
0.1270
 41
0.1270
 70
0
  0
VERTEX
  8
16
 10
95.7379
 20
39.1762
 30
0.0000
 42
1.0000
  0
VERTEX
  8
16
 10
95.7781
 20
39.0558
 30
0.0000
  0
SEQEND
  8
0
  0
POLYLINE
  8
16
 66
1
 10
0.0000
 20
0.0000
 30
0.0000
 40
0.2540
 41
0.2540
 70
0
  0
VERTEX
  8
16
 10
93.9800
 20
39.3700
 30
0.0000
  0
VERTEX
  8
16
 10
95.2500
 20
39.1160
 30
0.0000
  0
SEQEND
  8
0
  0
POLYLINE
  8
16
 66
1
 10
0.0000
 20
0.0000
 30
0.0000
 40
0.1270
 41
0.1270
 70
0
  0
VERTEX
  8
16
 10
95.2375
 20
39.0537
 30
0.0000
 42
1.0000
  0
VERTEX
  8
16
 10
95.2625
 20
39.1783
 30
0.0000
  0
SEQEND
  8
0
  0
POLYLINE
  8
16
 66
1
 10
0.0000
 20
0.0000
 30
0.0000
 40
0.1270
 41
0.1270
 70
0
  0
VERTEX
  8
16
 10
93.9925
 20
39.4323
 30
0.0000
 42
1.0000
  0
VERTEX
  8
16
 10
93.9675
 20
39.3077
 30
0.0000
  0
SEQEND
  8
0
  0
POLYLINE
  8
16
 66
1
 10
0.0000
 20
0.0000
 30
0.0000
 40
0.2540
 41
0.2540
 70
0
  0
VERTEX
  8
16
 10
68.3260
 20
45.7200
 30
0.0000
  0
VERTEX
  8
16
 10
68.3260
 20
46.2280
 30
0.0000
  0
SEQEND
  8
0
  0
POLYLINE
  8
16
 66
1
 10
0.0000
 20
0.0000
 30
0.0000
 40
0.1270
 41
0.1270
 70
0
  0
VERTEX
  8
16
 10
68.3895
 20
46.2280
 30
0.0000
 42
1.0000
  0
VERTEX
  8
16
 10
68.2625
 20
46.2280
 30
0.0000
  0
SEQEND
  8
0
  0
POLYLINE
  8
16
 66
1
 10
0.0000
 20
0.0000
 30
0.0000
 40
0.1270
 41
0.1270
 70
0
  0
VERTEX
  8
16
 10
68.2625
 20
45.7200
 30
0.0000
 42
1.0000
  0
VERTEX
  8
16
 10
68.3895
 20
45.7200
 30
0.0000
  0
SEQEND
  8
0
  0
POLYLINE
  8
16
 66
1
 10
0.0000
 20
0.0000
 30
0.0000
 40
0.2540
 41
0.2540
 70
0
  0
VERTEX
  8
16
 10
68.5800
 20
44.4500
 30
0.0000
  0
VERTEX
  8
16
 10
68.3260
 20
45.7200
 30
0.0000
  0
SEQEND
  8
0
  0
POLYLINE
  8
16
 66
1
 10
0.0000
 20
0.0000
 30
0.0000
 40
0.1270
 41
0.1270
 70
0
  0
VERTEX
  8
16
 10
68.3883
 20
45.7325
 30
0.0000
 42
1.0000
  0
VERTEX
  8
16
 10
68.2637
 20
45.7075
 30
0.0000
  0
SEQEND
  8
0
  0
POLYLINE
  8
16
 66
1
 10
0.0000
 20
0.0000
 30
0.0000
 40
0.1270
 41
0.1270
 70
0
  0
VERTEX
  8
16
 10
68.5177
 20
44.4375
 30
0.0000
 42
1.0000
  0
VERTEX
  8
16
 10
68.6423
 20
44.4625
 30
0.0000
  0
SEQEND
  8
0
  0
POLYLINE
  8
16
 66
1
 10
0.0000
 20
0.0000
 30
0.0000
 40
0.2540
 41
0.2540
 70
0
  0
VERTEX
  8
16
 10
68.3260
 20
46.2280
 30
0.0000
  0
VERTEX
  8
16
 10
68.5800
 20
46.9900
 30
0.0000
  0
SEQEND
  8
0
  0
POLYLINE
  8
16
 66
1
 10
0.0000
 20
0.0000
 30
0.0000
 40
0.1270
 41
0.1270
 70
0
  0
VERTEX
  8
16
 10
68.6402
 20
46.9699
 30
0.0000
 42
1.0000
  0
VERTEX
  8
16
 10
68.5198
 20
47.0101
 30
0.0000
  0
SEQEND
  8
0
  0
POLYLINE
  8
16
 66
1
 10
0.0000
 20
0.0000
 30
0.0000
 40
0.1270
 41
0.1270
 70
0
  0
VERTEX
  8
16
 10
68.2658
 20
46.2481
 30
0.0000
 42
1.0000
  0
VERTEX
  8
16
 10
68.3862
 20
46.2079
 30
0.0000
  0
SEQEND
  8
0
  0
POLYLINE
  8
16
 66
1
 10
0.0000
 20
0.0000
 30
0.0000
 40
0.2540
 41
0.2540
 70
0
  0
VERTEX
  8
16
 10
70.8660
 20
45.7200
 30
0.0000
  0
VERTEX
  8
16
 10
70.8660
 20
46.2280
 30
0.0000
  0
SEQEND
  8
0
  0
POLYLINE
  8
16
 66
1
 10
0.0000
 20
0.0000
 30
0.0000
 40
0.1270
 41
0.1270
 70
0
  0
VERTEX
  8
16
 10
70.9295
 20
46.2280
 30
0.0000
 42
1.0000
  0
VERTEX
  8
16
 10
70.8025
 20
46.2280
 30
0.0000
  0
SEQEND
  8
0
  0
POLYLINE
  8
16
 66
1
 10
0.0000
 20
0.0000
 30
0.0000
 40
0.1270
 41
0.1270
 70
0
  0
VERTEX
  8
16
 10
70.8025
 20
45.7200
 30
0.0000
 42
1.0000
  0
VERTEX
  8
16
 10
70.9295
 20
45.7200
 30
0.0000
  0
SEQEND
  8
0
  0
POLYLINE
  8
16
 66
1
 10
0.0000
 20
0.0000
 30
0.0000
 40
0.2540
 41
0.2540
 70
0
  0
VERTEX
  8
16
 10
71.1200
 20
44.4500
 30
0.0000
  0
VERTEX
  8
16
 10
70.8660
 20
45.7200
 30
0.0000
  0
SEQEND
  8
0
  0
POLYLINE
  8
16
 66
1
 10
0.0000
 20
0.0000
 30
0.0000
 40
0.1270
 41
0.1270
 70
0
  0
VERTEX
  8
16
 10
70.9283
 20
45.7325
 30
0.0000
 42
1.0000
  0
VERTEX
  8
16
 10
70.8037
 20
45.7075
 30
0.0000
  0
SEQEND
  8
0
  0
POLYLINE
  8
16
 66
1
 10
0.0000
 20
0.0000
 30
0.0000
 40
0.1270
 41
0.1270
 70
0
  0
VERTEX
  8
16
 10
71.0577
 20
44.4375
 30
0.0000
 42
1.0000
  0
VERTEX
  8
16
 10
71.1823
 20
44.4625
 30
0.0000
  0
SEQEND
  8
0
  0
POLYLINE
  8
16
 66
1
 10
0.0000
 20
0.0000
 30
0.0000
 40
0.2540
 41
0.2540
 70
0
  0
VERTEX
  8
16
 10
70.8660
 20
46.2280
 30
0.0000
  0
VERTEX
  8
16
 10
71.1200
 20
46.9900
 30
0.0000
  0
SEQEND
  8
0
  0
POLYLINE
  8
16
 66
1
 10
0.0000
 20
0.0000
 30
0.0000
 40
0.1270
 41
0.1270
 70
0
  0
VERTEX
  8
16
 10
71.1802
 20
46.9699
 30
0.0000
 42
1.0000
  0
VERTEX
  8
16
 10
71.0598
 20
47.0101
 30
0.0000
  0
SEQEND
  8
0
  0
POLYLINE
  8
16
 66
1
 10
0.0000
 20
0.0000
 30
0.0000
 40
0.1270
 41
0.1270
 70
0
  0
VERTEX
  8
16
 10
70.8058
 20
46.2481
 30
0.0000
 42
1.0000
  0
VERTEX
  8
16
 10
70.9262
 20
46.2079
 30
0.0000
  0
SEQEND
  8
0
  0
POLYLINE
  8
16
 66
1
 10
0.0000
 20
0.0000
 30
0.0000
 40
0.2540
 41
0.2540
 70
0
  0
VERTEX
  8
16
 10
95.2500
 20
36.5760
 30
0.0000
  0
VERTEX
  8
16
 10
95.7580
 20
36.5760
 30
0.0000
  0
SEQEND
  8
0
  0
POLYLINE
  8
16
 66
1
 10
0.0000
 20
0.0000
 30
0.0000
 40
0.1270
 41
0.1270
 70
0
  0
VERTEX
  8
16
 10
95.7580
 20
36.5125
 30
0.0000
 42
1.0000
  0
VERTEX
  8
16
 10
95.7580
 20
36.6395
 30
0.0000
  0
SEQEND
  8
0
  0
POLYLINE
  8
16
 66
1
 10
0.0000
 20
0.0000
 30
0.0000
 40
0.1270
 41
0.1270
 70
0
  0
VERTEX
  8
16
 10
95.2500
 20
36.6395
 30
0.0000
 42
1.0000
  0
VERTEX
  8
16
 10
95.2500
 20
36.5125
 30
0.0000
  0
SEQEND
  8
0
  0
POLYLINE
  8
16
 66
1
 10
0.0000
 20
0.0000
 30
0.0000
 40
0.2540
 41
0.2540
 70
0
  0
VERTEX
  8
16
 10
93.9800
 20
36.8300
 30
0.0000
  0
VERTEX
  8
16
 10
95.2500
 20
36.5760
 30
0.0000
  0
SEQEND
  8
0
  0
POLYLINE
  8
16
 66
1
 10
0.0000
 20
0.0000
 30
0.0000
 40
0.1270
 41
0.1270
 70
0
  0
VERTEX
  8
16
 10
95.2375
 20
36.5137
 30
0.0000
 42
1.0000
  0
VERTEX
  8
16
 10
95.2625
 20
36.6383
 30
0.0000
  0
SEQEND
  8
0
  0
POLYLINE
  8
16
 66
1
 10
0.0000
 20
0.0000
 30
0.0000
 40
0.1270
 41
0.1270
 70
0
  0
VERTEX
  8
16
 10
93.9925
 20
36.8923
 30
0.0000
 42
1.0000
  0
VERTEX
  8
16
 10
93.9675
 20
36.7677
 30
0.0000
  0
SEQEND
  8
0
  0
POLYLINE
  8
16
 66
1
 10
0.0000
 20
0.0000
 30
0.0000
 40
0.2540
 41
0.2540
 70
0
  0
VERTEX
  8
16
 10
95.7580
 20
36.5760
 30
0.0000
  0
VERTEX
  8
16
 10
96.5200
 20
36.8300
 30
0.0000
  0
SEQEND
  8
0
  0
POLYLINE
  8
16
 66
1
 10
0.0000
 20
0.0000
 30
0.0000
 40
0.1270
 41
0.1270
 70
0
  0
VERTEX
  8
16
 10
96.5401
 20
36.7698
 30
0.0000
 42
1.0000
  0
VERTEX
  8
16
 10
96.4999
 20
36.8902
 30
0.0000
  0
SEQEND
  8
0
  0
POLYLINE
  8
16
 66
1
 10
0.0000
 20
0.0000
 30
0.0000
 40
0.1270
 41
0.1270
 70
0
  0
VERTEX
  8
16
 10
95.7379
 20
36.6362
 30
0.0000
 42
1.0000
  0
VERTEX
  8
16
 10
95.7781
 20
36.5158
 30
0.0000
  0
SEQEND
  8
0
  0
POLYLINE
  8
16
 66
1
 10
0.0000
 20
0.0000
 30
0.0000
 40
0.2540
 41
0.2540
 70
0
  0
VERTEX
  8
16
 10
52.8320
 20
48.0060
 30
0.0000
  0
VERTEX
  8
16
 10
51.3080
 20
48.0060
 30
0.0000
  0
SEQEND
  8
0
  0
POLYLINE
  8
16
 66
1
 10
0.0000
 20
0.0000
 30
0.0000
 40
0.1270
 41
0.1270
 70
0
  0
VERTEX
  8
16
 10
51.3080
 20
48.0695
 30
0.0000
 42
1.0000
  0
VERTEX
  8
16
 10
51.3080
 20
47.9425
 30
0.0000
  0
SEQEND
  8
0
  0
POLYLINE
  8
16
 66
1
 10
0.0000
 20
0.0000
 30
0.0000
 40
0.1270
 41
0.1270
 70
0
  0
VERTEX
  8
16
 10
52.8320
 20
47.9425
 30
0.0000
 42
1.0000
  0
VERTEX
  8
16
 10
52.8320
 20
48.0695
 30
0.0000
  0
SEQEND
  8
0
  0
POLYLINE
  8
16
 66
1
 10
0.0000
 20
0.0000
 30
0.0000
 40
0.2540
 41
0.2540
 70
0
  0
VERTEX
  8
16
 10
51.3080
 20
48.0060
 30
0.0000
  0
VERTEX
  8
16
 10
50.8000
 20
48.2600
 30
0.0000
  0
SEQEND
  8
0
  0
POLYLINE
  8
16
 66
1
 10
0.0000
 20
0.0000
 30
0.0000
 40
0.1270
 41
0.1270
 70
0
  0
VERTEX
  8
16
 10
50.8284
 20
48.3168
 30
0.0000
 42
1.0000
  0
VERTEX
  8
16
 10
50.7716
 20
48.2032
 30
0.0000
  0
SEQEND
  8
0
  0
POLYLINE
  8
16
 66
1
 10
0.0000
 20
0.0000
 30
0.0000
 40
0.1270
 41
0.1270
 70
0
  0
VERTEX
  8
16
 10
51.2796
 20
47.9492
 30
0.0000
 42
1.0000
  0
VERTEX
  8
16
 10
51.3364
 20
48.0628
 30
0.0000
  0
SEQEND
  8
0
  0
POLYLINE
  8
16
 66
1
 10
0.0000
 20
0.0000
 30
0.0000
 40
0.2540
 41
0.2540
 70
0
  0
VERTEX
  8
16
 10
53.3400
 20
48.2600
 30
0.0000
  0
VERTEX
  8
16
 10
52.8320
 20
48.0060
 30
0.0000
  0
SEQEND
  8
0
  0
POLYLINE
  8
16
 66
1
 10
0.0000
 20
0.0000
 30
0.0000
 40
0.1270
 41
0.1270
 70
0
  0
VERTEX
  8
16
 10
52.8036
 20
48.0628
 30
0.0000
 42
1.0000
  0
VERTEX
  8
16
 10
52.8604
 20
47.9492
 30
0.0000
  0
SEQEND
  8
0
  0
POLYLINE
  8
16
 66
1
 10
0.0000
 20
0.0000
 30
0.0000
 40
0.1270
 41
0.1270
 70
0
  0
VERTEX
  8
16
 10
53.3684
 20
48.2032
 30
0.0000
 42
1.0000
  0
VERTEX
  8
16
 10
53.3116
 20
48.3168
 30
0.0000
  0
SEQEND
  8
0
  0
POLYLINE
  8
16
 66
1
 10
0.0000
 20
0.0000
 30
0.0000
 40
0.2540
 41
0.2540
 70
0
  0
VERTEX
  8
16
 10
53.0860
 20
41.1480
 30
0.0000
  0
VERTEX
  8
16
 10
53.0860
 20
42.6720
 30
0.0000
  0
SEQEND
  8
0
  0
POLYLINE
  8
16
 66
1
 10
0.0000
 20
0.0000
 30
0.0000
 40
0.1270
 41
0.1270
 70
0
  0
VERTEX
  8
16
 10
53.1495
 20
42.6720
 30
0.0000
 42
1.0000
  0
VERTEX
  8
16
 10
53.0225
 20
42.6720
 30
0.0000
  0
SEQEND
  8
0
  0
POLYLINE
  8
16
 66
1
 10
0.0000
 20
0.0000
 30
0.0000
 40
0.1270
 41
0.1270
 70
0
  0
VERTEX
  8
16
 10
53.0225
 20
41.1480
 30
0.0000
 42
1.0000
  0
VERTEX
  8
16
 10
53.1495
 20
41.1480
 30
0.0000
  0
SEQEND
  8
0
  0
POLYLINE
  8
16
 66
1
 10
0.0000
 20
0.0000
 30
0.0000
 40
0.2540
 41
0.2540
 70
0
  0
VERTEX
  8
16
 10
53.3400
 20
40.6400
 30
0.0000
  0
VERTEX
  8
16
 10
53.0860
 20
41.1480
 30
0.0000
  0
SEQEND
  8
0
  0
POLYLINE
  8
16
 66
1
 10
0.0000
 20
0.0000
 30
0.0000
 40
0.1270
 41
0.1270
 70
0
  0
VERTEX
  8
16
 10
53.1428
 20
41.1764
 30
0.0000
 42
1.0000
  0
VERTEX
  8
16
 10
53.0292
 20
41.1196
 30
0.0000
  0
SEQEND
  8
0
  0
POLYLINE
  8
16
 66
1
 10
0.0000
 20
0.0000
 30
0.0000
 40
0.1270
 41
0.1270
 70
0
  0
VERTEX
  8
16
 10
53.2832
 20
40.6116
 30
0.0000
 42
1.0000
  0
VERTEX
  8
16
 10
53.3968
 20
40.6684
 30
0.0000
  0
SEQEND
  8
0
  0
POLYLINE
  8
16
 66
1
 10
0.0000
 20
0.0000
 30
0.0000
 40
0.2540
 41
0.2540
 70
0
  0
VERTEX
  8
16
 10
53.0860
 20
42.6720
 30
0.0000
  0
VERTEX
  8
16
 10
53.3400
 20
43.1800
 30
0.0000
  0
SEQEND
  8
0
  0
POLYLINE
  8
16
 66
1
 10
0.0000
 20
0.0000
 30
0.0000
 40
0.1270
 41
0.1270
 70
0
  0
VERTEX
  8
16
 10
53.3968
 20
43.1516
 30
0.0000
 42
1.0000
  0
VERTEX
  8
16
 10
53.2832
 20
43.2084
 30
0.0000
  0
SEQEND
  8
0
  0
POLYLINE
  8
16
 66
1
 10
0.0000
 20
0.0000
 30
0.0000
 40
0.1270
 41
0.1270
 70
0
  0
VERTEX
  8
16
 10
53.0292
 20
42.7004
 30
0.0000
 42
1.0000
  0
VERTEX
  8
16
 10
53.1428
 20
42.6436
 30
0.0000
  0
SEQEND
  8
0
  0
POLYLINE
  8
16
 66
1
 10
0.0000
 20
0.0000
 30
0.0000
 40
0.2540
 41
0.2540
 70
0
  0
VERTEX
  8
16
 10
53.5940
 20
43.6880
 30
0.0000
  0
VERTEX
  8
16
 10
53.5940
 20
47.7520
 30
0.0000
  0
SEQEND
  8
0
  0
POLYLINE
  8
16
 66
1
 10
0.0000
 20
0.0000
 30
0.0000
 40
0.1270
 41
0.1270
 70
0
  0
VERTEX
  8
16
 10
53.6575
 20
47.7520
 30
0.0000
 42
1.0000
  0
VERTEX
  8
16
 10
53.5305
 20
47.7520
 30
0.0000
  0
SEQEND
  8
0
  0
POLYLINE
  8
16
 66
1
 10
0.0000
 20
0.0000
 30
0.0000
 40
0.1270
 41
0.1270
 70
0
  0
VERTEX
  8
16
 10
53.5305
 20
43.6880
 30
0.0000
 42
1.0000
  0
VERTEX
  8
16
 10
53.6575
 20
43.6880
 30
0.0000
  0
SEQEND
  8
0
  0
POLYLINE
  8
16
 66
1
 10
0.0000
 20
0.0000
 30
0.0000
 40
0.2540
 41
0.2540
 70
0
  0
VERTEX
  8
16
 10
53.5940
 20
47.7520
 30
0.0000
  0
VERTEX
  8
16
 10
53.3400
 20
48.2600
 30
0.0000
  0
SEQEND
  8
0
  0
POLYLINE
  8
16
 66
1
 10
0.0000
 20
0.0000
 30
0.0000
 40
0.1270
 41
0.1270
 70
0
  0
VERTEX
  8
16
 10
53.3968
 20
48.2884
 30
0.0000
 42
1.0000
  0
VERTEX
  8
16
 10
53.2832
 20
48.2316
 30
0.0000
  0
SEQEND
  8
0
  0
POLYLINE
  8
16
 66
1
 10
0.0000
 20
0.0000
 30
0.0000
 40
0.1270
 41
0.1270
 70
0
  0
VERTEX
  8
16
 10
53.5372
 20
47.7236
 30
0.0000
 42
1.0000
  0
VERTEX
  8
16
 10
53.6508
 20
47.7804
 30
0.0000
  0
SEQEND
  8
0
  0
POLYLINE
  8
16
 66
1
 10
0.0000
 20
0.0000
 30
0.0000
 40
0.2540
 41
0.2540
 70
0
  0
VERTEX
  8
16
 10
53.3400
 20
43.1800
 30
0.0000
  0
VERTEX
  8
16
 10
53.5940
 20
43.6880
 30
0.0000
  0
SEQEND
  8
0
  0
POLYLINE
  8
16
 66
1
 10
0.0000
 20
0.0000
 30
0.0000
 40
0.1270
 41
0.1270
 70
0
  0
VERTEX
  8
16
 10
53.6508
 20
43.6596
 30
0.0000
 42
1.0000
  0
VERTEX
  8
16
 10
53.5372
 20
43.7164
 30
0.0000
  0
SEQEND
  8
0
  0
POLYLINE
  8
16
 66
1
 10
0.0000
 20
0.0000
 30
0.0000
 40
0.1270
 41
0.1270
 70
0
  0
VERTEX
  8
16
 10
53.2832
 20
43.2084
 30
0.0000
 42
1.0000
  0
VERTEX
  8
16
 10
53.3968
 20
43.1516
 30
0.0000
  0
SEQEND
  8
0
  0
POLYLINE
  8
16
 66
1
 10
0.0000
 20
0.0000
 30
0.0000
 40
0.2540
 41
0.2540
 70
0
  0
VERTEX
  8
16
 10
29.2100
 20
9.9060
 30
0.0000
  0
VERTEX
  8
16
 10
28.4480
 20
9.9060
 30
0.0000
  0
SEQEND
  8
0
  0
POLYLINE
  8
16
 66
1
 10
0.0000
 20
0.0000
 30
0.0000
 40
0.1270
 41
0.1270
 70
0
  0
VERTEX
  8
16
 10
28.4480
 20
9.9695
 30
0.0000
 42
1.0000
  0
VERTEX
  8
16
 10
28.4480
 20
9.8425
 30
0.0000
  0
SEQEND
  8
0
  0
POLYLINE
  8
16
 66
1
 10
0.0000
 20
0.0000
 30
0.0000
 40
0.1270
 41
0.1270
 70
0
  0
VERTEX
  8
16
 10
29.2100
 20
9.8425
 30
0.0000
 42
1.0000
  0
VERTEX
  8
16
 10
29.2100
 20
9.9695
 30
0.0000
  0
SEQEND
  8
0
  0
POLYLINE
  8
16
 66
1
 10
0.0000
 20
0.0000
 30
0.0000
 40
0.2540
 41
0.2540
 70
0
  0
VERTEX
  8
16
 10
28.4480
 20
9.9060
 30
0.0000
  0
VERTEX
  8
16
 10
27.9400
 20
10.1600
 30
0.0000
  0
SEQEND
  8
0
  0
POLYLINE
  8
16
 66
1
 10
0.0000
 20
0.0000
 30
0.0000
 40
0.1270
 41
0.1270
 70
0
  0
VERTEX
  8
16
 10
27.9684
 20
10.2168
 30
0.0000
 42
1.0000
  0
VERTEX
  8
16
 10
27.9116
 20
10.1032
 30
0.0000
  0
SEQEND
  8
0
  0
POLYLINE
  8
16
 66
1
 10
0.0000
 20
0.0000
 30
0.0000
 40
0.1270
 41
0.1270
 70
0
  0
VERTEX
  8
16
 10
28.4196
 20
9.8492
 30
0.0000
 42
1.0000
  0
VERTEX
  8
16
 10
28.4764
 20
9.9628
 30
0.0000
  0
SEQEND
  8
0
  0
POLYLINE
  8
16
 66
1
 10
0.0000
 20
0.0000
 30
0.0000
 40
0.2540
 41
0.2540
 70
0
  0
VERTEX
  8
16
 10
30.4800
 20
10.1600
 30
0.0000
  0
VERTEX
  8
16
 10
29.2100
 20
9.9060
 30
0.0000
  0
SEQEND
  8
0
  0
POLYLINE
  8
16
 66
1
 10
0.0000
 20
0.0000
 30
0.0000
 40
0.1270
 41
0.1270
 70
0
  0
VERTEX
  8
16
 10
29.1975
 20
9.9683
 30
0.0000
 42
1.0000
  0
VERTEX
  8
16
 10
29.2225
 20
9.8437
 30
0.0000
  0
SEQEND
  8
0
  0
POLYLINE
  8
16
 66
1
 10
0.0000
 20
0.0000
 30
0.0000
 40
0.1270
 41
0.1270
 70
0
  0
VERTEX
  8
16
 10
30.4925
 20
10.0977
 30
0.0000
 42
1.0000
  0
VERTEX
  8
16
 10
30.4675
 20
10.2223
 30
0.0000
  0
SEQEND
  8
0
  0
POLYLINE
  8
16
 66
1
 10
0.0000
 20
0.0000
 30
0.0000
 40
0.2540
 41
0.2540
 70
0
  0
VERTEX
  8
16
 10
40.6400
 20
9.6520
 30
0.0000
  0
VERTEX
  8
16
 10
39.1160
 20
8.1280
 30
0.0000
  0
SEQEND
  8
0
  0
POLYLINE
  8
16
 66
1
 10
0.0000
 20
0.0000
 30
0.0000
 40
0.1270
 41
0.1270
 70
0
  0
VERTEX
  8
16
 10
39.0711
 20
8.1729
 30
0.0000
 42
1.0000
  0
VERTEX
  8
16
 10
39.1609
 20
8.0831
 30
0.0000
  0
SEQEND
  8
0
  0
POLYLINE
  8
16
 66
1
 10
0.0000
 20
0.0000
 30
0.0000
 40
0.1270
 41
0.1270
 70
0
  0
VERTEX
  8
16
 10
40.6849
 20
9.6071
 30
0.0000
 42
1.0000
  0
VERTEX
  8
16
 10
40.5951
 20
9.6969
 30
0.0000
  0
SEQEND
  8
0
  0
POLYLINE
  8
16
 66
1
 10
0.0000
 20
0.0000
 30
0.0000
 40
0.2540
 41
0.2540
 70
0
  0
VERTEX
  8
16
 10
39.1160
 20
8.1280
 30
0.0000
  0
VERTEX
  8
16
 10
38.1000
 20
7.6200
 30
0.0000
  0
SEQEND
  8
0
  0
POLYLINE
  8
16
 66
1
 10
0.0000
 20
0.0000
 30
0.0000
 40
0.1270
 41
0.1270
 70
0
  0
VERTEX
  8
16
 10
38.0716
 20
7.6768
 30
0.0000
 42
1.0000
  0
VERTEX
  8
16
 10
38.1284
 20
7.5632
 30
0.0000
  0
SEQEND
  8
0
  0
POLYLINE
  8
16
 66
1
 10
0.0000
 20
0.0000
 30
0.0000
 40
0.1270
 41
0.1270
 70
0
  0
VERTEX
  8
16
 10
39.1444
 20
8.0712
 30
0.0000
 42
1.0000
  0
VERTEX
  8
16
 10
39.0876
 20
8.1848
 30
0.0000
  0
SEQEND
  8
0
  0
POLYLINE
  8
16
 66
1
 10
0.0000
 20
0.0000
 30
0.0000
 40
0.2540
 41
0.2540
 70
0
  0
VERTEX
  8
16
 10
40.6400
 20
10.1600
 30
0.0000
  0
VERTEX
  8
16
 10
40.6400
 20
9.6520
 30
0.0000
  0
SEQEND
  8
0
  0
POLYLINE
  8
16
 66
1
 10
0.0000
 20
0.0000
 30
0.0000
 40
0.1270
 41
0.1270
 70
0
  0
VERTEX
  8
16
 10
40.5765
 20
9.6520
 30
0.0000
 42
1.0000
  0
VERTEX
  8
16
 10
40.7035
 20
9.6520
 30
0.0000
  0
SEQEND
  8
0
  0
POLYLINE
  8
16
 66
1
 10
0.0000
 20
0.0000
 30
0.0000
 40
0.1270
 41
0.1270
 70
0
  0
VERTEX
  8
16
 10
40.7035
 20
10.1600
 30
0.0000
 42
1.0000
  0
VERTEX
  8
16
 10
40.5765
 20
10.1600
 30
0.0000
  0
SEQEND
  8
0
  0
POLYLINE
  8
16
 66
1
 10
0.0000
 20
0.0000
 30
0.0000
 40
0.2540
 41
0.2540
 70
0
  0
VERTEX
  8
16
 10
34.7980
 20
9.9060
 30
0.0000
  0
VERTEX
  8
16
 10
31.7500
 20
9.9060
 30
0.0000
  0
SEQEND
  8
0
  0
POLYLINE
  8
16
 66
1
 10
0.0000
 20
0.0000
 30
0.0000
 40
0.1270
 41
0.1270
 70
0
  0
VERTEX
  8
16
 10
31.7500
 20
9.9695
 30
0.0000
 42
1.0000
  0
VERTEX
  8
16
 10
31.7500
 20
9.8425
 30
0.0000
  0
SEQEND
  8
0
  0
POLYLINE
  8
16
 66
1
 10
0.0000
 20
0.0000
 30
0.0000
 40
0.1270
 41
0.1270
 70
0
  0
VERTEX
  8
16
 10
34.7980
 20
9.8425
 30
0.0000
 42
1.0000
  0
VERTEX
  8
16
 10
34.7980
 20
9.9695
 30
0.0000
  0
SEQEND
  8
0
  0
POLYLINE
  8
16
 66
1
 10
0.0000
 20
0.0000
 30
0.0000
 40
0.2540
 41
0.2540
 70
0
  0
VERTEX
  8
16
 10
36.8300
 20
7.8740
 30
0.0000
  0
VERTEX
  8
16
 10
34.7980
 20
9.9060
 30
0.0000
  0
SEQEND
  8
0
  0
POLYLINE
  8
16
 66
1
 10
0.0000
 20
0.0000
 30
0.0000
 40
0.1270
 41
0.1270
 70
0
  0
VERTEX
  8
16
 10
34.8429
 20
9.9509
 30
0.0000
 42
1.0000
  0
VERTEX
  8
16
 10
34.7531
 20
9.8611
 30
0.0000
  0
SEQEND
  8
0
  0
POLYLINE
  8
16
 66
1
 10
0.0000
 20
0.0000
 30
0.0000
 40
0.1270
 41
0.1270
 70
0
  0
VERTEX
  8
16
 10
36.7851
 20
7.8291
 30
0.0000
 42
1.0000
  0
VERTEX
  8
16
 10
36.8749
 20
7.9189
 30
0.0000
  0
SEQEND
  8
0
  0
POLYLINE
  8
16
 66
1
 10
0.0000
 20
0.0000
 30
0.0000
 40
0.2540
 41
0.2540
 70
0
  0
VERTEX
  8
16
 10
31.7500
 20
9.9060
 30
0.0000
  0
VERTEX
  8
16
 10
30.4800
 20
10.1600
 30
0.0000
  0
SEQEND
  8
0
  0
POLYLINE
  8
16
 66
1
 10
0.0000
 20
0.0000
 30
0.0000
 40
0.1270
 41
0.1270
 70
0
  0
VERTEX
  8
16
 10
30.4925
 20
10.2223
 30
0.0000
 42
1.0000
  0
VERTEX
  8
16
 10
30.4675
 20
10.0977
 30
0.0000
  0
SEQEND
  8
0
  0
POLYLINE
  8
16
 66
1
 10
0.0000
 20
0.0000
 30
0.0000
 40
0.1270
 41
0.1270
 70
0
  0
VERTEX
  8
16
 10
31.7375
 20
9.8437
 30
0.0000
 42
1.0000
  0
VERTEX
  8
16
 10
31.7625
 20
9.9683
 30
0.0000
  0
SEQEND
  8
0
  0
POLYLINE
  8
16
 66
1
 10
0.0000
 20
0.0000
 30
0.0000
 40
0.2540
 41
0.2540
 70
0
  0
VERTEX
  8
16
 10
38.1000
 20
7.6200
 30
0.0000
  0
VERTEX
  8
16
 10
36.8300
 20
7.8740
 30
0.0000
  0
SEQEND
  8
0
  0
POLYLINE
  8
16
 66
1
 10
0.0000
 20
0.0000
 30
0.0000
 40
0.1270
 41
0.1270
 70
0
  0
VERTEX
  8
16
 10
36.8425
 20
7.9363
 30
0.0000
 42
1.0000
  0
VERTEX
  8
16
 10
36.8175
 20
7.8117
 30
0.0000
  0
SEQEND
  8
0
  0
POLYLINE
  8
16
 66
1
 10
0.0000
 20
0.0000
 30
0.0000
 40
0.1270
 41
0.1270
 70
0
  0
VERTEX
  8
16
 10
38.0875
 20
7.5577
 30
0.0000
 42
1.0000
  0
VERTEX
  8
16
 10
38.1125
 20
7.6823
 30
0.0000
  0
SEQEND
  8
0
  0
POLYLINE
  8
16
 66
1
 10
0.0000
 20
0.0000
 30
0.0000
 40
0.2540
 41
0.2540
 70
0
  0
VERTEX
  8
16
 10
73.1520
 20
56.1340
 30
0.0000
  0
VERTEX
  8
16
 10
71.6280
 20
56.1340
 30
0.0000
  0
SEQEND
  8
0
  0
POLYLINE
  8
16
 66
1
 10
0.0000
 20
0.0000
 30
0.0000
 40
0.1270
 41
0.1270
 70
0
  0
VERTEX
  8
16
 10
71.6280
 20
56.1975
 30
0.0000
 42
1.0000
  0
VERTEX
  8
16
 10
71.6280
 20
56.0705
 30
0.0000
  0
SEQEND
  8
0
  0
POLYLINE
  8
16
 66
1
 10
0.0000
 20
0.0000
 30
0.0000
 40
0.1270
 41
0.1270
 70
0
  0
VERTEX
  8
16
 10
73.1520
 20
56.0705
 30
0.0000
 42
1.0000
  0
VERTEX
  8
16
 10
73.1520
 20
56.1975
 30
0.0000
  0
SEQEND
  8
0
  0
POLYLINE
  8
16
 66
1
 10
0.0000
 20
0.0000
 30
0.0000
 40
0.2540
 41
0.2540
 70
0
  0
VERTEX
  8
16
 10
71.6280
 20
56.1340
 30
0.0000
  0
VERTEX
  8
16
 10
71.1200
 20
57.1500
 30
0.0000
  0
SEQEND
  8
0
  0
POLYLINE
  8
16
 66
1
 10
0.0000
 20
0.0000
 30
0.0000
 40
0.1270
 41
0.1270
 70
0
  0
VERTEX
  8
16
 10
71.1768
 20
57.1784
 30
0.0000
 42
1.0000
  0
VERTEX
  8
16
 10
71.0632
 20
57.1216
 30
0.0000
  0
SEQEND
  8
0
  0
POLYLINE
  8
16
 66
1
 10
0.0000
 20
0.0000
 30
0.0000
 40
0.1270
 41
0.1270
 70
0
  0
VERTEX
  8
16
 10
71.5712
 20
56.1056
 30
0.0000
 42
1.0000
  0
VERTEX
  8
16
 10
71.6848
 20
56.1624
 30
0.0000
  0
SEQEND
  8
0
  0
POLYLINE
  8
16
 66
1
 10
0.0000
 20
0.0000
 30
0.0000
 40
0.2540
 41
0.2540
 70
0
  0
VERTEX
  8
16
 10
73.6600
 20
57.1500
 30
0.0000
  0
VERTEX
  8
16
 10
73.1520
 20
56.1340
 30
0.0000
  0
SEQEND
  8
0
  0
POLYLINE
  8
16
 66
1
 10
0.0000
 20
0.0000
 30
0.0000
 40
0.1270
 41
0.1270
 70
0
  0
VERTEX
  8
16
 10
73.0952
 20
56.1624
 30
0.0000
 42
1.0000
  0
VERTEX
  8
16
 10
73.2088
 20
56.1056
 30
0.0000
  0
SEQEND
  8
0
  0
POLYLINE
  8
16
 66
1
 10
0.0000
 20
0.0000
 30
0.0000
 40
0.1270
 41
0.1270
 70
0
  0
VERTEX
  8
16
 10
73.7168
 20
57.1216
 30
0.0000
 42
1.0000
  0
VERTEX
  8
16
 10
73.6032
 20
57.1784
 30
0.0000
  0
SEQEND
  8
0
  0
POLYLINE
  8
16
 66
1
 10
0.0000
 20
0.0000
 30
0.0000
 40
0.2540
 41
0.2540
 70
0
  0
VERTEX
  8
16
 10
75.6920
 20
56.1340
 30
0.0000
  0
VERTEX
  8
16
 10
74.1680
 20
56.1340
 30
0.0000
  0
SEQEND
  8
0
  0
POLYLINE
  8
16
 66
1
 10
0.0000
 20
0.0000
 30
0.0000
 40
0.1270
 41
0.1270
 70
0
  0
VERTEX
  8
16
 10
74.1680
 20
56.1975
 30
0.0000
 42
1.0000
  0
VERTEX
  8
16
 10
74.1680
 20
56.0705
 30
0.0000
  0
SEQEND
  8
0
  0
POLYLINE
  8
16
 66
1
 10
0.0000
 20
0.0000
 30
0.0000
 40
0.1270
 41
0.1270
 70
0
  0
VERTEX
  8
16
 10
75.6920
 20
56.0705
 30
0.0000
 42
1.0000
  0
VERTEX
  8
16
 10
75.6920
 20
56.1975
 30
0.0000
  0
SEQEND
  8
0
  0
POLYLINE
  8
16
 66
1
 10
0.0000
 20
0.0000
 30
0.0000
 40
0.2540
 41
0.2540
 70
0
  0
VERTEX
  8
16
 10
76.2000
 20
57.1500
 30
0.0000
  0
VERTEX
  8
16
 10
75.6920
 20
56.1340
 30
0.0000
  0
SEQEND
  8
0
  0
POLYLINE
  8
16
 66
1
 10
0.0000
 20
0.0000
 30
0.0000
 40
0.1270
 41
0.1270
 70
0
  0
VERTEX
  8
16
 10
75.6352
 20
56.1624
 30
0.0000
 42
1.0000
  0
VERTEX
  8
16
 10
75.7488
 20
56.1056
 30
0.0000
  0
SEQEND
  8
0
  0
POLYLINE
  8
16
 66
1
 10
0.0000
 20
0.0000
 30
0.0000
 40
0.1270
 41
0.1270
 70
0
  0
VERTEX
  8
16
 10
76.2568
 20
57.1216
 30
0.0000
 42
1.0000
  0
VERTEX
  8
16
 10
76.1432
 20
57.1784
 30
0.0000
  0
SEQEND
  8
0
  0
POLYLINE
  8
16
 66
1
 10
0.0000
 20
0.0000
 30
0.0000
 40
0.2540
 41
0.2540
 70
0
  0
VERTEX
  8
16
 10
74.1680
 20
56.1340
 30
0.0000
  0
VERTEX
  8
16
 10
73.6600
 20
57.1500
 30
0.0000
  0
SEQEND
  8
0
  0
POLYLINE
  8
16
 66
1
 10
0.0000
 20
0.0000
 30
0.0000
 40
0.1270
 41
0.1270
 70
0
  0
VERTEX
  8
16
 10
73.7168
 20
57.1784
 30
0.0000
 42
1.0000
  0
VERTEX
  8
16
 10
73.6032
 20
57.1216
 30
0.0000
  0
SEQEND
  8
0
  0
POLYLINE
  8
16
 66
1
 10
0.0000
 20
0.0000
 30
0.0000
 40
0.1270
 41
0.1270
 70
0
  0
VERTEX
  8
16
 10
74.1112
 20
56.1056
 30
0.0000
 42
1.0000
  0
VERTEX
  8
16
 10
74.2248
 20
56.1624
 30
0.0000
  0
SEQEND
  8
0
  0
POLYLINE
  8
16
 66
1
 10
0.0000
 20
0.0000
 30
0.0000
 40
0.2540
 41
0.2540
 70
0
  0
VERTEX
  8
16
 10
78.2320
 20
56.1340
 30
0.0000
  0
VERTEX
  8
16
 10
76.7080
 20
56.1340
 30
0.0000
  0
SEQEND
  8
0
  0
POLYLINE
  8
16
 66
1
 10
0.0000
 20
0.0000
 30
0.0000
 40
0.1270
 41
0.1270
 70
0
  0
VERTEX
  8
16
 10
76.7080
 20
56.1975
 30
0.0000
 42
1.0000
  0
VERTEX
  8
16
 10
76.7080
 20
56.0705
 30
0.0000
  0
SEQEND
  8
0
  0
POLYLINE
  8
16
 66
1
 10
0.0000
 20
0.0000
 30
0.0000
 40
0.1270
 41
0.1270
 70
0
  0
VERTEX
  8
16
 10
78.2320
 20
56.0705
 30
0.0000
 42
1.0000
  0
VERTEX
  8
16
 10
78.2320
 20
56.1975
 30
0.0000
  0
SEQEND
  8
0
  0
POLYLINE
  8
16
 66
1
 10
0.0000
 20
0.0000
 30
0.0000
 40
0.2540
 41
0.2540
 70
0
  0
VERTEX
  8
16
 10
78.7400
 20
57.1500
 30
0.0000
  0
VERTEX
  8
16
 10
78.2320
 20
56.1340
 30
0.0000
  0
SEQEND
  8
0
  0
POLYLINE
  8
16
 66
1
 10
0.0000
 20
0.0000
 30
0.0000
 40
0.1270
 41
0.1270
 70
0
  0
VERTEX
  8
16
 10
78.1752
 20
56.1624
 30
0.0000
 42
1.0000
  0
VERTEX
  8
16
 10
78.2888
 20
56.1056
 30
0.0000
  0
SEQEND
  8
0
  0
POLYLINE
  8
16
 66
1
 10
0.0000
 20
0.0000
 30
0.0000
 40
0.1270
 41
0.1270
 70
0
  0
VERTEX
  8
16
 10
78.7968
 20
57.1216
 30
0.0000
 42
1.0000
  0
VERTEX
  8
16
 10
78.6832
 20
57.1784
 30
0.0000
  0
SEQEND
  8
0
  0
POLYLINE
  8
16
 66
1
 10
0.0000
 20
0.0000
 30
0.0000
 40
0.2540
 41
0.2540
 70
0
  0
VERTEX
  8
16
 10
76.7080
 20
56.1340
 30
0.0000
  0
VERTEX
  8
16
 10
76.2000
 20
57.1500
 30
0.0000
  0
SEQEND
  8
0
  0
POLYLINE
  8
16
 66
1
 10
0.0000
 20
0.0000
 30
0.0000
 40
0.1270
 41
0.1270
 70
0
  0
VERTEX
  8
16
 10
76.2568
 20
57.1784
 30
0.0000
 42
1.0000
  0
VERTEX
  8
16
 10
76.1432
 20
57.1216
 30
0.0000
  0
SEQEND
  8
0
  0
POLYLINE
  8
16
 66
1
 10
0.0000
 20
0.0000
 30
0.0000
 40
0.1270
 41
0.1270
 70
0
  0
VERTEX
  8
16
 10
76.6512
 20
56.1056
 30
0.0000
 42
1.0000
  0
VERTEX
  8
16
 10
76.7648
 20
56.1624
 30
0.0000
  0
SEQEND
  8
0
  0
POLYLINE
  8
16
 66
1
 10
0.0000
 20
0.0000
 30
0.0000
 40
0.2540
 41
0.2540
 70
0
  0
VERTEX
  8
16
 10
76.7080
 20
35.8140
 30
0.0000
  0
VERTEX
  8
16
 10
78.2320
 20
35.8140
 30
0.0000
  0
SEQEND
  8
0
  0
POLYLINE
  8
16
 66
1
 10
0.0000
 20
0.0000
 30
0.0000
 40
0.1270
 41
0.1270
 70
0
  0
VERTEX
  8
16
 10
78.2320
 20
35.7505
 30
0.0000
 42
1.0000
  0
VERTEX
  8
16
 10
78.2320
 20
35.8775
 30
0.0000
  0
SEQEND
  8
0
  0
POLYLINE
  8
16
 66
1
 10
0.0000
 20
0.0000
 30
0.0000
 40
0.1270
 41
0.1270
 70
0
  0
VERTEX
  8
16
 10
76.7080
 20
35.8775
 30
0.0000
 42
1.0000
  0
VERTEX
  8
16
 10
76.7080
 20
35.7505
 30
0.0000
  0
SEQEND
  8
0
  0
POLYLINE
  8
16
 66
1
 10
0.0000
 20
0.0000
 30
0.0000
 40
0.2540
 41
0.2540
 70
0
  0
VERTEX
  8
16
 10
76.2000
 20
36.8300
 30
0.0000
  0
VERTEX
  8
16
 10
76.7080
 20
35.8140
 30
0.0000
  0
SEQEND
  8
0
  0
POLYLINE
  8
16
 66
1
 10
0.0000
 20
0.0000
 30
0.0000
 40
0.1270
 41
0.1270
 70
0
  0
VERTEX
  8
16
 10
76.6512
 20
35.7856
 30
0.0000
 42
1.0000
  0
VERTEX
  8
16
 10
76.7648
 20
35.8424
 30
0.0000
  0
SEQEND
  8
0
  0
POLYLINE
  8
16
 66
1
 10
0.0000
 20
0.0000
 30
0.0000
 40
0.1270
 41
0.1270
 70
0
  0
VERTEX
  8
16
 10
76.2568
 20
36.8584
 30
0.0000
 42
1.0000
  0
VERTEX
  8
16
 10
76.1432
 20
36.8016
 30
0.0000
  0
SEQEND
  8
0
  0
POLYLINE
  8
16
 66
1
 10
0.0000
 20
0.0000
 30
0.0000
 40
0.2540
 41
0.2540
 70
0
  0
VERTEX
  8
16
 10
78.2320
 20
35.8140
 30
0.0000
  0
VERTEX
  8
16
 10
78.7400
 20
36.8300
 30
0.0000
  0
SEQEND
  8
0
  0
POLYLINE
  8
16
 66
1
 10
0.0000
 20
0.0000
 30
0.0000
 40
0.1270
 41
0.1270
 70
0
  0
VERTEX
  8
16
 10
78.7968
 20
36.8016
 30
0.0000
 42
1.0000
  0
VERTEX
  8
16
 10
78.6832
 20
36.8584
 30
0.0000
  0
SEQEND
  8
0
  0
POLYLINE
  8
16
 66
1
 10
0.0000
 20
0.0000
 30
0.0000
 40
0.1270
 41
0.1270
 70
0
  0
VERTEX
  8
16
 10
78.1752
 20
35.8424
 30
0.0000
 42
1.0000
  0
VERTEX
  8
16
 10
78.2888
 20
35.7856
 30
0.0000
  0
SEQEND
  8
0
  0
POLYLINE
  8
16
 66
1
 10
0.0000
 20
0.0000
 30
0.0000
 40
0.2540
 41
0.2540
 70
0
  0
VERTEX
  8
16
 10
79.2480
 20
36.5760
 30
0.0000
  0
VERTEX
  8
16
 10
85.0900
 20
36.5760
 30
0.0000
  0
SEQEND
  8
0
  0
POLYLINE
  8
16
 66
1
 10
0.0000
 20
0.0000
 30
0.0000
 40
0.1270
 41
0.1270
 70
0
  0
VERTEX
  8
16
 10
85.0900
 20
36.5125
 30
0.0000
 42
1.0000
  0
VERTEX
  8
16
 10
85.0900
 20
36.6395
 30
0.0000
  0
SEQEND
  8
0
  0
POLYLINE
  8
16
 66
1
 10
0.0000
 20
0.0000
 30
0.0000
 40
0.1270
 41
0.1270
 70
0
  0
VERTEX
  8
16
 10
79.2480
 20
36.6395
 30
0.0000
 42
1.0000
  0
VERTEX
  8
16
 10
79.2480
 20
36.5125
 30
0.0000
  0
SEQEND
  8
0
  0
POLYLINE
  8
16
 66
1
 10
0.0000
 20
0.0000
 30
0.0000
 40
0.2540
 41
0.2540
 70
0
  0
VERTEX
  8
16
 10
85.0900
 20
36.5760
 30
0.0000
  0
VERTEX
  8
16
 10
86.3600
 20
36.8300
 30
0.0000
  0
SEQEND
  8
0
  0
POLYLINE
  8
16
 66
1
 10
0.0000
 20
0.0000
 30
0.0000
 40
0.1270
 41
0.1270
 70
0
  0
VERTEX
  8
16
 10
86.3725
 20
36.7677
 30
0.0000
 42
1.0000
  0
VERTEX
  8
16
 10
86.3475
 20
36.8923
 30
0.0000
  0
SEQEND
  8
0
  0
POLYLINE
  8
16
 66
1
 10
0.0000
 20
0.0000
 30
0.0000
 40
0.1270
 41
0.1270
 70
0
  0
VERTEX
  8
16
 10
85.0775
 20
36.6383
 30
0.0000
 42
1.0000
  0
VERTEX
  8
16
 10
85.1025
 20
36.5137
 30
0.0000
  0
SEQEND
  8
0
  0
POLYLINE
  8
16
 66
1
 10
0.0000
 20
0.0000
 30
0.0000
 40
0.2540
 41
0.2540
 70
0
  0
VERTEX
  8
16
 10
78.7400
 20
36.8300
 30
0.0000
  0
VERTEX
  8
16
 10
79.2480
 20
36.5760
 30
0.0000
  0
SEQEND
  8
0
  0
POLYLINE
  8
16
 66
1
 10
0.0000
 20
0.0000
 30
0.0000
 40
0.1270
 41
0.1270
 70
0
  0
VERTEX
  8
16
 10
79.2196
 20
36.5192
 30
0.0000
 42
1.0000
  0
VERTEX
  8
16
 10
79.2764
 20
36.6328
 30
0.0000
  0
SEQEND
  8
0
  0
POLYLINE
  8
16
 66
1
 10
0.0000
 20
0.0000
 30
0.0000
 40
0.1270
 41
0.1270
 70
0
  0
VERTEX
  8
16
 10
78.7684
 20
36.8868
 30
0.0000
 42
1.0000
  0
VERTEX
  8
16
 10
78.7116
 20
36.7732
 30
0.0000
  0
SEQEND
  8
0
  0
POLYLINE
  8
16
 66
1
 10
0.0000
 20
0.0000
 30
0.0000
 40
0.2540
 41
0.2540
 70
0
  0
VERTEX
  8
16
 10
92.9640
 20
45.9740
 30
0.0000
  0
VERTEX
  8
16
 10
92.9640
 20
46.4820
 30
0.0000
  0
SEQEND
  8
0
  0
POLYLINE
  8
16
 66
1
 10
0.0000
 20
0.0000
 30
0.0000
 40
0.1270
 41
0.1270
 70
0
  0
VERTEX
  8
16
 10
93.0275
 20
46.4820
 30
0.0000
 42
1.0000
  0
VERTEX
  8
16
 10
92.9005
 20
46.4820
 30
0.0000
  0
SEQEND
  8
0
  0
POLYLINE
  8
16
 66
1
 10
0.0000
 20
0.0000
 30
0.0000
 40
0.1270
 41
0.1270
 70
0
  0
VERTEX
  8
16
 10
92.9005
 20
45.9740
 30
0.0000
 42
1.0000
  0
VERTEX
  8
16
 10
93.0275
 20
45.9740
 30
0.0000
  0
SEQEND
  8
0
  0
POLYLINE
  8
16
 66
1
 10
0.0000
 20
0.0000
 30
0.0000
 40
0.2540
 41
0.2540
 70
0
  0
VERTEX
  8
16
 10
89.9160
 20
42.9260
 30
0.0000
  0
VERTEX
  8
16
 10
91.4400
 20
44.4500
 30
0.0000
  0
SEQEND
  8
0
  0
POLYLINE
  8
16
 66
1
 10
0.0000
 20
0.0000
 30
0.0000
 40
0.1270
 41
0.1270
 70
0
  0
VERTEX
  8
16
 10
91.4849
 20
44.4051
 30
0.0000
 42
1.0000
  0
VERTEX
  8
16
 10
91.3951
 20
44.4949
 30
0.0000
  0
SEQEND
  8
0
  0
POLYLINE
  8
16
 66
1
 10
0.0000
 20
0.0000
 30
0.0000
 40
0.1270
 41
0.1270
 70
0
  0
VERTEX
  8
16
 10
89.8711
 20
42.9709
 30
0.0000
 42
1.0000
  0
VERTEX
  8
16
 10
89.9609
 20
42.8811
 30
0.0000
  0
SEQEND
  8
0
  0
POLYLINE
  8
16
 66
1
 10
0.0000
 20
0.0000
 30
0.0000
 40
0.2540
 41
0.2540
 70
0
  0
VERTEX
  8
16
 10
91.4400
 20
44.4500
 30
0.0000
  0
VERTEX
  8
16
 10
92.9640
 20
45.9740
 30
0.0000
  0
SEQEND
  8
0
  0
POLYLINE
  8
16
 66
1
 10
0.0000
 20
0.0000
 30
0.0000
 40
0.1270
 41
0.1270
 70
0
  0
VERTEX
  8
16
 10
93.0089
 20
45.9291
 30
0.0000
 42
1.0000
  0
VERTEX
  8
16
 10
92.9191
 20
46.0189
 30
0.0000
  0
SEQEND
  8
0
  0
POLYLINE
  8
16
 66
1
 10
0.0000
 20
0.0000
 30
0.0000
 40
0.1270
 41
0.1270
 70
0
  0
VERTEX
  8
16
 10
91.3951
 20
44.4949
 30
0.0000
 42
1.0000
  0
VERTEX
  8
16
 10
91.4849
 20
44.4051
 30
0.0000
  0
SEQEND
  8
0
  0
POLYLINE
  8
16
 66
1
 10
0.0000
 20
0.0000
 30
0.0000
 40
0.2540
 41
0.2540
 70
0
  0
VERTEX
  8
16
 10
89.9160
 20
39.8780
 30
0.0000
  0
VERTEX
  8
16
 10
89.9160
 20
42.9260
 30
0.0000
  0
SEQEND
  8
0
  0
POLYLINE
  8
16
 66
1
 10
0.0000
 20
0.0000
 30
0.0000
 40
0.1270
 41
0.1270
 70
0
  0
VERTEX
  8
16
 10
89.9795
 20
42.9260
 30
0.0000
 42
1.0000
  0
VERTEX
  8
16
 10
89.8525
 20
42.9260
 30
0.0000
  0
SEQEND
  8
0
  0
POLYLINE
  8
16
 66
1
 10
0.0000
 20
0.0000
 30
0.0000
 40
0.1270
 41
0.1270
 70
0
  0
VERTEX
  8
16
 10
89.8525
 20
39.8780
 30
0.0000
 42
1.0000
  0
VERTEX
  8
16
 10
89.9795
 20
39.8780
 30
0.0000
  0
SEQEND
  8
0
  0
POLYLINE
  8
16
 66
1
 10
0.0000
 20
0.0000
 30
0.0000
 40
0.2540
 41
0.2540
 70
0
  0
VERTEX
  8
16
 10
87.3760
 20
37.3380
 30
0.0000
  0
VERTEX
  8
16
 10
89.9160
 20
39.8780
 30
0.0000
  0
SEQEND
  8
0
  0
POLYLINE
  8
16
 66
1
 10
0.0000
 20
0.0000
 30
0.0000
 40
0.1270
 41
0.1270
 70
0
  0
VERTEX
  8
16
 10
89.9609
 20
39.8331
 30
0.0000
 42
1.0000
  0
VERTEX
  8
16
 10
89.8711
 20
39.9229
 30
0.0000
  0
SEQEND
  8
0
  0
POLYLINE
  8
16
 66
1
 10
0.0000
 20
0.0000
 30
0.0000
 40
0.1270
 41
0.1270
 70
0
  0
VERTEX
  8
16
 10
87.3311
 20
37.3829
 30
0.0000
 42
1.0000
  0
VERTEX
  8
16
 10
87.4209
 20
37.2931
 30
0.0000
  0
SEQEND
  8
0
  0
POLYLINE
  8
16
 66
1
 10
0.0000
 20
0.0000
 30
0.0000
 40
0.2540
 41
0.2540
 70
0
  0
VERTEX
  8
16
 10
92.9640
 20
46.4820
 30
0.0000
  0
VERTEX
  8
16
 10
93.9800
 20
46.9900
 30
0.0000
  0
SEQEND
  8
0
  0
POLYLINE
  8
16
 66
1
 10
0.0000
 20
0.0000
 30
0.0000
 40
0.1270
 41
0.1270
 70
0
  0
VERTEX
  8
16
 10
94.0084
 20
46.9332
 30
0.0000
 42
1.0000
  0
VERTEX
  8
16
 10
93.9516
 20
47.0468
 30
0.0000
  0
SEQEND
  8
0
  0
POLYLINE
  8
16
 66
1
 10
0.0000
 20
0.0000
 30
0.0000
 40
0.1270
 41
0.1270
 70
0
  0
VERTEX
  8
16
 10
92.9356
 20
46.5388
 30
0.0000
 42
1.0000
  0
VERTEX
  8
16
 10
92.9924
 20
46.4252
 30
0.0000
  0
SEQEND
  8
0
  0
POLYLINE
  8
16
 66
1
 10
0.0000
 20
0.0000
 30
0.0000
 40
0.2540
 41
0.2540
 70
0
  0
VERTEX
  8
16
 10
86.3600
 20
36.8300
 30
0.0000
  0
VERTEX
  8
16
 10
87.3760
 20
37.3380
 30
0.0000
  0
SEQEND
  8
0
  0
POLYLINE
  8
16
 66
1
 10
0.0000
 20
0.0000
 30
0.0000
 40
0.1270
 41
0.1270
 70
0
  0
VERTEX
  8
16
 10
87.4044
 20
37.2812
 30
0.0000
 42
1.0000
  0
VERTEX
  8
16
 10
87.3476
 20
37.3948
 30
0.0000
  0
SEQEND
  8
0
  0
POLYLINE
  8
16
 66
1
 10
0.0000
 20
0.0000
 30
0.0000
 40
0.1270
 41
0.1270
 70
0
  0
VERTEX
  8
16
 10
86.3316
 20
36.8868
 30
0.0000
 42
1.0000
  0
VERTEX
  8
16
 10
86.3884
 20
36.7732
 30
0.0000
  0
SEQEND
  8
0
  0
POLYLINE
  8
16
 66
1
 10
0.0000
 20
0.0000
 30
0.0000
 40
0.2540
 41
0.2540
 70
0
  0
VERTEX
  8
16
 10
79.7560
 20
56.1340
 30
0.0000
  0
VERTEX
  8
16
 10
79.2480
 20
56.1340
 30
0.0000
  0
SEQEND
  8
0
  0
POLYLINE
  8
16
 66
1
 10
0.0000
 20
0.0000
 30
0.0000
 40
0.1270
 41
0.1270
 70
0
  0
VERTEX
  8
16
 10
79.2480
 20
56.1975
 30
0.0000
 42
1.0000
  0
VERTEX
  8
16
 10
79.2480
 20
56.0705
 30
0.0000
  0
SEQEND
  8
0
  0
POLYLINE
  8
16
 66
1
 10
0.0000
 20
0.0000
 30
0.0000
 40
0.1270
 41
0.1270
 70
0
  0
VERTEX
  8
16
 10
79.7560
 20
56.0705
 30
0.0000
 42
1.0000
  0
VERTEX
  8
16
 10
79.7560
 20
56.1975
 30
0.0000
  0
SEQEND
  8
0
  0
POLYLINE
  8
16
 66
1
 10
0.0000
 20
0.0000
 30
0.0000
 40
0.2540
 41
0.2540
 70
0
  0
VERTEX
  8
16
 10
91.4400
 20
44.4500
 30
0.0000
  0
VERTEX
  8
16
 10
79.7560
 20
56.1340
 30
0.0000
  0
SEQEND
  8
0
  0
POLYLINE
  8
16
 66
1
 10
0.0000
 20
0.0000
 30
0.0000
 40
0.1270
 41
0.1270
 70
0
  0
VERTEX
  8
16
 10
79.8009
 20
56.1789
 30
0.0000
 42
1.0000
  0
VERTEX
  8
16
 10
79.7111
 20
56.0891
 30
0.0000
  0
SEQEND
  8
0
  0
POLYLINE
  8
16
 66
1
 10
0.0000
 20
0.0000
 30
0.0000
 40
0.1270
 41
0.1270
 70
0
  0
VERTEX
  8
16
 10
91.3951
 20
44.4051
 30
0.0000
 42
1.0000
  0
VERTEX
  8
16
 10
91.4849
 20
44.4949
 30
0.0000
  0
SEQEND
  8
0
  0
POLYLINE
  8
16
 66
1
 10
0.0000
 20
0.0000
 30
0.0000
 40
0.2540
 41
0.2540
 70
0
  0
VERTEX
  8
16
 10
79.2480
 20
56.1340
 30
0.0000
  0
VERTEX
  8
16
 10
78.7400
 20
57.1500
 30
0.0000
  0
SEQEND
  8
0
  0
POLYLINE
  8
16
 66
1
 10
0.0000
 20
0.0000
 30
0.0000
 40
0.1270
 41
0.1270
 70
0
  0
VERTEX
  8
16
 10
78.7968
 20
57.1784
 30
0.0000
 42
1.0000
  0
VERTEX
  8
16
 10
78.6832
 20
57.1216
 30
0.0000
  0
SEQEND
  8
0
  0
POLYLINE
  8
16
 66
1
 10
0.0000
 20
0.0000
 30
0.0000
 40
0.1270
 41
0.1270
 70
0
  0
VERTEX
  8
16
 10
79.1912
 20
56.1056
 30
0.0000
 42
1.0000
  0
VERTEX
  8
16
 10
79.3048
 20
56.1624
 30
0.0000
  0
SEQEND
  8
0
  0
POLYLINE
  8
16
 66
1
 10
0.0000
 20
0.0000
 30
0.0000
 40
0.2540
 41
0.2540
 70
0
  0
VERTEX
  8
16
 10
81.0260
 20
15.2400
 30
0.0000
  0
VERTEX
  8
16
 10
81.0260
 20
16.0020
 30
0.0000
  0
SEQEND
  8
0
  0
POLYLINE
  8
16
 66
1
 10
0.0000
 20
0.0000
 30
0.0000
 40
0.1270
 41
0.1270
 70
0
  0
VERTEX
  8
16
 10
81.0895
 20
16.0020
 30
0.0000
 42
1.0000
  0
VERTEX
  8
16
 10
80.9625
 20
16.0020
 30
0.0000
  0
SEQEND
  8
0
  0
POLYLINE
  8
16
 66
1
 10
0.0000
 20
0.0000
 30
0.0000
 40
0.1270
 41
0.1270
 70
0
  0
VERTEX
  8
16
 10
80.9625
 20
15.2400
 30
0.0000
 42
1.0000
  0
VERTEX
  8
16
 10
81.0895
 20
15.2400
 30
0.0000
  0
SEQEND
  8
0
  0
POLYLINE
  8
16
 66
1
 10
0.0000
 20
0.0000
 30
0.0000
 40
0.2540
 41
0.2540
 70
0
  0
VERTEX
  8
16
 10
81.2800
 20
13.9700
 30
0.0000
  0
VERTEX
  8
16
 10
81.0260
 20
15.2400
 30
0.0000
  0
SEQEND
  8
0
  0
POLYLINE
  8
16
 66
1
 10
0.0000
 20
0.0000
 30
0.0000
 40
0.1270
 41
0.1270
 70
0
  0
VERTEX
  8
16
 10
81.0883
 20
15.2525
 30
0.0000
 42
1.0000
  0
VERTEX
  8
16
 10
80.9637
 20
15.2275
 30
0.0000
  0
SEQEND
  8
0
  0
POLYLINE
  8
16
 66
1
 10
0.0000
 20
0.0000
 30
0.0000
 40
0.1270
 41
0.1270
 70
0
  0
VERTEX
  8
16
 10
81.2177
 20
13.9575
 30
0.0000
 42
1.0000
  0
VERTEX
  8
16
 10
81.3423
 20
13.9825
 30
0.0000
  0
SEQEND
  8
0
  0
POLYLINE
  8
16
 66
1
 10
0.0000
 20
0.0000
 30
0.0000
 40
0.2540
 41
0.2540
 70
0
  0
VERTEX
  8
16
 10
81.0260
 20
16.0020
 30
0.0000
  0
VERTEX
  8
16
 10
81.2800
 20
16.5100
 30
0.0000
  0
SEQEND
  8
0
  0
POLYLINE
  8
16
 66
1
 10
0.0000
 20
0.0000
 30
0.0000
 40
0.1270
 41
0.1270
 70
0
  0
VERTEX
  8
16
 10
81.3368
 20
16.4816
 30
0.0000
 42
1.0000
  0
VERTEX
  8
16
 10
81.2232
 20
16.5384
 30
0.0000
  0
SEQEND
  8
0
  0
POLYLINE
  8
16
 66
1
 10
0.0000
 20
0.0000
 30
0.0000
 40
0.1270
 41
0.1270
 70
0
  0
VERTEX
  8
16
 10
80.9692
 20
16.0304
 30
0.0000
 42
1.0000
  0
VERTEX
  8
16
 10
81.0828
 20
15.9736
 30
0.0000
  0
SEQEND
  8
0
  0
POLYLINE
  8
16
 66
1
 10
0.0000
 20
0.0000
 30
0.0000
 40
0.2540
 41
0.2540
 70
0
  0
VERTEX
  8
16
 10
78.4860
 20
15.2400
 30
0.0000
  0
VERTEX
  8
16
 10
78.4860
 20
21.0820
 30
0.0000
  0
SEQEND
  8
0
  0
POLYLINE
  8
16
 66
1
 10
0.0000
 20
0.0000
 30
0.0000
 40
0.1270
 41
0.1270
 70
0
  0
VERTEX
  8
16
 10
78.5495
 20
21.0820
 30
0.0000
 42
1.0000
  0
VERTEX
  8
16
 10
78.4225
 20
21.0820
 30
0.0000
  0
SEQEND
  8
0
  0
POLYLINE
  8
16
 66
1
 10
0.0000
 20
0.0000
 30
0.0000
 40
0.1270
 41
0.1270
 70
0
  0
VERTEX
  8
16
 10
78.4225
 20
15.2400
 30
0.0000
 42
1.0000
  0
VERTEX
  8
16
 10
78.5495
 20
15.2400
 30
0.0000
  0
SEQEND
  8
0
  0
POLYLINE
  8
16
 66
1
 10
0.0000
 20
0.0000
 30
0.0000
 40
0.2540
 41
0.2540
 70
0
  0
VERTEX
  8
16
 10
78.4860
 20
21.0820
 30
0.0000
  0
VERTEX
  8
16
 10
78.7400
 20
21.5900
 30
0.0000
  0
SEQEND
  8
0
  0
POLYLINE
  8
16
 66
1
 10
0.0000
 20
0.0000
 30
0.0000
 40
0.1270
 41
0.1270
 70
0
  0
VERTEX
  8
16
 10
78.7968
 20
21.5616
 30
0.0000
 42
1.0000
  0
VERTEX
  8
16
 10
78.6832
 20
21.6184
 30
0.0000
  0
SEQEND
  8
0
  0
POLYLINE
  8
16
 66
1
 10
0.0000
 20
0.0000
 30
0.0000
 40
0.1270
 41
0.1270
 70
0
  0
VERTEX
  8
16
 10
78.4292
 20
21.1104
 30
0.0000
 42
1.0000
  0
VERTEX
  8
16
 10
78.5428
 20
21.0536
 30
0.0000
  0
SEQEND
  8
0
  0
POLYLINE
  8
16
 66
1
 10
0.0000
 20
0.0000
 30
0.0000
 40
0.2540
 41
0.2540
 70
0
  0
VERTEX
  8
16
 10
78.7400
 20
13.9700
 30
0.0000
  0
VERTEX
  8
16
 10
78.4860
 20
15.2400
 30
0.0000
  0
SEQEND
  8
0
  0
POLYLINE
  8
16
 66
1
 10
0.0000
 20
0.0000
 30
0.0000
 40
0.1270
 41
0.1270
 70
0
  0
VERTEX
  8
16
 10
78.5483
 20
15.2525
 30
0.0000
 42
1.0000
  0
VERTEX
  8
16
 10
78.4237
 20
15.2275
 30
0.0000
  0
SEQEND
  8
0
  0
POLYLINE
  8
16
 66
1
 10
0.0000
 20
0.0000
 30
0.0000
 40
0.1270
 41
0.1270
 70
0
  0
VERTEX
  8
16
 10
78.6777
 20
13.9575
 30
0.0000
 42
1.0000
  0
VERTEX
  8
16
 10
78.8023
 20
13.9825
 30
0.0000
  0
SEQEND
  8
0
  0
POLYLINE
  8
16
 66
1
 10
0.0000
 20
0.0000
 30
0.0000
 40
0.2540
 41
0.2540
 70
0
  0
VERTEX
  8
16
 10
79.2480
 20
12.9540
 30
0.0000
  0
VERTEX
  8
16
 10
80.7720
 20
12.9540
 30
0.0000
  0
SEQEND
  8
0
  0
POLYLINE
  8
16
 66
1
 10
0.0000
 20
0.0000
 30
0.0000
 40
0.1270
 41
0.1270
 70
0
  0
VERTEX
  8
16
 10
80.7720
 20
12.8905
 30
0.0000
 42
1.0000
  0
VERTEX
  8
16
 10
80.7720
 20
13.0175
 30
0.0000
  0
SEQEND
  8
0
  0
POLYLINE
  8
16
 66
1
 10
0.0000
 20
0.0000
 30
0.0000
 40
0.1270
 41
0.1270
 70
0
  0
VERTEX
  8
16
 10
79.2480
 20
13.0175
 30
0.0000
 42
1.0000
  0
VERTEX
  8
16
 10
79.2480
 20
12.8905
 30
0.0000
  0
SEQEND
  8
0
  0
POLYLINE
  8
16
 66
1
 10
0.0000
 20
0.0000
 30
0.0000
 40
0.2540
 41
0.2540
 70
0
  0
VERTEX
  8
16
 10
80.7720
 20
12.9540
 30
0.0000
  0
VERTEX
  8
16
 10
81.2800
 20
13.9700
 30
0.0000
  0
SEQEND
  8
0
  0
POLYLINE
  8
16
 66
1
 10
0.0000
 20
0.0000
 30
0.0000
 40
0.1270
 41
0.1270
 70
0
  0
VERTEX
  8
16
 10
81.3368
 20
13.9416
 30
0.0000
 42
1.0000
  0
VERTEX
  8
16
 10
81.2232
 20
13.9984
 30
0.0000
  0
SEQEND
  8
0
  0
POLYLINE
  8
16
 66
1
 10
0.0000
 20
0.0000
 30
0.0000
 40
0.1270
 41
0.1270
 70
0
  0
VERTEX
  8
16
 10
80.7152
 20
12.9824
 30
0.0000
 42
1.0000
  0
VERTEX
  8
16
 10
80.8288
 20
12.9256
 30
0.0000
  0
SEQEND
  8
0
  0
POLYLINE
  8
16
 66
1
 10
0.0000
 20
0.0000
 30
0.0000
 40
0.2540
 41
0.2540
 70
0
  0
VERTEX
  8
16
 10
78.7400
 20
13.9700
 30
0.0000
  0
VERTEX
  8
16
 10
79.2480
 20
12.9540
 30
0.0000
  0
SEQEND
  8
0
  0
POLYLINE
  8
16
 66
1
 10
0.0000
 20
0.0000
 30
0.0000
 40
0.1270
 41
0.1270
 70
0
  0
VERTEX
  8
16
 10
79.1912
 20
12.9256
 30
0.0000
 42
1.0000
  0
VERTEX
  8
16
 10
79.3048
 20
12.9824
 30
0.0000
  0
SEQEND
  8
0
  0
POLYLINE
  8
16
 66
1
 10
0.0000
 20
0.0000
 30
0.0000
 40
0.1270
 41
0.1270
 70
0
  0
VERTEX
  8
16
 10
78.7968
 20
13.9984
 30
0.0000
 42
1.0000
  0
VERTEX
  8
16
 10
78.6832
 20
13.9416
 30
0.0000
  0
SEQEND
  8
0
  0
POLYLINE
  8
16
 66
1
 10
0.0000
 20
0.0000
 30
0.0000
 40
0.2540
 41
0.2540
 70
0
  0
VERTEX
  8
16
 10
91.6940
 20
32.5120
 30
0.0000
  0
VERTEX
  8
16
 10
91.6940
 20
29.7180
 30
0.0000
  0
SEQEND
  8
0
  0
POLYLINE
  8
16
 66
1
 10
0.0000
 20
0.0000
 30
0.0000
 40
0.1270
 41
0.1270
 70
0
  0
VERTEX
  8
16
 10
91.6305
 20
29.7180
 30
0.0000
 42
1.0000
  0
VERTEX
  8
16
 10
91.7575
 20
29.7180
 30
0.0000
  0
SEQEND
  8
0
  0
POLYLINE
  8
16
 66
1
 10
0.0000
 20
0.0000
 30
0.0000
 40
0.1270
 41
0.1270
 70
0
  0
VERTEX
  8
16
 10
91.7575
 20
32.5120
 30
0.0000
 42
1.0000
  0
VERTEX
  8
16
 10
91.6305
 20
32.5120
 30
0.0000
  0
SEQEND
  8
0
  0
POLYLINE
  8
16
 66
1
 10
0.0000
 20
0.0000
 30
0.0000
 40
0.2540
 41
0.2540
 70
0
  0
VERTEX
  8
16
 10
92.9640
 20
33.7820
 30
0.0000
  0
VERTEX
  8
16
 10
91.6940
 20
32.5120
 30
0.0000
  0
SEQEND
  8
0
  0
POLYLINE
  8
16
 66
1
 10
0.0000
 20
0.0000
 30
0.0000
 40
0.1270
 41
0.1270
 70
0
  0
VERTEX
  8
16
 10
91.6491
 20
32.5569
 30
0.0000
 42
1.0000
  0
VERTEX
  8
16
 10
91.7389
 20
32.4671
 30
0.0000
  0
SEQEND
  8
0
  0
POLYLINE
  8
16
 66
1
 10
0.0000
 20
0.0000
 30
0.0000
 40
0.1270
 41
0.1270
 70
0
  0
VERTEX
  8
16
 10
93.0089
 20
33.7371
 30
0.0000
 42
1.0000
  0
VERTEX
  8
16
 10
92.9191
 20
33.8269
 30
0.0000
  0
SEQEND
  8
0
  0
POLYLINE
  8
16
 66
1
 10
0.0000
 20
0.0000
 30
0.0000
 40
0.2540
 41
0.2540
 70
0
  0
VERTEX
  8
16
 10
91.6940
 20
29.7180
 30
0.0000
  0
VERTEX
  8
16
 10
91.4400
 20
29.2100
 30
0.0000
  0
SEQEND
  8
0
  0
POLYLINE
  8
16
 66
1
 10
0.0000
 20
0.0000
 30
0.0000
 40
0.1270
 41
0.1270
 70
0
  0
VERTEX
  8
16
 10
91.3832
 20
29.2384
 30
0.0000
 42
1.0000
  0
VERTEX
  8
16
 10
91.4968
 20
29.1816
 30
0.0000
  0
SEQEND
  8
0
  0
POLYLINE
  8
16
 66
1
 10
0.0000
 20
0.0000
 30
0.0000
 40
0.1270
 41
0.1270
 70
0
  0
VERTEX
  8
16
 10
91.7508
 20
29.6896
 30
0.0000
 42
1.0000
  0
VERTEX
  8
16
 10
91.6372
 20
29.7464
 30
0.0000
  0
SEQEND
  8
0
  0
POLYLINE
  8
16
 66
1
 10
0.0000
 20
0.0000
 30
0.0000
 40
0.2540
 41
0.2540
 70
0
  0
VERTEX
  8
16
 10
93.9800
 20
34.2900
 30
0.0000
  0
VERTEX
  8
16
 10
92.9640
 20
33.7820
 30
0.0000
  0
SEQEND
  8
0
  0
POLYLINE
  8
16
 66
1
 10
0.0000
 20
0.0000
 30
0.0000
 40
0.1270
 41
0.1270
 70
0
  0
VERTEX
  8
16
 10
92.9356
 20
33.8388
 30
0.0000
 42
1.0000
  0
VERTEX
  8
16
 10
92.9924
 20
33.7252
 30
0.0000
  0
SEQEND
  8
0
  0
POLYLINE
  8
16
 66
1
 10
0.0000
 20
0.0000
 30
0.0000
 40
0.1270
 41
0.1270
 70
0
  0
VERTEX
  8
16
 10
94.0084
 20
34.2332
 30
0.0000
 42
1.0000
  0
VERTEX
  8
16
 10
93.9516
 20
34.3468
 30
0.0000
  0
SEQEND
  8
0
  0
POLYLINE
  8
16
 66
1
 10
0.0000
 20
0.0000
 30
0.0000
 40
0.2540
 41
0.2540
 70
0
  0
VERTEX
  8
16
 10
86.8680
 20
5.3340
 30
0.0000
  0
VERTEX
  8
16
 10
88.3920
 20
5.3340
 30
0.0000
  0
SEQEND
  8
0
  0
POLYLINE
  8
16
 66
1
 10
0.0000
 20
0.0000
 30
0.0000
 40
0.1270
 41
0.1270
 70
0
  0
VERTEX
  8
16
 10
88.3920
 20
5.2705
 30
0.0000
 42
1.0000
  0
VERTEX
  8
16
 10
88.3920
 20
5.3975
 30
0.0000
  0
SEQEND
  8
0
  0
POLYLINE
  8
16
 66
1
 10
0.0000
 20
0.0000
 30
0.0000
 40
0.1270
 41
0.1270
 70
0
  0
VERTEX
  8
16
 10
86.8680
 20
5.3975
 30
0.0000
 42
1.0000
  0
VERTEX
  8
16
 10
86.8680
 20
5.2705
 30
0.0000
  0
SEQEND
  8
0
  0
POLYLINE
  8
16
 66
1
 10
0.0000
 20
0.0000
 30
0.0000
 40
0.2540
 41
0.2540
 70
0
  0
VERTEX
  8
16
 10
86.3600
 20
6.3500
 30
0.0000
  0
VERTEX
  8
16
 10
86.8680
 20
5.3340
 30
0.0000
  0
SEQEND
  8
0
  0
POLYLINE
  8
16
 66
1
 10
0.0000
 20
0.0000
 30
0.0000
 40
0.1270
 41
0.1270
 70
0
  0
VERTEX
  8
16
 10
86.8112
 20
5.3056
 30
0.0000
 42
1.0000
  0
VERTEX
  8
16
 10
86.9248
 20
5.3624
 30
0.0000
  0
SEQEND
  8
0
  0
POLYLINE
  8
16
 66
1
 10
0.0000
 20
0.0000
 30
0.0000
 40
0.1270
 41
0.1270
 70
0
  0
VERTEX
  8
16
 10
86.4168
 20
6.3784
 30
0.0000
 42
1.0000
  0
VERTEX
  8
16
 10
86.3032
 20
6.3216
 30
0.0000
  0
SEQEND
  8
0
  0
POLYLINE
  8
16
 66
1
 10
0.0000
 20
0.0000
 30
0.0000
 40
0.2540
 41
0.2540
 70
0
  0
VERTEX
  8
16
 10
88.3920
 20
5.3340
 30
0.0000
  0
VERTEX
  8
16
 10
88.9000
 20
6.3500
 30
0.0000
  0
SEQEND
  8
0
  0
POLYLINE
  8
16
 66
1
 10
0.0000
 20
0.0000
 30
0.0000
 40
0.1270
 41
0.1270
 70
0
  0
VERTEX
  8
16
 10
88.9568
 20
6.3216
 30
0.0000
 42
1.0000
  0
VERTEX
  8
16
 10
88.8432
 20
6.3784
 30
0.0000
  0
SEQEND
  8
0
  0
POLYLINE
  8
16
 66
1
 10
0.0000
 20
0.0000
 30
0.0000
 40
0.1270
 41
0.1270
 70
0
  0
VERTEX
  8
16
 10
88.3352
 20
5.3624
 30
0.0000
 42
1.0000
  0
VERTEX
  8
16
 10
88.4488
 20
5.3056
 30
0.0000
  0
SEQEND
  8
0
  0
POLYLINE
  8
16
 66
1
 10
0.0000
 20
0.0000
 30
0.0000
 40
0.2540
 41
0.2540
 70
0
  0
VERTEX
  8
16
 10
89.4080
 20
12.9540
 30
0.0000
  0
VERTEX
  8
16
 10
90.9320
 20
12.9540
 30
0.0000
  0
SEQEND
  8
0
  0
POLYLINE
  8
16
 66
1
 10
0.0000
 20
0.0000
 30
0.0000
 40
0.1270
 41
0.1270
 70
0
  0
VERTEX
  8
16
 10
90.9320
 20
12.8905
 30
0.0000
 42
1.0000
  0
VERTEX
  8
16
 10
90.9320
 20
13.0175
 30
0.0000
  0
SEQEND
  8
0
  0
POLYLINE
  8
16
 66
1
 10
0.0000
 20
0.0000
 30
0.0000
 40
0.1270
 41
0.1270
 70
0
  0
VERTEX
  8
16
 10
89.4080
 20
13.0175
 30
0.0000
 42
1.0000
  0
VERTEX
  8
16
 10
89.4080
 20
12.8905
 30
0.0000
  0
SEQEND
  8
0
  0
POLYLINE
  8
16
 66
1
 10
0.0000
 20
0.0000
 30
0.0000
 40
0.2540
 41
0.2540
 70
0
  0
VERTEX
  8
16
 10
88.9000
 20
13.9700
 30
0.0000
  0
VERTEX
  8
16
 10
89.4080
 20
12.9540
 30
0.0000
  0
SEQEND
  8
0
  0
POLYLINE
  8
16
 66
1
 10
0.0000
 20
0.0000
 30
0.0000
 40
0.1270
 41
0.1270
 70
0
  0
VERTEX
  8
16
 10
89.3512
 20
12.9256
 30
0.0000
 42
1.0000
  0
VERTEX
  8
16
 10
89.4648
 20
12.9824
 30
0.0000
  0
SEQEND
  8
0
  0
POLYLINE
  8
16
 66
1
 10
0.0000
 20
0.0000
 30
0.0000
 40
0.1270
 41
0.1270
 70
0
  0
VERTEX
  8
16
 10
88.9568
 20
13.9984
 30
0.0000
 42
1.0000
  0
VERTEX
  8
16
 10
88.8432
 20
13.9416
 30
0.0000
  0
SEQEND
  8
0
  0
POLYLINE
  8
16
 66
1
 10
0.0000
 20
0.0000
 30
0.0000
 40
0.2540
 41
0.2540
 70
0
  0
VERTEX
  8
16
 10
90.9320
 20
12.9540
 30
0.0000
  0
VERTEX
  8
16
 10
91.4400
 20
13.9700
 30
0.0000
  0
SEQEND
  8
0
  0
POLYLINE
  8
16
 66
1
 10
0.0000
 20
0.0000
 30
0.0000
 40
0.1270
 41
0.1270
 70
0
  0
VERTEX
  8
16
 10
91.4968
 20
13.9416
 30
0.0000
 42
1.0000
  0
VERTEX
  8
16
 10
91.3832
 20
13.9984
 30
0.0000
  0
SEQEND
  8
0
  0
POLYLINE
  8
16
 66
1
 10
0.0000
 20
0.0000
 30
0.0000
 40
0.1270
 41
0.1270
 70
0
  0
VERTEX
  8
16
 10
90.8752
 20
12.9824
 30
0.0000
 42
1.0000
  0
VERTEX
  8
16
 10
90.9888
 20
12.9256
 30
0.0000
  0
SEQEND
  8
0
  0
POLYLINE
  8
16
 66
1
 10
0.0000
 20
0.0000
 30
0.0000
 40
0.2540
 41
0.2540
 70
0
  0
VERTEX
  8
16
 10
91.6940
 20
9.6520
 30
0.0000
  0
VERTEX
  8
16
 10
88.6460
 20
12.7000
 30
0.0000
  0
SEQEND
  8
0
  0
POLYLINE
  8
16
 66
1
 10
0.0000
 20
0.0000
 30
0.0000
 40
0.1270
 41
0.1270
 70
0
  0
VERTEX
  8
16
 10
88.6909
 20
12.7449
 30
0.0000
 42
1.0000
  0
VERTEX
  8
16
 10
88.6011
 20
12.6551
 30
0.0000
  0
SEQEND
  8
0
  0
POLYLINE
  8
16
 66
1
 10
0.0000
 20
0.0000
 30
0.0000
 40
0.1270
 41
0.1270
 70
0
  0
VERTEX
  8
16
 10
91.6491
 20
9.6071
 30
0.0000
 42
1.0000
  0
VERTEX
  8
16
 10
91.7389
 20
9.6969
 30
0.0000
  0
SEQEND
  8
0
  0
POLYLINE
  8
16
 66
1
 10
0.0000
 20
0.0000
 30
0.0000
 40
0.2540
 41
0.2540
 70
0
  0
VERTEX
  8
16
 10
91.6940
 20
9.6520
 30
0.0000
  0
VERTEX
  8
16
 10
93.7260
 20
7.6200
 30
0.0000
  0
SEQEND
  8
0
  0
POLYLINE
  8
16
 66
1
 10
0.0000
 20
0.0000
 30
0.0000
 40
0.1270
 41
0.1270
 70
0
  0
VERTEX
  8
16
 10
93.6811
 20
7.5751
 30
0.0000
 42
1.0000
  0
VERTEX
  8
16
 10
93.7709
 20
7.6649
 30
0.0000
  0
SEQEND
  8
0
  0
POLYLINE
  8
16
 66
1
 10
0.0000
 20
0.0000
 30
0.0000
 40
0.1270
 41
0.1270
 70
0
  0
VERTEX
  8
16
 10
91.7389
 20
9.6969
 30
0.0000
 42
1.0000
  0
VERTEX
  8
16
 10
91.6491
 20
9.6071
 30
0.0000
  0
SEQEND
  8
0
  0
POLYLINE
  8
16
 66
1
 10
0.0000
 20
0.0000
 30
0.0000
 40
0.2540
 41
0.2540
 70
0
  0
VERTEX
  8
16
 10
93.7260
 20
7.6200
 30
0.0000
  0
VERTEX
  8
16
 10
93.9800
 20
6.3500
 30
0.0000
  0
SEQEND
  8
0
  0
POLYLINE
  8
16
 66
1
 10
0.0000
 20
0.0000
 30
0.0000
 40
0.1270
 41
0.1270
 70
0
  0
VERTEX
  8
16
 10
93.9177
 20
6.3375
 30
0.0000
 42
1.0000
  0
VERTEX
  8
16
 10
94.0423
 20
6.3625
 30
0.0000
  0
SEQEND
  8
0
  0
POLYLINE
  8
16
 66
1
 10
0.0000
 20
0.0000
 30
0.0000
 40
0.1270
 41
0.1270
 70
0
  0
VERTEX
  8
16
 10
93.7883
 20
7.6325
 30
0.0000
 42
1.0000
  0
VERTEX
  8
16
 10
93.6637
 20
7.6075
 30
0.0000
  0
SEQEND
  8
0
  0
POLYLINE
  8
16
 66
1
 10
0.0000
 20
0.0000
 30
0.0000
 40
0.2540
 41
0.2540
 70
0
  0
VERTEX
  8
16
 10
88.6460
 20
12.7000
 30
0.0000
  0
VERTEX
  8
16
 10
88.9000
 20
13.9700
 30
0.0000
  0
SEQEND
  8
0
  0
POLYLINE
  8
16
 66
1
 10
0.0000
 20
0.0000
 30
0.0000
 40
0.1270
 41
0.1270
 70
0
  0
VERTEX
  8
16
 10
88.9623
 20
13.9575
 30
0.0000
 42
1.0000
  0
VERTEX
  8
16
 10
88.8377
 20
13.9825
 30
0.0000
  0
SEQEND
  8
0
  0
POLYLINE
  8
16
 66
1
 10
0.0000
 20
0.0000
 30
0.0000
 40
0.1270
 41
0.1270
 70
0
  0
VERTEX
  8
16
 10
88.5837
 20
12.7125
 30
0.0000
 42
1.0000
  0
VERTEX
  8
16
 10
88.7083
 20
12.6875
 30
0.0000
  0
SEQEND
  8
0
  0
POLYLINE
  8
16
 66
1
 10
0.0000
 20
0.0000
 30
0.0000
 40
0.2540
 41
0.2540
 70
0
  0
VERTEX
  8
16
 10
95.5040
 20
18.0340
 30
0.0000
  0
VERTEX
  8
16
 10
96.0120
 20
18.0340
 30
0.0000
  0
SEQEND
  8
0
  0
POLYLINE
  8
16
 66
1
 10
0.0000
 20
0.0000
 30
0.0000
 40
0.1270
 41
0.1270
 70
0
  0
VERTEX
  8
16
 10
96.0120
 20
17.9705
 30
0.0000
 42
1.0000
  0
VERTEX
  8
16
 10
96.0120
 20
18.0975
 30
0.0000
  0
SEQEND
  8
0
  0
POLYLINE
  8
16
 66
1
 10
0.0000
 20
0.0000
 30
0.0000
 40
0.1270
 41
0.1270
 70
0
  0
VERTEX
  8
16
 10
95.5040
 20
18.0975
 30
0.0000
 42
1.0000
  0
VERTEX
  8
16
 10
95.5040
 20
17.9705
 30
0.0000
  0
SEQEND
  8
0
  0
POLYLINE
  8
16
 66
1
 10
0.0000
 20
0.0000
 30
0.0000
 40
0.2540
 41
0.2540
 70
0
  0
VERTEX
  8
16
 10
96.0120
 20
18.0340
 30
0.0000
  0
VERTEX
  8
16
 10
96.5200
 20
19.0500
 30
0.0000
  0
SEQEND
  8
0
  0
POLYLINE
  8
16
 66
1
 10
0.0000
 20
0.0000
 30
0.0000
 40
0.1270
 41
0.1270
 70
0
  0
VERTEX
  8
16
 10
96.5768
 20
19.0216
 30
0.0000
 42
1.0000
  0
VERTEX
  8
16
 10
96.4632
 20
19.0784
 30
0.0000
  0
SEQEND
  8
0
  0
POLYLINE
  8
16
 66
1
 10
0.0000
 20
0.0000
 30
0.0000
 40
0.1270
 41
0.1270
 70
0
  0
VERTEX
  8
16
 10
95.9552
 20
18.0624
 30
0.0000
 42
1.0000
  0
VERTEX
  8
16
 10
96.0688
 20
18.0056
 30
0.0000
  0
SEQEND
  8
0
  0
POLYLINE
  8
16
 66
1
 10
0.0000
 20
0.0000
 30
0.0000
 40
0.2540
 41
0.2540
 70
0
  0
VERTEX
  8
16
 10
91.4400
 20
13.9700
 30
0.0000
  0
VERTEX
  8
16
 10
95.5040
 20
18.0340
 30
0.0000
  0
SEQEND
  8
0
  0
POLYLINE
  8
16
 66
1
 10
0.0000
 20
0.0000
 30
0.0000
 40
0.1270
 41
0.1270
 70
0
  0
VERTEX
  8
16
 10
95.5489
 20
17.9891
 30
0.0000
 42
1.0000
  0
VERTEX
  8
16
 10
95.4591
 20
18.0789
 30
0.0000
  0
SEQEND
  8
0
  0
POLYLINE
  8
16
 66
1
 10
0.0000
 20
0.0000
 30
0.0000
 40
0.1270
 41
0.1270
 70
0
  0
VERTEX
  8
16
 10
91.3951
 20
14.0149
 30
0.0000
 42
1.0000
  0
VERTEX
  8
16
 10
91.4849
 20
13.9251
 30
0.0000
  0
SEQEND
  8
0
  0
POLYLINE
  8
16
 66
1
 10
0.0000
 20
0.0000
 30
0.0000
 40
0.2540
 41
0.2540
 70
0
  0
VERTEX
  8
16
 10
89.4080
 20
7.3660
 30
0.0000
  0
VERTEX
  8
16
 10
91.6940
 20
9.6520
 30
0.0000
  0
SEQEND
  8
0
  0
POLYLINE
  8
16
 66
1
 10
0.0000
 20
0.0000
 30
0.0000
 40
0.1270
 41
0.1270
 70
0
  0
VERTEX
  8
16
 10
91.7389
 20
9.6071
 30
0.0000
 42
1.0000
  0
VERTEX
  8
16
 10
91.6491
 20
9.6969
 30
0.0000
  0
SEQEND
  8
0
  0
POLYLINE
  8
16
 66
1
 10
0.0000
 20
0.0000
 30
0.0000
 40
0.1270
 41
0.1270
 70
0
  0
VERTEX
  8
16
 10
89.3631
 20
7.4109
 30
0.0000
 42
1.0000
  0
VERTEX
  8
16
 10
89.4529
 20
7.3211
 30
0.0000
  0
SEQEND
  8
0
  0
POLYLINE
  8
16
 66
1
 10
0.0000
 20
0.0000
 30
0.0000
 40
0.2540
 41
0.2540
 70
0
  0
VERTEX
  8
16
 10
88.9000
 20
6.3500
 30
0.0000
  0
VERTEX
  8
16
 10
89.4080
 20
7.3660
 30
0.0000
  0
SEQEND
  8
0
  0
POLYLINE
  8
16
 66
1
 10
0.0000
 20
0.0000
 30
0.0000
 40
0.1270
 41
0.1270
 70
0
  0
VERTEX
  8
16
 10
89.4648
 20
7.3376
 30
0.0000
 42
1.0000
  0
VERTEX
  8
16
 10
89.3512
 20
7.3944
 30
0.0000
  0
SEQEND
  8
0
  0
POLYLINE
  8
16
 66
1
 10
0.0000
 20
0.0000
 30
0.0000
 40
0.1270
 41
0.1270
 70
0
  0
VERTEX
  8
16
 10
88.8432
 20
6.3784
 30
0.0000
 42
1.0000
  0
VERTEX
  8
16
 10
88.9568
 20
6.3216
 30
0.0000
  0
SEQEND
  8
0
  0
POLYLINE
  8
16
 66
1
 10
0.0000
 20
0.0000
 30
0.0000
 40
0.2540
 41
0.2540
 70
0
  0
VERTEX
  8
16
 10
94.9960
 20
33.2740
 30
0.0000
  0
VERTEX
  8
16
 10
94.9960
 20
33.7820
 30
0.0000
  0
SEQEND
  8
0
  0
POLYLINE
  8
16
 66
1
 10
0.0000
 20
0.0000
 30
0.0000
 40
0.1270
 41
0.1270
 70
0
  0
VERTEX
  8
16
 10
95.0595
 20
33.7820
 30
0.0000
 42
1.0000
  0
VERTEX
  8
16
 10
94.9325
 20
33.7820
 30
0.0000
  0
SEQEND
  8
0
  0
POLYLINE
  8
16
 66
1
 10
0.0000
 20
0.0000
 30
0.0000
 40
0.1270
 41
0.1270
 70
0
  0
VERTEX
  8
16
 10
94.9325
 20
33.2740
 30
0.0000
 42
1.0000
  0
VERTEX
  8
16
 10
95.0595
 20
33.2740
 30
0.0000
  0
SEQEND
  8
0
  0
POLYLINE
  8
16
 66
1
 10
0.0000
 20
0.0000
 30
0.0000
 40
0.2540
 41
0.2540
 70
0
  0
VERTEX
  8
16
 10
96.0120
 20
32.2580
 30
0.0000
  0
VERTEX
  8
16
 10
94.9960
 20
33.2740
 30
0.0000
  0
SEQEND
  8
0
  0
POLYLINE
  8
16
 66
1
 10
0.0000
 20
0.0000
 30
0.0000
 40
0.1270
 41
0.1270
 70
0
  0
VERTEX
  8
16
 10
95.0409
 20
33.3189
 30
0.0000
 42
1.0000
  0
VERTEX
  8
16
 10
94.9511
 20
33.2291
 30
0.0000
  0
SEQEND
  8
0
  0
POLYLINE
  8
16
 66
1
 10
0.0000
 20
0.0000
 30
0.0000
 40
0.1270
 41
0.1270
 70
0
  0
VERTEX
  8
16
 10
95.9671
 20
32.2131
 30
0.0000
 42
1.0000
  0
VERTEX
  8
16
 10
96.0569
 20
32.3029
 30
0.0000
  0
SEQEND
  8
0
  0
POLYLINE
  8
16
 66
1
 10
0.0000
 20
0.0000
 30
0.0000
 40
0.2540
 41
0.2540
 70
0
  0
VERTEX
  8
16
 10
96.0120
 20
28.7020
 30
0.0000
  0
VERTEX
  8
16
 10
96.0120
 20
32.2580
 30
0.0000
  0
SEQEND
  8
0
  0
POLYLINE
  8
16
 66
1
 10
0.0000
 20
0.0000
 30
0.0000
 40
0.1270
 41
0.1270
 70
0
  0
VERTEX
  8
16
 10
96.0755
 20
32.2580
 30
0.0000
 42
1.0000
  0
VERTEX
  8
16
 10
95.9485
 20
32.2580
 30
0.0000
  0
SEQEND
  8
0
  0
POLYLINE
  8
16
 66
1
 10
0.0000
 20
0.0000
 30
0.0000
 40
0.1270
 41
0.1270
 70
0
  0
VERTEX
  8
16
 10
95.9485
 20
28.7020
 30
0.0000
 42
1.0000
  0
VERTEX
  8
16
 10
96.0755
 20
28.7020
 30
0.0000
  0
SEQEND
  8
0
  0
POLYLINE
  8
16
 66
1
 10
0.0000
 20
0.0000
 30
0.0000
 40
0.2540
 41
0.2540
 70
0
  0
VERTEX
  8
16
 10
95.2500
 20
27.9400
 30
0.0000
  0
VERTEX
  8
16
 10
96.0120
 20
28.7020
 30
0.0000
  0
SEQEND
  8
0
  0
POLYLINE
  8
16
 66
1
 10
0.0000
 20
0.0000
 30
0.0000
 40
0.1270
 41
0.1270
 70
0
  0
VERTEX
  8
16
 10
96.0569
 20
28.6571
 30
0.0000
 42
1.0000
  0
VERTEX
  8
16
 10
95.9671
 20
28.7469
 30
0.0000
  0
SEQEND
  8
0
  0
POLYLINE
  8
16
 66
1
 10
0.0000
 20
0.0000
 30
0.0000
 40
0.1270
 41
0.1270
 70
0
  0
VERTEX
  8
16
 10
95.2051
 20
27.9849
 30
0.0000
 42
1.0000
  0
VERTEX
  8
16
 10
95.2949
 20
27.8951
 30
0.0000
  0
SEQEND
  8
0
  0
POLYLINE
  8
16
 66
1
 10
0.0000
 20
0.0000
 30
0.0000
 40
0.2540
 41
0.2540
 70
0
  0
VERTEX
  8
16
 10
95.2500
 20
21.3360
 30
0.0000
  0
VERTEX
  8
16
 10
95.2500
 20
27.9400
 30
0.0000
  0
SEQEND
  8
0
  0
POLYLINE
  8
16
 66
1
 10
0.0000
 20
0.0000
 30
0.0000
 40
0.1270
 41
0.1270
 70
0
  0
VERTEX
  8
16
 10
95.3135
 20
27.9400
 30
0.0000
 42
1.0000
  0
VERTEX
  8
16
 10
95.1865
 20
27.9400
 30
0.0000
  0
SEQEND
  8
0
  0
POLYLINE
  8
16
 66
1
 10
0.0000
 20
0.0000
 30
0.0000
 40
0.1270
 41
0.1270
 70
0
  0
VERTEX
  8
16
 10
95.1865
 20
21.3360
 30
0.0000
 42
1.0000
  0
VERTEX
  8
16
 10
95.3135
 20
21.3360
 30
0.0000
  0
SEQEND
  8
0
  0
POLYLINE
  8
16
 66
1
 10
0.0000
 20
0.0000
 30
0.0000
 40
0.2540
 41
0.2540
 70
0
  0
VERTEX
  8
16
 10
96.2660
 20
20.3200
 30
0.0000
  0
VERTEX
  8
16
 10
95.2500
 20
21.3360
 30
0.0000
  0
SEQEND
  8
0
  0
POLYLINE
  8
16
 66
1
 10
0.0000
 20
0.0000
 30
0.0000
 40
0.1270
 41
0.1270
 70
0
  0
VERTEX
  8
16
 10
95.2949
 20
21.3809
 30
0.0000
 42
1.0000
  0
VERTEX
  8
16
 10
95.2051
 20
21.2911
 30
0.0000
  0
SEQEND
  8
0
  0
POLYLINE
  8
16
 66
1
 10
0.0000
 20
0.0000
 30
0.0000
 40
0.1270
 41
0.1270
 70
0
  0
VERTEX
  8
16
 10
96.2211
 20
20.2751
 30
0.0000
 42
1.0000
  0
VERTEX
  8
16
 10
96.3109
 20
20.3649
 30
0.0000
  0
SEQEND
  8
0
  0
POLYLINE
  8
16
 66
1
 10
0.0000
 20
0.0000
 30
0.0000
 40
0.2540
 41
0.2540
 70
0
  0
VERTEX
  8
16
 10
94.9960
 20
33.7820
 30
0.0000
  0
VERTEX
  8
16
 10
93.9800
 20
34.2900
 30
0.0000
  0
SEQEND
  8
0
  0
POLYLINE
  8
16
 66
1
 10
0.0000
 20
0.0000
 30
0.0000
 40
0.1270
 41
0.1270
 70
0
  0
VERTEX
  8
16
 10
94.0084
 20
34.3468
 30
0.0000
 42
1.0000
  0
VERTEX
  8
16
 10
93.9516
 20
34.2332
 30
0.0000
  0
SEQEND
  8
0
  0
POLYLINE
  8
16
 66
1
 10
0.0000
 20
0.0000
 30
0.0000
 40
0.1270
 41
0.1270
 70
0
  0
VERTEX
  8
16
 10
94.9676
 20
33.7252
 30
0.0000
 42
1.0000
  0
VERTEX
  8
16
 10
95.0244
 20
33.8388
 30
0.0000
  0
SEQEND
  8
0
  0
POLYLINE
  8
16
 66
1
 10
0.0000
 20
0.0000
 30
0.0000
 40
0.2540
 41
0.2540
 70
0
  0
VERTEX
  8
16
 10
96.5200
 20
19.0500
 30
0.0000
  0
VERTEX
  8
16
 10
96.2660
 20
20.3200
 30
0.0000
  0
SEQEND
  8
0
  0
POLYLINE
  8
16
 66
1
 10
0.0000
 20
0.0000
 30
0.0000
 40
0.1270
 41
0.1270
 70
0
  0
VERTEX
  8
16
 10
96.3283
 20
20.3325
 30
0.0000
 42
1.0000
  0
VERTEX
  8
16
 10
96.2037
 20
20.3075
 30
0.0000
  0
SEQEND
  8
0
  0
POLYLINE
  8
16
 66
1
 10
0.0000
 20
0.0000
 30
0.0000
 40
0.1270
 41
0.1270
 70
0
  0
VERTEX
  8
16
 10
96.4577
 20
19.0375
 30
0.0000
 42
1.0000
  0
VERTEX
  8
16
 10
96.5823
 20
19.0625
 30
0.0000
  0
SEQEND
  8
0
  0
POLYLINE
  8
16
 66
1
 10
0.0000
 20
0.0000
 30
0.0000
 40
0.2540
 41
0.2540
 70
0
  0
VERTEX
  8
16
 10
75.9460
 20
30.4800
 30
0.0000
  0
VERTEX
  8
16
 10
75.9460
 20
35.5600
 30
0.0000
  0
SEQEND
  8
0
  0
POLYLINE
  8
16
 66
1
 10
0.0000
 20
0.0000
 30
0.0000
 40
0.1270
 41
0.1270
 70
0
  0
VERTEX
  8
16
 10
76.0095
 20
35.5600
 30
0.0000
 42
1.0000
  0
VERTEX
  8
16
 10
75.8825
 20
35.5600
 30
0.0000
  0
SEQEND
  8
0
  0
POLYLINE
  8
16
 66
1
 10
0.0000
 20
0.0000
 30
0.0000
 40
0.1270
 41
0.1270
 70
0
  0
VERTEX
  8
16
 10
75.8825
 20
30.4800
 30
0.0000
 42
1.0000
  0
VERTEX
  8
16
 10
76.0095
 20
30.4800
 30
0.0000
  0
SEQEND
  8
0
  0
POLYLINE
  8
16
 66
1
 10
0.0000
 20
0.0000
 30
0.0000
 40
0.2540
 41
0.2540
 70
0
  0
VERTEX
  8
16
 10
66.2940
 20
20.8280
 30
0.0000
  0
VERTEX
  8
16
 10
75.9460
 20
30.4800
 30
0.0000
  0
SEQEND
  8
0
  0
POLYLINE
  8
16
 66
1
 10
0.0000
 20
0.0000
 30
0.0000
 40
0.1270
 41
0.1270
 70
0
  0
VERTEX
  8
16
 10
75.9909
 20
30.4351
 30
0.0000
 42
1.0000
  0
VERTEX
  8
16
 10
75.9011
 20
30.5249
 30
0.0000
  0
SEQEND
  8
0
  0
POLYLINE
  8
16
 66
1
 10
0.0000
 20
0.0000
 30
0.0000
 40
0.1270
 41
0.1270
 70
0
  0
VERTEX
  8
16
 10
66.2491
 20
20.8729
 30
0.0000
 42
1.0000
  0
VERTEX
  8
16
 10
66.3389
 20
20.7831
 30
0.0000
  0
SEQEND
  8
0
  0
POLYLINE
  8
16
 66
1
 10
0.0000
 20
0.0000
 30
0.0000
 40
0.2540
 41
0.2540
 70
0
  0
VERTEX
  8
16
 10
75.9460
 20
35.5600
 30
0.0000
  0
VERTEX
  8
16
 10
76.2000
 20
36.8300
 30
0.0000
  0
SEQEND
  8
0
  0
POLYLINE
  8
16
 66
1
 10
0.0000
 20
0.0000
 30
0.0000
 40
0.1270
 41
0.1270
 70
0
  0
VERTEX
  8
16
 10
76.2623
 20
36.8175
 30
0.0000
 42
1.0000
  0
VERTEX
  8
16
 10
76.1377
 20
36.8425
 30
0.0000
  0
SEQEND
  8
0
  0
POLYLINE
  8
16
 66
1
 10
0.0000
 20
0.0000
 30
0.0000
 40
0.1270
 41
0.1270
 70
0
  0
VERTEX
  8
16
 10
75.8837
 20
35.5725
 30
0.0000
 42
1.0000
  0
VERTEX
  8
16
 10
76.0083
 20
35.5475
 30
0.0000
  0
SEQEND
  8
0
  0
POLYLINE
  8
16
 66
1
 10
0.0000
 20
0.0000
 30
0.0000
 40
0.2540
 41
0.2540
 70
0
  0
VERTEX
  8
16
 10
66.0400
 20
20.3200
 30
0.0000
  0
VERTEX
  8
16
 10
66.2940
 20
20.8280
 30
0.0000
  0
SEQEND
  8
0
  0
POLYLINE
  8
16
 66
1
 10
0.0000
 20
0.0000
 30
0.0000
 40
0.1270
 41
0.1270
 70
0
  0
VERTEX
  8
16
 10
66.3508
 20
20.7996
 30
0.0000
 42
1.0000
  0
VERTEX
  8
16
 10
66.2372
 20
20.8564
 30
0.0000
  0
SEQEND
  8
0
  0
POLYLINE
  8
16
 66
1
 10
0.0000
 20
0.0000
 30
0.0000
 40
0.1270
 41
0.1270
 70
0
  0
VERTEX
  8
16
 10
65.9832
 20
20.3484
 30
0.0000
 42
1.0000
  0
VERTEX
  8
16
 10
66.0968
 20
20.2916
 30
0.0000
  0
SEQEND
  8
0
  0
POLYLINE
  8
16
 66
1
 10
0.0000
 20
0.0000
 30
0.0000
 40
0.2540
 41
0.2540
 70
0
  0
VERTEX
  8
16
 10
81.7880
 20
12.9540
 30
0.0000
  0
VERTEX
  8
16
 10
83.3120
 20
12.9540
 30
0.0000
  0
SEQEND
  8
0
  0
POLYLINE
  8
16
 66
1
 10
0.0000
 20
0.0000
 30
0.0000
 40
0.1270
 41
0.1270
 70
0
  0
VERTEX
  8
16
 10
83.3120
 20
12.8905
 30
0.0000
 42
1.0000
  0
VERTEX
  8
16
 10
83.3120
 20
13.0175
 30
0.0000
  0
SEQEND
  8
0
  0
POLYLINE
  8
16
 66
1
 10
0.0000
 20
0.0000
 30
0.0000
 40
0.1270
 41
0.1270
 70
0
  0
VERTEX
  8
16
 10
81.7880
 20
13.0175
 30
0.0000
 42
1.0000
  0
VERTEX
  8
16
 10
81.7880
 20
12.8905
 30
0.0000
  0
SEQEND
  8
0
  0
POLYLINE
  8
16
 66
1
 10
0.0000
 20
0.0000
 30
0.0000
 40
0.2540
 41
0.2540
 70
0
  0
VERTEX
  8
16
 10
83.3120
 20
12.9540
 30
0.0000
  0
VERTEX
  8
16
 10
83.8200
 20
13.9700
 30
0.0000
  0
SEQEND
  8
0
  0
POLYLINE
  8
16
 66
1
 10
0.0000
 20
0.0000
 30
0.0000
 40
0.1270
 41
0.1270
 70
0
  0
VERTEX
  8
16
 10
83.8768
 20
13.9416
 30
0.0000
 42
1.0000
  0
VERTEX
  8
16
 10
83.7632
 20
13.9984
 30
0.0000
  0
SEQEND
  8
0
  0
POLYLINE
  8
16
 66
1
 10
0.0000
 20
0.0000
 30
0.0000
 40
0.1270
 41
0.1270
 70
0
  0
VERTEX
  8
16
 10
83.2552
 20
12.9824
 30
0.0000
 42
1.0000
  0
VERTEX
  8
16
 10
83.3688
 20
12.9256
 30
0.0000
  0
SEQEND
  8
0
  0
POLYLINE
  8
16
 66
1
 10
0.0000
 20
0.0000
 30
0.0000
 40
0.2540
 41
0.2540
 70
0
  0
VERTEX
  8
16
 10
81.2800
 20
13.9700
 30
0.0000
  0
VERTEX
  8
16
 10
81.7880
 20
12.9540
 30
0.0000
  0
SEQEND
  8
0
  0
POLYLINE
  8
16
 66
1
 10
0.0000
 20
0.0000
 30
0.0000
 40
0.1270
 41
0.1270
 70
0
  0
VERTEX
  8
16
 10
81.7312
 20
12.9256
 30
0.0000
 42
1.0000
  0
VERTEX
  8
16
 10
81.8448
 20
12.9824
 30
0.0000
  0
SEQEND
  8
0
  0
POLYLINE
  8
16
 66
1
 10
0.0000
 20
0.0000
 30
0.0000
 40
0.1270
 41
0.1270
 70
0
  0
VERTEX
  8
16
 10
81.3368
 20
13.9984
 30
0.0000
 42
1.0000
  0
VERTEX
  8
16
 10
81.2232
 20
13.9416
 30
0.0000
  0
SEQEND
  8
0
  0
POLYLINE
  8
16
 66
1
 10
0.0000
 20
0.0000
 30
0.0000
 40
0.2540
 41
0.2540
 70
0
  0
VERTEX
  8
16
 10
81.5340
 20
12.7000
 30
0.0000
  0
VERTEX
  8
16
 10
81.5340
 20
8.6360
 30
0.0000
  0
SEQEND
  8
0
  0
POLYLINE
  8
16
 66
1
 10
0.0000
 20
0.0000
 30
0.0000
 40
0.1270
 41
0.1270
 70
0
  0
VERTEX
  8
16
 10
81.4705
 20
8.6360
 30
0.0000
 42
1.0000
  0
VERTEX
  8
16
 10
81.5975
 20
8.6360
 30
0.0000
  0
SEQEND
  8
0
  0
POLYLINE
  8
16
 66
1
 10
0.0000
 20
0.0000
 30
0.0000
 40
0.1270
 41
0.1270
 70
0
  0
VERTEX
  8
16
 10
81.5975
 20
12.7000
 30
0.0000
 42
1.0000
  0
VERTEX
  8
16
 10
81.4705
 20
12.7000
 30
0.0000
  0
SEQEND
  8
0
  0
POLYLINE
  8
16
 66
1
 10
0.0000
 20
0.0000
 30
0.0000
 40
0.2540
 41
0.2540
 70
0
  0
VERTEX
  8
16
 10
81.5340
 20
8.6360
 30
0.0000
  0
VERTEX
  8
16
 10
82.5500
 20
7.6200
 30
0.0000
  0
SEQEND
  8
0
  0
POLYLINE
  8
16
 66
1
 10
0.0000
 20
0.0000
 30
0.0000
 40
0.1270
 41
0.1270
 70
0
  0
VERTEX
  8
16
 10
82.5051
 20
7.5751
 30
0.0000
 42
1.0000
  0
VERTEX
  8
16
 10
82.5949
 20
7.6649
 30
0.0000
  0
SEQEND
  8
0
  0
POLYLINE
  8
16
 66
1
 10
0.0000
 20
0.0000
 30
0.0000
 40
0.1270
 41
0.1270
 70
0
  0
VERTEX
  8
16
 10
81.5789
 20
8.6809
 30
0.0000
 42
1.0000
  0
VERTEX
  8
16
 10
81.4891
 20
8.5911
 30
0.0000
  0
SEQEND
  8
0
  0
POLYLINE
  8
16
 66
1
 10
0.0000
 20
0.0000
 30
0.0000
 40
0.2540
 41
0.2540
 70
0
  0
VERTEX
  8
16
 10
82.5500
 20
7.6200
 30
0.0000
  0
VERTEX
  8
16
 10
82.5500
 20
5.0800
 30
0.0000
  0
SEQEND
  8
0
  0
POLYLINE
  8
16
 66
1
 10
0.0000
 20
0.0000
 30
0.0000
 40
0.1270
 41
0.1270
 70
0
  0
VERTEX
  8
16
 10
82.4865
 20
5.0800
 30
0.0000
 42
1.0000
  0
VERTEX
  8
16
 10
82.6135
 20
5.0800
 30
0.0000
  0
SEQEND
  8
0
  0
POLYLINE
  8
16
 66
1
 10
0.0000
 20
0.0000
 30
0.0000
 40
0.1270
 41
0.1270
 70
0
  0
VERTEX
  8
16
 10
82.6135
 20
7.6200
 30
0.0000
 42
1.0000
  0
VERTEX
  8
16
 10
82.4865
 20
7.6200
 30
0.0000
  0
SEQEND
  8
0
  0
POLYLINE
  8
16
 66
1
 10
0.0000
 20
0.0000
 30
0.0000
 40
0.2540
 41
0.2540
 70
0
  0
VERTEX
  8
16
 10
82.5500
 20
5.0800
 30
0.0000
  0
VERTEX
  8
16
 10
83.3120
 20
4.3180
 30
0.0000
  0
SEQEND
  8
0
  0
POLYLINE
  8
16
 66
1
 10
0.0000
 20
0.0000
 30
0.0000
 40
0.1270
 41
0.1270
 70
0
  0
VERTEX
  8
16
 10
83.2671
 20
4.2731
 30
0.0000
 42
1.0000
  0
VERTEX
  8
16
 10
83.3569
 20
4.3629
 30
0.0000
  0
SEQEND
  8
0
  0
POLYLINE
  8
16
 66
1
 10
0.0000
 20
0.0000
 30
0.0000
 40
0.1270
 41
0.1270
 70
0
  0
VERTEX
  8
16
 10
82.5949
 20
5.1249
 30
0.0000
 42
1.0000
  0
VERTEX
  8
16
 10
82.5051
 20
5.0351
 30
0.0000
  0
SEQEND
  8
0
  0
POLYLINE
  8
16
 66
1
 10
0.0000
 20
0.0000
 30
0.0000
 40
0.2540
 41
0.2540
 70
0
  0
VERTEX
  8
16
 10
83.3120
 20
4.3180
 30
0.0000
  0
VERTEX
  8
16
 10
84.8360
 20
4.3180
 30
0.0000
  0
SEQEND
  8
0
  0
POLYLINE
  8
16
 66
1
 10
0.0000
 20
0.0000
 30
0.0000
 40
0.1270
 41
0.1270
 70
0
  0
VERTEX
  8
16
 10
84.8360
 20
4.2545
 30
0.0000
 42
1.0000
  0
VERTEX
  8
16
 10
84.8360
 20
4.3815
 30
0.0000
  0
SEQEND
  8
0
  0
POLYLINE
  8
16
 66
1
 10
0.0000
 20
0.0000
 30
0.0000
 40
0.1270
 41
0.1270
 70
0
  0
VERTEX
  8
16
 10
83.3120
 20
4.3815
 30
0.0000
 42
1.0000
  0
VERTEX
  8
16
 10
83.3120
 20
4.2545
 30
0.0000
  0
SEQEND
  8
0
  0
POLYLINE
  8
16
 66
1
 10
0.0000
 20
0.0000
 30
0.0000
 40
0.2540
 41
0.2540
 70
0
  0
VERTEX
  8
16
 10
84.8360
 20
4.3180
 30
0.0000
  0
VERTEX
  8
16
 10
85.8520
 20
5.3340
 30
0.0000
  0
SEQEND
  8
0
  0
POLYLINE
  8
16
 66
1
 10
0.0000
 20
0.0000
 30
0.0000
 40
0.1270
 41
0.1270
 70
0
  0
VERTEX
  8
16
 10
85.8969
 20
5.2891
 30
0.0000
 42
1.0000
  0
VERTEX
  8
16
 10
85.8071
 20
5.3789
 30
0.0000
  0
SEQEND
  8
0
  0
POLYLINE
  8
16
 66
1
 10
0.0000
 20
0.0000
 30
0.0000
 40
0.1270
 41
0.1270
 70
0
  0
VERTEX
  8
16
 10
84.7911
 20
4.3629
 30
0.0000
 42
1.0000
  0
VERTEX
  8
16
 10
84.8809
 20
4.2731
 30
0.0000
  0
SEQEND
  8
0
  0
POLYLINE
  8
16
 66
1
 10
0.0000
 20
0.0000
 30
0.0000
 40
0.2540
 41
0.2540
 70
0
  0
VERTEX
  8
16
 10
81.2800
 20
13.9700
 30
0.0000
  0
VERTEX
  8
16
 10
81.5340
 20
12.7000
 30
0.0000
  0
SEQEND
  8
0
  0
POLYLINE
  8
16
 66
1
 10
0.0000
 20
0.0000
 30
0.0000
 40
0.1270
 41
0.1270
 70
0
  0
VERTEX
  8
16
 10
81.4717
 20
12.6875
 30
0.0000
 42
1.0000
  0
VERTEX
  8
16
 10
81.5963
 20
12.7125
 30
0.0000
  0
SEQEND
  8
0
  0
POLYLINE
  8
16
 66
1
 10
0.0000
 20
0.0000
 30
0.0000
 40
0.1270
 41
0.1270
 70
0
  0
VERTEX
  8
16
 10
81.3423
 20
13.9825
 30
0.0000
 42
1.0000
  0
VERTEX
  8
16
 10
81.2177
 20
13.9575
 30
0.0000
  0
SEQEND
  8
0
  0
POLYLINE
  8
16
 66
1
 10
0.0000
 20
0.0000
 30
0.0000
 40
0.2540
 41
0.2540
 70
0
  0
VERTEX
  8
16
 10
85.8520
 20
5.3340
 30
0.0000
  0
VERTEX
  8
16
 10
86.3600
 20
6.3500
 30
0.0000
  0
SEQEND
  8
0
  0
POLYLINE
  8
16
 66
1
 10
0.0000
 20
0.0000
 30
0.0000
 40
0.1270
 41
0.1270
 70
0
  0
VERTEX
  8
16
 10
86.4168
 20
6.3216
 30
0.0000
 42
1.0000
  0
VERTEX
  8
16
 10
86.3032
 20
6.3784
 30
0.0000
  0
SEQEND
  8
0
  0
POLYLINE
  8
16
 66
1
 10
0.0000
 20
0.0000
 30
0.0000
 40
0.1270
 41
0.1270
 70
0
  0
VERTEX
  8
16
 10
85.7952
 20
5.3624
 30
0.0000
 42
1.0000
  0
VERTEX
  8
16
 10
85.9088
 20
5.3056
 30
0.0000
  0
SEQEND
  8
0
  0
POLYLINE
  8
16
 66
1
 10
0.0000
 20
0.0000
 30
0.0000
 40
0.2540
 41
0.2540
 70
0
  0
VERTEX
  8
16
 10
74.1680
 20
11.6840
 30
0.0000
  0
VERTEX
  8
16
 10
76.9620
 20
11.6840
 30
0.0000
  0
SEQEND
  8
0
  0
POLYLINE
  8
16
 66
1
 10
0.0000
 20
0.0000
 30
0.0000
 40
0.1270
 41
0.1270
 70
0
  0
VERTEX
  8
16
 10
76.9620
 20
11.6205
 30
0.0000
 42
1.0000
  0
VERTEX
  8
16
 10
76.9620
 20
11.7475
 30
0.0000
  0
SEQEND
  8
0
  0
POLYLINE
  8
16
 66
1
 10
0.0000
 20
0.0000
 30
0.0000
 40
0.1270
 41
0.1270
 70
0
  0
VERTEX
  8
16
 10
74.1680
 20
11.7475
 30
0.0000
 42
1.0000
  0
VERTEX
  8
16
 10
74.1680
 20
11.6205
 30
0.0000
  0
SEQEND
  8
0
  0
POLYLINE
  8
16
 66
1
 10
0.0000
 20
0.0000
 30
0.0000
 40
0.2540
 41
0.2540
 70
0
  0
VERTEX
  8
16
 10
76.9620
 20
11.6840
 30
0.0000
  0
VERTEX
  8
16
 10
78.2320
 20
12.9540
 30
0.0000
  0
SEQEND
  8
0
  0
POLYLINE
  8
16
 66
1
 10
0.0000
 20
0.0000
 30
0.0000
 40
0.1270
 41
0.1270
 70
0
  0
VERTEX
  8
16
 10
78.2769
 20
12.9091
 30
0.0000
 42
1.0000
  0
VERTEX
  8
16
 10
78.1871
 20
12.9989
 30
0.0000
  0
SEQEND
  8
0
  0
POLYLINE
  8
16
 66
1
 10
0.0000
 20
0.0000
 30
0.0000
 40
0.1270
 41
0.1270
 70
0
  0
VERTEX
  8
16
 10
76.9171
 20
11.7289
 30
0.0000
 42
1.0000
  0
VERTEX
  8
16
 10
77.0069
 20
11.6391
 30
0.0000
  0
SEQEND
  8
0
  0
POLYLINE
  8
16
 66
1
 10
0.0000
 20
0.0000
 30
0.0000
 40
0.2540
 41
0.2540
 70
0
  0
VERTEX
  8
16
 10
73.6600
 20
11.4300
 30
0.0000
  0
VERTEX
  8
16
 10
74.1680
 20
11.6840
 30
0.0000
  0
SEQEND
  8
0
  0
POLYLINE
  8
16
 66
1
 10
0.0000
 20
0.0000
 30
0.0000
 40
0.1270
 41
0.1270
 70
0
  0
VERTEX
  8
16
 10
74.1964
 20
11.6272
 30
0.0000
 42
1.0000
  0
VERTEX
  8
16
 10
74.1396
 20
11.7408
 30
0.0000
  0
SEQEND
  8
0
  0
POLYLINE
  8
16
 66
1
 10
0.0000
 20
0.0000
 30
0.0000
 40
0.1270
 41
0.1270
 70
0
  0
VERTEX
  8
16
 10
73.6316
 20
11.4868
 30
0.0000
 42
1.0000
  0
VERTEX
  8
16
 10
73.6884
 20
11.3732
 30
0.0000
  0
SEQEND
  8
0
  0
POLYLINE
  8
16
 66
1
 10
0.0000
 20
0.0000
 30
0.0000
 40
0.2540
 41
0.2540
 70
0
  0
VERTEX
  8
16
 10
78.2320
 20
12.9540
 30
0.0000
  0
VERTEX
  8
16
 10
78.7400
 20
13.9700
 30
0.0000
  0
SEQEND
  8
0
  0
POLYLINE
  8
16
 66
1
 10
0.0000
 20
0.0000
 30
0.0000
 40
0.1270
 41
0.1270
 70
0
  0
VERTEX
  8
16
 10
78.7968
 20
13.9416
 30
0.0000
 42
1.0000
  0
VERTEX
  8
16
 10
78.6832
 20
13.9984
 30
0.0000
  0
SEQEND
  8
0
  0
POLYLINE
  8
16
 66
1
 10
0.0000
 20
0.0000
 30
0.0000
 40
0.1270
 41
0.1270
 70
0
  0
VERTEX
  8
16
 10
78.1752
 20
12.9824
 30
0.0000
 42
1.0000
  0
VERTEX
  8
16
 10
78.2888
 20
12.9256
 30
0.0000
  0
SEQEND
  8
0
  0
POLYLINE
  8
16
 66
1
 10
0.0000
 20
0.0000
 30
0.0000
 40
0.2540
 41
0.2540
 70
0
  0
VERTEX
  8
16
 10
46.7360
 20
29.4640
 30
0.0000
  0
VERTEX
  8
16
 10
46.7360
 20
29.9720
 30
0.0000
  0
SEQEND
  8
0
  0
POLYLINE
  8
16
 66
1
 10
0.0000
 20
0.0000
 30
0.0000
 40
0.1270
 41
0.1270
 70
0
  0
VERTEX
  8
16
 10
46.7995
 20
29.9720
 30
0.0000
 42
1.0000
  0
VERTEX
  8
16
 10
46.6725
 20
29.9720
 30
0.0000
  0
SEQEND
  8
0
  0
POLYLINE
  8
16
 66
1
 10
0.0000
 20
0.0000
 30
0.0000
 40
0.1270
 41
0.1270
 70
0
  0
VERTEX
  8
16
 10
46.6725
 20
29.4640
 30
0.0000
 42
1.0000
  0
VERTEX
  8
16
 10
46.7995
 20
29.4640
 30
0.0000
  0
SEQEND
  8
0
  0
POLYLINE
  8
16
 66
1
 10
0.0000
 20
0.0000
 30
0.0000
 40
0.2540
 41
0.2540
 70
0
  0
VERTEX
  8
16
 10
47.7520
 20
28.4480
 30
0.0000
  0
VERTEX
  8
16
 10
46.7360
 20
29.4640
 30
0.0000
  0
SEQEND
  8
0
  0
POLYLINE
  8
16
 66
1
 10
0.0000
 20
0.0000
 30
0.0000
 40
0.1270
 41
0.1270
 70
0
  0
VERTEX
  8
16
 10
46.7809
 20
29.5089
 30
0.0000
 42
1.0000
  0
VERTEX
  8
16
 10
46.6911
 20
29.4191
 30
0.0000
  0
SEQEND
  8
0
  0
POLYLINE
  8
16
 66
1
 10
0.0000
 20
0.0000
 30
0.0000
 40
0.1270
 41
0.1270
 70
0
  0
VERTEX
  8
16
 10
47.7071
 20
28.4031
 30
0.0000
 42
1.0000
  0
VERTEX
  8
16
 10
47.7969
 20
28.4929
 30
0.0000
  0
SEQEND
  8
0
  0
POLYLINE
  8
16
 66
1
 10
0.0000
 20
0.0000
 30
0.0000
 40
0.2540
 41
0.2540
 70
0
  0
VERTEX
  8
16
 10
46.7360
 20
29.9720
 30
0.0000
  0
VERTEX
  8
16
 10
45.7200
 20
30.4800
 30
0.0000
  0
SEQEND
  8
0
  0
POLYLINE
  8
16
 66
1
 10
0.0000
 20
0.0000
 30
0.0000
 40
0.1270
 41
0.1270
 70
0
  0
VERTEX
  8
16
 10
45.7484
 20
30.5368
 30
0.0000
 42
1.0000
  0
VERTEX
  8
16
 10
45.6916
 20
30.4232
 30
0.0000
  0
SEQEND
  8
0
  0
POLYLINE
  8
16
 66
1
 10
0.0000
 20
0.0000
 30
0.0000
 40
0.1270
 41
0.1270
 70
0
  0
VERTEX
  8
16
 10
46.7076
 20
29.9152
 30
0.0000
 42
1.0000
  0
VERTEX
  8
16
 10
46.7644
 20
30.0288
 30
0.0000
  0
SEQEND
  8
0
  0
POLYLINE
  8
16
 66
1
 10
0.0000
 20
0.0000
 30
0.0000
 40
0.2540
 41
0.2540
 70
0
  0
VERTEX
  8
16
 10
73.4060
 20
12.7000
 30
0.0000
  0
VERTEX
  8
16
 10
73.4060
 20
11.9380
 30
0.0000
  0
SEQEND
  8
0
  0
POLYLINE
  8
16
 66
1
 10
0.0000
 20
0.0000
 30
0.0000
 40
0.1270
 41
0.1270
 70
0
  0
VERTEX
  8
16
 10
73.3425
 20
11.9380
 30
0.0000
 42
1.0000
  0
VERTEX
  8
16
 10
73.4695
 20
11.9380
 30
0.0000
  0
SEQEND
  8
0
  0
POLYLINE
  8
16
 66
1
 10
0.0000
 20
0.0000
 30
0.0000
 40
0.1270
 41
0.1270
 70
0
  0
VERTEX
  8
16
 10
73.4695
 20
12.7000
 30
0.0000
 42
1.0000
  0
VERTEX
  8
16
 10
73.3425
 20
12.7000
 30
0.0000
  0
SEQEND
  8
0
  0
POLYLINE
  8
16
 66
1
 10
0.0000
 20
0.0000
 30
0.0000
 40
0.2540
 41
0.2540
 70
0
  0
VERTEX
  8
16
 10
66.2940
 20
19.8120
 30
0.0000
  0
VERTEX
  8
16
 10
73.4060
 20
12.7000
 30
0.0000
  0
SEQEND
  8
0
  0
POLYLINE
  8
16
 66
1
 10
0.0000
 20
0.0000
 30
0.0000
 40
0.1270
 41
0.1270
 70
0
  0
VERTEX
  8
16
 10
73.3611
 20
12.6551
 30
0.0000
 42
1.0000
  0
VERTEX
  8
16
 10
73.4509
 20
12.7449
 30
0.0000
  0
SEQEND
  8
0
  0
POLYLINE
  8
16
 66
1
 10
0.0000
 20
0.0000
 30
0.0000
 40
0.1270
 41
0.1270
 70
0
  0
VERTEX
  8
16
 10
66.3389
 20
19.8569
 30
0.0000
 42
1.0000
  0
VERTEX
  8
16
 10
66.2491
 20
19.7671
 30
0.0000
  0
SEQEND
  8
0
  0
POLYLINE
  8
16
 66
1
 10
0.0000
 20
0.0000
 30
0.0000
 40
0.2540
 41
0.2540
 70
0
  0
VERTEX
  8
16
 10
73.4060
 20
11.9380
 30
0.0000
  0
VERTEX
  8
16
 10
73.6600
 20
11.4300
 30
0.0000
  0
SEQEND
  8
0
  0
POLYLINE
  8
16
 66
1
 10
0.0000
 20
0.0000
 30
0.0000
 40
0.1270
 41
0.1270
 70
0
  0
VERTEX
  8
16
 10
73.6032
 20
11.4016
 30
0.0000
 42
1.0000
  0
VERTEX
  8
16
 10
73.7168
 20
11.4584
 30
0.0000
  0
SEQEND
  8
0
  0
POLYLINE
  8
16
 66
1
 10
0.0000
 20
0.0000
 30
0.0000
 40
0.1270
 41
0.1270
 70
0
  0
VERTEX
  8
16
 10
73.4628
 20
11.9664
 30
0.0000
 42
1.0000
  0
VERTEX
  8
16
 10
73.3492
 20
11.9096
 30
0.0000
  0
SEQEND
  8
0
  0
POLYLINE
  8
16
 66
1
 10
0.0000
 20
0.0000
 30
0.0000
 40
0.2540
 41
0.2540
 70
0
  0
VERTEX
  8
16
 10
40.6400
 20
42.6720
 30
0.0000
  0
VERTEX
  8
16
 10
39.1160
 20
41.1480
 30
0.0000
  0
SEQEND
  8
0
  0
POLYLINE
  8
16
 66
1
 10
0.0000
 20
0.0000
 30
0.0000
 40
0.1270
 41
0.1270
 70
0
  0
VERTEX
  8
16
 10
39.0711
 20
41.1929
 30
0.0000
 42
1.0000
  0
VERTEX
  8
16
 10
39.1609
 20
41.1031
 30
0.0000
  0
SEQEND
  8
0
  0
POLYLINE
  8
16
 66
1
 10
0.0000
 20
0.0000
 30
0.0000
 40
0.1270
 41
0.1270
 70
0
  0
VERTEX
  8
16
 10
40.6849
 20
42.6271
 30
0.0000
 42
1.0000
  0
VERTEX
  8
16
 10
40.5951
 20
42.7169
 30
0.0000
  0
SEQEND
  8
0
  0
POLYLINE
  8
16
 66
1
 10
0.0000
 20
0.0000
 30
0.0000
 40
0.2540
 41
0.2540
 70
0
  0
VERTEX
  8
16
 10
39.1160
 20
41.1480
 30
0.0000
  0
VERTEX
  8
16
 10
38.1000
 20
40.6400
 30
0.0000
  0
SEQEND
  8
0
  0
POLYLINE
  8
16
 66
1
 10
0.0000
 20
0.0000
 30
0.0000
 40
0.1270
 41
0.1270
 70
0
  0
VERTEX
  8
16
 10
38.0716
 20
40.6968
 30
0.0000
 42
1.0000
  0
VERTEX
  8
16
 10
38.1284
 20
40.5832
 30
0.0000
  0
SEQEND
  8
0
  0
POLYLINE
  8
16
 66
1
 10
0.0000
 20
0.0000
 30
0.0000
 40
0.1270
 41
0.1270
 70
0
  0
VERTEX
  8
16
 10
39.1444
 20
41.0912
 30
0.0000
 42
1.0000
  0
VERTEX
  8
16
 10
39.0876
 20
41.2048
 30
0.0000
  0
SEQEND
  8
0
  0
POLYLINE
  8
16
 66
1
 10
0.0000
 20
0.0000
 30
0.0000
 40
0.2540
 41
0.2540
 70
0
  0
VERTEX
  8
16
 10
40.6400
 20
43.1800
 30
0.0000
  0
VERTEX
  8
16
 10
40.6400
 20
42.6720
 30
0.0000
  0
SEQEND
  8
0
  0
POLYLINE
  8
16
 66
1
 10
0.0000
 20
0.0000
 30
0.0000
 40
0.1270
 41
0.1270
 70
0
  0
VERTEX
  8
16
 10
40.5765
 20
42.6720
 30
0.0000
 42
1.0000
  0
VERTEX
  8
16
 10
40.7035
 20
42.6720
 30
0.0000
  0
SEQEND
  8
0
  0
POLYLINE
  8
16
 66
1
 10
0.0000
 20
0.0000
 30
0.0000
 40
0.1270
 41
0.1270
 70
0
  0
VERTEX
  8
16
 10
40.7035
 20
43.1800
 30
0.0000
 42
1.0000
  0
VERTEX
  8
16
 10
40.5765
 20
43.1800
 30
0.0000
  0
SEQEND
  8
0
  0
POLYLINE
  8
16
 66
1
 10
0.0000
 20
0.0000
 30
0.0000
 40
0.2540
 41
0.2540
 70
0
  0
VERTEX
  8
16
 10
46.9900
 20
30.7340
 30
0.0000
  0
VERTEX
  8
16
 10
51.3080
 20
35.0520
 30
0.0000
  0
SEQEND
  8
0
  0
POLYLINE
  8
16
 66
1
 10
0.0000
 20
0.0000
 30
0.0000
 40
0.1270
 41
0.1270
 70
0
  0
VERTEX
  8
16
 10
51.3529
 20
35.0071
 30
0.0000
 42
1.0000
  0
VERTEX
  8
16
 10
51.2631
 20
35.0969
 30
0.0000
  0
SEQEND
  8
0
  0
POLYLINE
  8
16
 66
1
 10
0.0000
 20
0.0000
 30
0.0000
 40
0.1270
 41
0.1270
 70
0
  0
VERTEX
  8
16
 10
46.9451
 20
30.7789
 30
0.0000
 42
1.0000
  0
VERTEX
  8
16
 10
47.0349
 20
30.6891
 30
0.0000
  0
SEQEND
  8
0
  0
POLYLINE
  8
16
 66
1
 10
0.0000
 20
0.0000
 30
0.0000
 40
0.2540
 41
0.2540
 70
0
  0
VERTEX
  8
16
 10
51.3080
 20
35.0520
 30
0.0000
  0
VERTEX
  8
16
 10
51.3080
 20
39.1160
 30
0.0000
  0
SEQEND
  8
0
  0
POLYLINE
  8
16
 66
1
 10
0.0000
 20
0.0000
 30
0.0000
 40
0.1270
 41
0.1270
 70
0
  0
VERTEX
  8
16
 10
51.3715
 20
39.1160
 30
0.0000
 42
1.0000
  0
VERTEX
  8
16
 10
51.2445
 20
39.1160
 30
0.0000
  0
SEQEND
  8
0
  0
POLYLINE
  8
16
 66
1
 10
0.0000
 20
0.0000
 30
0.0000
 40
0.1270
 41
0.1270
 70
0
  0
VERTEX
  8
16
 10
51.2445
 20
35.0520
 30
0.0000
 42
1.0000
  0
VERTEX
  8
16
 10
51.3715
 20
35.0520
 30
0.0000
  0
SEQEND
  8
0
  0
POLYLINE
  8
16
 66
1
 10
0.0000
 20
0.0000
 30
0.0000
 40
0.2540
 41
0.2540
 70
0
  0
VERTEX
  8
16
 10
51.3080
 20
39.1160
 30
0.0000
  0
VERTEX
  8
16
 10
52.3240
 20
40.1320
 30
0.0000
  0
SEQEND
  8
0
  0
POLYLINE
  8
16
 66
1
 10
0.0000
 20
0.0000
 30
0.0000
 40
0.1270
 41
0.1270
 70
0
  0
VERTEX
  8
16
 10
52.3689
 20
40.0871
 30
0.0000
 42
1.0000
  0
VERTEX
  8
16
 10
52.2791
 20
40.1769
 30
0.0000
  0
SEQEND
  8
0
  0
POLYLINE
  8
16
 66
1
 10
0.0000
 20
0.0000
 30
0.0000
 40
0.1270
 41
0.1270
 70
0
  0
VERTEX
  8
16
 10
51.2631
 20
39.1609
 30
0.0000
 42
1.0000
  0
VERTEX
  8
16
 10
51.3529
 20
39.0711
 30
0.0000
  0
SEQEND
  8
0
  0
POLYLINE
  8
16
 66
1
 10
0.0000
 20
0.0000
 30
0.0000
 40
0.2540
 41
0.2540
 70
0
  0
VERTEX
  8
16
 10
45.7200
 20
30.4800
 30
0.0000
  0
VERTEX
  8
16
 10
46.9900
 20
30.7340
 30
0.0000
  0
SEQEND
  8
0
  0
POLYLINE
  8
16
 66
1
 10
0.0000
 20
0.0000
 30
0.0000
 40
0.1270
 41
0.1270
 70
0
  0
VERTEX
  8
16
 10
47.0025
 20
30.6717
 30
0.0000
 42
1.0000
  0
VERTEX
  8
16
 10
46.9775
 20
30.7963
 30
0.0000
  0
SEQEND
  8
0
  0
POLYLINE
  8
16
 66
1
 10
0.0000
 20
0.0000
 30
0.0000
 40
0.1270
 41
0.1270
 70
0
  0
VERTEX
  8
16
 10
45.7075
 20
30.5423
 30
0.0000
 42
1.0000
  0
VERTEX
  8
16
 10
45.7325
 20
30.4177
 30
0.0000
  0
SEQEND
  8
0
  0
POLYLINE
  8
16
 66
1
 10
0.0000
 20
0.0000
 30
0.0000
 40
0.2540
 41
0.2540
 70
0
  0
VERTEX
  8
16
 10
52.3240
 20
40.1320
 30
0.0000
  0
VERTEX
  8
16
 10
53.3400
 20
40.6400
 30
0.0000
  0
SEQEND
  8
0
  0
POLYLINE
  8
16
 66
1
 10
0.0000
 20
0.0000
 30
0.0000
 40
0.1270
 41
0.1270
 70
0
  0
VERTEX
  8
16
 10
53.3684
 20
40.5832
 30
0.0000
 42
1.0000
  0
VERTEX
  8
16
 10
53.3116
 20
40.6968
 30
0.0000
  0
SEQEND
  8
0
  0
POLYLINE
  8
16
 66
1
 10
0.0000
 20
0.0000
 30
0.0000
 40
0.1270
 41
0.1270
 70
0
  0
VERTEX
  8
16
 10
52.2956
 20
40.1888
 30
0.0000
 42
1.0000
  0
VERTEX
  8
16
 10
52.3524
 20
40.0752
 30
0.0000
  0
SEQEND
  8
0
  0
POLYLINE
  8
16
 66
1
 10
0.0000
 20
0.0000
 30
0.0000
 40
0.2540
 41
0.2540
 70
0
  0
VERTEX
  8
16
 10
52.8320
 20
42.9260
 30
0.0000
  0
VERTEX
  8
16
 10
41.1480
 20
42.9260
 30
0.0000
  0
SEQEND
  8
0
  0
POLYLINE
  8
16
 66
1
 10
0.0000
 20
0.0000
 30
0.0000
 40
0.1270
 41
0.1270
 70
0
  0
VERTEX
  8
16
 10
41.1480
 20
42.9895
 30
0.0000
 42
1.0000
  0
VERTEX
  8
16
 10
41.1480
 20
42.8625
 30
0.0000
  0
SEQEND
  8
0
  0
POLYLINE
  8
16
 66
1
 10
0.0000
 20
0.0000
 30
0.0000
 40
0.1270
 41
0.1270
 70
0
  0
VERTEX
  8
16
 10
52.8320
 20
42.8625
 30
0.0000
 42
1.0000
  0
VERTEX
  8
16
 10
52.8320
 20
42.9895
 30
0.0000
  0
SEQEND
  8
0
  0
POLYLINE
  8
16
 66
1
 10
0.0000
 20
0.0000
 30
0.0000
 40
0.2540
 41
0.2540
 70
0
  0
VERTEX
  8
16
 10
41.1480
 20
42.9260
 30
0.0000
  0
VERTEX
  8
16
 10
40.6400
 20
43.1800
 30
0.0000
  0
SEQEND
  8
0
  0
POLYLINE
  8
16
 66
1
 10
0.0000
 20
0.0000
 30
0.0000
 40
0.1270
 41
0.1270
 70
0
  0
VERTEX
  8
16
 10
40.6684
 20
43.2368
 30
0.0000
 42
1.0000
  0
VERTEX
  8
16
 10
40.6116
 20
43.1232
 30
0.0000
  0
SEQEND
  8
0
  0
POLYLINE
  8
16
 66
1
 10
0.0000
 20
0.0000
 30
0.0000
 40
0.1270
 41
0.1270
 70
0
  0
VERTEX
  8
16
 10
41.1196
 20
42.8692
 30
0.0000
 42
1.0000
  0
VERTEX
  8
16
 10
41.1764
 20
42.9828
 30
0.0000
  0
SEQEND
  8
0
  0
POLYLINE
  8
16
 66
1
 10
0.0000
 20
0.0000
 30
0.0000
 40
0.2540
 41
0.2540
 70
0
  0
VERTEX
  8
16
 10
53.3400
 20
43.1800
 30
0.0000
  0
VERTEX
  8
16
 10
52.8320
 20
42.9260
 30
0.0000
  0
SEQEND
  8
0
  0
POLYLINE
  8
16
 66
1
 10
0.0000
 20
0.0000
 30
0.0000
 40
0.1270
 41
0.1270
 70
0
  0
VERTEX
  8
16
 10
52.8036
 20
42.9828
 30
0.0000
 42
1.0000
  0
VERTEX
  8
16
 10
52.8604
 20
42.8692
 30
0.0000
  0
SEQEND
  8
0
  0
POLYLINE
  8
16
 66
1
 10
0.0000
 20
0.0000
 30
0.0000
 40
0.1270
 41
0.1270
 70
0
  0
VERTEX
  8
16
 10
53.3684
 20
43.1232
 30
0.0000
 42
1.0000
  0
VERTEX
  8
16
 10
53.3116
 20
43.2368
 30
0.0000
  0
SEQEND
  8
0
  0
POLYLINE
  8
16
 66
1
 10
0.0000
 20
0.0000
 30
0.0000
 40
0.2540
 41
0.2540
 70
0
  0
VERTEX
  8
16
 10
21.8440
 20
11.6840
 30
0.0000
  0
VERTEX
  8
16
 10
21.8440
 20
12.4460
 30
0.0000
  0
SEQEND
  8
0
  0
POLYLINE
  8
16
 66
1
 10
0.0000
 20
0.0000
 30
0.0000
 40
0.1270
 41
0.1270
 70
0
  0
VERTEX
  8
16
 10
21.9075
 20
12.4460
 30
0.0000
 42
1.0000
  0
VERTEX
  8
16
 10
21.7805
 20
12.4460
 30
0.0000
  0
SEQEND
  8
0
  0
POLYLINE
  8
16
 66
1
 10
0.0000
 20
0.0000
 30
0.0000
 40
0.1270
 41
0.1270
 70
0
  0
VERTEX
  8
16
 10
21.7805
 20
11.6840
 30
0.0000
 42
1.0000
  0
VERTEX
  8
16
 10
21.9075
 20
11.6840
 30
0.0000
  0
SEQEND
  8
0
  0
POLYLINE
  8
16
 66
1
 10
0.0000
 20
0.0000
 30
0.0000
 40
0.2540
 41
0.2540
 70
0
  0
VERTEX
  8
16
 10
21.8440
 20
12.4460
 30
0.0000
  0
VERTEX
  8
16
 10
24.3840
 20
14.9860
 30
0.0000
  0
SEQEND
  8
0
  0
POLYLINE
  8
16
 66
1
 10
0.0000
 20
0.0000
 30
0.0000
 40
0.1270
 41
0.1270
 70
0
  0
VERTEX
  8
16
 10
24.4289
 20
14.9411
 30
0.0000
 42
1.0000
  0
VERTEX
  8
16
 10
24.3391
 20
15.0309
 30
0.0000
  0
SEQEND
  8
0
  0
POLYLINE
  8
16
 66
1
 10
0.0000
 20
0.0000
 30
0.0000
 40
0.1270
 41
0.1270
 70
0
  0
VERTEX
  8
16
 10
21.7991
 20
12.4909
 30
0.0000
 42
1.0000
  0
VERTEX
  8
16
 10
21.8889
 20
12.4011
 30
0.0000
  0
SEQEND
  8
0
  0
POLYLINE
  8
16
 66
1
 10
0.0000
 20
0.0000
 30
0.0000
 40
0.2540
 41
0.2540
 70
0
  0
VERTEX
  8
16
 10
24.3840
 20
14.9860
 30
0.0000
  0
VERTEX
  8
16
 10
27.6860
 20
14.9860
 30
0.0000
  0
SEQEND
  8
0
  0
POLYLINE
  8
16
 66
1
 10
0.0000
 20
0.0000
 30
0.0000
 40
0.1270
 41
0.1270
 70
0
  0
VERTEX
  8
16
 10
27.6860
 20
14.9225
 30
0.0000
 42
1.0000
  0
VERTEX
  8
16
 10
27.6860
 20
15.0495
 30
0.0000
  0
SEQEND
  8
0
  0
POLYLINE
  8
16
 66
1
 10
0.0000
 20
0.0000
 30
0.0000
 40
0.1270
 41
0.1270
 70
0
  0
VERTEX
  8
16
 10
24.3840
 20
15.0495
 30
0.0000
 42
1.0000
  0
VERTEX
  8
16
 10
24.3840
 20
14.9225
 30
0.0000
  0
SEQEND
  8
0
  0
POLYLINE
  8
16
 66
1
 10
0.0000
 20
0.0000
 30
0.0000
 40
0.2540
 41
0.2540
 70
0
  0
VERTEX
  8
16
 10
28.4480
 20
15.7480
 30
0.0000
  0
VERTEX
  8
16
 10
29.2100
 20
16.5100
 30
0.0000
  0
SEQEND
  8
0
  0
POLYLINE
  8
16
 66
1
 10
0.0000
 20
0.0000
 30
0.0000
 40
0.1270
 41
0.1270
 70
0
  0
VERTEX
  8
16
 10
29.2549
 20
16.4651
 30
0.0000
 42
1.0000
  0
VERTEX
  8
16
 10
29.1651
 20
16.5549
 30
0.0000
  0
SEQEND
  8
0
  0
POLYLINE
  8
16
 66
1
 10
0.0000
 20
0.0000
 30
0.0000
 40
0.1270
 41
0.1270
 70
0
  0
VERTEX
  8
16
 10
28.4031
 20
15.7929
 30
0.0000
 42
1.0000
  0
VERTEX
  8
16
 10
28.4929
 20
15.7031
 30
0.0000
  0
SEQEND
  8
0
  0
POLYLINE
  8
16
 66
1
 10
0.0000
 20
0.0000
 30
0.0000
 40
0.2540
 41
0.2540
 70
0
  0
VERTEX
  8
16
 10
27.6860
 20
14.9860
 30
0.0000
  0
VERTEX
  8
16
 10
28.4480
 20
15.7480
 30
0.0000
  0
SEQEND
  8
0
  0
POLYLINE
  8
16
 66
1
 10
0.0000
 20
0.0000
 30
0.0000
 40
0.1270
 41
0.1270
 70
0
  0
VERTEX
  8
16
 10
28.4929
 20
15.7031
 30
0.0000
 42
1.0000
  0
VERTEX
  8
16
 10
28.4031
 20
15.7929
 30
0.0000
  0
SEQEND
  8
0
  0
POLYLINE
  8
16
 66
1
 10
0.0000
 20
0.0000
 30
0.0000
 40
0.1270
 41
0.1270
 70
0
  0
VERTEX
  8
16
 10
27.6411
 20
15.0309
 30
0.0000
 42
1.0000
  0
VERTEX
  8
16
 10
27.7309
 20
14.9411
 30
0.0000
  0
SEQEND
  8
0
  0
POLYLINE
  8
16
 66
1
 10
0.0000
 20
0.0000
 30
0.0000
 40
0.2540
 41
0.2540
 70
0
  0
VERTEX
  8
16
 10
29.2100
 20
16.5100
 30
0.0000
  0
VERTEX
  8
16
 10
33.2740
 20
16.5100
 30
0.0000
  0
SEQEND
  8
0
  0
POLYLINE
  8
16
 66
1
 10
0.0000
 20
0.0000
 30
0.0000
 40
0.1270
 41
0.1270
 70
0
  0
VERTEX
  8
16
 10
33.2740
 20
16.4465
 30
0.0000
 42
1.0000
  0
VERTEX
  8
16
 10
33.2740
 20
16.5735
 30
0.0000
  0
SEQEND
  8
0
  0
POLYLINE
  8
16
 66
1
 10
0.0000
 20
0.0000
 30
0.0000
 40
0.1270
 41
0.1270
 70
0
  0
VERTEX
  8
16
 10
29.2100
 20
16.5735
 30
0.0000
 42
1.0000
  0
VERTEX
  8
16
 10
29.2100
 20
16.4465
 30
0.0000
  0
SEQEND
  8
0
  0
POLYLINE
  8
16
 66
1
 10
0.0000
 20
0.0000
 30
0.0000
 40
0.2540
 41
0.2540
 70
0
  0
VERTEX
  8
16
 10
33.2740
 20
16.5100
 30
0.0000
  0
VERTEX
  8
16
 10
36.8300
 20
20.0660
 30
0.0000
  0
SEQEND
  8
0
  0
POLYLINE
  8
16
 66
1
 10
0.0000
 20
0.0000
 30
0.0000
 40
0.1270
 41
0.1270
 70
0
  0
VERTEX
  8
16
 10
36.8749
 20
20.0211
 30
0.0000
 42
1.0000
  0
VERTEX
  8
16
 10
36.7851
 20
20.1109
 30
0.0000
  0
SEQEND
  8
0
  0
POLYLINE
  8
16
 66
1
 10
0.0000
 20
0.0000
 30
0.0000
 40
0.1270
 41
0.1270
 70
0
  0
VERTEX
  8
16
 10
33.2291
 20
16.5549
 30
0.0000
 42
1.0000
  0
VERTEX
  8
16
 10
33.3189
 20
16.4651
 30
0.0000
  0
SEQEND
  8
0
  0
POLYLINE
  8
16
 66
1
 10
0.0000
 20
0.0000
 30
0.0000
 40
0.2540
 41
0.2540
 70
0
  0
VERTEX
  8
16
 10
21.3360
 20
11.0490
 30
0.0000
  0
VERTEX
  8
16
 10
21.8440
 20
11.6840
 30
0.0000
  0
SEQEND
  8
0
  0
POLYLINE
  8
16
 66
1
 10
0.0000
 20
0.0000
 30
0.0000
 40
0.1270
 41
0.1270
 70
0
  0
VERTEX
  8
16
 10
21.8936
 20
11.6443
 30
0.0000
 42
1.0000
  0
VERTEX
  8
16
 10
21.7944
 20
11.7237
 30
0.0000
  0
SEQEND
  8
0
  0
POLYLINE
  8
16
 66
1
 10
0.0000
 20
0.0000
 30
0.0000
 40
0.1270
 41
0.1270
 70
0
  0
VERTEX
  8
16
 10
21.2864
 20
11.0887
 30
0.0000
 42
1.0000
  0
VERTEX
  8
16
 10
21.3856
 20
11.0093
 30
0.0000
  0
SEQEND
  8
0
  0
POLYLINE
  8
16
 66
1
 10
0.0000
 20
0.0000
 30
0.0000
 40
0.2540
 41
0.2540
 70
0
  0
VERTEX
  8
16
 10
36.8300
 20
20.0660
 30
0.0000
  0
VERTEX
  8
16
 10
38.1000
 20
20.3200
 30
0.0000
  0
SEQEND
  8
0
  0
POLYLINE
  8
16
 66
1
 10
0.0000
 20
0.0000
 30
0.0000
 40
0.1270
 41
0.1270
 70
0
  0
VERTEX
  8
16
 10
38.1125
 20
20.2577
 30
0.0000
 42
1.0000
  0
VERTEX
  8
16
 10
38.0875
 20
20.3823
 30
0.0000
  0
SEQEND
  8
0
  0
POLYLINE
  8
16
 66
1
 10
0.0000
 20
0.0000
 30
0.0000
 40
0.1270
 41
0.1270
 70
0
  0
VERTEX
  8
16
 10
36.8175
 20
20.1283
 30
0.0000
 42
1.0000
  0
VERTEX
  8
16
 10
36.8425
 20
20.0037
 30
0.0000
  0
SEQEND
  8
0
  0
POLYLINE
  8
16
 66
1
 10
0.0000
 20
0.0000
 30
0.0000
 40
0.2540
 41
0.2540
 70
0
  0
VERTEX
  8
16
 10
48.0060
 20
20.0660
 30
0.0000
  0
VERTEX
  8
16
 10
49.5300
 20
20.0660
 30
0.0000
  0
SEQEND
  8
0
  0
POLYLINE
  8
16
 66
1
 10
0.0000
 20
0.0000
 30
0.0000
 40
0.1270
 41
0.1270
 70
0
  0
VERTEX
  8
16
 10
49.5300
 20
20.0025
 30
0.0000
 42
1.0000
  0
VERTEX
  8
16
 10
49.5300
 20
20.1295
 30
0.0000
  0
SEQEND
  8
0
  0
POLYLINE
  8
16
 66
1
 10
0.0000
 20
0.0000
 30
0.0000
 40
0.1270
 41
0.1270
 70
0
  0
VERTEX
  8
16
 10
48.0060
 20
20.1295
 30
0.0000
 42
1.0000
  0
VERTEX
  8
16
 10
48.0060
 20
20.0025
 30
0.0000
  0
SEQEND
  8
0
  0
POLYLINE
  8
16
 66
1
 10
0.0000
 20
0.0000
 30
0.0000
 40
0.2540
 41
0.2540
 70
0
  0
VERTEX
  8
16
 10
44.4500
 20
16.5100
 30
0.0000
  0
VERTEX
  8
16
 10
45.2120
 20
17.2720
 30
0.0000
  0
SEQEND
  8
0
  0
POLYLINE
  8
16
 66
1
 10
0.0000
 20
0.0000
 30
0.0000
 40
0.1270
 41
0.1270
 70
0
  0
VERTEX
  8
16
 10
45.2569
 20
17.2271
 30
0.0000
 42
1.0000
  0
VERTEX
  8
16
 10
45.1671
 20
17.3169
 30
0.0000
  0
SEQEND
  8
0
  0
POLYLINE
  8
16
 66
1
 10
0.0000
 20
0.0000
 30
0.0000
 40
0.1270
 41
0.1270
 70
0
  0
VERTEX
  8
16
 10
44.4051
 20
16.5549
 30
0.0000
 42
1.0000
  0
VERTEX
  8
16
 10
44.4949
 20
16.4651
 30
0.0000
  0
SEQEND
  8
0
  0
POLYLINE
  8
16
 66
1
 10
0.0000
 20
0.0000
 30
0.0000
 40
0.2540
 41
0.2540
 70
0
  0
VERTEX
  8
16
 10
45.2120
 20
17.2720
 30
0.0000
  0
VERTEX
  8
16
 10
48.0060
 20
20.0660
 30
0.0000
  0
SEQEND
  8
0
  0
POLYLINE
  8
16
 66
1
 10
0.0000
 20
0.0000
 30
0.0000
 40
0.1270
 41
0.1270
 70
0
  0
VERTEX
  8
16
 10
48.0509
 20
20.0211
 30
0.0000
 42
1.0000
  0
VERTEX
  8
16
 10
47.9611
 20
20.1109
 30
0.0000
  0
SEQEND
  8
0
  0
POLYLINE
  8
16
 66
1
 10
0.0000
 20
0.0000
 30
0.0000
 40
0.1270
 41
0.1270
 70
0
  0
VERTEX
  8
16
 10
45.1671
 20
17.3169
 30
0.0000
 42
1.0000
  0
VERTEX
  8
16
 10
45.2569
 20
17.2271
 30
0.0000
  0
SEQEND
  8
0
  0
POLYLINE
  8
16
 66
1
 10
0.0000
 20
0.0000
 30
0.0000
 40
0.2540
 41
0.2540
 70
0
  0
VERTEX
  8
16
 10
33.2740
 20
16.5100
 30
0.0000
  0
VERTEX
  8
16
 10
44.4500
 20
16.5100
 30
0.0000
  0
SEQEND
  8
0
  0
POLYLINE
  8
16
 66
1
 10
0.0000
 20
0.0000
 30
0.0000
 40
0.1270
 41
0.1270
 70
0
  0
VERTEX
  8
16
 10
44.4500
 20
16.4465
 30
0.0000
 42
1.0000
  0
VERTEX
  8
16
 10
44.4500
 20
16.5735
 30
0.0000
  0
SEQEND
  8
0
  0
POLYLINE
  8
16
 66
1
 10
0.0000
 20
0.0000
 30
0.0000
 40
0.1270
 41
0.1270
 70
0
  0
VERTEX
  8
16
 10
33.2740
 20
16.5735
 30
0.0000
 42
1.0000
  0
VERTEX
  8
16
 10
33.2740
 20
16.4465
 30
0.0000
  0
SEQEND
  8
0
  0
POLYLINE
  8
16
 66
1
 10
0.0000
 20
0.0000
 30
0.0000
 40
0.2540
 41
0.2540
 70
0
  0
VERTEX
  8
16
 10
49.5300
 20
20.0660
 30
0.0000
  0
VERTEX
  8
16
 10
50.8000
 20
20.3200
 30
0.0000
  0
SEQEND
  8
0
  0
POLYLINE
  8
16
 66
1
 10
0.0000
 20
0.0000
 30
0.0000
 40
0.1270
 41
0.1270
 70
0
  0
VERTEX
  8
16
 10
50.8125
 20
20.2577
 30
0.0000
 42
1.0000
  0
VERTEX
  8
16
 10
50.7875
 20
20.3823
 30
0.0000
  0
SEQEND
  8
0
  0
POLYLINE
  8
16
 66
1
 10
0.0000
 20
0.0000
 30
0.0000
 40
0.1270
 41
0.1270
 70
0
  0
VERTEX
  8
16
 10
49.5175
 20
20.1283
 30
0.0000
 42
1.0000
  0
VERTEX
  8
16
 10
49.5425
 20
20.0037
 30
0.0000
  0
SEQEND
  8
0
  0
POLYLINE
  8
16
 66
1
 10
0.0000
 20
0.0000
 30
0.0000
 40
0.2540
 41
0.2540
 70
0
  0
VERTEX
  8
16
 10
41.6560
 20
8.8900
 30
0.0000
  0
VERTEX
  8
16
 10
40.8940
 20
9.6520
 30
0.0000
  0
SEQEND
  8
0
  0
POLYLINE
  8
16
 66
1
 10
0.0000
 20
0.0000
 30
0.0000
 40
0.1270
 41
0.1270
 70
0
  0
VERTEX
  8
16
 10
40.9389
 20
9.6969
 30
0.0000
 42
1.0000
  0
VERTEX
  8
16
 10
40.8491
 20
9.6071
 30
0.0000
  0
SEQEND
  8
0
  0
POLYLINE
  8
16
 66
1
 10
0.0000
 20
0.0000
 30
0.0000
 40
0.1270
 41
0.1270
 70
0
  0
VERTEX
  8
16
 10
41.6111
 20
8.8451
 30
0.0000
 42
1.0000
  0
VERTEX
  8
16
 10
41.7009
 20
8.9349
 30
0.0000
  0
SEQEND
  8
0
  0
POLYLINE
  8
16
 66
1
 10
0.0000
 20
0.0000
 30
0.0000
 40
0.2540
 41
0.2540
 70
0
  0
VERTEX
  8
16
 10
44.4500
 20
8.8900
 30
0.0000
  0
VERTEX
  8
16
 10
41.6560
 20
8.8900
 30
0.0000
  0
SEQEND
  8
0
  0
POLYLINE
  8
16
 66
1
 10
0.0000
 20
0.0000
 30
0.0000
 40
0.1270
 41
0.1270
 70
0
  0
VERTEX
  8
16
 10
41.6560
 20
8.9535
 30
0.0000
 42
1.0000
  0
VERTEX
  8
16
 10
41.6560
 20
8.8265
 30
0.0000
  0
SEQEND
  8
0
  0
POLYLINE
  8
16
 66
1
 10
0.0000
 20
0.0000
 30
0.0000
 40
0.1270
 41
0.1270
 70
0
  0
VERTEX
  8
16
 10
44.4500
 20
8.8265
 30
0.0000
 42
1.0000
  0
VERTEX
  8
16
 10
44.4500
 20
8.9535
 30
0.0000
  0
SEQEND
  8
0
  0
POLYLINE
  8
16
 66
1
 10
0.0000
 20
0.0000
 30
0.0000
 40
0.2540
 41
0.2540
 70
0
  0
VERTEX
  8
16
 10
45.2120
 20
9.6520
 30
0.0000
  0
VERTEX
  8
16
 10
44.4500
 20
8.8900
 30
0.0000
  0
SEQEND
  8
0
  0
POLYLINE
  8
16
 66
1
 10
0.0000
 20
0.0000
 30
0.0000
 40
0.1270
 41
0.1270
 70
0
  0
VERTEX
  8
16
 10
44.4051
 20
8.9349
 30
0.0000
 42
1.0000
  0
VERTEX
  8
16
 10
44.4949
 20
8.8451
 30
0.0000
  0
SEQEND
  8
0
  0
POLYLINE
  8
16
 66
1
 10
0.0000
 20
0.0000
 30
0.0000
 40
0.1270
 41
0.1270
 70
0
  0
VERTEX
  8
16
 10
45.2569
 20
9.6071
 30
0.0000
 42
1.0000
  0
VERTEX
  8
16
 10
45.1671
 20
9.6969
 30
0.0000
  0
SEQEND
  8
0
  0
POLYLINE
  8
16
 66
1
 10
0.0000
 20
0.0000
 30
0.0000
 40
0.2540
 41
0.2540
 70
0
  0
VERTEX
  8
16
 10
45.2120
 20
17.2720
 30
0.0000
  0
VERTEX
  8
16
 10
45.2120
 20
9.6520
 30
0.0000
  0
SEQEND
  8
0
  0
POLYLINE
  8
16
 66
1
 10
0.0000
 20
0.0000
 30
0.0000
 40
0.1270
 41
0.1270
 70
0
  0
VERTEX
  8
16
 10
45.1485
 20
9.6520
 30
0.0000
 42
1.0000
  0
VERTEX
  8
16
 10
45.2755
 20
9.6520
 30
0.0000
  0
SEQEND
  8
0
  0
POLYLINE
  8
16
 66
1
 10
0.0000
 20
0.0000
 30
0.0000
 40
0.1270
 41
0.1270
 70
0
  0
VERTEX
  8
16
 10
45.2755
 20
17.2720
 30
0.0000
 42
1.0000
  0
VERTEX
  8
16
 10
45.1485
 20
17.2720
 30
0.0000
  0
SEQEND
  8
0
  0
POLYLINE
  8
16
 66
1
 10
0.0000
 20
0.0000
 30
0.0000
 40
0.2540
 41
0.2540
 70
0
  0
VERTEX
  8
16
 10
40.8940
 20
9.6520
 30
0.0000
  0
VERTEX
  8
16
 10
40.6400
 20
10.1600
 30
0.0000
  0
SEQEND
  8
0
  0
POLYLINE
  8
16
 66
1
 10
0.0000
 20
0.0000
 30
0.0000
 40
0.1270
 41
0.1270
 70
0
  0
VERTEX
  8
16
 10
40.6968
 20
10.1884
 30
0.0000
 42
1.0000
  0
VERTEX
  8
16
 10
40.5832
 20
10.1316
 30
0.0000
  0
SEQEND
  8
0
  0
POLYLINE
  8
16
 66
1
 10
0.0000
 20
0.0000
 30
0.0000
 40
0.1270
 41
0.1270
 70
0
  0
VERTEX
  8
16
 10
40.8372
 20
9.6236
 30
0.0000
 42
1.0000
  0
VERTEX
  8
16
 10
40.9508
 20
9.6804
 30
0.0000
  0
SEQEND
  8
0
  0
POLYLINE
  8
16
 66
1
 10
0.0000
 20
0.0000
 30
0.0000
 40
0.2540
 41
0.2540
 70
0
  0
VERTEX
  8
16
 10
47.7520
 20
24.8920
 30
0.0000
  0
VERTEX
  8
16
 10
47.7520
 20
28.4480
 30
0.0000
  0
SEQEND
  8
0
  0
POLYLINE
  8
16
 66
1
 10
0.0000
 20
0.0000
 30
0.0000
 40
0.1270
 41
0.1270
 70
0
  0
VERTEX
  8
16
 10
47.8155
 20
28.4480
 30
0.0000
 42
1.0000
  0
VERTEX
  8
16
 10
47.6885
 20
28.4480
 30
0.0000
  0
SEQEND
  8
0
  0
POLYLINE
  8
16
 66
1
 10
0.0000
 20
0.0000
 30
0.0000
 40
0.1270
 41
0.1270
 70
0
  0
VERTEX
  8
16
 10
47.6885
 20
24.8920
 30
0.0000
 42
1.0000
  0
VERTEX
  8
16
 10
47.8155
 20
24.8920
 30
0.0000
  0
SEQEND
  8
0
  0
POLYLINE
  8
16
 66
1
 10
0.0000
 20
0.0000
 30
0.0000
 40
0.2540
 41
0.2540
 70
0
  0
VERTEX
  8
16
 10
45.9740
 20
23.1140
 30
0.0000
  0
VERTEX
  8
16
 10
46.9900
 20
24.1300
 30
0.0000
  0
SEQEND
  8
0
  0
POLYLINE
  8
16
 66
1
 10
0.0000
 20
0.0000
 30
0.0000
 40
0.1270
 41
0.1270
 70
0
  0
VERTEX
  8
16
 10
47.0349
 20
24.0851
 30
0.0000
 42
1.0000
  0
VERTEX
  8
16
 10
46.9451
 20
24.1749
 30
0.0000
  0
SEQEND
  8
0
  0
POLYLINE
  8
16
 66
1
 10
0.0000
 20
0.0000
 30
0.0000
 40
0.1270
 41
0.1270
 70
0
  0
VERTEX
  8
16
 10
45.9291
 20
23.1589
 30
0.0000
 42
1.0000
  0
VERTEX
  8
16
 10
46.0189
 20
23.0691
 30
0.0000
  0
SEQEND
  8
0
  0
POLYLINE
  8
16
 66
1
 10
0.0000
 20
0.0000
 30
0.0000
 40
0.2540
 41
0.2540
 70
0
  0
VERTEX
  8
16
 10
46.9900
 20
24.1300
 30
0.0000
  0
VERTEX
  8
16
 10
47.7520
 20
24.8920
 30
0.0000
  0
SEQEND
  8
0
  0
POLYLINE
  8
16
 66
1
 10
0.0000
 20
0.0000
 30
0.0000
 40
0.1270
 41
0.1270
 70
0
  0
VERTEX
  8
16
 10
47.7969
 20
24.8471
 30
0.0000
 42
1.0000
  0
VERTEX
  8
16
 10
47.7071
 20
24.9369
 30
0.0000
  0
SEQEND
  8
0
  0
POLYLINE
  8
16
 66
1
 10
0.0000
 20
0.0000
 30
0.0000
 40
0.1270
 41
0.1270
 70
0
  0
VERTEX
  8
16
 10
46.9451
 20
24.1749
 30
0.0000
 42
1.0000
  0
VERTEX
  8
16
 10
47.0349
 20
24.0851
 30
0.0000
  0
SEQEND
  8
0
  0
POLYLINE
  8
16
 66
1
 10
0.0000
 20
0.0000
 30
0.0000
 40
0.2540
 41
0.2540
 70
0
  0
VERTEX
  8
16
 10
30.7340
 20
23.1140
 30
0.0000
  0
VERTEX
  8
16
 10
45.9740
 20
23.1140
 30
0.0000
  0
SEQEND
  8
0
  0
POLYLINE
  8
16
 66
1
 10
0.0000
 20
0.0000
 30
0.0000
 40
0.1270
 41
0.1270
 70
0
  0
VERTEX
  8
16
 10
45.9740
 20
23.0505
 30
0.0000
 42
1.0000
  0
VERTEX
  8
16
 10
45.9740
 20
23.1775
 30
0.0000
  0
SEQEND
  8
0
  0
POLYLINE
  8
16
 66
1
 10
0.0000
 20
0.0000
 30
0.0000
 40
0.1270
 41
0.1270
 70
0
  0
VERTEX
  8
16
 10
30.7340
 20
23.1775
 30
0.0000
 42
1.0000
  0
VERTEX
  8
16
 10
30.7340
 20
23.0505
 30
0.0000
  0
SEQEND
  8
0
  0
POLYLINE
  8
16
 66
1
 10
0.0000
 20
0.0000
 30
0.0000
 40
0.2540
 41
0.2540
 70
0
  0
VERTEX
  8
16
 10
28.4480
 20
20.8280
 30
0.0000
  0
VERTEX
  8
16
 10
30.7340
 20
23.1140
 30
0.0000
  0
SEQEND
  8
0
  0
POLYLINE
  8
16
 66
1
 10
0.0000
 20
0.0000
 30
0.0000
 40
0.1270
 41
0.1270
 70
0
  0
VERTEX
  8
16
 10
30.7789
 20
23.0691
 30
0.0000
 42
1.0000
  0
VERTEX
  8
16
 10
30.6891
 20
23.1589
 30
0.0000
  0
SEQEND
  8
0
  0
POLYLINE
  8
16
 66
1
 10
0.0000
 20
0.0000
 30
0.0000
 40
0.1270
 41
0.1270
 70
0
  0
VERTEX
  8
16
 10
28.4031
 20
20.8729
 30
0.0000
 42
1.0000
  0
VERTEX
  8
16
 10
28.4929
 20
20.7831
 30
0.0000
  0
SEQEND
  8
0
  0
POLYLINE
  8
16
 66
1
 10
0.0000
 20
0.0000
 30
0.0000
 40
0.2540
 41
0.2540
 70
0
  0
VERTEX
  8
16
 10
28.4480
 20
15.7480
 30
0.0000
  0
VERTEX
  8
16
 10
28.4480
 20
20.8280
 30
0.0000
  0
SEQEND
  8
0
  0
POLYLINE
  8
16
 66
1
 10
0.0000
 20
0.0000
 30
0.0000
 40
0.1270
 41
0.1270
 70
0
  0
VERTEX
  8
16
 10
28.5115
 20
20.8280
 30
0.0000
 42
1.0000
  0
VERTEX
  8
16
 10
28.3845
 20
20.8280
 30
0.0000
  0
SEQEND
  8
0
  0
POLYLINE
  8
16
 66
1
 10
0.0000
 20
0.0000
 30
0.0000
 40
0.1270
 41
0.1270
 70
0
  0
VERTEX
  8
16
 10
28.3845
 20
15.7480
 30
0.0000
 42
1.0000
  0
VERTEX
  8
16
 10
28.5115
 20
15.7480
 30
0.0000
  0
SEQEND
  8
0
  0
POLYLINE
  8
16
 66
1
 10
0.0000
 20
0.0000
 30
0.0000
 40
0.2540
 41
0.2540
 70
0
  0
VERTEX
  8
16
 10
66.2940
 20
19.3040
 30
0.0000
  0
VERTEX
  8
16
 10
66.2940
 20
19.8120
 30
0.0000
  0
SEQEND
  8
0
  0
POLYLINE
  8
16
 66
1
 10
0.0000
 20
0.0000
 30
0.0000
 40
0.1270
 41
0.1270
 70
0
  0
VERTEX
  8
16
 10
66.3575
 20
19.8120
 30
0.0000
 42
1.0000
  0
VERTEX
  8
16
 10
66.2305
 20
19.8120
 30
0.0000
  0
SEQEND
  8
0
  0
POLYLINE
  8
16
 66
1
 10
0.0000
 20
0.0000
 30
0.0000
 40
0.1270
 41
0.1270
 70
0
  0
VERTEX
  8
16
 10
66.2305
 20
19.3040
 30
0.0000
 42
1.0000
  0
VERTEX
  8
16
 10
66.3575
 20
19.3040
 30
0.0000
  0
SEQEND
  8
0
  0
POLYLINE
  8
16
 66
1
 10
0.0000
 20
0.0000
 30
0.0000
 40
0.2540
 41
0.2540
 70
0
  0
VERTEX
  8
16
 10
72.8980
 20
12.7000
 30
0.0000
  0
VERTEX
  8
16
 10
66.2940
 20
19.3040
 30
0.0000
  0
SEQEND
  8
0
  0
POLYLINE
  8
16
 66
1
 10
0.0000
 20
0.0000
 30
0.0000
 40
0.1270
 41
0.1270
 70
0
  0
VERTEX
  8
16
 10
66.3389
 20
19.3489
 30
0.0000
 42
1.0000
  0
VERTEX
  8
16
 10
66.2491
 20
19.2591
 30
0.0000
  0
SEQEND
  8
0
  0
POLYLINE
  8
16
 66
1
 10
0.0000
 20
0.0000
 30
0.0000
 40
0.1270
 41
0.1270
 70
0
  0
VERTEX
  8
16
 10
72.8531
 20
12.6551
 30
0.0000
 42
1.0000
  0
VERTEX
  8
16
 10
72.9429
 20
12.7449
 30
0.0000
  0
SEQEND
  8
0
  0
POLYLINE
  8
16
 66
1
 10
0.0000
 20
0.0000
 30
0.0000
 40
0.2540
 41
0.2540
 70
0
  0
VERTEX
  8
16
 10
72.8980
 20
11.1760
 30
0.0000
  0
VERTEX
  8
16
 10
72.8980
 20
12.7000
 30
0.0000
  0
SEQEND
  8
0
  0
POLYLINE
  8
16
 66
1
 10
0.0000
 20
0.0000
 30
0.0000
 40
0.1270
 41
0.1270
 70
0
  0
VERTEX
  8
16
 10
72.9615
 20
12.7000
 30
0.0000
 42
1.0000
  0
VERTEX
  8
16
 10
72.8345
 20
12.7000
 30
0.0000
  0
SEQEND
  8
0
  0
POLYLINE
  8
16
 66
1
 10
0.0000
 20
0.0000
 30
0.0000
 40
0.1270
 41
0.1270
 70
0
  0
VERTEX
  8
16
 10
72.8345
 20
11.1760
 30
0.0000
 42
1.0000
  0
VERTEX
  8
16
 10
72.9615
 20
11.1760
 30
0.0000
  0
SEQEND
  8
0
  0
POLYLINE
  8
16
 66
1
 10
0.0000
 20
0.0000
 30
0.0000
 40
0.2540
 41
0.2540
 70
0
  0
VERTEX
  8
16
 10
75.6920
 20
8.3820
 30
0.0000
  0
VERTEX
  8
16
 10
72.8980
 20
11.1760
 30
0.0000
  0
SEQEND
  8
0
  0
POLYLINE
  8
16
 66
1
 10
0.0000
 20
0.0000
 30
0.0000
 40
0.1270
 41
0.1270
 70
0
  0
VERTEX
  8
16
 10
72.9429
 20
11.2209
 30
0.0000
 42
1.0000
  0
VERTEX
  8
16
 10
72.8531
 20
11.1311
 30
0.0000
  0
SEQEND
  8
0
  0
POLYLINE
  8
16
 66
1
 10
0.0000
 20
0.0000
 30
0.0000
 40
0.1270
 41
0.1270
 70
0
  0
VERTEX
  8
16
 10
75.6471
 20
8.3371
 30
0.0000
 42
1.0000
  0
VERTEX
  8
16
 10
75.7369
 20
8.4269
 30
0.0000
  0
SEQEND
  8
0
  0
POLYLINE
  8
16
 66
1
 10
0.0000
 20
0.0000
 30
0.0000
 40
0.2540
 41
0.2540
 70
0
  0
VERTEX
  8
16
 10
76.7080
 20
8.3820
 30
0.0000
  0
VERTEX
  8
16
 10
75.6920
 20
8.3820
 30
0.0000
  0
SEQEND
  8
0
  0
POLYLINE
  8
16
 66
1
 10
0.0000
 20
0.0000
 30
0.0000
 40
0.1270
 41
0.1270
 70
0
  0
VERTEX
  8
16
 10
75.6920
 20
8.4455
 30
0.0000
 42
1.0000
  0
VERTEX
  8
16
 10
75.6920
 20
8.3185
 30
0.0000
  0
SEQEND
  8
0
  0
POLYLINE
  8
16
 66
1
 10
0.0000
 20
0.0000
 30
0.0000
 40
0.1270
 41
0.1270
 70
0
  0
VERTEX
  8
16
 10
76.7080
 20
8.3185
 30
0.0000
 42
1.0000
  0
VERTEX
  8
16
 10
76.7080
 20
8.4455
 30
0.0000
  0
SEQEND
  8
0
  0
POLYLINE
  8
16
 66
1
 10
0.0000
 20
0.0000
 30
0.0000
 40
0.2540
 41
0.2540
 70
0
  0
VERTEX
  8
16
 10
77.4700
 20
7.6200
 30
0.0000
  0
VERTEX
  8
16
 10
76.7080
 20
8.3820
 30
0.0000
  0
SEQEND
  8
0
  0
POLYLINE
  8
16
 66
1
 10
0.0000
 20
0.0000
 30
0.0000
 40
0.1270
 41
0.1270
 70
0
  0
VERTEX
  8
16
 10
76.7529
 20
8.4269
 30
0.0000
 42
1.0000
  0
VERTEX
  8
16
 10
76.6631
 20
8.3371
 30
0.0000
  0
SEQEND
  8
0
  0
POLYLINE
  8
16
 66
1
 10
0.0000
 20
0.0000
 30
0.0000
 40
0.1270
 41
0.1270
 70
0
  0
VERTEX
  8
16
 10
77.4251
 20
7.5751
 30
0.0000
 42
1.0000
  0
VERTEX
  8
16
 10
77.5149
 20
7.6649
 30
0.0000
  0
SEQEND
  8
0
  0
POLYLINE
  8
16
 66
1
 10
0.0000
 20
0.0000
 30
0.0000
 40
0.2540
 41
0.2540
 70
0
  0
VERTEX
  8
16
 10
77.4700
 20
5.0800
 30
0.0000
  0
VERTEX
  8
16
 10
77.4700
 20
7.6200
 30
0.0000
  0
SEQEND
  8
0
  0
POLYLINE
  8
16
 66
1
 10
0.0000
 20
0.0000
 30
0.0000
 40
0.1270
 41
0.1270
 70
0
  0
VERTEX
  8
16
 10
77.5335
 20
7.6200
 30
0.0000
 42
1.0000
  0
VERTEX
  8
16
 10
77.4065
 20
7.6200
 30
0.0000
  0
SEQEND
  8
0
  0
POLYLINE
  8
16
 66
1
 10
0.0000
 20
0.0000
 30
0.0000
 40
0.1270
 41
0.1270
 70
0
  0
VERTEX
  8
16
 10
77.4065
 20
5.0800
 30
0.0000
 42
1.0000
  0
VERTEX
  8
16
 10
77.5335
 20
5.0800
 30
0.0000
  0
SEQEND
  8
0
  0
POLYLINE
  8
16
 66
1
 10
0.0000
 20
0.0000
 30
0.0000
 40
0.2540
 41
0.2540
 70
0
  0
VERTEX
  8
16
 10
76.7080
 20
4.3180
 30
0.0000
  0
VERTEX
  8
16
 10
77.4700
 20
5.0800
 30
0.0000
  0
SEQEND
  8
0
  0
POLYLINE
  8
16
 66
1
 10
0.0000
 20
0.0000
 30
0.0000
 40
0.1270
 41
0.1270
 70
0
  0
VERTEX
  8
16
 10
77.5149
 20
5.0351
 30
0.0000
 42
1.0000
  0
VERTEX
  8
16
 10
77.4251
 20
5.1249
 30
0.0000
  0
SEQEND
  8
0
  0
POLYLINE
  8
16
 66
1
 10
0.0000
 20
0.0000
 30
0.0000
 40
0.1270
 41
0.1270
 70
0
  0
VERTEX
  8
16
 10
76.6631
 20
4.3629
 30
0.0000
 42
1.0000
  0
VERTEX
  8
16
 10
76.7529
 20
4.2731
 30
0.0000
  0
SEQEND
  8
0
  0
POLYLINE
  8
16
 66
1
 10
0.0000
 20
0.0000
 30
0.0000
 40
0.2540
 41
0.2540
 70
0
  0
VERTEX
  8
16
 10
75.6920
 20
4.3180
 30
0.0000
  0
VERTEX
  8
16
 10
76.7080
 20
4.3180
 30
0.0000
  0
SEQEND
  8
0
  0
POLYLINE
  8
16
 66
1
 10
0.0000
 20
0.0000
 30
0.0000
 40
0.1270
 41
0.1270
 70
0
  0
VERTEX
  8
16
 10
76.7080
 20
4.2545
 30
0.0000
 42
1.0000
  0
VERTEX
  8
16
 10
76.7080
 20
4.3815
 30
0.0000
  0
SEQEND
  8
0
  0
POLYLINE
  8
16
 66
1
 10
0.0000
 20
0.0000
 30
0.0000
 40
0.1270
 41
0.1270
 70
0
  0
VERTEX
  8
16
 10
75.6920
 20
4.3815
 30
0.0000
 42
1.0000
  0
VERTEX
  8
16
 10
75.6920
 20
4.2545
 30
0.0000
  0
SEQEND
  8
0
  0
POLYLINE
  8
16
 66
1
 10
0.0000
 20
0.0000
 30
0.0000
 40
0.2540
 41
0.2540
 70
0
  0
VERTEX
  8
16
 10
61.2140
 20
18.7960
 30
0.0000
  0
VERTEX
  8
16
 10
75.6920
 20
4.3180
 30
0.0000
  0
SEQEND
  8
0
  0
POLYLINE
  8
16
 66
1
 10
0.0000
 20
0.0000
 30
0.0000
 40
0.1270
 41
0.1270
 70
0
  0
VERTEX
  8
16
 10
75.6471
 20
4.2731
 30
0.0000
 42
1.0000
  0
VERTEX
  8
16
 10
75.7369
 20
4.3629
 30
0.0000
  0
SEQEND
  8
0
  0
POLYLINE
  8
16
 66
1
 10
0.0000
 20
0.0000
 30
0.0000
 40
0.1270
 41
0.1270
 70
0
  0
VERTEX
  8
16
 10
61.2589
 20
18.8409
 30
0.0000
 42
1.0000
  0
VERTEX
  8
16
 10
61.1691
 20
18.7511
 30
0.0000
  0
SEQEND
  8
0
  0
POLYLINE
  8
16
 66
1
 10
0.0000
 20
0.0000
 30
0.0000
 40
0.2540
 41
0.2540
 70
0
  0
VERTEX
  8
16
 10
61.2140
 20
21.3360
 30
0.0000
  0
VERTEX
  8
16
 10
61.2140
 20
18.7960
 30
0.0000
  0
SEQEND
  8
0
  0
POLYLINE
  8
16
 66
1
 10
0.0000
 20
0.0000
 30
0.0000
 40
0.1270
 41
0.1270
 70
0
  0
VERTEX
  8
16
 10
61.1505
 20
18.7960
 30
0.0000
 42
1.0000
  0
VERTEX
  8
16
 10
61.2775
 20
18.7960
 30
0.0000
  0
SEQEND
  8
0
  0
POLYLINE
  8
16
 66
1
 10
0.0000
 20
0.0000
 30
0.0000
 40
0.1270
 41
0.1270
 70
0
  0
VERTEX
  8
16
 10
61.2775
 20
21.3360
 30
0.0000
 42
1.0000
  0
VERTEX
  8
16
 10
61.1505
 20
21.3360
 30
0.0000
  0
SEQEND
  8
0
  0
POLYLINE
  8
16
 66
1
 10
0.0000
 20
0.0000
 30
0.0000
 40
0.2540
 41
0.2540
 70
0
  0
VERTEX
  8
16
 10
58.4200
 20
24.1300
 30
0.0000
  0
VERTEX
  8
16
 10
61.2140
 20
21.3360
 30
0.0000
  0
SEQEND
  8
0
  0
POLYLINE
  8
16
 66
1
 10
0.0000
 20
0.0000
 30
0.0000
 40
0.1270
 41
0.1270
 70
0
  0
VERTEX
  8
16
 10
61.1691
 20
21.2911
 30
0.0000
 42
1.0000
  0
VERTEX
  8
16
 10
61.2589
 20
21.3809
 30
0.0000
  0
SEQEND
  8
0
  0
POLYLINE
  8
16
 66
1
 10
0.0000
 20
0.0000
 30
0.0000
 40
0.1270
 41
0.1270
 70
0
  0
VERTEX
  8
16
 10
58.4649
 20
24.1749
 30
0.0000
 42
1.0000
  0
VERTEX
  8
16
 10
58.3751
 20
24.0851
 30
0.0000
  0
SEQEND
  8
0
  0
POLYLINE
  8
16
 66
1
 10
0.0000
 20
0.0000
 30
0.0000
 40
0.2540
 41
0.2540
 70
0
  0
VERTEX
  8
16
 10
46.9900
 20
24.1300
 30
0.0000
  0
VERTEX
  8
16
 10
58.4200
 20
24.1300
 30
0.0000
  0
SEQEND
  8
0
  0
POLYLINE
  8
16
 66
1
 10
0.0000
 20
0.0000
 30
0.0000
 40
0.1270
 41
0.1270
 70
0
  0
VERTEX
  8
16
 10
58.4200
 20
24.0665
 30
0.0000
 42
1.0000
  0
VERTEX
  8
16
 10
58.4200
 20
24.1935
 30
0.0000
  0
SEQEND
  8
0
  0
POLYLINE
  8
16
 66
1
 10
0.0000
 20
0.0000
 30
0.0000
 40
0.1270
 41
0.1270
 70
0
  0
VERTEX
  8
16
 10
46.9900
 20
24.1935
 30
0.0000
 42
1.0000
  0
VERTEX
  8
16
 10
46.9900
 20
24.0665
 30
0.0000
  0
SEQEND
  8
0
  0
POLYLINE
  8
16
 66
1
 10
0.0000
 20
0.0000
 30
0.0000
 40
0.2540
 41
0.2540
 70
0
  0
VERTEX
  8
16
 10
66.2940
 20
19.8120
 30
0.0000
  0
VERTEX
  8
16
 10
66.0400
 20
20.3200
 30
0.0000
  0
SEQEND
  8
0
  0
POLYLINE
  8
16
 66
1
 10
0.0000
 20
0.0000
 30
0.0000
 40
0.1270
 41
0.1270
 70
0
  0
VERTEX
  8
16
 10
66.0968
 20
20.3484
 30
0.0000
 42
1.0000
  0
VERTEX
  8
16
 10
65.9832
 20
20.2916
 30
0.0000
  0
SEQEND
  8
0
  0
POLYLINE
  8
16
 66
1
 10
0.0000
 20
0.0000
 30
0.0000
 40
0.1270
 41
0.1270
 70
0
  0
VERTEX
  8
16
 10
66.2372
 20
19.7836
 30
0.0000
 42
1.0000
  0
VERTEX
  8
16
 10
66.3508
 20
19.8404
 30
0.0000
  0
SEQEND
  8
0
  0
POLYLINE
  8
16
 66
1
 10
0.0000
 20
0.0000
 30
0.0000
 40
0.2540
 41
0.2540
 70
0
  0
VERTEX
  8
16
 10
49.7840
 20
5.5880
 30
0.0000
  0
VERTEX
  8
16
 10
49.7840
 20
6.0960
 30
0.0000
  0
SEQEND
  8
0
  0
POLYLINE
  8
16
 66
1
 10
0.0000
 20
0.0000
 30
0.0000
 40
0.1270
 41
0.1270
 70
0
  0
VERTEX
  8
16
 10
49.8475
 20
6.0960
 30
0.0000
 42
1.0000
  0
VERTEX
  8
16
 10
49.7205
 20
6.0960
 30
0.0000
  0
SEQEND
  8
0
  0
POLYLINE
  8
16
 66
1
 10
0.0000
 20
0.0000
 30
0.0000
 40
0.1270
 41
0.1270
 70
0
  0
VERTEX
  8
16
 10
49.7205
 20
5.5880
 30
0.0000
 42
1.0000
  0
VERTEX
  8
16
 10
49.8475
 20
5.5880
 30
0.0000
  0
SEQEND
  8
0
  0
POLYLINE
  8
16
 66
1
 10
0.0000
 20
0.0000
 30
0.0000
 40
0.2540
 41
0.2540
 70
0
  0
VERTEX
  8
16
 10
49.7840
 20
6.0960
 30
0.0000
  0
VERTEX
  8
16
 10
48.7680
 20
7.1120
 30
0.0000
  0
SEQEND
  8
0
  0
POLYLINE
  8
16
 66
1
 10
0.0000
 20
0.0000
 30
0.0000
 40
0.1270
 41
0.1270
 70
0
  0
VERTEX
  8
16
 10
48.8129
 20
7.1569
 30
0.0000
 42
1.0000
  0
VERTEX
  8
16
 10
48.7231
 20
7.0671
 30
0.0000
  0
SEQEND
  8
0
  0
POLYLINE
  8
16
 66
1
 10
0.0000
 20
0.0000
 30
0.0000
 40
0.1270
 41
0.1270
 70
0
  0
VERTEX
  8
16
 10
49.7391
 20
6.0511
 30
0.0000
 42
1.0000
  0
VERTEX
  8
16
 10
49.8289
 20
6.1409
 30
0.0000
  0
SEQEND
  8
0
  0
POLYLINE
  8
16
 66
1
 10
0.0000
 20
0.0000
 30
0.0000
 40
0.2540
 41
0.2540
 70
0
  0
VERTEX
  8
16
 10
48.7680
 20
7.1120
 30
0.0000
  0
VERTEX
  8
16
 10
48.7680
 20
8.1280
 30
0.0000
  0
SEQEND
  8
0
  0
POLYLINE
  8
16
 66
1
 10
0.0000
 20
0.0000
 30
0.0000
 40
0.1270
 41
0.1270
 70
0
  0
VERTEX
  8
16
 10
48.8315
 20
8.1280
 30
0.0000
 42
1.0000
  0
VERTEX
  8
16
 10
48.7045
 20
8.1280
 30
0.0000
  0
SEQEND
  8
0
  0
POLYLINE
  8
16
 66
1
 10
0.0000
 20
0.0000
 30
0.0000
 40
0.1270
 41
0.1270
 70
0
  0
VERTEX
  8
16
 10
48.7045
 20
7.1120
 30
0.0000
 42
1.0000
  0
VERTEX
  8
16
 10
48.8315
 20
7.1120
 30
0.0000
  0
SEQEND
  8
0
  0
POLYLINE
  8
16
 66
1
 10
0.0000
 20
0.0000
 30
0.0000
 40
0.2540
 41
0.2540
 70
0
  0
VERTEX
  8
16
 10
48.7680
 20
8.1280
 30
0.0000
  0
VERTEX
  8
16
 10
49.5300
 20
8.8900
 30
0.0000
  0
SEQEND
  8
0
  0
POLYLINE
  8
16
 66
1
 10
0.0000
 20
0.0000
 30
0.0000
 40
0.1270
 41
0.1270
 70
0
  0
VERTEX
  8
16
 10
49.5749
 20
8.8451
 30
0.0000
 42
1.0000
  0
VERTEX
  8
16
 10
49.4851
 20
8.9349
 30
0.0000
  0
SEQEND
  8
0
  0
POLYLINE
  8
16
 66
1
 10
0.0000
 20
0.0000
 30
0.0000
 40
0.1270
 41
0.1270
 70
0
  0
VERTEX
  8
16
 10
48.7231
 20
8.1729
 30
0.0000
 42
1.0000
  0
VERTEX
  8
16
 10
48.8129
 20
8.0831
 30
0.0000
  0
SEQEND
  8
0
  0
POLYLINE
  8
16
 66
1
 10
0.0000
 20
0.0000
 30
0.0000
 40
0.2540
 41
0.2540
 70
0
  0
VERTEX
  8
16
 10
49.5300
 20
8.8900
 30
0.0000
  0
VERTEX
  8
16
 10
53.8480
 20
8.8900
 30
0.0000
  0
SEQEND
  8
0
  0
POLYLINE
  8
16
 66
1
 10
0.0000
 20
0.0000
 30
0.0000
 40
0.1270
 41
0.1270
 70
0
  0
VERTEX
  8
16
 10
53.8480
 20
8.8265
 30
0.0000
 42
1.0000
  0
VERTEX
  8
16
 10
53.8480
 20
8.9535
 30
0.0000
  0
SEQEND
  8
0
  0
POLYLINE
  8
16
 66
1
 10
0.0000
 20
0.0000
 30
0.0000
 40
0.1270
 41
0.1270
 70
0
  0
VERTEX
  8
16
 10
49.5300
 20
8.9535
 30
0.0000
 42
1.0000
  0
VERTEX
  8
16
 10
49.5300
 20
8.8265
 30
0.0000
  0
SEQEND
  8
0
  0
POLYLINE
  8
16
 66
1
 10
0.0000
 20
0.0000
 30
0.0000
 40
0.2540
 41
0.2540
 70
0
  0
VERTEX
  8
16
 10
53.8480
 20
8.8900
 30
0.0000
  0
VERTEX
  8
16
 10
54.6100
 20
9.6520
 30
0.0000
  0
SEQEND
  8
0
  0
POLYLINE
  8
16
 66
1
 10
0.0000
 20
0.0000
 30
0.0000
 40
0.1270
 41
0.1270
 70
0
  0
VERTEX
  8
16
 10
54.6549
 20
9.6071
 30
0.0000
 42
1.0000
  0
VERTEX
  8
16
 10
54.5651
 20
9.6969
 30
0.0000
  0
SEQEND
  8
0
  0
POLYLINE
  8
16
 66
1
 10
0.0000
 20
0.0000
 30
0.0000
 40
0.1270
 41
0.1270
 70
0
  0
VERTEX
  8
16
 10
53.8031
 20
8.9349
 30
0.0000
 42
1.0000
  0
VERTEX
  8
16
 10
53.8929
 20
8.8451
 30
0.0000
  0
SEQEND
  8
0
  0
POLYLINE
  8
16
 66
1
 10
0.0000
 20
0.0000
 30
0.0000
 40
0.2540
 41
0.2540
 70
0
  0
VERTEX
  8
16
 10
54.6100
 20
9.6520
 30
0.0000
  0
VERTEX
  8
16
 10
54.6100
 20
10.6680
 30
0.0000
  0
SEQEND
  8
0
  0
POLYLINE
  8
16
 66
1
 10
0.0000
 20
0.0000
 30
0.0000
 40
0.1270
 41
0.1270
 70
0
  0
VERTEX
  8
16
 10
54.6735
 20
10.6680
 30
0.0000
 42
1.0000
  0
VERTEX
  8
16
 10
54.5465
 20
10.6680
 30
0.0000
  0
SEQEND
  8
0
  0
POLYLINE
  8
16
 66
1
 10
0.0000
 20
0.0000
 30
0.0000
 40
0.1270
 41
0.1270
 70
0
  0
VERTEX
  8
16
 10
54.5465
 20
9.6520
 30
0.0000
 42
1.0000
  0
VERTEX
  8
16
 10
54.6735
 20
9.6520
 30
0.0000
  0
SEQEND
  8
0
  0
POLYLINE
  8
16
 66
1
 10
0.0000
 20
0.0000
 30
0.0000
 40
0.2540
 41
0.2540
 70
0
  0
VERTEX
  8
16
 10
54.6100
 20
10.6680
 30
0.0000
  0
VERTEX
  8
16
 10
53.8480
 20
11.4300
 30
0.0000
  0
SEQEND
  8
0
  0
POLYLINE
  8
16
 66
1
 10
0.0000
 20
0.0000
 30
0.0000
 40
0.1270
 41
0.1270
 70
0
  0
VERTEX
  8
16
 10
53.8929
 20
11.4749
 30
0.0000
 42
1.0000
  0
VERTEX
  8
16
 10
53.8031
 20
11.3851
 30
0.0000
  0
SEQEND
  8
0
  0
POLYLINE
  8
16
 66
1
 10
0.0000
 20
0.0000
 30
0.0000
 40
0.1270
 41
0.1270
 70
0
  0
VERTEX
  8
16
 10
54.5651
 20
10.6231
 30
0.0000
 42
1.0000
  0
VERTEX
  8
16
 10
54.6549
 20
10.7129
 30
0.0000
  0
SEQEND
  8
0
  0
POLYLINE
  8
16
 66
1
 10
0.0000
 20
0.0000
 30
0.0000
 40
0.2540
 41
0.2540
 70
0
  0
VERTEX
  8
16
 10
53.8480
 20
11.4300
 30
0.0000
  0
VERTEX
  8
16
 10
49.5300
 20
11.4300
 30
0.0000
  0
SEQEND
  8
0
  0
POLYLINE
  8
16
 66
1
 10
0.0000
 20
0.0000
 30
0.0000
 40
0.1270
 41
0.1270
 70
0
  0
VERTEX
  8
16
 10
49.5300
 20
11.4935
 30
0.0000
 42
1.0000
  0
VERTEX
  8
16
 10
49.5300
 20
11.3665
 30
0.0000
  0
SEQEND
  8
0
  0
POLYLINE
  8
16
 66
1
 10
0.0000
 20
0.0000
 30
0.0000
 40
0.1270
 41
0.1270
 70
0
  0
VERTEX
  8
16
 10
53.8480
 20
11.3665
 30
0.0000
 42
1.0000
  0
VERTEX
  8
16
 10
53.8480
 20
11.4935
 30
0.0000
  0
SEQEND
  8
0
  0
POLYLINE
  8
16
 66
1
 10
0.0000
 20
0.0000
 30
0.0000
 40
0.2540
 41
0.2540
 70
0
  0
VERTEX
  8
16
 10
49.5300
 20
11.4300
 30
0.0000
  0
VERTEX
  8
16
 10
48.7680
 20
12.1920
 30
0.0000
  0
SEQEND
  8
0
  0
POLYLINE
  8
16
 66
1
 10
0.0000
 20
0.0000
 30
0.0000
 40
0.1270
 41
0.1270
 70
0
  0
VERTEX
  8
16
 10
48.8129
 20
12.2369
 30
0.0000
 42
1.0000
  0
VERTEX
  8
16
 10
48.7231
 20
12.1471
 30
0.0000
  0
SEQEND
  8
0
  0
POLYLINE
  8
16
 66
1
 10
0.0000
 20
0.0000
 30
0.0000
 40
0.1270
 41
0.1270
 70
0
  0
VERTEX
  8
16
 10
49.4851
 20
11.3851
 30
0.0000
 42
1.0000
  0
VERTEX
  8
16
 10
49.5749
 20
11.4749
 30
0.0000
  0
SEQEND
  8
0
  0
POLYLINE
  8
16
 66
1
 10
0.0000
 20
0.0000
 30
0.0000
 40
0.2540
 41
0.2540
 70
0
  0
VERTEX
  8
16
 10
48.7680
 20
12.1920
 30
0.0000
  0
VERTEX
  8
16
 10
48.7680
 20
13.7160
 30
0.0000
  0
SEQEND
  8
0
  0
POLYLINE
  8
16
 66
1
 10
0.0000
 20
0.0000
 30
0.0000
 40
0.1270
 41
0.1270
 70
0
  0
VERTEX
  8
16
 10
48.8315
 20
13.7160
 30
0.0000
 42
1.0000
  0
VERTEX
  8
16
 10
48.7045
 20
13.7160
 30
0.0000
  0
SEQEND
  8
0
  0
POLYLINE
  8
16
 66
1
 10
0.0000
 20
0.0000
 30
0.0000
 40
0.1270
 41
0.1270
 70
0
  0
VERTEX
  8
16
 10
48.7045
 20
12.1920
 30
0.0000
 42
1.0000
  0
VERTEX
  8
16
 10
48.8315
 20
12.1920
 30
0.0000
  0
SEQEND
  8
0
  0
POLYLINE
  8
16
 66
1
 10
0.0000
 20
0.0000
 30
0.0000
 40
0.2540
 41
0.2540
 70
0
  0
VERTEX
  8
16
 10
48.7680
 20
13.7160
 30
0.0000
  0
VERTEX
  8
16
 10
49.7840
 20
14.7320
 30
0.0000
  0
SEQEND
  8
0
  0
POLYLINE
  8
16
 66
1
 10
0.0000
 20
0.0000
 30
0.0000
 40
0.1270
 41
0.1270
 70
0
  0
VERTEX
  8
16
 10
49.8289
 20
14.6871
 30
0.0000
 42
1.0000
  0
VERTEX
  8
16
 10
49.7391
 20
14.7769
 30
0.0000
  0
SEQEND
  8
0
  0
POLYLINE
  8
16
 66
1
 10
0.0000
 20
0.0000
 30
0.0000
 40
0.1270
 41
0.1270
 70
0
  0
VERTEX
  8
16
 10
48.7231
 20
13.7609
 30
0.0000
 42
1.0000
  0
VERTEX
  8
16
 10
48.8129
 20
13.6711
 30
0.0000
  0
SEQEND
  8
0
  0
POLYLINE
  8
16
 66
1
 10
0.0000
 20
0.0000
 30
0.0000
 40
0.2540
 41
0.2540
 70
0
  0
VERTEX
  8
16
 10
49.7840
 20
5.5880
 30
0.0000
  0
VERTEX
  8
16
 10
50.8000
 20
5.0800
 30
0.0000
  0
SEQEND
  8
0
  0
POLYLINE
  8
16
 66
1
 10
0.0000
 20
0.0000
 30
0.0000
 40
0.1270
 41
0.1270
 70
0
  0
VERTEX
  8
16
 10
50.7716
 20
5.0232
 30
0.0000
 42
1.0000
  0
VERTEX
  8
16
 10
50.8284
 20
5.1368
 30
0.0000
  0
SEQEND
  8
0
  0
POLYLINE
  8
16
 66
1
 10
0.0000
 20
0.0000
 30
0.0000
 40
0.1270
 41
0.1270
 70
0
  0
VERTEX
  8
16
 10
49.8124
 20
5.6448
 30
0.0000
 42
1.0000
  0
VERTEX
  8
16
 10
49.7556
 20
5.5312
 30
0.0000
  0
SEQEND
  8
0
  0
POLYLINE
  8
16
 66
1
 10
0.0000
 20
0.0000
 30
0.0000
 40
0.2540
 41
0.2540
 70
0
  0
VERTEX
  8
16
 10
49.7840
 20
14.7320
 30
0.0000
  0
VERTEX
  8
16
 10
50.8000
 20
15.2400
 30
0.0000
  0
SEQEND
  8
0
  0
POLYLINE
  8
16
 66
1
 10
0.0000
 20
0.0000
 30
0.0000
 40
0.1270
 41
0.1270
 70
0
  0
VERTEX
  8
16
 10
50.8284
 20
15.1832
 30
0.0000
 42
1.0000
  0
VERTEX
  8
16
 10
50.7716
 20
15.2968
 30
0.0000
  0
SEQEND
  8
0
  0
POLYLINE
  8
16
 66
1
 10
0.0000
 20
0.0000
 30
0.0000
 40
0.1270
 41
0.1270
 70
0
  0
VERTEX
  8
16
 10
49.7556
 20
14.7888
 30
0.0000
 42
1.0000
  0
VERTEX
  8
16
 10
49.8124
 20
14.6752
 30
0.0000
  0
SEQEND
  8
0
  0
POLYLINE
  8
16
 66
1
 10
0.0000
 20
0.0000
 30
0.0000
 40
0.2540
 41
0.2540
 70
0
  0
VERTEX
  8
16
 10
56.6420
 20
20.0660
 30
0.0000
  0
VERTEX
  8
16
 10
57.9120
 20
20.0660
 30
0.0000
  0
SEQEND
  8
0
  0
POLYLINE
  8
16
 66
1
 10
0.0000
 20
0.0000
 30
0.0000
 40
0.1270
 41
0.1270
 70
0
  0
VERTEX
  8
16
 10
57.9120
 20
20.0025
 30
0.0000
 42
1.0000
  0
VERTEX
  8
16
 10
57.9120
 20
20.1295
 30
0.0000
  0
SEQEND
  8
0
  0
POLYLINE
  8
16
 66
1
 10
0.0000
 20
0.0000
 30
0.0000
 40
0.1270
 41
0.1270
 70
0
  0
VERTEX
  8
16
 10
56.6420
 20
20.1295
 30
0.0000
 42
1.0000
  0
VERTEX
  8
16
 10
56.6420
 20
20.0025
 30
0.0000
  0
SEQEND
  8
0
  0
POLYLINE
  8
16
 66
1
 10
0.0000
 20
0.0000
 30
0.0000
 40
0.2540
 41
0.2540
 70
0
  0
VERTEX
  8
16
 10
52.0700
 20
15.4940
 30
0.0000
  0
VERTEX
  8
16
 10
56.6420
 20
20.0660
 30
0.0000
  0
SEQEND
  8
0
  0
POLYLINE
  8
16
 66
1
 10
0.0000
 20
0.0000
 30
0.0000
 40
0.1270
 41
0.1270
 70
0
  0
VERTEX
  8
16
 10
56.6869
 20
20.0211
 30
0.0000
 42
1.0000
  0
VERTEX
  8
16
 10
56.5971
 20
20.1109
 30
0.0000
  0
SEQEND
  8
0
  0
POLYLINE
  8
16
 66
1
 10
0.0000
 20
0.0000
 30
0.0000
 40
0.1270
 41
0.1270
 70
0
  0
VERTEX
  8
16
 10
52.0251
 20
15.5389
 30
0.0000
 42
1.0000
  0
VERTEX
  8
16
 10
52.1149
 20
15.4491
 30
0.0000
  0
SEQEND
  8
0
  0
POLYLINE
  8
16
 66
1
 10
0.0000
 20
0.0000
 30
0.0000
 40
0.2540
 41
0.2540
 70
0
  0
VERTEX
  8
16
 10
57.9120
 20
20.0660
 30
0.0000
  0
VERTEX
  8
16
 10
58.4200
 20
20.3200
 30
0.0000
  0
SEQEND
  8
0
  0
POLYLINE
  8
16
 66
1
 10
0.0000
 20
0.0000
 30
0.0000
 40
0.1270
 41
0.1270
 70
0
  0
VERTEX
  8
16
 10
58.4484
 20
20.2632
 30
0.0000
 42
1.0000
  0
VERTEX
  8
16
 10
58.3916
 20
20.3768
 30
0.0000
  0
SEQEND
  8
0
  0
POLYLINE
  8
16
 66
1
 10
0.0000
 20
0.0000
 30
0.0000
 40
0.1270
 41
0.1270
 70
0
  0
VERTEX
  8
16
 10
57.8836
 20
20.1228
 30
0.0000
 42
1.0000
  0
VERTEX
  8
16
 10
57.9404
 20
20.0092
 30
0.0000
  0
SEQEND
  8
0
  0
POLYLINE
  8
16
 66
1
 10
0.0000
 20
0.0000
 30
0.0000
 40
0.2540
 41
0.2540
 70
0
  0
VERTEX
  8
16
 10
50.8000
 20
15.2400
 30
0.0000
  0
VERTEX
  8
16
 10
52.0700
 20
15.4940
 30
0.0000
  0
SEQEND
  8
0
  0
POLYLINE
  8
16
 66
1
 10
0.0000
 20
0.0000
 30
0.0000
 40
0.1270
 41
0.1270
 70
0
  0
VERTEX
  8
16
 10
52.0825
 20
15.4317
 30
0.0000
 42
1.0000
  0
VERTEX
  8
16
 10
52.0575
 20
15.5563
 30
0.0000
  0
SEQEND
  8
0
  0
POLYLINE
  8
16
 66
1
 10
0.0000
 20
0.0000
 30
0.0000
 40
0.1270
 41
0.1270
 70
0
  0
VERTEX
  8
16
 10
50.7875
 20
15.3023
 30
0.0000
 42
1.0000
  0
VERTEX
  8
16
 10
50.8125
 20
15.1777
 30
0.0000
  0
SEQEND
  8
0
  0
POLYLINE
  8
16
 66
1
 10
0.0000
 20
0.0000
 30
0.0000
 40
0.2540
 41
0.2540
 70
0
  0
VERTEX
  8
16
 10
52.0700
 20
7.3660
 30
0.0000
  0
VERTEX
  8
16
 10
50.8000
 20
7.6200
 30
0.0000
  0
SEQEND
  8
0
  0
POLYLINE
  8
16
 66
1
 10
0.0000
 20
0.0000
 30
0.0000
 40
0.1270
 41
0.1270
 70
0
  0
VERTEX
  8
16
 10
50.8125
 20
7.6823
 30
0.0000
 42
1.0000
  0
VERTEX
  8
16
 10
50.7875
 20
7.5577
 30
0.0000
  0
SEQEND
  8
0
  0
POLYLINE
  8
16
 66
1
 10
0.0000
 20
0.0000
 30
0.0000
 40
0.1270
 41
0.1270
 70
0
  0
VERTEX
  8
16
 10
52.0575
 20
7.3037
 30
0.0000
 42
1.0000
  0
VERTEX
  8
16
 10
52.0825
 20
7.4283
 30
0.0000
  0
SEQEND
  8
0
  0
POLYLINE
  8
16
 66
1
 10
0.0000
 20
0.0000
 30
0.0000
 40
0.2540
 41
0.2540
 70
0
  0
VERTEX
  8
16
 10
60.4520
 20
21.0820
 30
0.0000
  0
VERTEX
  8
16
 10
60.4520
 20
14.2240
 30
0.0000
  0
SEQEND
  8
0
  0
POLYLINE
  8
16
 66
1
 10
0.0000
 20
0.0000
 30
0.0000
 40
0.1270
 41
0.1270
 70
0
  0
VERTEX
  8
16
 10
60.3885
 20
14.2240
 30
0.0000
 42
1.0000
  0
VERTEX
  8
16
 10
60.5155
 20
14.2240
 30
0.0000
  0
SEQEND
  8
0
  0
POLYLINE
  8
16
 66
1
 10
0.0000
 20
0.0000
 30
0.0000
 40
0.1270
 41
0.1270
 70
0
  0
VERTEX
  8
16
 10
60.5155
 20
21.0820
 30
0.0000
 42
1.0000
  0
VERTEX
  8
16
 10
60.3885
 20
21.0820
 30
0.0000
  0
SEQEND
  8
0
  0
POLYLINE
  8
16
 66
1
 10
0.0000
 20
0.0000
 30
0.0000
 40
0.2540
 41
0.2540
 70
0
  0
VERTEX
  8
16
 10
59.1820
 20
22.3520
 30
0.0000
  0
VERTEX
  8
16
 10
60.4520
 20
21.0820
 30
0.0000
  0
SEQEND
  8
0
  0
POLYLINE
  8
16
 66
1
 10
0.0000
 20
0.0000
 30
0.0000
 40
0.1270
 41
0.1270
 70
0
  0
VERTEX
  8
16
 10
60.4071
 20
21.0371
 30
0.0000
 42
1.0000
  0
VERTEX
  8
16
 10
60.4969
 20
21.1269
 30
0.0000
  0
SEQEND
  8
0
  0
POLYLINE
  8
16
 66
1
 10
0.0000
 20
0.0000
 30
0.0000
 40
0.1270
 41
0.1270
 70
0
  0
VERTEX
  8
16
 10
59.2269
 20
22.3969
 30
0.0000
 42
1.0000
  0
VERTEX
  8
16
 10
59.1371
 20
22.3071
 30
0.0000
  0
SEQEND
  8
0
  0
POLYLINE
  8
16
 66
1
 10
0.0000
 20
0.0000
 30
0.0000
 40
0.2540
 41
0.2540
 70
0
  0
VERTEX
  8
16
 10
41.1480
 20
22.3520
 30
0.0000
  0
VERTEX
  8
16
 10
59.1820
 20
22.3520
 30
0.0000
  0
SEQEND
  8
0
  0
POLYLINE
  8
16
 66
1
 10
0.0000
 20
0.0000
 30
0.0000
 40
0.1270
 41
0.1270
 70
0
  0
VERTEX
  8
16
 10
59.1820
 20
22.2885
 30
0.0000
 42
1.0000
  0
VERTEX
  8
16
 10
59.1820
 20
22.4155
 30
0.0000
  0
SEQEND
  8
0
  0
POLYLINE
  8
16
 66
1
 10
0.0000
 20
0.0000
 30
0.0000
 40
0.1270
 41
0.1270
 70
0
  0
VERTEX
  8
16
 10
41.1480
 20
22.4155
 30
0.0000
 42
1.0000
  0
VERTEX
  8
16
 10
41.1480
 20
22.2885
 30
0.0000
  0
SEQEND
  8
0
  0
POLYLINE
  8
16
 66
1
 10
0.0000
 20
0.0000
 30
0.0000
 40
0.2540
 41
0.2540
 70
0
  0
VERTEX
  8
16
 10
40.3860
 20
21.5900
 30
0.0000
  0
VERTEX
  8
16
 10
41.1480
 20
22.3520
 30
0.0000
  0
SEQEND
  8
0
  0
POLYLINE
  8
16
 66
1
 10
0.0000
 20
0.0000
 30
0.0000
 40
0.1270
 41
0.1270
 70
0
  0
VERTEX
  8
16
 10
41.1929
 20
22.3071
 30
0.0000
 42
1.0000
  0
VERTEX
  8
16
 10
41.1031
 20
22.3969
 30
0.0000
  0
SEQEND
  8
0
  0
POLYLINE
  8
16
 66
1
 10
0.0000
 20
0.0000
 30
0.0000
 40
0.1270
 41
0.1270
 70
0
  0
VERTEX
  8
16
 10
40.3411
 20
21.6349
 30
0.0000
 42
1.0000
  0
VERTEX
  8
16
 10
40.4309
 20
21.5451
 30
0.0000
  0
SEQEND
  8
0
  0
POLYLINE
  8
16
 66
1
 10
0.0000
 20
0.0000
 30
0.0000
 40
0.2540
 41
0.2540
 70
0
  0
VERTEX
  8
16
 10
32.7660
 20
21.5900
 30
0.0000
  0
VERTEX
  8
16
 10
40.3860
 20
21.5900
 30
0.0000
  0
SEQEND
  8
0
  0
POLYLINE
  8
16
 66
1
 10
0.0000
 20
0.0000
 30
0.0000
 40
0.1270
 41
0.1270
 70
0
  0
VERTEX
  8
16
 10
40.3860
 20
21.5265
 30
0.0000
 42
1.0000
  0
VERTEX
  8
16
 10
40.3860
 20
21.6535
 30
0.0000
  0
SEQEND
  8
0
  0
POLYLINE
  8
16
 66
1
 10
0.0000
 20
0.0000
 30
0.0000
 40
0.1270
 41
0.1270
 70
0
  0
VERTEX
  8
16
 10
32.7660
 20
21.6535
 30
0.0000
 42
1.0000
  0
VERTEX
  8
16
 10
32.7660
 20
21.5265
 30
0.0000
  0
SEQEND
  8
0
  0
POLYLINE
  8
16
 66
1
 10
0.0000
 20
0.0000
 30
0.0000
 40
0.2540
 41
0.2540
 70
0
  0
VERTEX
  8
16
 10
31.7500
 20
20.5740
 30
0.0000
  0
VERTEX
  8
16
 10
32.7660
 20
21.5900
 30
0.0000
  0
SEQEND
  8
0
  0
POLYLINE
  8
16
 66
1
 10
0.0000
 20
0.0000
 30
0.0000
 40
0.1270
 41
0.1270
 70
0
  0
VERTEX
  8
16
 10
32.8109
 20
21.5451
 30
0.0000
 42
1.0000
  0
VERTEX
  8
16
 10
32.7211
 20
21.6349
 30
0.0000
  0
SEQEND
  8
0
  0
POLYLINE
  8
16
 66
1
 10
0.0000
 20
0.0000
 30
0.0000
 40
0.1270
 41
0.1270
 70
0
  0
VERTEX
  8
16
 10
31.7051
 20
20.6189
 30
0.0000
 42
1.0000
  0
VERTEX
  8
16
 10
31.7949
 20
20.5291
 30
0.0000
  0
SEQEND
  8
0
  0
POLYLINE
  8
16
 66
1
 10
0.0000
 20
0.0000
 30
0.0000
 40
0.2540
 41
0.2540
 70
0
  0
VERTEX
  8
16
 10
30.4800
 20
20.3200
 30
0.0000
  0
VERTEX
  8
16
 10
31.7500
 20
20.5740
 30
0.0000
  0
SEQEND
  8
0
  0
POLYLINE
  8
16
 66
1
 10
0.0000
 20
0.0000
 30
0.0000
 40
0.1270
 41
0.1270
 70
0
  0
VERTEX
  8
16
 10
31.7625
 20
20.5117
 30
0.0000
 42
1.0000
  0
VERTEX
  8
16
 10
31.7375
 20
20.6363
 30
0.0000
  0
SEQEND
  8
0
  0
POLYLINE
  8
16
 66
1
 10
0.0000
 20
0.0000
 30
0.0000
 40
0.1270
 41
0.1270
 70
0
  0
VERTEX
  8
16
 10
30.4675
 20
20.3823
 30
0.0000
 42
1.0000
  0
VERTEX
  8
16
 10
30.4925
 20
20.2577
 30
0.0000
  0
SEQEND
  8
0
  0
POLYLINE
  8
16
 66
1
 10
0.0000
 20
0.0000
 30
0.0000
 40
0.2540
 41
0.2540
 70
0
  0
VERTEX
  8
16
 10
78.4860
 20
4.5720
 30
0.0000
  0
VERTEX
  8
16
 10
78.4860
 20
5.0800
 30
0.0000
  0
SEQEND
  8
0
  0
POLYLINE
  8
16
 66
1
 10
0.0000
 20
0.0000
 30
0.0000
 40
0.1270
 41
0.1270
 70
0
  0
VERTEX
  8
16
 10
78.5495
 20
5.0800
 30
0.0000
 42
1.0000
  0
VERTEX
  8
16
 10
78.4225
 20
5.0800
 30
0.0000
  0
SEQEND
  8
0
  0
POLYLINE
  8
16
 66
1
 10
0.0000
 20
0.0000
 30
0.0000
 40
0.1270
 41
0.1270
 70
0
  0
VERTEX
  8
16
 10
78.4225
 20
4.5720
 30
0.0000
 42
1.0000
  0
VERTEX
  8
16
 10
78.5495
 20
4.5720
 30
0.0000
  0
SEQEND
  8
0
  0
POLYLINE
  8
16
 66
1
 10
0.0000
 20
0.0000
 30
0.0000
 40
0.2540
 41
0.2540
 70
0
  0
VERTEX
  8
16
 10
78.4860
 20
5.0800
 30
0.0000
  0
VERTEX
  8
16
 10
78.7400
 20
6.3500
 30
0.0000
  0
SEQEND
  8
0
  0
POLYLINE
  8
16
 66
1
 10
0.0000
 20
0.0000
 30
0.0000
 40
0.1270
 41
0.1270
 70
0
  0
VERTEX
  8
16
 10
78.8023
 20
6.3375
 30
0.0000
 42
1.0000
  0
VERTEX
  8
16
 10
78.6777
 20
6.3625
 30
0.0000
  0
SEQEND
  8
0
  0
POLYLINE
  8
16
 66
1
 10
0.0000
 20
0.0000
 30
0.0000
 40
0.1270
 41
0.1270
 70
0
  0
VERTEX
  8
16
 10
78.4237
 20
5.0925
 30
0.0000
 42
1.0000
  0
VERTEX
  8
16
 10
78.5483
 20
5.0675
 30
0.0000
  0
SEQEND
  8
0
  0
POLYLINE
  8
16
 66
1
 10
0.0000
 20
0.0000
 30
0.0000
 40
0.2540
 41
0.2540
 70
0
  0
VERTEX
  8
16
 10
71.1200
 20
3.5560
 30
0.0000
  0
VERTEX
  8
16
 10
77.9780
 20
3.5560
 30
0.0000
  0
SEQEND
  8
0
  0
POLYLINE
  8
16
 66
1
 10
0.0000
 20
0.0000
 30
0.0000
 40
0.1270
 41
0.1270
 70
0
  0
VERTEX
  8
16
 10
77.9780
 20
3.4925
 30
0.0000
 42
1.0000
  0
VERTEX
  8
16
 10
77.9780
 20
3.6195
 30
0.0000
  0
SEQEND
  8
0
  0
POLYLINE
  8
16
 66
1
 10
0.0000
 20
0.0000
 30
0.0000
 40
0.1270
 41
0.1270
 70
0
  0
VERTEX
  8
16
 10
71.1200
 20
3.6195
 30
0.0000
 42
1.0000
  0
VERTEX
  8
16
 10
71.1200
 20
3.4925
 30
0.0000
  0
SEQEND
  8
0
  0
POLYLINE
  8
16
 66
1
 10
0.0000
 20
0.0000
 30
0.0000
 40
0.2540
 41
0.2540
 70
0
  0
VERTEX
  8
16
 10
60.4520
 20
14.2240
 30
0.0000
  0
VERTEX
  8
16
 10
71.1200
 20
3.5560
 30
0.0000
  0
SEQEND
  8
0
  0
POLYLINE
  8
16
 66
1
 10
0.0000
 20
0.0000
 30
0.0000
 40
0.1270
 41
0.1270
 70
0
  0
VERTEX
  8
16
 10
71.0751
 20
3.5111
 30
0.0000
 42
1.0000
  0
VERTEX
  8
16
 10
71.1649
 20
3.6009
 30
0.0000
  0
SEQEND
  8
0
  0
POLYLINE
  8
16
 66
1
 10
0.0000
 20
0.0000
 30
0.0000
 40
0.1270
 41
0.1270
 70
0
  0
VERTEX
  8
16
 10
60.4969
 20
14.2689
 30
0.0000
 42
1.0000
  0
VERTEX
  8
16
 10
60.4071
 20
14.1791
 30
0.0000
  0
SEQEND
  8
0
  0
POLYLINE
  8
16
 66
1
 10
0.0000
 20
0.0000
 30
0.0000
 40
0.2540
 41
0.2540
 70
0
  0
VERTEX
  8
16
 10
53.5940
 20
7.3660
 30
0.0000
  0
VERTEX
  8
16
 10
52.0700
 20
7.3660
 30
0.0000
  0
SEQEND
  8
0
  0
POLYLINE
  8
16
 66
1
 10
0.0000
 20
0.0000
 30
0.0000
 40
0.1270
 41
0.1270
 70
0
  0
VERTEX
  8
16
 10
52.0700
 20
7.4295
 30
0.0000
 42
1.0000
  0
VERTEX
  8
16
 10
52.0700
 20
7.3025
 30
0.0000
  0
SEQEND
  8
0
  0
POLYLINE
  8
16
 66
1
 10
0.0000
 20
0.0000
 30
0.0000
 40
0.1270
 41
0.1270
 70
0
  0
VERTEX
  8
16
 10
53.5940
 20
7.3025
 30
0.0000
 42
1.0000
  0
VERTEX
  8
16
 10
53.5940
 20
7.4295
 30
0.0000
  0
SEQEND
  8
0
  0
POLYLINE
  8
16
 66
1
 10
0.0000
 20
0.0000
 30
0.0000
 40
0.2540
 41
0.2540
 70
0
  0
VERTEX
  8
16
 10
60.4520
 20
14.2240
 30
0.0000
  0
VERTEX
  8
16
 10
53.5940
 20
7.3660
 30
0.0000
  0
SEQEND
  8
0
  0
POLYLINE
  8
16
 66
1
 10
0.0000
 20
0.0000
 30
0.0000
 40
0.1270
 41
0.1270
 70
0
  0
VERTEX
  8
16
 10
53.5491
 20
7.4109
 30
0.0000
 42
1.0000
  0
VERTEX
  8
16
 10
53.6389
 20
7.3211
 30
0.0000
  0
SEQEND
  8
0
  0
POLYLINE
  8
16
 66
1
 10
0.0000
 20
0.0000
 30
0.0000
 40
0.1270
 41
0.1270
 70
0
  0
VERTEX
  8
16
 10
60.4969
 20
14.1791
 30
0.0000
 42
1.0000
  0
VERTEX
  8
16
 10
60.4071
 20
14.2689
 30
0.0000
  0
SEQEND
  8
0
  0
POLYLINE
  8
16
 66
1
 10
0.0000
 20
0.0000
 30
0.0000
 40
0.2540
 41
0.2540
 70
0
  0
VERTEX
  8
16
 10
77.9780
 20
3.5560
 30
0.0000
  0
VERTEX
  8
16
 10
77.9780
 20
4.0640
 30
0.0000
  0
SEQEND
  8
0
  0
POLYLINE
  8
16
 66
1
 10
0.0000
 20
0.0000
 30
0.0000
 40
0.1270
 41
0.1270
 70
0
  0
VERTEX
  8
16
 10
78.0415
 20
4.0640
 30
0.0000
 42
1.0000
  0
VERTEX
  8
16
 10
77.9145
 20
4.0640
 30
0.0000
  0
SEQEND
  8
0
  0
POLYLINE
  8
16
 66
1
 10
0.0000
 20
0.0000
 30
0.0000
 40
0.1270
 41
0.1270
 70
0
  0
VERTEX
  8
16
 10
77.9145
 20
3.5560
 30
0.0000
 42
1.0000
  0
VERTEX
  8
16
 10
78.0415
 20
3.5560
 30
0.0000
  0
SEQEND
  8
0
  0
POLYLINE
  8
16
 66
1
 10
0.0000
 20
0.0000
 30
0.0000
 40
0.2540
 41
0.2540
 70
0
  0
VERTEX
  8
16
 10
77.9780
 20
4.0640
 30
0.0000
  0
VERTEX
  8
16
 10
78.4860
 20
4.5720
 30
0.0000
  0
SEQEND
  8
0
  0
POLYLINE
  8
16
 66
1
 10
0.0000
 20
0.0000
 30
0.0000
 40
0.1270
 41
0.1270
 70
0
  0
VERTEX
  8
16
 10
78.5309
 20
4.5271
 30
0.0000
 42
1.0000
  0
VERTEX
  8
16
 10
78.4411
 20
4.6169
 30
0.0000
  0
SEQEND
  8
0
  0
POLYLINE
  8
16
 66
1
 10
0.0000
 20
0.0000
 30
0.0000
 40
0.1270
 41
0.1270
 70
0
  0
VERTEX
  8
16
 10
77.9331
 20
4.1089
 30
0.0000
 42
1.0000
  0
VERTEX
  8
16
 10
78.0229
 20
4.0191
 30
0.0000
  0
SEQEND
  8
0
  0
POLYLINE
  8
16
 66
1
 10
0.0000
 20
0.0000
 30
0.0000
 40
0.2540
 41
0.2540
 70
0
  0
VERTEX
  8
16
 10
52.8320
 20
12.9540
 30
0.0000
  0
VERTEX
  8
16
 10
52.5780
 20
12.9540
 30
0.0000
  0
SEQEND
  8
0
  0
POLYLINE
  8
16
 66
1
 10
0.0000
 20
0.0000
 30
0.0000
 40
0.1270
 41
0.1270
 70
0
  0
VERTEX
  8
16
 10
52.5780
 20
13.0175
 30
0.0000
 42
1.0000
  0
VERTEX
  8
16
 10
52.5780
 20
12.8905
 30
0.0000
  0
SEQEND
  8
0
  0
POLYLINE
  8
16
 66
1
 10
0.0000
 20
0.0000
 30
0.0000
 40
0.1270
 41
0.1270
 70
0
  0
VERTEX
  8
16
 10
52.8320
 20
12.8905
 30
0.0000
 42
1.0000
  0
VERTEX
  8
16
 10
52.8320
 20
13.0175
 30
0.0000
  0
SEQEND
  8
0
  0
POLYLINE
  8
16
 66
1
 10
0.0000
 20
0.0000
 30
0.0000
 40
0.2540
 41
0.2540
 70
0
  0
VERTEX
  8
16
 10
52.5780
 20
12.9540
 30
0.0000
  0
VERTEX
  8
16
 10
52.0700
 20
12.9540
 30
0.0000
  0
SEQEND
  8
0
  0
POLYLINE
  8
16
 66
1
 10
0.0000
 20
0.0000
 30
0.0000
 40
0.1270
 41
0.1270
 70
0
  0
VERTEX
  8
16
 10
52.0700
 20
13.0175
 30
0.0000
 42
1.0000
  0
VERTEX
  8
16
 10
52.0700
 20
12.8905
 30
0.0000
  0
SEQEND
  8
0
  0
POLYLINE
  8
16
 66
1
 10
0.0000
 20
0.0000
 30
0.0000
 40
0.1270
 41
0.1270
 70
0
  0
VERTEX
  8
16
 10
52.5780
 20
12.8905
 30
0.0000
 42
1.0000
  0
VERTEX
  8
16
 10
52.5780
 20
13.0175
 30
0.0000
  0
SEQEND
  8
0
  0
POLYLINE
  8
16
 66
1
 10
0.0000
 20
0.0000
 30
0.0000
 40
0.2540
 41
0.2540
 70
0
  0
VERTEX
  8
16
 10
59.6900
 20
19.8120
 30
0.0000
  0
VERTEX
  8
16
 10
52.8320
 20
12.9540
 30
0.0000
  0
SEQEND
  8
0
  0
POLYLINE
  8
16
 66
1
 10
0.0000
 20
0.0000
 30
0.0000
 40
0.1270
 41
0.1270
 70
0
  0
VERTEX
  8
16
 10
52.7871
 20
12.9989
 30
0.0000
 42
1.0000
  0
VERTEX
  8
16
 10
52.8769
 20
12.9091
 30
0.0000
  0
SEQEND
  8
0
  0
POLYLINE
  8
16
 66
1
 10
0.0000
 20
0.0000
 30
0.0000
 40
0.1270
 41
0.1270
 70
0
  0
VERTEX
  8
16
 10
59.7349
 20
19.7671
 30
0.0000
 42
1.0000
  0
VERTEX
  8
16
 10
59.6451
 20
19.8569
 30
0.0000
  0
SEQEND
  8
0
  0
POLYLINE
  8
16
 66
1
 10
0.0000
 20
0.0000
 30
0.0000
 40
0.2540
 41
0.2540
 70
0
  0
VERTEX
  8
16
 10
59.6900
 20
20.8280
 30
0.0000
  0
VERTEX
  8
16
 10
59.6900
 20
19.8120
 30
0.0000
  0
SEQEND
  8
0
  0
POLYLINE
  8
16
 66
1
 10
0.0000
 20
0.0000
 30
0.0000
 40
0.1270
 41
0.1270
 70
0
  0
VERTEX
  8
16
 10
59.6265
 20
19.8120
 30
0.0000
 42
1.0000
  0
VERTEX
  8
16
 10
59.7535
 20
19.8120
 30
0.0000
  0
SEQEND
  8
0
  0
POLYLINE
  8
16
 66
1
 10
0.0000
 20
0.0000
 30
0.0000
 40
0.1270
 41
0.1270
 70
0
  0
VERTEX
  8
16
 10
59.7535
 20
20.8280
 30
0.0000
 42
1.0000
  0
VERTEX
  8
16
 10
59.6265
 20
20.8280
 30
0.0000
  0
SEQEND
  8
0
  0
POLYLINE
  8
16
 66
1
 10
0.0000
 20
0.0000
 30
0.0000
 40
0.2540
 41
0.2540
 70
0
  0
VERTEX
  8
16
 10
58.9280
 20
21.5900
 30
0.0000
  0
VERTEX
  8
16
 10
59.6900
 20
20.8280
 30
0.0000
  0
SEQEND
  8
0
  0
POLYLINE
  8
16
 66
1
 10
0.0000
 20
0.0000
 30
0.0000
 40
0.1270
 41
0.1270
 70
0
  0
VERTEX
  8
16
 10
59.6451
 20
20.7831
 30
0.0000
 42
1.0000
  0
VERTEX
  8
16
 10
59.7349
 20
20.8729
 30
0.0000
  0
SEQEND
  8
0
  0
POLYLINE
  8
16
 66
1
 10
0.0000
 20
0.0000
 30
0.0000
 40
0.1270
 41
0.1270
 70
0
  0
VERTEX
  8
16
 10
58.9729
 20
21.6349
 30
0.0000
 42
1.0000
  0
VERTEX
  8
16
 10
58.8831
 20
21.5451
 30
0.0000
  0
SEQEND
  8
0
  0
POLYLINE
  8
16
 66
1
 10
0.0000
 20
0.0000
 30
0.0000
 40
0.2540
 41
0.2540
 70
0
  0
VERTEX
  8
16
 10
41.9100
 20
21.5900
 30
0.0000
  0
VERTEX
  8
16
 10
58.9280
 20
21.5900
 30
0.0000
  0
SEQEND
  8
0
  0
POLYLINE
  8
16
 66
1
 10
0.0000
 20
0.0000
 30
0.0000
 40
0.1270
 41
0.1270
 70
0
  0
VERTEX
  8
16
 10
58.9280
 20
21.5265
 30
0.0000
 42
1.0000
  0
VERTEX
  8
16
 10
58.9280
 20
21.6535
 30
0.0000
  0
SEQEND
  8
0
  0
POLYLINE
  8
16
 66
1
 10
0.0000
 20
0.0000
 30
0.0000
 40
0.1270
 41
0.1270
 70
0
  0
VERTEX
  8
16
 10
41.9100
 20
21.6535
 30
0.0000
 42
1.0000
  0
VERTEX
  8
16
 10
41.9100
 20
21.5265
 30
0.0000
  0
SEQEND
  8
0
  0
POLYLINE
  8
16
 66
1
 10
0.0000
 20
0.0000
 30
0.0000
 40
0.2540
 41
0.2540
 70
0
  0
VERTEX
  8
16
 10
52.0700
 20
12.9540
 30
0.0000
  0
VERTEX
  8
16
 10
50.8000
 20
12.7000
 30
0.0000
  0
SEQEND
  8
0
  0
POLYLINE
  8
16
 66
1
 10
0.0000
 20
0.0000
 30
0.0000
 40
0.1270
 41
0.1270
 70
0
  0
VERTEX
  8
16
 10
50.7875
 20
12.7623
 30
0.0000
 42
1.0000
  0
VERTEX
  8
16
 10
50.8125
 20
12.6377
 30
0.0000
  0
SEQEND
  8
0
  0
POLYLINE
  8
16
 66
1
 10
0.0000
 20
0.0000
 30
0.0000
 40
0.1270
 41
0.1270
 70
0
  0
VERTEX
  8
16
 10
52.0825
 20
12.8917
 30
0.0000
 42
1.0000
  0
VERTEX
  8
16
 10
52.0575
 20
13.0163
 30
0.0000
  0
SEQEND
  8
0
  0
POLYLINE
  8
16
 66
1
 10
0.0000
 20
0.0000
 30
0.0000
 40
0.2540
 41
0.2540
 70
0
  0
VERTEX
  8
16
 10
38.1000
 20
17.7800
 30
0.0000
  0
VERTEX
  8
16
 10
41.9100
 20
21.5900
 30
0.0000
  0
SEQEND
  8
0
  0
POLYLINE
  8
16
 66
1
 10
0.0000
 20
0.0000
 30
0.0000
 40
0.1270
 41
0.1270
 70
0
  0
VERTEX
  8
16
 10
41.9549
 20
21.5451
 30
0.0000
 42
1.0000
  0
VERTEX
  8
16
 10
41.8651
 20
21.6349
 30
0.0000
  0
SEQEND
  8
0
  0
POLYLINE
  8
16
 66
1
 10
0.0000
 20
0.0000
 30
0.0000
 40
0.1270
 41
0.1270
 70
0
  0
VERTEX
  8
16
 10
38.0551
 20
17.8249
 30
0.0000
 42
1.0000
  0
VERTEX
  8
16
 10
38.1449
 20
17.7351
 30
0.0000
  0
SEQEND
  8
0
  0
POLYLINE
  8
16
 66
1
 10
0.0000
 20
0.0000
 30
0.0000
 40
0.2540
 41
0.2540
 70
0
  0
VERTEX
  8
16
 10
81.0260
 20
4.5720
 30
0.0000
  0
VERTEX
  8
16
 10
81.0260
 20
5.0800
 30
0.0000
  0
SEQEND
  8
0
  0
POLYLINE
  8
16
 66
1
 10
0.0000
 20
0.0000
 30
0.0000
 40
0.1270
 41
0.1270
 70
0
  0
VERTEX
  8
16
 10
81.0895
 20
5.0800
 30
0.0000
 42
1.0000
  0
VERTEX
  8
16
 10
80.9625
 20
5.0800
 30
0.0000
  0
SEQEND
  8
0
  0
POLYLINE
  8
16
 66
1
 10
0.0000
 20
0.0000
 30
0.0000
 40
0.1270
 41
0.1270
 70
0
  0
VERTEX
  8
16
 10
80.9625
 20
4.5720
 30
0.0000
 42
1.0000
  0
VERTEX
  8
16
 10
81.0895
 20
4.5720
 30
0.0000
  0
SEQEND
  8
0
  0
POLYLINE
  8
16
 66
1
 10
0.0000
 20
0.0000
 30
0.0000
 40
0.2540
 41
0.2540
 70
0
  0
VERTEX
  8
16
 10
81.0260
 20
5.0800
 30
0.0000
  0
VERTEX
  8
16
 10
81.2800
 20
6.3500
 30
0.0000
  0
SEQEND
  8
0
  0
POLYLINE
  8
16
 66
1
 10
0.0000
 20
0.0000
 30
0.0000
 40
0.1270
 41
0.1270
 70
0
  0
VERTEX
  8
16
 10
81.3423
 20
6.3375
 30
0.0000
 42
1.0000
  0
VERTEX
  8
16
 10
81.2177
 20
6.3625
 30
0.0000
  0
SEQEND
  8
0
  0
POLYLINE
  8
16
 66
1
 10
0.0000
 20
0.0000
 30
0.0000
 40
0.1270
 41
0.1270
 70
0
  0
VERTEX
  8
16
 10
80.9637
 20
5.0925
 30
0.0000
 42
1.0000
  0
VERTEX
  8
16
 10
81.0883
 20
5.0675
 30
0.0000
  0
SEQEND
  8
0
  0
POLYLINE
  8
16
 66
1
 10
0.0000
 20
0.0000
 30
0.0000
 40
0.2540
 41
0.2540
 70
0
  0
VERTEX
  8
16
 10
81.0260
 20
4.5720
 30
0.0000
  0
VERTEX
  8
16
 10
81.2800
 20
3.8100
 30
0.0000
  0
SEQEND
  8
0
  0
POLYLINE
  8
16
 66
1
 10
0.0000
 20
0.0000
 30
0.0000
 40
0.1270
 41
0.1270
 70
0
  0
VERTEX
  8
16
 10
81.2198
 20
3.7899
 30
0.0000
 42
1.0000
  0
VERTEX
  8
16
 10
81.3402
 20
3.8301
 30
0.0000
  0
SEQEND
  8
0
  0
POLYLINE
  8
16
 66
1
 10
0.0000
 20
0.0000
 30
0.0000
 40
0.1270
 41
0.1270
 70
0
  0
VERTEX
  8
16
 10
81.0862
 20
4.5921
 30
0.0000
 42
1.0000
  0
VERTEX
  8
16
 10
80.9658
 20
4.5519
 30
0.0000
  0
SEQEND
  8
0
  0
POLYLINE
  8
16
 66
1
 10
0.0000
 20
0.0000
 30
0.0000
 40
0.2540
 41
0.2540
 70
0
  0
VERTEX
  8
16
 10
52.5780
 20
12.9540
 30
0.0000
  0
VERTEX
  8
16
 10
53.3400
 20
12.7000
 30
0.0000
  0
SEQEND
  8
0
  0
POLYLINE
  8
16
 66
1
 10
0.0000
 20
0.0000
 30
0.0000
 40
0.1270
 41
0.1270
 70
0
  0
VERTEX
  8
16
 10
53.3199
 20
12.6398
 30
0.0000
 42
1.0000
  0
VERTEX
  8
16
 10
53.3601
 20
12.7602
 30
0.0000
  0
SEQEND
  8
0
  0
POLYLINE
  8
16
 66
1
 10
0.0000
 20
0.0000
 30
0.0000
 40
0.1270
 41
0.1270
 70
0
  0
VERTEX
  8
16
 10
52.5981
 20
13.0142
 30
0.0000
 42
1.0000
  0
VERTEX
  8
16
 10
52.5579
 20
12.8938
 30
0.0000
  0
SEQEND
  8
0
  0
POLYLINE
  8
16
 66
1
 10
0.0000
 20
0.0000
 30
0.0000
 40
0.2540
 41
0.2540
 70
0
  0
VERTEX
  8
16
 10
52.0700
 20
9.9060
 30
0.0000
  0
VERTEX
  8
16
 10
52.5780
 20
9.9060
 30
0.0000
  0
SEQEND
  8
0
  0
POLYLINE
  8
16
 66
1
 10
0.0000
 20
0.0000
 30
0.0000
 40
0.1270
 41
0.1270
 70
0
  0
VERTEX
  8
16
 10
52.5780
 20
9.8425
 30
0.0000
 42
1.0000
  0
VERTEX
  8
16
 10
52.5780
 20
9.9695
 30
0.0000
  0
SEQEND
  8
0
  0
POLYLINE
  8
16
 66
1
 10
0.0000
 20
0.0000
 30
0.0000
 40
0.1270
 41
0.1270
 70
0
  0
VERTEX
  8
16
 10
52.0700
 20
9.9695
 30
0.0000
 42
1.0000
  0
VERTEX
  8
16
 10
52.0700
 20
9.8425
 30
0.0000
  0
SEQEND
  8
0
  0
POLYLINE
  8
16
 66
1
 10
0.0000
 20
0.0000
 30
0.0000
 40
0.2540
 41
0.2540
 70
0
  0
VERTEX
  8
16
 10
50.8000
 20
10.1600
 30
0.0000
  0
VERTEX
  8
16
 10
52.0700
 20
9.9060
 30
0.0000
  0
SEQEND
  8
0
  0
POLYLINE
  8
16
 66
1
 10
0.0000
 20
0.0000
 30
0.0000
 40
0.1270
 41
0.1270
 70
0
  0
VERTEX
  8
16
 10
52.0575
 20
9.8437
 30
0.0000
 42
1.0000
  0
VERTEX
  8
16
 10
52.0825
 20
9.9683
 30
0.0000
  0
SEQEND
  8
0
  0
POLYLINE
  8
16
 66
1
 10
0.0000
 20
0.0000
 30
0.0000
 40
0.1270
 41
0.1270
 70
0
  0
VERTEX
  8
16
 10
50.8125
 20
10.2223
 30
0.0000
 42
1.0000
  0
VERTEX
  8
16
 10
50.7875
 20
10.0977
 30
0.0000
  0
SEQEND
  8
0
  0
POLYLINE
  8
16
 66
1
 10
0.0000
 20
0.0000
 30
0.0000
 40
0.2540
 41
0.2540
 70
0
  0
VERTEX
  8
16
 10
26.6700
 20
7.8740
 30
0.0000
  0
VERTEX
  8
16
 10
29.2100
 20
7.8740
 30
0.0000
  0
SEQEND
  8
0
  0
POLYLINE
  8
16
 66
1
 10
0.0000
 20
0.0000
 30
0.0000
 40
0.1270
 41
0.1270
 70
0
  0
VERTEX
  8
16
 10
29.2100
 20
7.8105
 30
0.0000
 42
1.0000
  0
VERTEX
  8
16
 10
29.2100
 20
7.9375
 30
0.0000
  0
SEQEND
  8
0
  0
POLYLINE
  8
16
 66
1
 10
0.0000
 20
0.0000
 30
0.0000
 40
0.1270
 41
0.1270
 70
0
  0
VERTEX
  8
16
 10
26.6700
 20
7.9375
 30
0.0000
 42
1.0000
  0
VERTEX
  8
16
 10
26.6700
 20
7.8105
 30
0.0000
  0
SEQEND
  8
0
  0
POLYLINE
  8
16
 66
1
 10
0.0000
 20
0.0000
 30
0.0000
 40
0.2540
 41
0.2540
 70
0
  0
VERTEX
  8
16
 10
26.1620
 20
8.3820
 30
0.0000
  0
VERTEX
  8
16
 10
26.6700
 20
7.8740
 30
0.0000
  0
SEQEND
  8
0
  0
POLYLINE
  8
16
 66
1
 10
0.0000
 20
0.0000
 30
0.0000
 40
0.1270
 41
0.1270
 70
0
  0
VERTEX
  8
16
 10
26.6251
 20
7.8291
 30
0.0000
 42
1.0000
  0
VERTEX
  8
16
 10
26.7149
 20
7.9189
 30
0.0000
  0
SEQEND
  8
0
  0
POLYLINE
  8
16
 66
1
 10
0.0000
 20
0.0000
 30
0.0000
 40
0.1270
 41
0.1270
 70
0
  0
VERTEX
  8
16
 10
26.2069
 20
8.4269
 30
0.0000
 42
1.0000
  0
VERTEX
  8
16
 10
26.1171
 20
8.3371
 30
0.0000
  0
SEQEND
  8
0
  0
POLYLINE
  8
16
 66
1
 10
0.0000
 20
0.0000
 30
0.0000
 40
0.2540
 41
0.2540
 70
0
  0
VERTEX
  8
16
 10
25.6540
 20
8.3820
 30
0.0000
  0
VERTEX
  8
16
 10
26.1620
 20
8.3820
 30
0.0000
  0
SEQEND
  8
0
  0
POLYLINE
  8
16
 66
1
 10
0.0000
 20
0.0000
 30
0.0000
 40
0.1270
 41
0.1270
 70
0
  0
VERTEX
  8
16
 10
26.1620
 20
8.3185
 30
0.0000
 42
1.0000
  0
VERTEX
  8
16
 10
26.1620
 20
8.4455
 30
0.0000
  0
SEQEND
  8
0
  0
POLYLINE
  8
16
 66
1
 10
0.0000
 20
0.0000
 30
0.0000
 40
0.1270
 41
0.1270
 70
0
  0
VERTEX
  8
16
 10
25.6540
 20
8.4455
 30
0.0000
 42
1.0000
  0
VERTEX
  8
16
 10
25.6540
 20
8.3185
 30
0.0000
  0
SEQEND
  8
0
  0
POLYLINE
  8
16
 66
1
 10
0.0000
 20
0.0000
 30
0.0000
 40
0.2540
 41
0.2540
 70
0
  0
VERTEX
  8
16
 10
29.2100
 20
7.8740
 30
0.0000
  0
VERTEX
  8
16
 10
30.4800
 20
7.6200
 30
0.0000
  0
SEQEND
  8
0
  0
POLYLINE
  8
16
 66
1
 10
0.0000
 20
0.0000
 30
0.0000
 40
0.1270
 41
0.1270
 70
0
  0
VERTEX
  8
16
 10
30.4675
 20
7.5577
 30
0.0000
 42
1.0000
  0
VERTEX
  8
16
 10
30.4925
 20
7.6823
 30
0.0000
  0
SEQEND
  8
0
  0
POLYLINE
  8
16
 66
1
 10
0.0000
 20
0.0000
 30
0.0000
 40
0.1270
 41
0.1270
 70
0
  0
VERTEX
  8
16
 10
29.2225
 20
7.9363
 30
0.0000
 42
1.0000
  0
VERTEX
  8
16
 10
29.1975
 20
7.8117
 30
0.0000
  0
SEQEND
  8
0
  0
POLYLINE
  8
16
 66
1
 10
0.0000
 20
0.0000
 30
0.0000
 40
0.2540
 41
0.2540
 70
0
  0
VERTEX
  8
16
 10
48.0060
 20
9.9060
 30
0.0000
  0
VERTEX
  8
16
 10
49.5300
 20
9.9060
 30
0.0000
  0
SEQEND
  8
0
  0
POLYLINE
  8
16
 66
1
 10
0.0000
 20
0.0000
 30
0.0000
 40
0.1270
 41
0.1270
 70
0
  0
VERTEX
  8
16
 10
49.5300
 20
9.8425
 30
0.0000
 42
1.0000
  0
VERTEX
  8
16
 10
49.5300
 20
9.9695
 30
0.0000
  0
SEQEND
  8
0
  0
POLYLINE
  8
16
 66
1
 10
0.0000
 20
0.0000
 30
0.0000
 40
0.1270
 41
0.1270
 70
0
  0
VERTEX
  8
16
 10
48.0060
 20
9.9695
 30
0.0000
 42
1.0000
  0
VERTEX
  8
16
 10
48.0060
 20
9.8425
 30
0.0000
  0
SEQEND
  8
0
  0
POLYLINE
  8
16
 66
1
 10
0.0000
 20
0.0000
 30
0.0000
 40
0.2540
 41
0.2540
 70
0
  0
VERTEX
  8
16
 10
44.4500
 20
6.3500
 30
0.0000
  0
VERTEX
  8
16
 10
48.0060
 20
9.9060
 30
0.0000
  0
SEQEND
  8
0
  0
POLYLINE
  8
16
 66
1
 10
0.0000
 20
0.0000
 30
0.0000
 40
0.1270
 41
0.1270
 70
0
  0
VERTEX
  8
16
 10
48.0509
 20
9.8611
 30
0.0000
 42
1.0000
  0
VERTEX
  8
16
 10
47.9611
 20
9.9509
 30
0.0000
  0
SEQEND
  8
0
  0
POLYLINE
  8
16
 66
1
 10
0.0000
 20
0.0000
 30
0.0000
 40
0.1270
 41
0.1270
 70
0
  0
VERTEX
  8
16
 10
44.4051
 20
6.3949
 30
0.0000
 42
1.0000
  0
VERTEX
  8
16
 10
44.4949
 20
6.3051
 30
0.0000
  0
SEQEND
  8
0
  0
POLYLINE
  8
16
 66
1
 10
0.0000
 20
0.0000
 30
0.0000
 40
0.2540
 41
0.2540
 70
0
  0
VERTEX
  8
16
 10
36.3220
 20
6.3500
 30
0.0000
  0
VERTEX
  8
16
 10
44.4500
 20
6.3500
 30
0.0000
  0
SEQEND
  8
0
  0
POLYLINE
  8
16
 66
1
 10
0.0000
 20
0.0000
 30
0.0000
 40
0.1270
 41
0.1270
 70
0
  0
VERTEX
  8
16
 10
44.4500
 20
6.2865
 30
0.0000
 42
1.0000
  0
VERTEX
  8
16
 10
44.4500
 20
6.4135
 30
0.0000
  0
SEQEND
  8
0
  0
POLYLINE
  8
16
 66
1
 10
0.0000
 20
0.0000
 30
0.0000
 40
0.1270
 41
0.1270
 70
0
  0
VERTEX
  8
16
 10
36.3220
 20
6.4135
 30
0.0000
 42
1.0000
  0
VERTEX
  8
16
 10
36.3220
 20
6.2865
 30
0.0000
  0
SEQEND
  8
0
  0
POLYLINE
  8
16
 66
1
 10
0.0000
 20
0.0000
 30
0.0000
 40
0.2540
 41
0.2540
 70
0
  0
VERTEX
  8
16
 10
35.3060
 20
7.3660
 30
0.0000
  0
VERTEX
  8
16
 10
36.3220
 20
6.3500
 30
0.0000
  0
SEQEND
  8
0
  0
POLYLINE
  8
16
 66
1
 10
0.0000
 20
0.0000
 30
0.0000
 40
0.1270
 41
0.1270
 70
0
  0
VERTEX
  8
16
 10
36.2771
 20
6.3051
 30
0.0000
 42
1.0000
  0
VERTEX
  8
16
 10
36.3669
 20
6.3949
 30
0.0000
  0
SEQEND
  8
0
  0
POLYLINE
  8
16
 66
1
 10
0.0000
 20
0.0000
 30
0.0000
 40
0.1270
 41
0.1270
 70
0
  0
VERTEX
  8
16
 10
35.3509
 20
7.4109
 30
0.0000
 42
1.0000
  0
VERTEX
  8
16
 10
35.2611
 20
7.3211
 30
0.0000
  0
SEQEND
  8
0
  0
POLYLINE
  8
16
 66
1
 10
0.0000
 20
0.0000
 30
0.0000
 40
0.2540
 41
0.2540
 70
0
  0
VERTEX
  8
16
 10
31.7500
 20
7.3660
 30
0.0000
  0
VERTEX
  8
16
 10
35.3060
 20
7.3660
 30
0.0000
  0
SEQEND
  8
0
  0
POLYLINE
  8
16
 66
1
 10
0.0000
 20
0.0000
 30
0.0000
 40
0.1270
 41
0.1270
 70
0
  0
VERTEX
  8
16
 10
35.3060
 20
7.3025
 30
0.0000
 42
1.0000
  0
VERTEX
  8
16
 10
35.3060
 20
7.4295
 30
0.0000
  0
SEQEND
  8
0
  0
POLYLINE
  8
16
 66
1
 10
0.0000
 20
0.0000
 30
0.0000
 40
0.1270
 41
0.1270
 70
0
  0
VERTEX
  8
16
 10
31.7500
 20
7.4295
 30
0.0000
 42
1.0000
  0
VERTEX
  8
16
 10
31.7500
 20
7.3025
 30
0.0000
  0
SEQEND
  8
0
  0
POLYLINE
  8
16
 66
1
 10
0.0000
 20
0.0000
 30
0.0000
 40
0.2540
 41
0.2540
 70
0
  0
VERTEX
  8
16
 10
49.5300
 20
9.9060
 30
0.0000
  0
VERTEX
  8
16
 10
50.8000
 20
10.1600
 30
0.0000
  0
SEQEND
  8
0
  0
POLYLINE
  8
16
 66
1
 10
0.0000
 20
0.0000
 30
0.0000
 40
0.1270
 41
0.1270
 70
0
  0
VERTEX
  8
16
 10
50.8125
 20
10.0977
 30
0.0000
 42
1.0000
  0
VERTEX
  8
16
 10
50.7875
 20
10.2223
 30
0.0000
  0
SEQEND
  8
0
  0
POLYLINE
  8
16
 66
1
 10
0.0000
 20
0.0000
 30
0.0000
 40
0.1270
 41
0.1270
 70
0
  0
VERTEX
  8
16
 10
49.5175
 20
9.9683
 30
0.0000
 42
1.0000
  0
VERTEX
  8
16
 10
49.5425
 20
9.8437
 30
0.0000
  0
SEQEND
  8
0
  0
POLYLINE
  8
16
 66
1
 10
0.0000
 20
0.0000
 30
0.0000
 40
0.2540
 41
0.2540
 70
0
  0
VERTEX
  8
16
 10
30.4800
 20
7.6200
 30
0.0000
  0
VERTEX
  8
16
 10
31.7500
 20
7.3660
 30
0.0000
  0
SEQEND
  8
0
  0
POLYLINE
  8
16
 66
1
 10
0.0000
 20
0.0000
 30
0.0000
 40
0.1270
 41
0.1270
 70
0
  0
VERTEX
  8
16
 10
31.7375
 20
7.3037
 30
0.0000
 42
1.0000
  0
VERTEX
  8
16
 10
31.7625
 20
7.4283
 30
0.0000
  0
SEQEND
  8
0
  0
POLYLINE
  8
16
 66
1
 10
0.0000
 20
0.0000
 30
0.0000
 40
0.1270
 41
0.1270
 70
0
  0
VERTEX
  8
16
 10
30.4925
 20
7.6823
 30
0.0000
 42
1.0000
  0
VERTEX
  8
16
 10
30.4675
 20
7.5577
 30
0.0000
  0
SEQEND
  8
0
  0
POLYLINE
  8
16
 66
1
 10
0.0000
 20
0.0000
 30
0.0000
 40
0.2540
 41
0.2540
 70
0
  0
VERTEX
  8
16
 10
36.3220
 20
5.3340
 30
0.0000
  0
VERTEX
  8
16
 10
36.8300
 20
5.3340
 30
0.0000
  0
SEQEND
  8
0
  0
POLYLINE
  8
16
 66
1
 10
0.0000
 20
0.0000
 30
0.0000
 40
0.1270
 41
0.1270
 70
0
  0
VERTEX
  8
16
 10
36.8300
 20
5.2705
 30
0.0000
 42
1.0000
  0
VERTEX
  8
16
 10
36.8300
 20
5.3975
 30
0.0000
  0
SEQEND
  8
0
  0
POLYLINE
  8
16
 66
1
 10
0.0000
 20
0.0000
 30
0.0000
 40
0.1270
 41
0.1270
 70
0
  0
VERTEX
  8
16
 10
36.3220
 20
5.3975
 30
0.0000
 42
1.0000
  0
VERTEX
  8
16
 10
36.3220
 20
5.2705
 30
0.0000
  0
SEQEND
  8
0
  0
POLYLINE
  8
16
 66
1
 10
0.0000
 20
0.0000
 30
0.0000
 40
0.2540
 41
0.2540
 70
0
  0
VERTEX
  8
16
 10
35.8140
 20
5.8420
 30
0.0000
  0
VERTEX
  8
16
 10
36.3220
 20
5.3340
 30
0.0000
  0
SEQEND
  8
0
  0
POLYLINE
  8
16
 66
1
 10
0.0000
 20
0.0000
 30
0.0000
 40
0.1270
 41
0.1270
 70
0
  0
VERTEX
  8
16
 10
36.2771
 20
5.2891
 30
0.0000
 42
1.0000
  0
VERTEX
  8
16
 10
36.3669
 20
5.3789
 30
0.0000
  0
SEQEND
  8
0
  0
POLYLINE
  8
16
 66
1
 10
0.0000
 20
0.0000
 30
0.0000
 40
0.1270
 41
0.1270
 70
0
  0
VERTEX
  8
16
 10
35.8589
 20
5.8869
 30
0.0000
 42
1.0000
  0
VERTEX
  8
16
 10
35.7691
 20
5.7971
 30
0.0000
  0
SEQEND
  8
0
  0
POLYLINE
  8
16
 66
1
 10
0.0000
 20
0.0000
 30
0.0000
 40
0.2540
 41
0.2540
 70
0
  0
VERTEX
  8
16
 10
32.2580
 20
5.8420
 30
0.0000
  0
VERTEX
  8
16
 10
35.8140
 20
5.8420
 30
0.0000
  0
SEQEND
  8
0
  0
POLYLINE
  8
16
 66
1
 10
0.0000
 20
0.0000
 30
0.0000
 40
0.1270
 41
0.1270
 70
0
  0
VERTEX
  8
16
 10
35.8140
 20
5.7785
 30
0.0000
 42
1.0000
  0
VERTEX
  8
16
 10
35.8140
 20
5.9055
 30
0.0000
  0
SEQEND
  8
0
  0
POLYLINE
  8
16
 66
1
 10
0.0000
 20
0.0000
 30
0.0000
 40
0.1270
 41
0.1270
 70
0
  0
VERTEX
  8
16
 10
32.2580
 20
5.9055
 30
0.0000
 42
1.0000
  0
VERTEX
  8
16
 10
32.2580
 20
5.7785
 30
0.0000
  0
SEQEND
  8
0
  0
POLYLINE
  8
16
 66
1
 10
0.0000
 20
0.0000
 30
0.0000
 40
0.2540
 41
0.2540
 70
0
  0
VERTEX
  8
16
 10
31.7500
 20
6.3500
 30
0.0000
  0
VERTEX
  8
16
 10
32.2580
 20
5.8420
 30
0.0000
  0
SEQEND
  8
0
  0
POLYLINE
  8
16
 66
1
 10
0.0000
 20
0.0000
 30
0.0000
 40
0.1270
 41
0.1270
 70
0
  0
VERTEX
  8
16
 10
32.2131
 20
5.7971
 30
0.0000
 42
1.0000
  0
VERTEX
  8
16
 10
32.3029
 20
5.8869
 30
0.0000
  0
SEQEND
  8
0
  0
POLYLINE
  8
16
 66
1
 10
0.0000
 20
0.0000
 30
0.0000
 40
0.1270
 41
0.1270
 70
0
  0
VERTEX
  8
16
 10
31.7949
 20
6.3949
 30
0.0000
 42
1.0000
  0
VERTEX
  8
16
 10
31.7051
 20
6.3051
 30
0.0000
  0
SEQEND
  8
0
  0
POLYLINE
  8
16
 66
1
 10
0.0000
 20
0.0000
 30
0.0000
 40
0.2540
 41
0.2540
 70
0
  0
VERTEX
  8
16
 10
26.4160
 20
6.3500
 30
0.0000
  0
VERTEX
  8
16
 10
31.7500
 20
6.3500
 30
0.0000
  0
SEQEND
  8
0
  0
POLYLINE
  8
16
 66
1
 10
0.0000
 20
0.0000
 30
0.0000
 40
0.1270
 41
0.1270
 70
0
  0
VERTEX
  8
16
 10
31.7500
 20
6.2865
 30
0.0000
 42
1.0000
  0
VERTEX
  8
16
 10
31.7500
 20
6.4135
 30
0.0000
  0
SEQEND
  8
0
  0
POLYLINE
  8
16
 66
1
 10
0.0000
 20
0.0000
 30
0.0000
 40
0.1270
 41
0.1270
 70
0
  0
VERTEX
  8
16
 10
26.4160
 20
6.4135
 30
0.0000
 42
1.0000
  0
VERTEX
  8
16
 10
26.4160
 20
6.2865
 30
0.0000
  0
SEQEND
  8
0
  0
POLYLINE
  8
16
 66
1
 10
0.0000
 20
0.0000
 30
0.0000
 40
0.2540
 41
0.2540
 70
0
  0
VERTEX
  8
16
 10
26.1620
 20
6.0960
 30
0.0000
  0
VERTEX
  8
16
 10
26.4160
 20
6.3500
 30
0.0000
  0
SEQEND
  8
0
  0
POLYLINE
  8
16
 66
1
 10
0.0000
 20
0.0000
 30
0.0000
 40
0.1270
 41
0.1270
 70
0
  0
VERTEX
  8
16
 10
26.4609
 20
6.3051
 30
0.0000
 42
1.0000
  0
VERTEX
  8
16
 10
26.3711
 20
6.3949
 30
0.0000
  0
SEQEND
  8
0
  0
POLYLINE
  8
16
 66
1
 10
0.0000
 20
0.0000
 30
0.0000
 40
0.1270
 41
0.1270
 70
0
  0
VERTEX
  8
16
 10
26.1171
 20
6.1409
 30
0.0000
 42
1.0000
  0
VERTEX
  8
16
 10
26.2069
 20
6.0511
 30
0.0000
  0
SEQEND
  8
0
  0
POLYLINE
  8
16
 66
1
 10
0.0000
 20
0.0000
 30
0.0000
 40
0.2540
 41
0.2540
 70
0
  0
VERTEX
  8
16
 10
24.1300
 20
6.0960
 30
0.0000
  0
VERTEX
  8
16
 10
26.1620
 20
6.0960
 30
0.0000
  0
SEQEND
  8
0
  0
POLYLINE
  8
16
 66
1
 10
0.0000
 20
0.0000
 30
0.0000
 40
0.1270
 41
0.1270
 70
0
  0
VERTEX
  8
16
 10
26.1620
 20
6.0325
 30
0.0000
 42
1.0000
  0
VERTEX
  8
16
 10
26.1620
 20
6.1595
 30
0.0000
  0
SEQEND
  8
0
  0
POLYLINE
  8
16
 66
1
 10
0.0000
 20
0.0000
 30
0.0000
 40
0.1270
 41
0.1270
 70
0
  0
VERTEX
  8
16
 10
24.1300
 20
6.1595
 30
0.0000
 42
1.0000
  0
VERTEX
  8
16
 10
24.1300
 20
6.0325
 30
0.0000
  0
SEQEND
  8
0
  0
POLYLINE
  8
16
 66
1
 10
0.0000
 20
0.0000
 30
0.0000
 40
0.2540
 41
0.2540
 70
0
  0
VERTEX
  8
16
 10
23.8760
 20
6.3500
 30
0.0000
  0
VERTEX
  8
16
 10
24.1300
 20
6.0960
 30
0.0000
  0
SEQEND
  8
0
  0
POLYLINE
  8
16
 66
1
 10
0.0000
 20
0.0000
 30
0.0000
 40
0.1270
 41
0.1270
 70
0
  0
VERTEX
  8
16
 10
24.0851
 20
6.0511
 30
0.0000
 42
1.0000
  0
VERTEX
  8
16
 10
24.1749
 20
6.1409
 30
0.0000
  0
SEQEND
  8
0
  0
POLYLINE
  8
16
 66
1
 10
0.0000
 20
0.0000
 30
0.0000
 40
0.1270
 41
0.1270
 70
0
  0
VERTEX
  8
16
 10
23.9209
 20
6.3949
 30
0.0000
 42
1.0000
  0
VERTEX
  8
16
 10
23.8311
 20
6.3051
 30
0.0000
  0
SEQEND
  8
0
  0
POLYLINE
  8
16
 66
1
 10
0.0000
 20
0.0000
 30
0.0000
 40
0.2540
 41
0.2540
 70
0
  0
VERTEX
  8
16
 10
23.8760
 20
6.3500
 30
0.0000
  0
VERTEX
  8
16
 10
23.8760
 20
10.6680
 30
0.0000
  0
SEQEND
  8
0
  0
POLYLINE
  8
16
 66
1
 10
0.0000
 20
0.0000
 30
0.0000
 40
0.1270
 41
0.1270
 70
0
  0
VERTEX
  8
16
 10
23.9395
 20
10.6680
 30
0.0000
 42
1.0000
  0
VERTEX
  8
16
 10
23.8125
 20
10.6680
 30
0.0000
  0
SEQEND
  8
0
  0
POLYLINE
  8
16
 66
1
 10
0.0000
 20
0.0000
 30
0.0000
 40
0.1270
 41
0.1270
 70
0
  0
VERTEX
  8
16
 10
23.8125
 20
6.3500
 30
0.0000
 42
1.0000
  0
VERTEX
  8
16
 10
23.9395
 20
6.3500
 30
0.0000
  0
SEQEND
  8
0
  0
POLYLINE
  8
16
 66
1
 10
0.0000
 20
0.0000
 30
0.0000
 40
0.2540
 41
0.2540
 70
0
  0
VERTEX
  8
16
 10
23.8760
 20
10.6680
 30
0.0000
  0
VERTEX
  8
16
 10
24.6380
 20
11.4300
 30
0.0000
  0
SEQEND
  8
0
  0
POLYLINE
  8
16
 66
1
 10
0.0000
 20
0.0000
 30
0.0000
 40
0.1270
 41
0.1270
 70
0
  0
VERTEX
  8
16
 10
24.6829
 20
11.3851
 30
0.0000
 42
1.0000
  0
VERTEX
  8
16
 10
24.5931
 20
11.4749
 30
0.0000
  0
SEQEND
  8
0
  0
POLYLINE
  8
16
 66
1
 10
0.0000
 20
0.0000
 30
0.0000
 40
0.1270
 41
0.1270
 70
0
  0
VERTEX
  8
16
 10
23.8311
 20
10.7129
 30
0.0000
 42
1.0000
  0
VERTEX
  8
16
 10
23.9209
 20
10.6231
 30
0.0000
  0
SEQEND
  8
0
  0
POLYLINE
  8
16
 66
1
 10
0.0000
 20
0.0000
 30
0.0000
 40
0.2540
 41
0.2540
 70
0
  0
VERTEX
  8
16
 10
24.6380
 20
11.4300
 30
0.0000
  0
VERTEX
  8
16
 10
34.2900
 20
11.4300
 30
0.0000
  0
SEQEND
  8
0
  0
POLYLINE
  8
16
 66
1
 10
0.0000
 20
0.0000
 30
0.0000
 40
0.1270
 41
0.1270
 70
0
  0
VERTEX
  8
16
 10
34.2900
 20
11.3665
 30
0.0000
 42
1.0000
  0
VERTEX
  8
16
 10
34.2900
 20
11.4935
 30
0.0000
  0
SEQEND
  8
0
  0
POLYLINE
  8
16
 66
1
 10
0.0000
 20
0.0000
 30
0.0000
 40
0.1270
 41
0.1270
 70
0
  0
VERTEX
  8
16
 10
24.6380
 20
11.4935
 30
0.0000
 42
1.0000
  0
VERTEX
  8
16
 10
24.6380
 20
11.3665
 30
0.0000
  0
SEQEND
  8
0
  0
POLYLINE
  8
16
 66
1
 10
0.0000
 20
0.0000
 30
0.0000
 40
0.2540
 41
0.2540
 70
0
  0
VERTEX
  8
16
 10
34.2900
 20
11.4300
 30
0.0000
  0
VERTEX
  8
16
 10
36.8300
 20
13.9700
 30
0.0000
  0
SEQEND
  8
0
  0
POLYLINE
  8
16
 66
1
 10
0.0000
 20
0.0000
 30
0.0000
 40
0.1270
 41
0.1270
 70
0
  0
VERTEX
  8
16
 10
36.8749
 20
13.9251
 30
0.0000
 42
1.0000
  0
VERTEX
  8
16
 10
36.7851
 20
14.0149
 30
0.0000
  0
SEQEND
  8
0
  0
POLYLINE
  8
16
 66
1
 10
0.0000
 20
0.0000
 30
0.0000
 40
0.1270
 41
0.1270
 70
0
  0
VERTEX
  8
16
 10
34.2451
 20
11.4749
 30
0.0000
 42
1.0000
  0
VERTEX
  8
16
 10
34.3349
 20
11.3851
 30
0.0000
  0
SEQEND
  8
0
  0
POLYLINE
  8
16
 66
1
 10
0.0000
 20
0.0000
 30
0.0000
 40
0.2540
 41
0.2540
 70
0
  0
VERTEX
  8
16
 10
36.8300
 20
13.9700
 30
0.0000
  0
VERTEX
  8
16
 10
40.8940
 20
13.9700
 30
0.0000
  0
SEQEND
  8
0
  0
POLYLINE
  8
16
 66
1
 10
0.0000
 20
0.0000
 30
0.0000
 40
0.1270
 41
0.1270
 70
0
  0
VERTEX
  8
16
 10
40.8940
 20
13.9065
 30
0.0000
 42
1.0000
  0
VERTEX
  8
16
 10
40.8940
 20
14.0335
 30
0.0000
  0
SEQEND
  8
0
  0
POLYLINE
  8
16
 66
1
 10
0.0000
 20
0.0000
 30
0.0000
 40
0.1270
 41
0.1270
 70
0
  0
VERTEX
  8
16
 10
36.8300
 20
14.0335
 30
0.0000
 42
1.0000
  0
VERTEX
  8
16
 10
36.8300
 20
13.9065
 30
0.0000
  0
SEQEND
  8
0
  0
POLYLINE
  8
16
 66
1
 10
0.0000
 20
0.0000
 30
0.0000
 40
0.2540
 41
0.2540
 70
0
  0
VERTEX
  8
16
 10
40.8940
 20
13.9700
 30
0.0000
  0
VERTEX
  8
16
 10
41.9100
 20
12.9540
 30
0.0000
  0
SEQEND
  8
0
  0
POLYLINE
  8
16
 66
1
 10
0.0000
 20
0.0000
 30
0.0000
 40
0.1270
 41
0.1270
 70
0
  0
VERTEX
  8
16
 10
41.8651
 20
12.9091
 30
0.0000
 42
1.0000
  0
VERTEX
  8
16
 10
41.9549
 20
12.9989
 30
0.0000
  0
SEQEND
  8
0
  0
POLYLINE
  8
16
 66
1
 10
0.0000
 20
0.0000
 30
0.0000
 40
0.1270
 41
0.1270
 70
0
  0
VERTEX
  8
16
 10
40.9389
 20
14.0149
 30
0.0000
 42
1.0000
  0
VERTEX
  8
16
 10
40.8491
 20
13.9251
 30
0.0000
  0
SEQEND
  8
0
  0
POLYLINE
  8
16
 66
1
 10
0.0000
 20
0.0000
 30
0.0000
 40
0.2540
 41
0.2540
 70
0
  0
VERTEX
  8
16
 10
36.8300
 20
5.3340
 30
0.0000
  0
VERTEX
  8
16
 10
38.1000
 20
5.0800
 30
0.0000
  0
SEQEND
  8
0
  0
POLYLINE
  8
16
 66
1
 10
0.0000
 20
0.0000
 30
0.0000
 40
0.1270
 41
0.1270
 70
0
  0
VERTEX
  8
16
 10
38.0875
 20
5.0177
 30
0.0000
 42
1.0000
  0
VERTEX
  8
16
 10
38.1125
 20
5.1423
 30
0.0000
  0
SEQEND
  8
0
  0
POLYLINE
  8
16
 66
1
 10
0.0000
 20
0.0000
 30
0.0000
 40
0.1270
 41
0.1270
 70
0
  0
VERTEX
  8
16
 10
36.8425
 20
5.3963
 30
0.0000
 42
1.0000
  0
VERTEX
  8
16
 10
36.8175
 20
5.2717
 30
0.0000
  0
SEQEND
  8
0
  0
POLYLINE
  8
16
 66
1
 10
0.0000
 20
0.0000
 30
0.0000
 40
0.2540
 41
0.2540
 70
0
  0
VERTEX
  8
16
 10
41.9100
 20
12.9540
 30
0.0000
  0
VERTEX
  8
16
 10
43.1800
 20
12.7000
 30
0.0000
  0
SEQEND
  8
0
  0
POLYLINE
  8
16
 66
1
 10
0.0000
 20
0.0000
 30
0.0000
 40
0.1270
 41
0.1270
 70
0
  0
VERTEX
  8
16
 10
43.1675
 20
12.6377
 30
0.0000
 42
1.0000
  0
VERTEX
  8
16
 10
43.1925
 20
12.7623
 30
0.0000
  0
SEQEND
  8
0
  0
POLYLINE
  8
16
 66
1
 10
0.0000
 20
0.0000
 30
0.0000
 40
0.1270
 41
0.1270
 70
0
  0
VERTEX
  8
16
 10
41.9225
 20
13.0163
 30
0.0000
 42
1.0000
  0
VERTEX
  8
16
 10
41.8975
 20
12.8917
 30
0.0000
  0
SEQEND
  8
0
  0
POLYLINE
  8
16
 66
1
 10
0.0000
 20
0.0000
 30
0.0000
 40
0.2540
 41
0.2540
 70
0
  0
VERTEX
  8
16
 10
73.4060
 20
45.7200
 30
0.0000
  0
VERTEX
  8
16
 10
73.4060
 20
48.2600
 30
0.0000
  0
SEQEND
  8
0
  0
POLYLINE
  8
16
 66
1
 10
0.0000
 20
0.0000
 30
0.0000
 40
0.1270
 41
0.1270
 70
0
  0
VERTEX
  8
16
 10
73.4695
 20
48.2600
 30
0.0000
 42
1.0000
  0
VERTEX
  8
16
 10
73.3425
 20
48.2600
 30
0.0000
  0
SEQEND
  8
0
  0
POLYLINE
  8
16
 66
1
 10
0.0000
 20
0.0000
 30
0.0000
 40
0.1270
 41
0.1270
 70
0
  0
VERTEX
  8
16
 10
73.3425
 20
45.7200
 30
0.0000
 42
1.0000
  0
VERTEX
  8
16
 10
73.4695
 20
45.7200
 30
0.0000
  0
SEQEND
  8
0
  0
POLYLINE
  8
16
 66
1
 10
0.0000
 20
0.0000
 30
0.0000
 40
0.2540
 41
0.2540
 70
0
  0
VERTEX
  8
16
 10
73.6600
 20
44.4500
 30
0.0000
  0
VERTEX
  8
16
 10
73.4060
 20
45.7200
 30
0.0000
  0
SEQEND
  8
0
  0
POLYLINE
  8
16
 66
1
 10
0.0000
 20
0.0000
 30
0.0000
 40
0.1270
 41
0.1270
 70
0
  0
VERTEX
  8
16
 10
73.4683
 20
45.7325
 30
0.0000
 42
1.0000
  0
VERTEX
  8
16
 10
73.3437
 20
45.7075
 30
0.0000
  0
SEQEND
  8
0
  0
POLYLINE
  8
16
 66
1
 10
0.0000
 20
0.0000
 30
0.0000
 40
0.1270
 41
0.1270
 70
0
  0
VERTEX
  8
16
 10
73.5977
 20
44.4375
 30
0.0000
 42
1.0000
  0
VERTEX
  8
16
 10
73.7223
 20
44.4625
 30
0.0000
  0
SEQEND
  8
0
  0
POLYLINE
  8
16
 66
1
 10
0.0000
 20
0.0000
 30
0.0000
 40
0.2540
 41
0.2540
 70
0
  0
VERTEX
  8
16
 10
73.4060
 20
48.2600
 30
0.0000
  0
VERTEX
  8
16
 10
73.6600
 20
49.5300
 30
0.0000
  0
SEQEND
  8
0
  0
POLYLINE
  8
16
 66
1
 10
0.0000
 20
0.0000
 30
0.0000
 40
0.1270
 41
0.1270
 70
0
  0
VERTEX
  8
16
 10
73.7223
 20
49.5175
 30
0.0000
 42
1.0000
  0
VERTEX
  8
16
 10
73.5977
 20
49.5425
 30
0.0000
  0
SEQEND
  8
0
  0
POLYLINE
  8
16
 66
1
 10
0.0000
 20
0.0000
 30
0.0000
 40
0.1270
 41
0.1270
 70
0
  0
VERTEX
  8
16
 10
73.3437
 20
48.2725
 30
0.0000
 42
1.0000
  0
VERTEX
  8
16
 10
73.4683
 20
48.2475
 30
0.0000
  0
SEQEND
  8
0
  0
POLYLINE
  8
16
 66
1
 10
0.0000
 20
0.0000
 30
0.0000
 40
0.2540
 41
0.2540
 70
0
  0
VERTEX
  8
16
 10
70.3580
 20
51.5620
 30
0.0000
  0
VERTEX
  8
16
 10
68.8340
 20
50.0380
 30
0.0000
  0
SEQEND
  8
0
  0
POLYLINE
  8
16
 66
1
 10
0.0000
 20
0.0000
 30
0.0000
 40
0.1270
 41
0.1270
 70
0
  0
VERTEX
  8
16
 10
68.7891
 20
50.0829
 30
0.0000
 42
1.0000
  0
VERTEX
  8
16
 10
68.8789
 20
49.9931
 30
0.0000
  0
SEQEND
  8
0
  0
POLYLINE
  8
16
 66
1
 10
0.0000
 20
0.0000
 30
0.0000
 40
0.1270
 41
0.1270
 70
0
  0
VERTEX
  8
16
 10
70.4029
 20
51.5171
 30
0.0000
 42
1.0000
  0
VERTEX
  8
16
 10
70.3131
 20
51.6069
 30
0.0000
  0
SEQEND
  8
0
  0
POLYLINE
  8
16
 66
1
 10
0.0000
 20
0.0000
 30
0.0000
 40
0.2540
 41
0.2540
 70
0
  0
VERTEX
  8
16
 10
72.1360
 20
51.5620
 30
0.0000
  0
VERTEX
  8
16
 10
70.3580
 20
51.5620
 30
0.0000
  0
SEQEND
  8
0
  0
POLYLINE
  8
16
 66
1
 10
0.0000
 20
0.0000
 30
0.0000
 40
0.1270
 41
0.1270
 70
0
  0
VERTEX
  8
16
 10
70.3580
 20
51.6255
 30
0.0000
 42
1.0000
  0
VERTEX
  8
16
 10
70.3580
 20
51.4985
 30
0.0000
  0
SEQEND
  8
0
  0
POLYLINE
  8
16
 66
1
 10
0.0000
 20
0.0000
 30
0.0000
 40
0.1270
 41
0.1270
 70
0
  0
VERTEX
  8
16
 10
72.1360
 20
51.4985
 30
0.0000
 42
1.0000
  0
VERTEX
  8
16
 10
72.1360
 20
51.6255
 30
0.0000
  0
SEQEND
  8
0
  0
POLYLINE
  8
16
 66
1
 10
0.0000
 20
0.0000
 30
0.0000
 40
0.2540
 41
0.2540
 70
0
  0
VERTEX
  8
16
 10
73.1520
 20
50.5460
 30
0.0000
  0
VERTEX
  8
16
 10
72.1360
 20
51.5620
 30
0.0000
  0
SEQEND
  8
0
  0
POLYLINE
  8
16
 66
1
 10
0.0000
 20
0.0000
 30
0.0000
 40
0.1270
 41
0.1270
 70
0
  0
VERTEX
  8
16
 10
72.1809
 20
51.6069
 30
0.0000
 42
1.0000
  0
VERTEX
  8
16
 10
72.0911
 20
51.5171
 30
0.0000
  0
SEQEND
  8
0
  0
POLYLINE
  8
16
 66
1
 10
0.0000
 20
0.0000
 30
0.0000
 40
0.1270
 41
0.1270
 70
0
  0
VERTEX
  8
16
 10
73.1071
 20
50.5011
 30
0.0000
 42
1.0000
  0
VERTEX
  8
16
 10
73.1969
 20
50.5909
 30
0.0000
  0
SEQEND
  8
0
  0
POLYLINE
  8
16
 66
1
 10
0.0000
 20
0.0000
 30
0.0000
 40
0.2540
 41
0.2540
 70
0
  0
VERTEX
  8
16
 10
68.8340
 20
50.0380
 30
0.0000
  0
VERTEX
  8
16
 10
68.5800
 20
49.5300
 30
0.0000
  0
SEQEND
  8
0
  0
POLYLINE
  8
16
 66
1
 10
0.0000
 20
0.0000
 30
0.0000
 40
0.1270
 41
0.1270
 70
0
  0
VERTEX
  8
16
 10
68.5232
 20
49.5584
 30
0.0000
 42
1.0000
  0
VERTEX
  8
16
 10
68.6368
 20
49.5016
 30
0.0000
  0
SEQEND
  8
0
  0
POLYLINE
  8
16
 66
1
 10
0.0000
 20
0.0000
 30
0.0000
 40
0.1270
 41
0.1270
 70
0
  0
VERTEX
  8
16
 10
68.8908
 20
50.0096
 30
0.0000
 42
1.0000
  0
VERTEX
  8
16
 10
68.7772
 20
50.0664
 30
0.0000
  0
SEQEND
  8
0
  0
POLYLINE
  8
16
 66
1
 10
0.0000
 20
0.0000
 30
0.0000
 40
0.2540
 41
0.2540
 70
0
  0
VERTEX
  8
16
 10
73.6600
 20
49.5300
 30
0.0000
  0
VERTEX
  8
16
 10
73.1520
 20
50.5460
 30
0.0000
  0
SEQEND
  8
0
  0
POLYLINE
  8
16
 66
1
 10
0.0000
 20
0.0000
 30
0.0000
 40
0.1270
 41
0.1270
 70
0
  0
VERTEX
  8
16
 10
73.2088
 20
50.5744
 30
0.0000
 42
1.0000
  0
VERTEX
  8
16
 10
73.0952
 20
50.5176
 30
0.0000
  0
SEQEND
  8
0
  0
POLYLINE
  8
16
 66
1
 10
0.0000
 20
0.0000
 30
0.0000
 40
0.1270
 41
0.1270
 70
0
  0
VERTEX
  8
16
 10
73.6032
 20
49.5016
 30
0.0000
 42
1.0000
  0
VERTEX
  8
16
 10
73.7168
 20
49.5584
 30
0.0000
  0
SEQEND
  8
0
  0
POLYLINE
  8
16
 66
1
 10
0.0000
 20
0.0000
 30
0.0000
 40
0.2540
 41
0.2540
 70
0
  0
VERTEX
  8
16
 10
84.0740
 20
7.6200
 30
0.0000
  0
VERTEX
  8
16
 10
84.0740
 20
9.1440
 30
0.0000
  0
SEQEND
  8
0
  0
POLYLINE
  8
16
 66
1
 10
0.0000
 20
0.0000
 30
0.0000
 40
0.1270
 41
0.1270
 70
0
  0
VERTEX
  8
16
 10
84.1375
 20
9.1440
 30
0.0000
 42
1.0000
  0
VERTEX
  8
16
 10
84.0105
 20
9.1440
 30
0.0000
  0
SEQEND
  8
0
  0
POLYLINE
  8
16
 66
1
 10
0.0000
 20
0.0000
 30
0.0000
 40
0.1270
 41
0.1270
 70
0
  0
VERTEX
  8
16
 10
84.0105
 20
7.6200
 30
0.0000
 42
1.0000
  0
VERTEX
  8
16
 10
84.1375
 20
7.6200
 30
0.0000
  0
SEQEND
  8
0
  0
POLYLINE
  8
16
 66
1
 10
0.0000
 20
0.0000
 30
0.0000
 40
0.2540
 41
0.2540
 70
0
  0
VERTEX
  8
16
 10
84.0740
 20
9.1440
 30
0.0000
  0
VERTEX
  8
16
 10
87.6300
 20
12.7000
 30
0.0000
  0
SEQEND
  8
0
  0
POLYLINE
  8
16
 66
1
 10
0.0000
 20
0.0000
 30
0.0000
 40
0.1270
 41
0.1270
 70
0
  0
VERTEX
  8
16
 10
87.6749
 20
12.6551
 30
0.0000
 42
1.0000
  0
VERTEX
  8
16
 10
87.5851
 20
12.7449
 30
0.0000
  0
SEQEND
  8
0
  0
POLYLINE
  8
16
 66
1
 10
0.0000
 20
0.0000
 30
0.0000
 40
0.1270
 41
0.1270
 70
0
  0
VERTEX
  8
16
 10
84.0291
 20
9.1889
 30
0.0000
 42
1.0000
  0
VERTEX
  8
16
 10
84.1189
 20
9.0991
 30
0.0000
  0
SEQEND
  8
0
  0
POLYLINE
  8
16
 66
1
 10
0.0000
 20
0.0000
 30
0.0000
 40
0.2540
 41
0.2540
 70
0
  0
VERTEX
  8
16
 10
87.6300
 20
12.7000
 30
0.0000
  0
VERTEX
  8
16
 10
87.6300
 20
15.2400
 30
0.0000
  0
SEQEND
  8
0
  0
POLYLINE
  8
16
 66
1
 10
0.0000
 20
0.0000
 30
0.0000
 40
0.1270
 41
0.1270
 70
0
  0
VERTEX
  8
16
 10
87.6935
 20
15.2400
 30
0.0000
 42
1.0000
  0
VERTEX
  8
16
 10
87.5665
 20
15.2400
 30
0.0000
  0
SEQEND
  8
0
  0
POLYLINE
  8
16
 66
1
 10
0.0000
 20
0.0000
 30
0.0000
 40
0.1270
 41
0.1270
 70
0
  0
VERTEX
  8
16
 10
87.5665
 20
12.7000
 30
0.0000
 42
1.0000
  0
VERTEX
  8
16
 10
87.6935
 20
12.7000
 30
0.0000
  0
SEQEND
  8
0
  0
POLYLINE
  8
16
 66
1
 10
0.0000
 20
0.0000
 30
0.0000
 40
0.2540
 41
0.2540
 70
0
  0
VERTEX
  8
16
 10
87.6300
 20
15.2400
 30
0.0000
  0
VERTEX
  8
16
 10
88.6460
 20
16.2560
 30
0.0000
  0
SEQEND
  8
0
  0
POLYLINE
  8
16
 66
1
 10
0.0000
 20
0.0000
 30
0.0000
 40
0.1270
 41
0.1270
 70
0
  0
VERTEX
  8
16
 10
88.6909
 20
16.2111
 30
0.0000
 42
1.0000
  0
VERTEX
  8
16
 10
88.6011
 20
16.3009
 30
0.0000
  0
SEQEND
  8
0
  0
POLYLINE
  8
16
 66
1
 10
0.0000
 20
0.0000
 30
0.0000
 40
0.1270
 41
0.1270
 70
0
  0
VERTEX
  8
16
 10
87.5851
 20
15.2849
 30
0.0000
 42
1.0000
  0
VERTEX
  8
16
 10
87.6749
 20
15.1951
 30
0.0000
  0
SEQEND
  8
0
  0
POLYLINE
  8
16
 66
1
 10
0.0000
 20
0.0000
 30
0.0000
 40
0.2540
 41
0.2540
 70
0
  0
VERTEX
  8
16
 10
88.6460
 20
16.2560
 30
0.0000
  0
VERTEX
  8
16
 10
89.6620
 20
16.2560
 30
0.0000
  0
SEQEND
  8
0
  0
POLYLINE
  8
16
 66
1
 10
0.0000
 20
0.0000
 30
0.0000
 40
0.1270
 41
0.1270
 70
0
  0
VERTEX
  8
16
 10
89.6620
 20
16.1925
 30
0.0000
 42
1.0000
  0
VERTEX
  8
16
 10
89.6620
 20
16.3195
 30
0.0000
  0
SEQEND
  8
0
  0
POLYLINE
  8
16
 66
1
 10
0.0000
 20
0.0000
 30
0.0000
 40
0.1270
 41
0.1270
 70
0
  0
VERTEX
  8
16
 10
88.6460
 20
16.3195
 30
0.0000
 42
1.0000
  0
VERTEX
  8
16
 10
88.6460
 20
16.1925
 30
0.0000
  0
SEQEND
  8
0
  0
POLYLINE
  8
16
 66
1
 10
0.0000
 20
0.0000
 30
0.0000
 40
0.2540
 41
0.2540
 70
0
  0
VERTEX
  8
16
 10
89.6620
 20
16.2560
 30
0.0000
  0
VERTEX
  8
16
 10
91.1860
 20
17.7800
 30
0.0000
  0
SEQEND
  8
0
  0
POLYLINE
  8
16
 66
1
 10
0.0000
 20
0.0000
 30
0.0000
 40
0.1270
 41
0.1270
 70
0
  0
VERTEX
  8
16
 10
91.2309
 20
17.7351
 30
0.0000
 42
1.0000
  0
VERTEX
  8
16
 10
91.1411
 20
17.8249
 30
0.0000
  0
SEQEND
  8
0
  0
POLYLINE
  8
16
 66
1
 10
0.0000
 20
0.0000
 30
0.0000
 40
0.1270
 41
0.1270
 70
0
  0
VERTEX
  8
16
 10
89.6171
 20
16.3009
 30
0.0000
 42
1.0000
  0
VERTEX
  8
16
 10
89.7069
 20
16.2111
 30
0.0000
  0
SEQEND
  8
0
  0
POLYLINE
  8
16
 66
1
 10
0.0000
 20
0.0000
 30
0.0000
 40
0.2540
 41
0.2540
 70
0
  0
VERTEX
  8
16
 10
83.8200
 20
6.3500
 30
0.0000
  0
VERTEX
  8
16
 10
84.0740
 20
7.6200
 30
0.0000
  0
SEQEND
  8
0
  0
POLYLINE
  8
16
 66
1
 10
0.0000
 20
0.0000
 30
0.0000
 40
0.1270
 41
0.1270
 70
0
  0
VERTEX
  8
16
 10
84.1363
 20
7.6075
 30
0.0000
 42
1.0000
  0
VERTEX
  8
16
 10
84.0117
 20
7.6325
 30
0.0000
  0
SEQEND
  8
0
  0
POLYLINE
  8
16
 66
1
 10
0.0000
 20
0.0000
 30
0.0000
 40
0.1270
 41
0.1270
 70
0
  0
VERTEX
  8
16
 10
83.7577
 20
6.3625
 30
0.0000
 42
1.0000
  0
VERTEX
  8
16
 10
83.8823
 20
6.3375
 30
0.0000
  0
SEQEND
  8
0
  0
POLYLINE
  8
16
 66
1
 10
0.0000
 20
0.0000
 30
0.0000
 40
0.2540
 41
0.2540
 70
0
  0
VERTEX
  8
16
 10
91.1860
 20
17.7800
 30
0.0000
  0
VERTEX
  8
16
 10
91.4400
 20
19.0500
 30
0.0000
  0
SEQEND
  8
0
  0
POLYLINE
  8
16
 66
1
 10
0.0000
 20
0.0000
 30
0.0000
 40
0.1270
 41
0.1270
 70
0
  0
VERTEX
  8
16
 10
91.5023
 20
19.0375
 30
0.0000
 42
1.0000
  0
VERTEX
  8
16
 10
91.3777
 20
19.0625
 30
0.0000
  0
SEQEND
  8
0
  0
POLYLINE
  8
16
 66
1
 10
0.0000
 20
0.0000
 30
0.0000
 40
0.1270
 41
0.1270
 70
0
  0
VERTEX
  8
16
 10
91.1237
 20
17.7925
 30
0.0000
 42
1.0000
  0
VERTEX
  8
16
 10
91.2483
 20
17.7675
 30
0.0000
  0
SEQEND
  8
0
  0
POLYLINE
  8
16
 66
1
 10
0.0000
 20
0.0000
 30
0.0000
 40
0.2540
 41
0.2540
 70
0
  0
VERTEX
  8
16
 10
37.0840
 20
25.9080
 30
0.0000
  0
VERTEX
  8
16
 10
37.0840
 20
27.4320
 30
0.0000
  0
SEQEND
  8
0
  0
POLYLINE
  8
16
 66
1
 10
0.0000
 20
0.0000
 30
0.0000
 40
0.1270
 41
0.1270
 70
0
  0
VERTEX
  8
16
 10
37.1475
 20
27.4320
 30
0.0000
 42
1.0000
  0
VERTEX
  8
16
 10
37.0205
 20
27.4320
 30
0.0000
  0
SEQEND
  8
0
  0
POLYLINE
  8
16
 66
1
 10
0.0000
 20
0.0000
 30
0.0000
 40
0.1270
 41
0.1270
 70
0
  0
VERTEX
  8
16
 10
37.0205
 20
25.9080
 30
0.0000
 42
1.0000
  0
VERTEX
  8
16
 10
37.1475
 20
25.9080
 30
0.0000
  0
SEQEND
  8
0
  0
POLYLINE
  8
16
 66
1
 10
0.0000
 20
0.0000
 30
0.0000
 40
0.2540
 41
0.2540
 70
0
  0
VERTEX
  8
16
 10
38.1000
 20
25.4000
 30
0.0000
  0
VERTEX
  8
16
 10
37.0840
 20
25.9080
 30
0.0000
  0
SEQEND
  8
0
  0
POLYLINE
  8
16
 66
1
 10
0.0000
 20
0.0000
 30
0.0000
 40
0.1270
 41
0.1270
 70
0
  0
VERTEX
  8
16
 10
37.1124
 20
25.9648
 30
0.0000
 42
1.0000
  0
VERTEX
  8
16
 10
37.0556
 20
25.8512
 30
0.0000
  0
SEQEND
  8
0
  0
POLYLINE
  8
16
 66
1
 10
0.0000
 20
0.0000
 30
0.0000
 40
0.1270
 41
0.1270
 70
0
  0
VERTEX
  8
16
 10
38.0716
 20
25.3432
 30
0.0000
 42
1.0000
  0
VERTEX
  8
16
 10
38.1284
 20
25.4568
 30
0.0000
  0
SEQEND
  8
0
  0
POLYLINE
  8
16
 66
1
 10
0.0000
 20
0.0000
 30
0.0000
 40
0.2540
 41
0.2540
 70
0
  0
VERTEX
  8
16
 10
37.0840
 20
27.4320
 30
0.0000
  0
VERTEX
  8
16
 10
38.1000
 20
27.9400
 30
0.0000
  0
SEQEND
  8
0
  0
POLYLINE
  8
16
 66
1
 10
0.0000
 20
0.0000
 30
0.0000
 40
0.1270
 41
0.1270
 70
0
  0
VERTEX
  8
16
 10
38.1284
 20
27.8832
 30
0.0000
 42
1.0000
  0
VERTEX
  8
16
 10
38.0716
 20
27.9968
 30
0.0000
  0
SEQEND
  8
0
  0
POLYLINE
  8
16
 66
1
 10
0.0000
 20
0.0000
 30
0.0000
 40
0.1270
 41
0.1270
 70
0
  0
VERTEX
  8
16
 10
37.0556
 20
27.4888
 30
0.0000
 42
1.0000
  0
VERTEX
  8
16
 10
37.1124
 20
27.3752
 30
0.0000
  0
SEQEND
  8
0
  0
POLYLINE
  8
16
 66
1
 10
0.0000
 20
0.0000
 30
0.0000
 40
0.2540
 41
0.2540
 70
0
  0
VERTEX
  8
16
 10
37.0840
 20
33.5280
 30
0.0000
  0
VERTEX
  8
16
 10
37.0840
 20
35.0520
 30
0.0000
  0
SEQEND
  8
0
  0
POLYLINE
  8
16
 66
1
 10
0.0000
 20
0.0000
 30
0.0000
 40
0.1270
 41
0.1270
 70
0
  0
VERTEX
  8
16
 10
37.1475
 20
35.0520
 30
0.0000
 42
1.0000
  0
VERTEX
  8
16
 10
37.0205
 20
35.0520
 30
0.0000
  0
SEQEND
  8
0
  0
POLYLINE
  8
16
 66
1
 10
0.0000
 20
0.0000
 30
0.0000
 40
0.1270
 41
0.1270
 70
0
  0
VERTEX
  8
16
 10
37.0205
 20
33.5280
 30
0.0000
 42
1.0000
  0
VERTEX
  8
16
 10
37.1475
 20
33.5280
 30
0.0000
  0
SEQEND
  8
0
  0
POLYLINE
  8
16
 66
1
 10
0.0000
 20
0.0000
 30
0.0000
 40
0.2540
 41
0.2540
 70
0
  0
VERTEX
  8
16
 10
38.1000
 20
33.0200
 30
0.0000
  0
VERTEX
  8
16
 10
37.0840
 20
33.5280
 30
0.0000
  0
SEQEND
  8
0
  0
POLYLINE
  8
16
 66
1
 10
0.0000
 20
0.0000
 30
0.0000
 40
0.1270
 41
0.1270
 70
0
  0
VERTEX
  8
16
 10
37.1124
 20
33.5848
 30
0.0000
 42
1.0000
  0
VERTEX
  8
16
 10
37.0556
 20
33.4712
 30
0.0000
  0
SEQEND
  8
0
  0
POLYLINE
  8
16
 66
1
 10
0.0000
 20
0.0000
 30
0.0000
 40
0.1270
 41
0.1270
 70
0
  0
VERTEX
  8
16
 10
38.0716
 20
32.9632
 30
0.0000
 42
1.0000
  0
VERTEX
  8
16
 10
38.1284
 20
33.0768
 30
0.0000
  0
SEQEND
  8
0
  0
POLYLINE
  8
16
 66
1
 10
0.0000
 20
0.0000
 30
0.0000
 40
0.2540
 41
0.2540
 70
0
  0
VERTEX
  8
16
 10
37.0840
 20
35.0520
 30
0.0000
  0
VERTEX
  8
16
 10
38.1000
 20
35.5600
 30
0.0000
  0
SEQEND
  8
0
  0
POLYLINE
  8
16
 66
1
 10
0.0000
 20
0.0000
 30
0.0000
 40
0.1270
 41
0.1270
 70
0
  0
VERTEX
  8
16
 10
38.1284
 20
35.5032
 30
0.0000
 42
1.0000
  0
VERTEX
  8
16
 10
38.0716
 20
35.6168
 30
0.0000
  0
SEQEND
  8
0
  0
POLYLINE
  8
16
 66
1
 10
0.0000
 20
0.0000
 30
0.0000
 40
0.1270
 41
0.1270
 70
0
  0
VERTEX
  8
16
 10
37.0556
 20
35.1088
 30
0.0000
 42
1.0000
  0
VERTEX
  8
16
 10
37.1124
 20
34.9952
 30
0.0000
  0
SEQEND
  8
0
  0
POLYLINE
  8
16
 66
1
 10
0.0000
 20
0.0000
 30
0.0000
 40
0.2540
 41
0.2540
 70
0
  0
VERTEX
  8
16
 10
39.3700
 20
32.7660
 30
0.0000
  0
VERTEX
  8
16
 10
44.4500
 20
37.8460
 30
0.0000
  0
SEQEND
  8
0
  0
POLYLINE
  8
16
 66
1
 10
0.0000
 20
0.0000
 30
0.0000
 40
0.1270
 41
0.1270
 70
0
  0
VERTEX
  8
16
 10
44.4949
 20
37.8011
 30
0.0000
 42
1.0000
  0
VERTEX
  8
16
 10
44.4051
 20
37.8909
 30
0.0000
  0
SEQEND
  8
0
  0
POLYLINE
  8
16
 66
1
 10
0.0000
 20
0.0000
 30
0.0000
 40
0.1270
 41
0.1270
 70
0
  0
VERTEX
  8
16
 10
39.3251
 20
32.8109
 30
0.0000
 42
1.0000
  0
VERTEX
  8
16
 10
39.4149
 20
32.7211
 30
0.0000
  0
SEQEND
  8
0
  0
POLYLINE
  8
16
 66
1
 10
0.0000
 20
0.0000
 30
0.0000
 40
0.2540
 41
0.2540
 70
0
  0
VERTEX
  8
16
 10
44.4500
 20
37.8460
 30
0.0000
  0
VERTEX
  8
16
 10
45.7200
 20
38.1000
 30
0.0000
  0
SEQEND
  8
0
  0
POLYLINE
  8
16
 66
1
 10
0.0000
 20
0.0000
 30
0.0000
 40
0.1270
 41
0.1270
 70
0
  0
VERTEX
  8
16
 10
45.7325
 20
38.0377
 30
0.0000
 42
1.0000
  0
VERTEX
  8
16
 10
45.7075
 20
38.1623
 30
0.0000
  0
SEQEND
  8
0
  0
POLYLINE
  8
16
 66
1
 10
0.0000
 20
0.0000
 30
0.0000
 40
0.1270
 41
0.1270
 70
0
  0
VERTEX
  8
16
 10
44.4375
 20
37.9083
 30
0.0000
 42
1.0000
  0
VERTEX
  8
16
 10
44.4625
 20
37.7837
 30
0.0000
  0
SEQEND
  8
0
  0
POLYLINE
  8
16
 66
1
 10
0.0000
 20
0.0000
 30
0.0000
 40
0.2540
 41
0.2540
 70
0
  0
VERTEX
  8
16
 10
38.1000
 20
33.0200
 30
0.0000
  0
VERTEX
  8
16
 10
39.3700
 20
32.7660
 30
0.0000
  0
SEQEND
  8
0
  0
POLYLINE
  8
16
 66
1
 10
0.0000
 20
0.0000
 30
0.0000
 40
0.1270
 41
0.1270
 70
0
  0
VERTEX
  8
16
 10
39.3575
 20
32.7037
 30
0.0000
 42
1.0000
  0
VERTEX
  8
16
 10
39.3825
 20
32.8283
 30
0.0000
  0
SEQEND
  8
0
  0
POLYLINE
  8
16
 66
1
 10
0.0000
 20
0.0000
 30
0.0000
 40
0.1270
 41
0.1270
 70
0
  0
VERTEX
  8
16
 10
38.1125
 20
33.0823
 30
0.0000
 42
1.0000
  0
VERTEX
  8
16
 10
38.0875
 20
32.9577
 30
0.0000
  0
SEQEND
  8
0
  0
POLYLINE
  8
16
 66
1
 10
0.0000
 20
0.0000
 30
0.0000
 40
0.2540
 41
0.2540
 70
0
  0
VERTEX
  8
16
 10
32.7660
 20
25.1460
 30
0.0000
  0
VERTEX
  8
16
 10
36.8300
 20
25.1460
 30
0.0000
  0
SEQEND
  8
0
  0
POLYLINE
  8
16
 66
1
 10
0.0000
 20
0.0000
 30
0.0000
 40
0.1270
 41
0.1270
 70
0
  0
VERTEX
  8
16
 10
36.8300
 20
25.0825
 30
0.0000
 42
1.0000
  0
VERTEX
  8
16
 10
36.8300
 20
25.2095
 30
0.0000
  0
SEQEND
  8
0
  0
POLYLINE
  8
16
 66
1
 10
0.0000
 20
0.0000
 30
0.0000
 40
0.1270
 41
0.1270
 70
0
  0
VERTEX
  8
16
 10
32.7660
 20
25.2095
 30
0.0000
 42
1.0000
  0
VERTEX
  8
16
 10
32.7660
 20
25.0825
 30
0.0000
  0
SEQEND
  8
0
  0
POLYLINE
  8
16
 66
1
 10
0.0000
 20
0.0000
 30
0.0000
 40
0.2540
 41
0.2540
 70
0
  0
VERTEX
  8
16
 10
31.7500
 20
24.1300
 30
0.0000
  0
VERTEX
  8
16
 10
32.7660
 20
25.1460
 30
0.0000
  0
SEQEND
  8
0
  0
POLYLINE
  8
16
 66
1
 10
0.0000
 20
0.0000
 30
0.0000
 40
0.1270
 41
0.1270
 70
0
  0
VERTEX
  8
16
 10
32.8109
 20
25.1011
 30
0.0000
 42
1.0000
  0
VERTEX
  8
16
 10
32.7211
 20
25.1909
 30
0.0000
  0
SEQEND
  8
0
  0
POLYLINE
  8
16
 66
1
 10
0.0000
 20
0.0000
 30
0.0000
 40
0.1270
 41
0.1270
 70
0
  0
VERTEX
  8
16
 10
31.7051
 20
24.1749
 30
0.0000
 42
1.0000
  0
VERTEX
  8
16
 10
31.7949
 20
24.0851
 30
0.0000
  0
SEQEND
  8
0
  0
POLYLINE
  8
16
 66
1
 10
0.0000
 20
0.0000
 30
0.0000
 40
0.2540
 41
0.2540
 70
0
  0
VERTEX
  8
16
 10
29.2100
 20
24.1300
 30
0.0000
  0
VERTEX
  8
16
 10
31.7500
 20
24.1300
 30
0.0000
  0
SEQEND
  8
0
  0
POLYLINE
  8
16
 66
1
 10
0.0000
 20
0.0000
 30
0.0000
 40
0.1270
 41
0.1270
 70
0
  0
VERTEX
  8
16
 10
31.7500
 20
24.0665
 30
0.0000
 42
1.0000
  0
VERTEX
  8
16
 10
31.7500
 20
24.1935
 30
0.0000
  0
SEQEND
  8
0
  0
POLYLINE
  8
16
 66
1
 10
0.0000
 20
0.0000
 30
0.0000
 40
0.1270
 41
0.1270
 70
0
  0
VERTEX
  8
16
 10
29.2100
 20
24.1935
 30
0.0000
 42
1.0000
  0
VERTEX
  8
16
 10
29.2100
 20
24.0665
 30
0.0000
  0
SEQEND
  8
0
  0
POLYLINE
  8
16
 66
1
 10
0.0000
 20
0.0000
 30
0.0000
 40
0.2540
 41
0.2540
 70
0
  0
VERTEX
  8
16
 10
28.4480
 20
24.8920
 30
0.0000
  0
VERTEX
  8
16
 10
29.2100
 20
24.1300
 30
0.0000
  0
SEQEND
  8
0
  0
POLYLINE
  8
16
 66
1
 10
0.0000
 20
0.0000
 30
0.0000
 40
0.1270
 41
0.1270
 70
0
  0
VERTEX
  8
16
 10
29.1651
 20
24.0851
 30
0.0000
 42
1.0000
  0
VERTEX
  8
16
 10
29.2549
 20
24.1749
 30
0.0000
  0
SEQEND
  8
0
  0
POLYLINE
  8
16
 66
1
 10
0.0000
 20
0.0000
 30
0.0000
 40
0.1270
 41
0.1270
 70
0
  0
VERTEX
  8
16
 10
28.4929
 20
24.9369
 30
0.0000
 42
1.0000
  0
VERTEX
  8
16
 10
28.4031
 20
24.8471
 30
0.0000
  0
SEQEND
  8
0
  0
POLYLINE
  8
16
 66
1
 10
0.0000
 20
0.0000
 30
0.0000
 40
0.2540
 41
0.2540
 70
0
  0
VERTEX
  8
16
 10
28.4480
 20
24.8920
 30
0.0000
  0
VERTEX
  8
16
 10
28.4480
 20
25.9080
 30
0.0000
  0
SEQEND
  8
0
  0
POLYLINE
  8
16
 66
1
 10
0.0000
 20
0.0000
 30
0.0000
 40
0.1270
 41
0.1270
 70
0
  0
VERTEX
  8
16
 10
28.5115
 20
25.9080
 30
0.0000
 42
1.0000
  0
VERTEX
  8
16
 10
28.3845
 20
25.9080
 30
0.0000
  0
SEQEND
  8
0
  0
POLYLINE
  8
16
 66
1
 10
0.0000
 20
0.0000
 30
0.0000
 40
0.1270
 41
0.1270
 70
0
  0
VERTEX
  8
16
 10
28.3845
 20
24.8920
 30
0.0000
 42
1.0000
  0
VERTEX
  8
16
 10
28.5115
 20
24.8920
 30
0.0000
  0
SEQEND
  8
0
  0
POLYLINE
  8
16
 66
1
 10
0.0000
 20
0.0000
 30
0.0000
 40
0.2540
 41
0.2540
 70
0
  0
VERTEX
  8
16
 10
28.4480
 20
25.9080
 30
0.0000
  0
VERTEX
  8
16
 10
29.2100
 20
26.6700
 30
0.0000
  0
SEQEND
  8
0
  0
POLYLINE
  8
16
 66
1
 10
0.0000
 20
0.0000
 30
0.0000
 40
0.1270
 41
0.1270
 70
0
  0
VERTEX
  8
16
 10
29.2549
 20
26.6251
 30
0.0000
 42
1.0000
  0
VERTEX
  8
16
 10
29.1651
 20
26.7149
 30
0.0000
  0
SEQEND
  8
0
  0
POLYLINE
  8
16
 66
1
 10
0.0000
 20
0.0000
 30
0.0000
 40
0.1270
 41
0.1270
 70
0
  0
VERTEX
  8
16
 10
28.4031
 20
25.9529
 30
0.0000
 42
1.0000
  0
VERTEX
  8
16
 10
28.4929
 20
25.8631
 30
0.0000
  0
SEQEND
  8
0
  0
POLYLINE
  8
16
 66
1
 10
0.0000
 20
0.0000
 30
0.0000
 40
0.2540
 41
0.2540
 70
0
  0
VERTEX
  8
16
 10
29.2100
 20
26.6700
 30
0.0000
  0
VERTEX
  8
16
 10
31.7500
 20
26.6700
 30
0.0000
  0
SEQEND
  8
0
  0
POLYLINE
  8
16
 66
1
 10
0.0000
 20
0.0000
 30
0.0000
 40
0.1270
 41
0.1270
 70
0
  0
VERTEX
  8
16
 10
31.7500
 20
26.6065
 30
0.0000
 42
1.0000
  0
VERTEX
  8
16
 10
31.7500
 20
26.7335
 30
0.0000
  0
SEQEND
  8
0
  0
POLYLINE
  8
16
 66
1
 10
0.0000
 20
0.0000
 30
0.0000
 40
0.1270
 41
0.1270
 70
0
  0
VERTEX
  8
16
 10
29.2100
 20
26.7335
 30
0.0000
 42
1.0000
  0
VERTEX
  8
16
 10
29.2100
 20
26.6065
 30
0.0000
  0
SEQEND
  8
0
  0
POLYLINE
  8
16
 66
1
 10
0.0000
 20
0.0000
 30
0.0000
 40
0.2540
 41
0.2540
 70
0
  0
VERTEX
  8
16
 10
36.8300
 20
25.1460
 30
0.0000
  0
VERTEX
  8
16
 10
38.1000
 20
25.4000
 30
0.0000
  0
SEQEND
  8
0
  0
POLYLINE
  8
16
 66
1
 10
0.0000
 20
0.0000
 30
0.0000
 40
0.1270
 41
0.1270
 70
0
  0
VERTEX
  8
16
 10
38.1125
 20
25.3377
 30
0.0000
 42
1.0000
  0
VERTEX
  8
16
 10
38.0875
 20
25.4623
 30
0.0000
  0
SEQEND
  8
0
  0
POLYLINE
  8
16
 66
1
 10
0.0000
 20
0.0000
 30
0.0000
 40
0.1270
 41
0.1270
 70
0
  0
VERTEX
  8
16
 10
36.8175
 20
25.2083
 30
0.0000
 42
1.0000
  0
VERTEX
  8
16
 10
36.8425
 20
25.0837
 30
0.0000
  0
SEQEND
  8
0
  0
POLYLINE
  8
16
 66
1
 10
0.0000
 20
0.0000
 30
0.0000
 40
0.2540
 41
0.2540
 70
0
  0
VERTEX
  8
16
 10
31.7500
 20
26.6700
 30
0.0000
  0
VERTEX
  8
16
 10
38.1000
 20
33.0200
 30
0.0000
  0
SEQEND
  8
0
  0
POLYLINE
  8
16
 66
1
 10
0.0000
 20
0.0000
 30
0.0000
 40
0.1270
 41
0.1270
 70
0
  0
VERTEX
  8
16
 10
38.1449
 20
32.9751
 30
0.0000
 42
1.0000
  0
VERTEX
  8
16
 10
38.0551
 20
33.0649
 30
0.0000
  0
SEQEND
  8
0
  0
POLYLINE
  8
16
 66
1
 10
0.0000
 20
0.0000
 30
0.0000
 40
0.1270
 41
0.1270
 70
0
  0
VERTEX
  8
16
 10
31.7051
 20
26.7149
 30
0.0000
 42
1.0000
  0
VERTEX
  8
16
 10
31.7949
 20
26.6251
 30
0.0000
  0
SEQEND
  8
0
  0
POLYLINE
  8
16
 66
1
 10
0.0000
 20
0.0000
 30
0.0000
 40
0.2540
 41
0.2540
 70
0
  0
VERTEX
  8
16
 10
93.7260
 20
20.3200
 30
0.0000
  0
VERTEX
  8
16
 10
93.7260
 20
24.3840
 30
0.0000
  0
SEQEND
  8
0
  0
POLYLINE
  8
16
 66
1
 10
0.0000
 20
0.0000
 30
0.0000
 40
0.1270
 41
0.1270
 70
0
  0
VERTEX
  8
16
 10
93.7895
 20
24.3840
 30
0.0000
 42
1.0000
  0
VERTEX
  8
16
 10
93.6625
 20
24.3840
 30
0.0000
  0
SEQEND
  8
0
  0
POLYLINE
  8
16
 66
1
 10
0.0000
 20
0.0000
 30
0.0000
 40
0.1270
 41
0.1270
 70
0
  0
VERTEX
  8
16
 10
93.6625
 20
20.3200
 30
0.0000
 42
1.0000
  0
VERTEX
  8
16
 10
93.7895
 20
20.3200
 30
0.0000
  0
SEQEND
  8
0
  0
POLYLINE
  8
16
 66
1
 10
0.0000
 20
0.0000
 30
0.0000
 40
0.2540
 41
0.2540
 70
0
  0
VERTEX
  8
16
 10
93.7260
 20
24.3840
 30
0.0000
  0
VERTEX
  8
16
 10
92.7100
 20
25.4000
 30
0.0000
  0
SEQEND
  8
0
  0
POLYLINE
  8
16
 66
1
 10
0.0000
 20
0.0000
 30
0.0000
 40
0.1270
 41
0.1270
 70
0
  0
VERTEX
  8
16
 10
92.7549
 20
25.4449
 30
0.0000
 42
1.0000
  0
VERTEX
  8
16
 10
92.6651
 20
25.3551
 30
0.0000
  0
SEQEND
  8
0
  0
POLYLINE
  8
16
 66
1
 10
0.0000
 20
0.0000
 30
0.0000
 40
0.1270
 41
0.1270
 70
0
  0
VERTEX
  8
16
 10
93.6811
 20
24.3391
 30
0.0000
 42
1.0000
  0
VERTEX
  8
16
 10
93.7709
 20
24.4289
 30
0.0000
  0
SEQEND
  8
0
  0
POLYLINE
  8
16
 66
1
 10
0.0000
 20
0.0000
 30
0.0000
 40
0.2540
 41
0.2540
 70
0
  0
VERTEX
  8
16
 10
92.7100
 20
25.4000
 30
0.0000
  0
VERTEX
  8
16
 10
92.7100
 20
31.4960
 30
0.0000
  0
SEQEND
  8
0
  0
POLYLINE
  8
16
 66
1
 10
0.0000
 20
0.0000
 30
0.0000
 40
0.1270
 41
0.1270
 70
0
  0
VERTEX
  8
16
 10
92.7735
 20
31.4960
 30
0.0000
 42
1.0000
  0
VERTEX
  8
16
 10
92.6465
 20
31.4960
 30
0.0000
  0
SEQEND
  8
0
  0
POLYLINE
  8
16
 66
1
 10
0.0000
 20
0.0000
 30
0.0000
 40
0.1270
 41
0.1270
 70
0
  0
VERTEX
  8
16
 10
92.6465
 20
25.4000
 30
0.0000
 42
1.0000
  0
VERTEX
  8
16
 10
92.7735
 20
25.4000
 30
0.0000
  0
SEQEND
  8
0
  0
POLYLINE
  8
16
 66
1
 10
0.0000
 20
0.0000
 30
0.0000
 40
0.2540
 41
0.2540
 70
0
  0
VERTEX
  8
16
 10
93.9800
 20
19.0500
 30
0.0000
  0
VERTEX
  8
16
 10
93.7260
 20
20.3200
 30
0.0000
  0
SEQEND
  8
0
  0
POLYLINE
  8
16
 66
1
 10
0.0000
 20
0.0000
 30
0.0000
 40
0.1270
 41
0.1270
 70
0
  0
VERTEX
  8
16
 10
93.7883
 20
20.3325
 30
0.0000
 42
1.0000
  0
VERTEX
  8
16
 10
93.6637
 20
20.3075
 30
0.0000
  0
SEQEND
  8
0
  0
POLYLINE
  8
16
 66
1
 10
0.0000
 20
0.0000
 30
0.0000
 40
0.1270
 41
0.1270
 70
0
  0
VERTEX
  8
16
 10
93.9177
 20
19.0375
 30
0.0000
 42
1.0000
  0
VERTEX
  8
16
 10
94.0423
 20
19.0625
 30
0.0000
  0
SEQEND
  8
0
  0
POLYLINE
  8
16
 66
1
 10
0.0000
 20
0.0000
 30
0.0000
 40
0.2540
 41
0.2540
 70
0
  0
VERTEX
  8
16
 10
92.7100
 20
31.4960
 30
0.0000
  0
VERTEX
  8
16
 10
93.9800
 20
31.7500
 30
0.0000
  0
SEQEND
  8
0
  0
POLYLINE
  8
16
 66
1
 10
0.0000
 20
0.0000
 30
0.0000
 40
0.1270
 41
0.1270
 70
0
  0
VERTEX
  8
16
 10
93.9925
 20
31.6877
 30
0.0000
 42
1.0000
  0
VERTEX
  8
16
 10
93.9675
 20
31.8123
 30
0.0000
  0
SEQEND
  8
0
  0
POLYLINE
  8
16
 66
1
 10
0.0000
 20
0.0000
 30
0.0000
 40
0.1270
 41
0.1270
 70
0
  0
VERTEX
  8
16
 10
92.6975
 20
31.5583
 30
0.0000
 42
1.0000
  0
VERTEX
  8
16
 10
92.7225
 20
31.4337
 30
0.0000
  0
SEQEND
  8
0
  0
POLYLINE
  8
16
 66
1
 10
0.0000
 20
0.0000
 30
0.0000
 40
0.2540
 41
0.2540
 70
0
  0
VERTEX
  8
16
 10
45.7200
 20
33.0200
 30
0.0000
  0
VERTEX
  8
16
 10
44.4500
 20
32.7660
 30
0.0000
  0
SEQEND
  8
0
  0
POLYLINE
  8
16
 66
1
 10
0.0000
 20
0.0000
 30
0.0000
 40
0.1270
 41
0.1270
 70
0
  0
VERTEX
  8
16
 10
44.4375
 20
32.8283
 30
0.0000
 42
1.0000
  0
VERTEX
  8
16
 10
44.4625
 20
32.7037
 30
0.0000
  0
SEQEND
  8
0
  0
POLYLINE
  8
16
 66
1
 10
0.0000
 20
0.0000
 30
0.0000
 40
0.1270
 41
0.1270
 70
0
  0
VERTEX
  8
16
 10
45.7325
 20
32.9577
 30
0.0000
 42
1.0000
  0
VERTEX
  8
16
 10
45.7075
 20
33.0823
 30
0.0000
  0
SEQEND
  8
0
  0
POLYLINE
  8
16
 66
1
 10
0.0000
 20
0.0000
 30
0.0000
 40
0.2540
 41
0.2540
 70
0
  0
VERTEX
  8
16
 10
29.4640
 20
29.9720
 30
0.0000
  0
VERTEX
  8
16
 10
29.4640
 20
28.4480
 30
0.0000
  0
SEQEND
  8
0
  0
POLYLINE
  8
16
 66
1
 10
0.0000
 20
0.0000
 30
0.0000
 40
0.1270
 41
0.1270
 70
0
  0
VERTEX
  8
16
 10
29.4005
 20
28.4480
 30
0.0000
 42
1.0000
  0
VERTEX
  8
16
 10
29.5275
 20
28.4480
 30
0.0000
  0
SEQEND
  8
0
  0
POLYLINE
  8
16
 66
1
 10
0.0000
 20
0.0000
 30
0.0000
 40
0.1270
 41
0.1270
 70
0
  0
VERTEX
  8
16
 10
29.5275
 20
29.9720
 30
0.0000
 42
1.0000
  0
VERTEX
  8
16
 10
29.4005
 20
29.9720
 30
0.0000
  0
SEQEND
  8
0
  0
POLYLINE
  8
16
 66
1
 10
0.0000
 20
0.0000
 30
0.0000
 40
0.2540
 41
0.2540
 70
0
  0
VERTEX
  8
16
 10
29.4640
 20
28.4480
 30
0.0000
  0
VERTEX
  8
16
 10
30.4800
 20
27.9400
 30
0.0000
  0
SEQEND
  8
0
  0
POLYLINE
  8
16
 66
1
 10
0.0000
 20
0.0000
 30
0.0000
 40
0.1270
 41
0.1270
 70
0
  0
VERTEX
  8
16
 10
30.4516
 20
27.8832
 30
0.0000
 42
1.0000
  0
VERTEX
  8
16
 10
30.5084
 20
27.9968
 30
0.0000
  0
SEQEND
  8
0
  0
POLYLINE
  8
16
 66
1
 10
0.0000
 20
0.0000
 30
0.0000
 40
0.1270
 41
0.1270
 70
0
  0
VERTEX
  8
16
 10
29.4924
 20
28.5048
 30
0.0000
 42
1.0000
  0
VERTEX
  8
16
 10
29.4356
 20
28.3912
 30
0.0000
  0
SEQEND
  8
0
  0
POLYLINE
  8
16
 66
1
 10
0.0000
 20
0.0000
 30
0.0000
 40
0.2540
 41
0.2540
 70
0
  0
VERTEX
  8
16
 10
29.4640
 20
29.9720
 30
0.0000
  0
VERTEX
  8
16
 10
30.4800
 20
30.4800
 30
0.0000
  0
SEQEND
  8
0
  0
POLYLINE
  8
16
 66
1
 10
0.0000
 20
0.0000
 30
0.0000
 40
0.1270
 41
0.1270
 70
0
  0
VERTEX
  8
16
 10
30.5084
 20
30.4232
 30
0.0000
 42
1.0000
  0
VERTEX
  8
16
 10
30.4516
 20
30.5368
 30
0.0000
  0
SEQEND
  8
0
  0
POLYLINE
  8
16
 66
1
 10
0.0000
 20
0.0000
 30
0.0000
 40
0.1270
 41
0.1270
 70
0
  0
VERTEX
  8
16
 10
29.4356
 20
30.0288
 30
0.0000
 42
1.0000
  0
VERTEX
  8
16
 10
29.4924
 20
29.9152
 30
0.0000
  0
SEQEND
  8
0
  0
POLYLINE
  8
16
 66
1
 10
0.0000
 20
0.0000
 30
0.0000
 40
0.2540
 41
0.2540
 70
0
  0
VERTEX
  8
16
 10
29.4640
 20
36.8300
 30
0.0000
  0
VERTEX
  8
16
 10
29.4640
 20
37.5920
 30
0.0000
  0
SEQEND
  8
0
  0
POLYLINE
  8
16
 66
1
 10
0.0000
 20
0.0000
 30
0.0000
 40
0.1270
 41
0.1270
 70
0
  0
VERTEX
  8
16
 10
29.5275
 20
37.5920
 30
0.0000
 42
1.0000
  0
VERTEX
  8
16
 10
29.4005
 20
37.5920
 30
0.0000
  0
SEQEND
  8
0
  0
POLYLINE
  8
16
 66
1
 10
0.0000
 20
0.0000
 30
0.0000
 40
0.1270
 41
0.1270
 70
0
  0
VERTEX
  8
16
 10
29.4005
 20
36.8300
 30
0.0000
 42
1.0000
  0
VERTEX
  8
16
 10
29.5275
 20
36.8300
 30
0.0000
  0
SEQEND
  8
0
  0
POLYLINE
  8
16
 66
1
 10
0.0000
 20
0.0000
 30
0.0000
 40
0.2540
 41
0.2540
 70
0
  0
VERTEX
  8
16
 10
29.4640
 20
36.8300
 30
0.0000
  0
VERTEX
  8
16
 10
29.4640
 20
36.0680
 30
0.0000
  0
SEQEND
  8
0
  0
POLYLINE
  8
16
 66
1
 10
0.0000
 20
0.0000
 30
0.0000
 40
0.1270
 41
0.1270
 70
0
  0
VERTEX
  8
16
 10
29.4005
 20
36.0680
 30
0.0000
 42
1.0000
  0
VERTEX
  8
16
 10
29.5275
 20
36.0680
 30
0.0000
  0
SEQEND
  8
0
  0
POLYLINE
  8
16
 66
1
 10
0.0000
 20
0.0000
 30
0.0000
 40
0.1270
 41
0.1270
 70
0
  0
VERTEX
  8
16
 10
29.5275
 20
36.8300
 30
0.0000
 42
1.0000
  0
VERTEX
  8
16
 10
29.4005
 20
36.8300
 30
0.0000
  0
SEQEND
  8
0
  0
POLYLINE
  8
16
 66
1
 10
0.0000
 20
0.0000
 30
0.0000
 40
0.2540
 41
0.2540
 70
0
  0
VERTEX
  8
16
 10
29.4640
 20
36.0680
 30
0.0000
  0
VERTEX
  8
16
 10
30.4800
 20
35.5600
 30
0.0000
  0
SEQEND
  8
0
  0
POLYLINE
  8
16
 66
1
 10
0.0000
 20
0.0000
 30
0.0000
 40
0.1270
 41
0.1270
 70
0
  0
VERTEX
  8
16
 10
30.4516
 20
35.5032
 30
0.0000
 42
1.0000
  0
VERTEX
  8
16
 10
30.5084
 20
35.6168
 30
0.0000
  0
SEQEND
  8
0
  0
POLYLINE
  8
16
 66
1
 10
0.0000
 20
0.0000
 30
0.0000
 40
0.1270
 41
0.1270
 70
0
  0
VERTEX
  8
16
 10
29.4924
 20
36.1248
 30
0.0000
 42
1.0000
  0
VERTEX
  8
16
 10
29.4356
 20
36.0112
 30
0.0000
  0
SEQEND
  8
0
  0
POLYLINE
  8
16
 66
1
 10
0.0000
 20
0.0000
 30
0.0000
 40
0.2540
 41
0.2540
 70
0
  0
VERTEX
  8
16
 10
29.4640
 20
37.5920
 30
0.0000
  0
VERTEX
  8
16
 10
30.4800
 20
38.1000
 30
0.0000
  0
SEQEND
  8
0
  0
POLYLINE
  8
16
 66
1
 10
0.0000
 20
0.0000
 30
0.0000
 40
0.1270
 41
0.1270
 70
0
  0
VERTEX
  8
16
 10
30.5084
 20
38.0432
 30
0.0000
 42
1.0000
  0
VERTEX
  8
16
 10
30.4516
 20
38.1568
 30
0.0000
  0
SEQEND
  8
0
  0
POLYLINE
  8
16
 66
1
 10
0.0000
 20
0.0000
 30
0.0000
 40
0.1270
 41
0.1270
 70
0
  0
VERTEX
  8
16
 10
29.4356
 20
37.6488
 30
0.0000
 42
1.0000
  0
VERTEX
  8
16
 10
29.4924
 20
37.5352
 30
0.0000
  0
SEQEND
  8
0
  0
POLYLINE
  8
16
 66
1
 10
0.0000
 20
0.0000
 30
0.0000
 40
0.2540
 41
0.2540
 70
0
  0
VERTEX
  8
16
 10
46.7360
 20
34.0360
 30
0.0000
  0
VERTEX
  8
16
 10
46.7360
 20
33.5280
 30
0.0000
  0
SEQEND
  8
0
  0
POLYLINE
  8
16
 66
1
 10
0.0000
 20
0.0000
 30
0.0000
 40
0.1270
 41
0.1270
 70
0
  0
VERTEX
  8
16
 10
46.6725
 20
33.5280
 30
0.0000
 42
1.0000
  0
VERTEX
  8
16
 10
46.7995
 20
33.5280
 30
0.0000
  0
SEQEND
  8
0
  0
POLYLINE
  8
16
 66
1
 10
0.0000
 20
0.0000
 30
0.0000
 40
0.1270
 41
0.1270
 70
0
  0
VERTEX
  8
16
 10
46.7995
 20
34.0360
 30
0.0000
 42
1.0000
  0
VERTEX
  8
16
 10
46.6725
 20
34.0360
 30
0.0000
  0
SEQEND
  8
0
  0
POLYLINE
  8
16
 66
1
 10
0.0000
 20
0.0000
 30
0.0000
 40
0.2540
 41
0.2540
 70
0
  0
VERTEX
  8
16
 10
47.7520
 20
35.0520
 30
0.0000
  0
VERTEX
  8
16
 10
46.7360
 20
34.0360
 30
0.0000
  0
SEQEND
  8
0
  0
POLYLINE
  8
16
 66
1
 10
0.0000
 20
0.0000
 30
0.0000
 40
0.1270
 41
0.1270
 70
0
  0
VERTEX
  8
16
 10
46.6911
 20
34.0809
 30
0.0000
 42
1.0000
  0
VERTEX
  8
16
 10
46.7809
 20
33.9911
 30
0.0000
  0
SEQEND
  8
0
  0
POLYLINE
  8
16
 66
1
 10
0.0000
 20
0.0000
 30
0.0000
 40
0.1270
 41
0.1270
 70
0
  0
VERTEX
  8
16
 10
47.7969
 20
35.0071
 30
0.0000
 42
1.0000
  0
VERTEX
  8
16
 10
47.7071
 20
35.0969
 30
0.0000
  0
SEQEND
  8
0
  0
POLYLINE
  8
16
 66
1
 10
0.0000
 20
0.0000
 30
0.0000
 40
0.2540
 41
0.2540
 70
0
  0
VERTEX
  8
16
 10
47.7520
 20
38.6080
 30
0.0000
  0
VERTEX
  8
16
 10
47.7520
 20
35.0520
 30
0.0000
  0
SEQEND
  8
0
  0
POLYLINE
  8
16
 66
1
 10
0.0000
 20
0.0000
 30
0.0000
 40
0.1270
 41
0.1270
 70
0
  0
VERTEX
  8
16
 10
47.6885
 20
35.0520
 30
0.0000
 42
1.0000
  0
VERTEX
  8
16
 10
47.8155
 20
35.0520
 30
0.0000
  0
SEQEND
  8
0
  0
POLYLINE
  8
16
 66
1
 10
0.0000
 20
0.0000
 30
0.0000
 40
0.1270
 41
0.1270
 70
0
  0
VERTEX
  8
16
 10
47.8155
 20
38.6080
 30
0.0000
 42
1.0000
  0
VERTEX
  8
16
 10
47.6885
 20
38.6080
 30
0.0000
  0
SEQEND
  8
0
  0
POLYLINE
  8
16
 66
1
 10
0.0000
 20
0.0000
 30
0.0000
 40
0.2540
 41
0.2540
 70
0
  0
VERTEX
  8
16
 10
46.9900
 20
39.3700
 30
0.0000
  0
VERTEX
  8
16
 10
47.7520
 20
38.6080
 30
0.0000
  0
SEQEND
  8
0
  0
POLYLINE
  8
16
 66
1
 10
0.0000
 20
0.0000
 30
0.0000
 40
0.1270
 41
0.1270
 70
0
  0
VERTEX
  8
16
 10
47.7071
 20
38.5631
 30
0.0000
 42
1.0000
  0
VERTEX
  8
16
 10
47.7969
 20
38.6529
 30
0.0000
  0
SEQEND
  8
0
  0
POLYLINE
  8
16
 66
1
 10
0.0000
 20
0.0000
 30
0.0000
 40
0.1270
 41
0.1270
 70
0
  0
VERTEX
  8
16
 10
47.0349
 20
39.4149
 30
0.0000
 42
1.0000
  0
VERTEX
  8
16
 10
46.9451
 20
39.3251
 30
0.0000
  0
SEQEND
  8
0
  0
POLYLINE
  8
16
 66
1
 10
0.0000
 20
0.0000
 30
0.0000
 40
0.2540
 41
0.2540
 70
0
  0
VERTEX
  8
16
 10
41.9100
 20
39.3700
 30
0.0000
  0
VERTEX
  8
16
 10
46.9900
 20
39.3700
 30
0.0000
  0
SEQEND
  8
0
  0
POLYLINE
  8
16
 66
1
 10
0.0000
 20
0.0000
 30
0.0000
 40
0.1270
 41
0.1270
 70
0
  0
VERTEX
  8
16
 10
46.9900
 20
39.3065
 30
0.0000
 42
1.0000
  0
VERTEX
  8
16
 10
46.9900
 20
39.4335
 30
0.0000
  0
SEQEND
  8
0
  0
POLYLINE
  8
16
 66
1
 10
0.0000
 20
0.0000
 30
0.0000
 40
0.1270
 41
0.1270
 70
0
  0
VERTEX
  8
16
 10
41.9100
 20
39.4335
 30
0.0000
 42
1.0000
  0
VERTEX
  8
16
 10
41.9100
 20
39.3065
 30
0.0000
  0
SEQEND
  8
0
  0
POLYLINE
  8
16
 66
1
 10
0.0000
 20
0.0000
 30
0.0000
 40
0.2540
 41
0.2540
 70
0
  0
VERTEX
  8
16
 10
39.3700
 20
36.8300
 30
0.0000
  0
VERTEX
  8
16
 10
41.9100
 20
39.3700
 30
0.0000
  0
SEQEND
  8
0
  0
POLYLINE
  8
16
 66
1
 10
0.0000
 20
0.0000
 30
0.0000
 40
0.1270
 41
0.1270
 70
0
  0
VERTEX
  8
16
 10
41.9549
 20
39.3251
 30
0.0000
 42
1.0000
  0
VERTEX
  8
16
 10
41.8651
 20
39.4149
 30
0.0000
  0
SEQEND
  8
0
  0
POLYLINE
  8
16
 66
1
 10
0.0000
 20
0.0000
 30
0.0000
 40
0.1270
 41
0.1270
 70
0
  0
VERTEX
  8
16
 10
39.3251
 20
36.8749
 30
0.0000
 42
1.0000
  0
VERTEX
  8
16
 10
39.4149
 20
36.7851
 30
0.0000
  0
SEQEND
  8
0
  0
POLYLINE
  8
16
 66
1
 10
0.0000
 20
0.0000
 30
0.0000
 40
0.2540
 41
0.2540
 70
0
  0
VERTEX
  8
16
 10
36.8300
 20
36.8300
 30
0.0000
  0
VERTEX
  8
16
 10
29.4640
 20
36.8300
 30
0.0000
  0
SEQEND
  8
0
  0
POLYLINE
  8
16
 66
1
 10
0.0000
 20
0.0000
 30
0.0000
 40
0.1270
 41
0.1270
 70
0
  0
VERTEX
  8
16
 10
29.4640
 20
36.8935
 30
0.0000
 42
1.0000
  0
VERTEX
  8
16
 10
29.4640
 20
36.7665
 30
0.0000
  0
SEQEND
  8
0
  0
POLYLINE
  8
16
 66
1
 10
0.0000
 20
0.0000
 30
0.0000
 40
0.1270
 41
0.1270
 70
0
  0
VERTEX
  8
16
 10
36.8300
 20
36.7665
 30
0.0000
 42
1.0000
  0
VERTEX
  8
16
 10
36.8300
 20
36.8935
 30
0.0000
  0
SEQEND
  8
0
  0
POLYLINE
  8
16
 66
1
 10
0.0000
 20
0.0000
 30
0.0000
 40
0.2540
 41
0.2540
 70
0
  0
VERTEX
  8
16
 10
36.8300
 20
36.8300
 30
0.0000
  0
VERTEX
  8
16
 10
39.3700
 20
36.8300
 30
0.0000
  0
SEQEND
  8
0
  0
POLYLINE
  8
16
 66
1
 10
0.0000
 20
0.0000
 30
0.0000
 40
0.1270
 41
0.1270
 70
0
  0
VERTEX
  8
16
 10
39.3700
 20
36.7665
 30
0.0000
 42
1.0000
  0
VERTEX
  8
16
 10
39.3700
 20
36.8935
 30
0.0000
  0
SEQEND
  8
0
  0
POLYLINE
  8
16
 66
1
 10
0.0000
 20
0.0000
 30
0.0000
 40
0.1270
 41
0.1270
 70
0
  0
VERTEX
  8
16
 10
36.8300
 20
36.8935
 30
0.0000
 42
1.0000
  0
VERTEX
  8
16
 10
36.8300
 20
36.7665
 30
0.0000
  0
SEQEND
  8
0
  0
POLYLINE
  8
16
 66
1
 10
0.0000
 20
0.0000
 30
0.0000
 40
0.2540
 41
0.2540
 70
0
  0
VERTEX
  8
16
 10
46.7360
 20
33.5280
 30
0.0000
  0
VERTEX
  8
16
 10
45.7200
 20
33.0200
 30
0.0000
  0
SEQEND
  8
0
  0
POLYLINE
  8
16
 66
1
 10
0.0000
 20
0.0000
 30
0.0000
 40
0.1270
 41
0.1270
 70
0
  0
VERTEX
  8
16
 10
45.6916
 20
33.0768
 30
0.0000
 42
1.0000
  0
VERTEX
  8
16
 10
45.7484
 20
32.9632
 30
0.0000
  0
SEQEND
  8
0
  0
POLYLINE
  8
16
 66
1
 10
0.0000
 20
0.0000
 30
0.0000
 40
0.1270
 41
0.1270
 70
0
  0
VERTEX
  8
16
 10
46.7644
 20
33.4712
 30
0.0000
 42
1.0000
  0
VERTEX
  8
16
 10
46.7076
 20
33.5848
 30
0.0000
  0
SEQEND
  8
0
  0
POLYLINE
  8
16
 66
1
 10
0.0000
 20
0.0000
 30
0.0000
 40
0.2540
 41
0.2540
 70
0
  0
VERTEX
  8
16
 10
31.4960
 20
30.9880
 30
0.0000
  0
VERTEX
  8
16
 10
31.4960
 20
31.4960
 30
0.0000
  0
SEQEND
  8
0
  0
POLYLINE
  8
16
 66
1
 10
0.0000
 20
0.0000
 30
0.0000
 40
0.1270
 41
0.1270
 70
0
  0
VERTEX
  8
16
 10
31.5595
 20
31.4960
 30
0.0000
 42
1.0000
  0
VERTEX
  8
16
 10
31.4325
 20
31.4960
 30
0.0000
  0
SEQEND
  8
0
  0
POLYLINE
  8
16
 66
1
 10
0.0000
 20
0.0000
 30
0.0000
 40
0.1270
 41
0.1270
 70
0
  0
VERTEX
  8
16
 10
31.4325
 20
30.9880
 30
0.0000
 42
1.0000
  0
VERTEX
  8
16
 10
31.5595
 20
30.9880
 30
0.0000
  0
SEQEND
  8
0
  0
POLYLINE
  8
16
 66
1
 10
0.0000
 20
0.0000
 30
0.0000
 40
0.2540
 41
0.2540
 70
0
  0
VERTEX
  8
16
 10
31.4960
 20
31.4960
 30
0.0000
  0
VERTEX
  8
16
 10
36.8300
 20
36.8300
 30
0.0000
  0
SEQEND
  8
0
  0
POLYLINE
  8
16
 66
1
 10
0.0000
 20
0.0000
 30
0.0000
 40
0.1270
 41
0.1270
 70
0
  0
VERTEX
  8
16
 10
36.8749
 20
36.7851
 30
0.0000
 42
1.0000
  0
VERTEX
  8
16
 10
36.7851
 20
36.8749
 30
0.0000
  0
SEQEND
  8
0
  0
POLYLINE
  8
16
 66
1
 10
0.0000
 20
0.0000
 30
0.0000
 40
0.1270
 41
0.1270
 70
0
  0
VERTEX
  8
16
 10
31.4511
 20
31.5409
 30
0.0000
 42
1.0000
  0
VERTEX
  8
16
 10
31.5409
 20
31.4511
 30
0.0000
  0
SEQEND
  8
0
  0
POLYLINE
  8
16
 66
1
 10
0.0000
 20
0.0000
 30
0.0000
 40
0.2540
 41
0.2540
 70
0
  0
VERTEX
  8
16
 10
30.4800
 20
30.4800
 30
0.0000
  0
VERTEX
  8
16
 10
31.4960
 20
30.9880
 30
0.0000
  0
SEQEND
  8
0
  0
POLYLINE
  8
16
 66
1
 10
0.0000
 20
0.0000
 30
0.0000
 40
0.1270
 41
0.1270
 70
0
  0
VERTEX
  8
16
 10
31.5244
 20
30.9312
 30
0.0000
 42
1.0000
  0
VERTEX
  8
16
 10
31.4676
 20
31.0448
 30
0.0000
  0
SEQEND
  8
0
  0
POLYLINE
  8
16
 66
1
 10
0.0000
 20
0.0000
 30
0.0000
 40
0.1270
 41
0.1270
 70
0
  0
VERTEX
  8
16
 10
30.4516
 20
30.5368
 30
0.0000
 42
1.0000
  0
VERTEX
  8
16
 10
30.5084
 20
30.4232
 30
0.0000
  0
SEQEND
  8
0
  0
POLYLINE
  8
16
 66
1
 10
0.0000
 20
0.0000
 30
0.0000
 40
0.2540
 41
0.2540
 70
0
  0
VERTEX
  8
16
 10
69.0880
 20
52.3240
 30
0.0000
  0
VERTEX
  8
16
 10
73.9140
 20
52.3240
 30
0.0000
  0
SEQEND
  8
0
  0
POLYLINE
  8
16
 66
1
 10
0.0000
 20
0.0000
 30
0.0000
 40
0.1270
 41
0.1270
 70
0
  0
VERTEX
  8
16
 10
73.9140
 20
52.2605
 30
0.0000
 42
1.0000
  0
VERTEX
  8
16
 10
73.9140
 20
52.3875
 30
0.0000
  0
SEQEND
  8
0
  0
POLYLINE
  8
16
 66
1
 10
0.0000
 20
0.0000
 30
0.0000
 40
0.1270
 41
0.1270
 70
0
  0
VERTEX
  8
16
 10
69.0880
 20
52.3875
 30
0.0000
 42
1.0000
  0
VERTEX
  8
16
 10
69.0880
 20
52.2605
 30
0.0000
  0
SEQEND
  8
0
  0
POLYLINE
  8
16
 66
1
 10
0.0000
 20
0.0000
 30
0.0000
 40
0.2540
 41
0.2540
 70
0
  0
VERTEX
  8
16
 10
73.9140
 20
52.3240
 30
0.0000
  0
VERTEX
  8
16
 10
75.6920
 20
50.5460
 30
0.0000
  0
SEQEND
  8
0
  0
POLYLINE
  8
16
 66
1
 10
0.0000
 20
0.0000
 30
0.0000
 40
0.1270
 41
0.1270
 70
0
  0
VERTEX
  8
16
 10
75.6471
 20
50.5011
 30
0.0000
 42
1.0000
  0
VERTEX
  8
16
 10
75.7369
 20
50.5909
 30
0.0000
  0
SEQEND
  8
0
  0
POLYLINE
  8
16
 66
1
 10
0.0000
 20
0.0000
 30
0.0000
 40
0.1270
 41
0.1270
 70
0
  0
VERTEX
  8
16
 10
73.9589
 20
52.3689
 30
0.0000
 42
1.0000
  0
VERTEX
  8
16
 10
73.8691
 20
52.2791
 30
0.0000
  0
SEQEND
  8
0
  0
POLYLINE
  8
16
 66
1
 10
0.0000
 20
0.0000
 30
0.0000
 40
0.2540
 41
0.2540
 70
0
  0
VERTEX
  8
16
 10
68.5800
 20
52.0700
 30
0.0000
  0
VERTEX
  8
16
 10
69.0880
 20
52.3240
 30
0.0000
  0
SEQEND
  8
0
  0
POLYLINE
  8
16
 66
1
 10
0.0000
 20
0.0000
 30
0.0000
 40
0.1270
 41
0.1270
 70
0
  0
VERTEX
  8
16
 10
69.1164
 20
52.2672
 30
0.0000
 42
1.0000
  0
VERTEX
  8
16
 10
69.0596
 20
52.3808
 30
0.0000
  0
SEQEND
  8
0
  0
POLYLINE
  8
16
 66
1
 10
0.0000
 20
0.0000
 30
0.0000
 40
0.1270
 41
0.1270
 70
0
  0
VERTEX
  8
16
 10
68.5516
 20
52.1268
 30
0.0000
 42
1.0000
  0
VERTEX
  8
16
 10
68.6084
 20
52.0132
 30
0.0000
  0
SEQEND
  8
0
  0
POLYLINE
  8
16
 66
1
 10
0.0000
 20
0.0000
 30
0.0000
 40
0.2540
 41
0.2540
 70
0
  0
VERTEX
  8
16
 10
75.6920
 20
50.5460
 30
0.0000
  0
VERTEX
  8
16
 10
76.2000
 20
49.5300
 30
0.0000
  0
SEQEND
  8
0
  0
POLYLINE
  8
16
 66
1
 10
0.0000
 20
0.0000
 30
0.0000
 40
0.1270
 41
0.1270
 70
0
  0
VERTEX
  8
16
 10
76.1432
 20
49.5016
 30
0.0000
 42
1.0000
  0
VERTEX
  8
16
 10
76.2568
 20
49.5584
 30
0.0000
  0
SEQEND
  8
0
  0
POLYLINE
  8
16
 66
1
 10
0.0000
 20
0.0000
 30
0.0000
 40
0.1270
 41
0.1270
 70
0
  0
VERTEX
  8
16
 10
75.7488
 20
50.5744
 30
0.0000
 42
1.0000
  0
VERTEX
  8
16
 10
75.6352
 20
50.5176
 30
0.0000
  0
SEQEND
  8
0
  0
POLYLINE
  8
16
 66
1
 10
0.0000
 20
0.0000
 30
0.0000
 40
0.2540
 41
0.2540
 70
0
  0
VERTEX
  8
16
 10
75.9460
 20
48.2600
 30
0.0000
  0
VERTEX
  8
16
 10
75.9460
 20
45.7200
 30
0.0000
  0
SEQEND
  8
0
  0
POLYLINE
  8
16
 66
1
 10
0.0000
 20
0.0000
 30
0.0000
 40
0.1270
 41
0.1270
 70
0
  0
VERTEX
  8
16
 10
75.8825
 20
45.7200
 30
0.0000
 42
1.0000
  0
VERTEX
  8
16
 10
76.0095
 20
45.7200
 30
0.0000
  0
SEQEND
  8
0
  0
POLYLINE
  8
16
 66
1
 10
0.0000
 20
0.0000
 30
0.0000
 40
0.1270
 41
0.1270
 70
0
  0
VERTEX
  8
16
 10
76.0095
 20
48.2600
 30
0.0000
 42
1.0000
  0
VERTEX
  8
16
 10
75.8825
 20
48.2600
 30
0.0000
  0
SEQEND
  8
0
  0
POLYLINE
  8
16
 66
1
 10
0.0000
 20
0.0000
 30
0.0000
 40
0.2540
 41
0.2540
 70
0
  0
VERTEX
  8
16
 10
75.9460
 20
45.7200
 30
0.0000
  0
VERTEX
  8
16
 10
76.2000
 20
44.4500
 30
0.0000
  0
SEQEND
  8
0
  0
POLYLINE
  8
16
 66
1
 10
0.0000
 20
0.0000
 30
0.0000
 40
0.1270
 41
0.1270
 70
0
  0
VERTEX
  8
16
 10
76.1377
 20
44.4375
 30
0.0000
 42
1.0000
  0
VERTEX
  8
16
 10
76.2623
 20
44.4625
 30
0.0000
  0
SEQEND
  8
0
  0
POLYLINE
  8
16
 66
1
 10
0.0000
 20
0.0000
 30
0.0000
 40
0.1270
 41
0.1270
 70
0
  0
VERTEX
  8
16
 10
76.0083
 20
45.7325
 30
0.0000
 42
1.0000
  0
VERTEX
  8
16
 10
75.8837
 20
45.7075
 30
0.0000
  0
SEQEND
  8
0
  0
POLYLINE
  8
16
 66
1
 10
0.0000
 20
0.0000
 30
0.0000
 40
0.2540
 41
0.2540
 70
0
  0
VERTEX
  8
16
 10
76.2000
 20
49.5300
 30
0.0000
  0
VERTEX
  8
16
 10
75.9460
 20
48.2600
 30
0.0000
  0
SEQEND
  8
0
  0
POLYLINE
  8
16
 66
1
 10
0.0000
 20
0.0000
 30
0.0000
 40
0.1270
 41
0.1270
 70
0
  0
VERTEX
  8
16
 10
75.8837
 20
48.2725
 30
0.0000
 42
1.0000
  0
VERTEX
  8
16
 10
76.0083
 20
48.2475
 30
0.0000
  0
SEQEND
  8
0
  0
POLYLINE
  8
16
 66
1
 10
0.0000
 20
0.0000
 30
0.0000
 40
0.1270
 41
0.1270
 70
0
  0
VERTEX
  8
16
 10
76.2623
 20
49.5175
 30
0.0000
 42
1.0000
  0
VERTEX
  8
16
 10
76.1377
 20
49.5425
 30
0.0000
  0
SEQEND
  8
0
  0
POLYLINE
  8
16
 66
1
 10
0.0000
 20
0.0000
 30
0.0000
 40
0.2540
 41
0.2540
 70
0
  0
VERTEX
  8
16
 10
78.4860
 20
45.7200
 30
0.0000
  0
VERTEX
  8
16
 10
78.4860
 20
48.2600
 30
0.0000
  0
SEQEND
  8
0
  0
POLYLINE
  8
16
 66
1
 10
0.0000
 20
0.0000
 30
0.0000
 40
0.1270
 41
0.1270
 70
0
  0
VERTEX
  8
16
 10
78.5495
 20
48.2600
 30
0.0000
 42
1.0000
  0
VERTEX
  8
16
 10
78.4225
 20
48.2600
 30
0.0000
  0
SEQEND
  8
0
  0
POLYLINE
  8
16
 66
1
 10
0.0000
 20
0.0000
 30
0.0000
 40
0.1270
 41
0.1270
 70
0
  0
VERTEX
  8
16
 10
78.4225
 20
45.7200
 30
0.0000
 42
1.0000
  0
VERTEX
  8
16
 10
78.5495
 20
45.7200
 30
0.0000
  0
SEQEND
  8
0
  0
POLYLINE
  8
16
 66
1
 10
0.0000
 20
0.0000
 30
0.0000
 40
0.2540
 41
0.2540
 70
0
  0
VERTEX
  8
16
 10
78.7400
 20
44.4500
 30
0.0000
  0
VERTEX
  8
16
 10
78.4860
 20
45.7200
 30
0.0000
  0
SEQEND
  8
0
  0
POLYLINE
  8
16
 66
1
 10
0.0000
 20
0.0000
 30
0.0000
 40
0.1270
 41
0.1270
 70
0
  0
VERTEX
  8
16
 10
78.5483
 20
45.7325
 30
0.0000
 42
1.0000
  0
VERTEX
  8
16
 10
78.4237
 20
45.7075
 30
0.0000
  0
SEQEND
  8
0
  0
POLYLINE
  8
16
 66
1
 10
0.0000
 20
0.0000
 30
0.0000
 40
0.1270
 41
0.1270
 70
0
  0
VERTEX
  8
16
 10
78.6777
 20
44.4375
 30
0.0000
 42
1.0000
  0
VERTEX
  8
16
 10
78.8023
 20
44.4625
 30
0.0000
  0
SEQEND
  8
0
  0
POLYLINE
  8
16
 66
1
 10
0.0000
 20
0.0000
 30
0.0000
 40
0.2540
 41
0.2540
 70
0
  0
VERTEX
  8
16
 10
78.4860
 20
48.2600
 30
0.0000
  0
VERTEX
  8
16
 10
78.7400
 20
49.5300
 30
0.0000
  0
SEQEND
  8
0
  0
POLYLINE
  8
16
 66
1
 10
0.0000
 20
0.0000
 30
0.0000
 40
0.1270
 41
0.1270
 70
0
  0
VERTEX
  8
16
 10
78.8023
 20
49.5175
 30
0.0000
 42
1.0000
  0
VERTEX
  8
16
 10
78.6777
 20
49.5425
 30
0.0000
  0
SEQEND
  8
0
  0
POLYLINE
  8
16
 66
1
 10
0.0000
 20
0.0000
 30
0.0000
 40
0.1270
 41
0.1270
 70
0
  0
VERTEX
  8
16
 10
78.4237
 20
48.2725
 30
0.0000
 42
1.0000
  0
VERTEX
  8
16
 10
78.5483
 20
48.2475
 30
0.0000
  0
SEQEND
  8
0
  0
POLYLINE
  8
16
 66
1
 10
0.0000
 20
0.0000
 30
0.0000
 40
0.2540
 41
0.2540
 70
0
  0
VERTEX
  8
16
 10
74.4220
 20
54.3560
 30
0.0000
  0
VERTEX
  8
16
 10
69.0880
 20
54.3560
 30
0.0000
  0
SEQEND
  8
0
  0
POLYLINE
  8
16
 66
1
 10
0.0000
 20
0.0000
 30
0.0000
 40
0.1270
 41
0.1270
 70
0
  0
VERTEX
  8
16
 10
69.0880
 20
54.4195
 30
0.0000
 42
1.0000
  0
VERTEX
  8
16
 10
69.0880
 20
54.2925
 30
0.0000
  0
SEQEND
  8
0
  0
POLYLINE
  8
16
 66
1
 10
0.0000
 20
0.0000
 30
0.0000
 40
0.1270
 41
0.1270
 70
0
  0
VERTEX
  8
16
 10
74.4220
 20
54.2925
 30
0.0000
 42
1.0000
  0
VERTEX
  8
16
 10
74.4220
 20
54.4195
 30
0.0000
  0
SEQEND
  8
0
  0
POLYLINE
  8
16
 66
1
 10
0.0000
 20
0.0000
 30
0.0000
 40
0.2540
 41
0.2540
 70
0
  0
VERTEX
  8
16
 10
78.2320
 20
50.5460
 30
0.0000
  0
VERTEX
  8
16
 10
74.4220
 20
54.3560
 30
0.0000
  0
SEQEND
  8
0
  0
POLYLINE
  8
16
 66
1
 10
0.0000
 20
0.0000
 30
0.0000
 40
0.1270
 41
0.1270
 70
0
  0
VERTEX
  8
16
 10
74.4669
 20
54.4009
 30
0.0000
 42
1.0000
  0
VERTEX
  8
16
 10
74.3771
 20
54.3111
 30
0.0000
  0
SEQEND
  8
0
  0
POLYLINE
  8
16
 66
1
 10
0.0000
 20
0.0000
 30
0.0000
 40
0.1270
 41
0.1270
 70
0
  0
VERTEX
  8
16
 10
78.1871
 20
50.5011
 30
0.0000
 42
1.0000
  0
VERTEX
  8
16
 10
78.2769
 20
50.5909
 30
0.0000
  0
SEQEND
  8
0
  0
POLYLINE
  8
16
 66
1
 10
0.0000
 20
0.0000
 30
0.0000
 40
0.2540
 41
0.2540
 70
0
  0
VERTEX
  8
16
 10
69.0880
 20
54.3560
 30
0.0000
  0
VERTEX
  8
16
 10
68.5800
 20
54.6100
 30
0.0000
  0
SEQEND
  8
0
  0
POLYLINE
  8
16
 66
1
 10
0.0000
 20
0.0000
 30
0.0000
 40
0.1270
 41
0.1270
 70
0
  0
VERTEX
  8
16
 10
68.6084
 20
54.6668
 30
0.0000
 42
1.0000
  0
VERTEX
  8
16
 10
68.5516
 20
54.5532
 30
0.0000
  0
SEQEND
  8
0
  0
POLYLINE
  8
16
 66
1
 10
0.0000
 20
0.0000
 30
0.0000
 40
0.1270
 41
0.1270
 70
0
  0
VERTEX
  8
16
 10
69.0596
 20
54.2992
 30
0.0000
 42
1.0000
  0
VERTEX
  8
16
 10
69.1164
 20
54.4128
 30
0.0000
  0
SEQEND
  8
0
  0
POLYLINE
  8
16
 66
1
 10
0.0000
 20
0.0000
 30
0.0000
 40
0.2540
 41
0.2540
 70
0
  0
VERTEX
  8
16
 10
78.7400
 20
49.5300
 30
0.0000
  0
VERTEX
  8
16
 10
78.2320
 20
50.5460
 30
0.0000
  0
SEQEND
  8
0
  0
POLYLINE
  8
16
 66
1
 10
0.0000
 20
0.0000
 30
0.0000
 40
0.1270
 41
0.1270
 70
0
  0
VERTEX
  8
16
 10
78.2888
 20
50.5744
 30
0.0000
 42
1.0000
  0
VERTEX
  8
16
 10
78.1752
 20
50.5176
 30
0.0000
  0
SEQEND
  8
0
  0
POLYLINE
  8
16
 66
1
 10
0.0000
 20
0.0000
 30
0.0000
 40
0.1270
 41
0.1270
 70
0
  0
VERTEX
  8
16
 10
78.6832
 20
49.5016
 30
0.0000
 42
1.0000
  0
VERTEX
  8
16
 10
78.7968
 20
49.5584
 30
0.0000
  0
SEQEND
  8
0
  0
POLYLINE
  8
16
 66
1
 10
0.0000
 20
0.0000
 30
0.0000
 40
0.2540
 41
0.2540
 70
0
  0
VERTEX
  8
16
 10
44.4500
 20
7.8740
 30
0.0000
  0
VERTEX
  8
16
 10
48.0060
 20
11.4300
 30
0.0000
  0
SEQEND
  8
0
  0
POLYLINE
  8
16
 66
1
 10
0.0000
 20
0.0000
 30
0.0000
 40
0.1270
 41
0.1270
 70
0
  0
VERTEX
  8
16
 10
48.0509
 20
11.3851
 30
0.0000
 42
1.0000
  0
VERTEX
  8
16
 10
47.9611
 20
11.4749
 30
0.0000
  0
SEQEND
  8
0
  0
POLYLINE
  8
16
 66
1
 10
0.0000
 20
0.0000
 30
0.0000
 40
0.1270
 41
0.1270
 70
0
  0
VERTEX
  8
16
 10
44.4051
 20
7.9189
 30
0.0000
 42
1.0000
  0
VERTEX
  8
16
 10
44.4949
 20
7.8291
 30
0.0000
  0
SEQEND
  8
0
  0
POLYLINE
  8
16
 66
1
 10
0.0000
 20
0.0000
 30
0.0000
 40
0.2540
 41
0.2540
 70
0
  0
VERTEX
  8
16
 10
48.0060
 20
11.4300
 30
0.0000
  0
VERTEX
  8
16
 10
48.0060
 20
15.4940
 30
0.0000
  0
SEQEND
  8
0
  0
POLYLINE
  8
16
 66
1
 10
0.0000
 20
0.0000
 30
0.0000
 40
0.1270
 41
0.1270
 70
0
  0
VERTEX
  8
16
 10
48.0695
 20
15.4940
 30
0.0000
 42
1.0000
  0
VERTEX
  8
16
 10
47.9425
 20
15.4940
 30
0.0000
  0
SEQEND
  8
0
  0
POLYLINE
  8
16
 66
1
 10
0.0000
 20
0.0000
 30
0.0000
 40
0.1270
 41
0.1270
 70
0
  0
VERTEX
  8
16
 10
47.9425
 20
11.4300
 30
0.0000
 42
1.0000
  0
VERTEX
  8
16
 10
48.0695
 20
11.4300
 30
0.0000
  0
SEQEND
  8
0
  0
POLYLINE
  8
16
 66
1
 10
0.0000
 20
0.0000
 30
0.0000
 40
0.2540
 41
0.2540
 70
0
  0
VERTEX
  8
16
 10
48.0060
 20
15.4940
 30
0.0000
  0
VERTEX
  8
16
 10
49.7840
 20
17.2720
 30
0.0000
  0
SEQEND
  8
0
  0
POLYLINE
  8
16
 66
1
 10
0.0000
 20
0.0000
 30
0.0000
 40
0.1270
 41
0.1270
 70
0
  0
VERTEX
  8
16
 10
49.8289
 20
17.2271
 30
0.0000
 42
1.0000
  0
VERTEX
  8
16
 10
49.7391
 20
17.3169
 30
0.0000
  0
SEQEND
  8
0
  0
POLYLINE
  8
16
 66
1
 10
0.0000
 20
0.0000
 30
0.0000
 40
0.1270
 41
0.1270
 70
0
  0
VERTEX
  8
16
 10
47.9611
 20
15.5389
 30
0.0000
 42
1.0000
  0
VERTEX
  8
16
 10
48.0509
 20
15.4491
 30
0.0000
  0
SEQEND
  8
0
  0
POLYLINE
  8
16
 66
1
 10
0.0000
 20
0.0000
 30
0.0000
 40
0.2540
 41
0.2540
 70
0
  0
VERTEX
  8
16
 10
43.1800
 20
7.6200
 30
0.0000
  0
VERTEX
  8
16
 10
44.4500
 20
7.8740
 30
0.0000
  0
SEQEND
  8
0
  0
POLYLINE
  8
16
 66
1
 10
0.0000
 20
0.0000
 30
0.0000
 40
0.1270
 41
0.1270
 70
0
  0
VERTEX
  8
16
 10
44.4625
 20
7.8117
 30
0.0000
 42
1.0000
  0
VERTEX
  8
16
 10
44.4375
 20
7.9363
 30
0.0000
  0
SEQEND
  8
0
  0
POLYLINE
  8
16
 66
1
 10
0.0000
 20
0.0000
 30
0.0000
 40
0.1270
 41
0.1270
 70
0
  0
VERTEX
  8
16
 10
43.1675
 20
7.6823
 30
0.0000
 42
1.0000
  0
VERTEX
  8
16
 10
43.1925
 20
7.5577
 30
0.0000
  0
SEQEND
  8
0
  0
POLYLINE
  8
16
 66
1
 10
0.0000
 20
0.0000
 30
0.0000
 40
0.2540
 41
0.2540
 70
0
  0
VERTEX
  8
16
 10
49.7840
 20
17.2720
 30
0.0000
  0
VERTEX
  8
16
 10
50.8000
 20
17.7800
 30
0.0000
  0
SEQEND
  8
0
  0
POLYLINE
  8
16
 66
1
 10
0.0000
 20
0.0000
 30
0.0000
 40
0.1270
 41
0.1270
 70
0
  0
VERTEX
  8
16
 10
50.8284
 20
17.7232
 30
0.0000
 42
1.0000
  0
VERTEX
  8
16
 10
50.7716
 20
17.8368
 30
0.0000
  0
SEQEND
  8
0
  0
POLYLINE
  8
16
 66
1
 10
0.0000
 20
0.0000
 30
0.0000
 40
0.1270
 41
0.1270
 70
0
  0
VERTEX
  8
16
 10
49.7556
 20
17.3288
 30
0.0000
 42
1.0000
  0
VERTEX
  8
16
 10
49.8124
 20
17.2152
 30
0.0000
  0
SEQEND
  8
0
  0
POLYLINE
  8
16
 66
1
 10
0.0000
 20
0.0000
 30
0.0000
 40
0.2540
 41
0.2540
 70
0
  0
VERTEX
  8
16
 10
69.3420
 20
48.5140
 30
0.0000
  0
VERTEX
  8
16
 10
70.6120
 20
48.5140
 30
0.0000
  0
SEQEND
  8
0
  0
POLYLINE
  8
16
 66
1
 10
0.0000
 20
0.0000
 30
0.0000
 40
0.1270
 41
0.1270
 70
0
  0
VERTEX
  8
16
 10
70.6120
 20
48.4505
 30
0.0000
 42
1.0000
  0
VERTEX
  8
16
 10
70.6120
 20
48.5775
 30
0.0000
  0
SEQEND
  8
0
  0
POLYLINE
  8
16
 66
1
 10
0.0000
 20
0.0000
 30
0.0000
 40
0.1270
 41
0.1270
 70
0
  0
VERTEX
  8
16
 10
69.3420
 20
48.5775
 30
0.0000
 42
1.0000
  0
VERTEX
  8
16
 10
69.3420
 20
48.4505
 30
0.0000
  0
SEQEND
  8
0
  0
POLYLINE
  8
16
 66
1
 10
0.0000
 20
0.0000
 30
0.0000
 40
0.2540
 41
0.2540
 70
0
  0
VERTEX
  8
16
 10
69.0880
 20
48.2600
 30
0.0000
  0
VERTEX
  8
16
 10
69.3420
 20
48.5140
 30
0.0000
  0
SEQEND
  8
0
  0
POLYLINE
  8
16
 66
1
 10
0.0000
 20
0.0000
 30
0.0000
 40
0.1270
 41
0.1270
 70
0
  0
VERTEX
  8
16
 10
69.3869
 20
48.4691
 30
0.0000
 42
1.0000
  0
VERTEX
  8
16
 10
69.2971
 20
48.5589
 30
0.0000
  0
SEQEND
  8
0
  0
POLYLINE
  8
16
 66
1
 10
0.0000
 20
0.0000
 30
0.0000
 40
0.1270
 41
0.1270
 70
0
  0
VERTEX
  8
16
 10
69.0431
 20
48.3049
 30
0.0000
 42
1.0000
  0
VERTEX
  8
16
 10
69.1329
 20
48.2151
 30
0.0000
  0
SEQEND
  8
0
  0
POLYLINE
  8
16
 66
1
 10
0.0000
 20
0.0000
 30
0.0000
 40
0.2540
 41
0.2540
 70
0
  0
VERTEX
  8
16
 10
68.0720
 20
48.2600
 30
0.0000
  0
VERTEX
  8
16
 10
69.0880
 20
48.2600
 30
0.0000
  0
SEQEND
  8
0
  0
POLYLINE
  8
16
 66
1
 10
0.0000
 20
0.0000
 30
0.0000
 40
0.1270
 41
0.1270
 70
0
  0
VERTEX
  8
16
 10
69.0880
 20
48.1965
 30
0.0000
 42
1.0000
  0
VERTEX
  8
16
 10
69.0880
 20
48.3235
 30
0.0000
  0
SEQEND
  8
0
  0
POLYLINE
  8
16
 66
1
 10
0.0000
 20
0.0000
 30
0.0000
 40
0.1270
 41
0.1270
 70
0
  0
VERTEX
  8
16
 10
68.0720
 20
48.3235
 30
0.0000
 42
1.0000
  0
VERTEX
  8
16
 10
68.0720
 20
48.1965
 30
0.0000
  0
SEQEND
  8
0
  0
POLYLINE
  8
16
 66
1
 10
0.0000
 20
0.0000
 30
0.0000
 40
0.2540
 41
0.2540
 70
0
  0
VERTEX
  8
16
 10
67.3100
 20
49.0220
 30
0.0000
  0
VERTEX
  8
16
 10
68.0720
 20
48.2600
 30
0.0000
  0
SEQEND
  8
0
  0
POLYLINE
  8
16
 66
1
 10
0.0000
 20
0.0000
 30
0.0000
 40
0.1270
 41
0.1270
 70
0
  0
VERTEX
  8
16
 10
68.0271
 20
48.2151
 30
0.0000
 42
1.0000
  0
VERTEX
  8
16
 10
68.1169
 20
48.3049
 30
0.0000
  0
SEQEND
  8
0
  0
POLYLINE
  8
16
 66
1
 10
0.0000
 20
0.0000
 30
0.0000
 40
0.1270
 41
0.1270
 70
0
  0
VERTEX
  8
16
 10
67.3549
 20
49.0669
 30
0.0000
 42
1.0000
  0
VERTEX
  8
16
 10
67.2651
 20
48.9771
 30
0.0000
  0
SEQEND
  8
0
  0
POLYLINE
  8
16
 66
1
 10
0.0000
 20
0.0000
 30
0.0000
 40
0.2540
 41
0.2540
 70
0
  0
VERTEX
  8
16
 10
67.3100
 20
50.0380
 30
0.0000
  0
VERTEX
  8
16
 10
67.3100
 20
55.6260
 30
0.0000
  0
SEQEND
  8
0
  0
POLYLINE
  8
16
 66
1
 10
0.0000
 20
0.0000
 30
0.0000
 40
0.1270
 41
0.1270
 70
0
  0
VERTEX
  8
16
 10
67.3735
 20
55.6260
 30
0.0000
 42
1.0000
  0
VERTEX
  8
16
 10
67.2465
 20
55.6260
 30
0.0000
  0
SEQEND
  8
0
  0
POLYLINE
  8
16
 66
1
 10
0.0000
 20
0.0000
 30
0.0000
 40
0.1270
 41
0.1270
 70
0
  0
VERTEX
  8
16
 10
67.2465
 20
50.0380
 30
0.0000
 42
1.0000
  0
VERTEX
  8
16
 10
67.3735
 20
50.0380
 30
0.0000
  0
SEQEND
  8
0
  0
POLYLINE
  8
16
 66
1
 10
0.0000
 20
0.0000
 30
0.0000
 40
0.2540
 41
0.2540
 70
0
  0
VERTEX
  8
16
 10
67.3100
 20
50.0380
 30
0.0000
  0
VERTEX
  8
16
 10
67.3100
 20
49.0220
 30
0.0000
  0
SEQEND
  8
0
  0
POLYLINE
  8
16
 66
1
 10
0.0000
 20
0.0000
 30
0.0000
 40
0.1270
 41
0.1270
 70
0
  0
VERTEX
  8
16
 10
67.2465
 20
49.0220
 30
0.0000
 42
1.0000
  0
VERTEX
  8
16
 10
67.3735
 20
49.0220
 30
0.0000
  0
SEQEND
  8
0
  0
POLYLINE
  8
16
 66
1
 10
0.0000
 20
0.0000
 30
0.0000
 40
0.1270
 41
0.1270
 70
0
  0
VERTEX
  8
16
 10
67.3735
 20
50.0380
 30
0.0000
 42
1.0000
  0
VERTEX
  8
16
 10
67.2465
 20
50.0380
 30
0.0000
  0
SEQEND
  8
0
  0
POLYLINE
  8
16
 66
1
 10
0.0000
 20
0.0000
 30
0.0000
 40
0.2540
 41
0.2540
 70
0
  0
VERTEX
  8
16
 10
67.3100
 20
55.6260
 30
0.0000
  0
VERTEX
  8
16
 10
68.3260
 20
56.6420
 30
0.0000
  0
SEQEND
  8
0
  0
POLYLINE
  8
16
 66
1
 10
0.0000
 20
0.0000
 30
0.0000
 40
0.1270
 41
0.1270
 70
0
  0
VERTEX
  8
16
 10
68.3709
 20
56.5971
 30
0.0000
 42
1.0000
  0
VERTEX
  8
16
 10
68.2811
 20
56.6869
 30
0.0000
  0
SEQEND
  8
0
  0
POLYLINE
  8
16
 66
1
 10
0.0000
 20
0.0000
 30
0.0000
 40
0.1270
 41
0.1270
 70
0
  0
VERTEX
  8
16
 10
67.2651
 20
55.6709
 30
0.0000
 42
1.0000
  0
VERTEX
  8
16
 10
67.3549
 20
55.5811
 30
0.0000
  0
SEQEND
  8
0
  0
POLYLINE
  8
16
 66
1
 10
0.0000
 20
0.0000
 30
0.0000
 40
0.2540
 41
0.2540
 70
0
  0
VERTEX
  8
16
 10
70.6120
 20
48.5140
 30
0.0000
  0
VERTEX
  8
16
 10
71.1200
 20
49.5300
 30
0.0000
  0
SEQEND
  8
0
  0
POLYLINE
  8
16
 66
1
 10
0.0000
 20
0.0000
 30
0.0000
 40
0.1270
 41
0.1270
 70
0
  0
VERTEX
  8
16
 10
71.1768
 20
49.5016
 30
0.0000
 42
1.0000
  0
VERTEX
  8
16
 10
71.0632
 20
49.5584
 30
0.0000
  0
SEQEND
  8
0
  0
POLYLINE
  8
16
 66
1
 10
0.0000
 20
0.0000
 30
0.0000
 40
0.1270
 41
0.1270
 70
0
  0
VERTEX
  8
16
 10
70.5552
 20
48.5424
 30
0.0000
 42
1.0000
  0
VERTEX
  8
16
 10
70.6688
 20
48.4856
 30
0.0000
  0
SEQEND
  8
0
  0
POLYLINE
  8
16
 66
1
 10
0.0000
 20
0.0000
 30
0.0000
 40
0.2540
 41
0.2540
 70
0
  0
VERTEX
  8
16
 10
68.3260
 20
56.6420
 30
0.0000
  0
VERTEX
  8
16
 10
68.5800
 20
57.1500
 30
0.0000
  0
SEQEND
  8
0
  0
POLYLINE
  8
16
 66
1
 10
0.0000
 20
0.0000
 30
0.0000
 40
0.1270
 41
0.1270
 70
0
  0
VERTEX
  8
16
 10
68.6368
 20
57.1216
 30
0.0000
 42
1.0000
  0
VERTEX
  8
16
 10
68.5232
 20
57.1784
 30
0.0000
  0
SEQEND
  8
0
  0
POLYLINE
  8
16
 66
1
 10
0.0000
 20
0.0000
 30
0.0000
 40
0.1270
 41
0.1270
 70
0
  0
VERTEX
  8
16
 10
68.2692
 20
56.6704
 30
0.0000
 42
1.0000
  0
VERTEX
  8
16
 10
68.3828
 20
56.6136
 30
0.0000
  0
SEQEND
  8
0
  0
POLYLINE
  8
16
 66
1
 10
0.0000
 20
0.0000
 30
0.0000
 40
0.2540
 41
0.2540
 70
0
  0
VERTEX
  8
16
 10
75.6920
 20
7.3660
 30
0.0000
  0
VERTEX
  8
16
 10
71.8820
 20
11.1760
 30
0.0000
  0
SEQEND
  8
0
  0
POLYLINE
  8
16
 66
1
 10
0.0000
 20
0.0000
 30
0.0000
 40
0.1270
 41
0.1270
 70
0
  0
VERTEX
  8
16
 10
71.9269
 20
11.2209
 30
0.0000
 42
1.0000
  0
VERTEX
  8
16
 10
71.8371
 20
11.1311
 30
0.0000
  0
SEQEND
  8
0
  0
POLYLINE
  8
16
 66
1
 10
0.0000
 20
0.0000
 30
0.0000
 40
0.1270
 41
0.1270
 70
0
  0
VERTEX
  8
16
 10
75.6471
 20
7.3211
 30
0.0000
 42
1.0000
  0
VERTEX
  8
16
 10
75.7369
 20
7.4109
 30
0.0000
  0
SEQEND
  8
0
  0
POLYLINE
  8
16
 66
1
 10
0.0000
 20
0.0000
 30
0.0000
 40
0.2540
 41
0.2540
 70
0
  0
VERTEX
  8
16
 10
71.8820
 20
11.1760
 30
0.0000
  0
VERTEX
  8
16
 10
71.8820
 20
12.7000
 30
0.0000
  0
SEQEND
  8
0
  0
POLYLINE
  8
16
 66
1
 10
0.0000
 20
0.0000
 30
0.0000
 40
0.1270
 41
0.1270
 70
0
  0
VERTEX
  8
16
 10
71.9455
 20
12.7000
 30
0.0000
 42
1.0000
  0
VERTEX
  8
16
 10
71.8185
 20
12.7000
 30
0.0000
  0
SEQEND
  8
0
  0
POLYLINE
  8
16
 66
1
 10
0.0000
 20
0.0000
 30
0.0000
 40
0.1270
 41
0.1270
 70
0
  0
VERTEX
  8
16
 10
71.8185
 20
11.1760
 30
0.0000
 42
1.0000
  0
VERTEX
  8
16
 10
71.9455
 20
11.1760
 30
0.0000
  0
SEQEND
  8
0
  0
POLYLINE
  8
16
 66
1
 10
0.0000
 20
0.0000
 30
0.0000
 40
0.2540
 41
0.2540
 70
0
  0
VERTEX
  8
16
 10
71.8820
 20
12.7000
 30
0.0000
  0
VERTEX
  8
16
 10
59.6900
 20
24.8920
 30
0.0000
  0
SEQEND
  8
0
  0
POLYLINE
  8
16
 66
1
 10
0.0000
 20
0.0000
 30
0.0000
 40
0.1270
 41
0.1270
 70
0
  0
VERTEX
  8
16
 10
59.7349
 20
24.9369
 30
0.0000
 42
1.0000
  0
VERTEX
  8
16
 10
59.6451
 20
24.8471
 30
0.0000
  0
SEQEND
  8
0
  0
POLYLINE
  8
16
 66
1
 10
0.0000
 20
0.0000
 30
0.0000
 40
0.1270
 41
0.1270
 70
0
  0
VERTEX
  8
16
 10
71.8371
 20
12.6551
 30
0.0000
 42
1.0000
  0
VERTEX
  8
16
 10
71.9269
 20
12.7449
 30
0.0000
  0
SEQEND
  8
0
  0
POLYLINE
  8
16
 66
1
 10
0.0000
 20
0.0000
 30
0.0000
 40
0.2540
 41
0.2540
 70
0
  0
VERTEX
  8
16
 10
59.6900
 20
24.8920
 30
0.0000
  0
VERTEX
  8
16
 10
59.6900
 20
38.1000
 30
0.0000
  0
SEQEND
  8
0
  0
POLYLINE
  8
16
 66
1
 10
0.0000
 20
0.0000
 30
0.0000
 40
0.1270
 41
0.1270
 70
0
  0
VERTEX
  8
16
 10
59.7535
 20
38.1000
 30
0.0000
 42
1.0000
  0
VERTEX
  8
16
 10
59.6265
 20
38.1000
 30
0.0000
  0
SEQEND
  8
0
  0
POLYLINE
  8
16
 66
1
 10
0.0000
 20
0.0000
 30
0.0000
 40
0.1270
 41
0.1270
 70
0
  0
VERTEX
  8
16
 10
59.6265
 20
24.8920
 30
0.0000
 42
1.0000
  0
VERTEX
  8
16
 10
59.7535
 20
24.8920
 30
0.0000
  0
SEQEND
  8
0
  0
POLYLINE
  8
16
 66
1
 10
0.0000
 20
0.0000
 30
0.0000
 40
0.2540
 41
0.2540
 70
0
  0
VERTEX
  8
16
 10
59.6900
 20
38.1000
 30
0.0000
  0
VERTEX
  8
16
 10
64.7700
 20
43.1800
 30
0.0000
  0
SEQEND
  8
0
  0
POLYLINE
  8
16
 66
1
 10
0.0000
 20
0.0000
 30
0.0000
 40
0.1270
 41
0.1270
 70
0
  0
VERTEX
  8
16
 10
64.8149
 20
43.1351
 30
0.0000
 42
1.0000
  0
VERTEX
  8
16
 10
64.7251
 20
43.2249
 30
0.0000
  0
SEQEND
  8
0
  0
POLYLINE
  8
16
 66
1
 10
0.0000
 20
0.0000
 30
0.0000
 40
0.1270
 41
0.1270
 70
0
  0
VERTEX
  8
16
 10
59.6451
 20
38.1449
 30
0.0000
 42
1.0000
  0
VERTEX
  8
16
 10
59.7349
 20
38.0551
 30
0.0000
  0
SEQEND
  8
0
  0
POLYLINE
  8
16
 66
1
 10
0.0000
 20
0.0000
 30
0.0000
 40
0.2540
 41
0.2540
 70
0
  0
VERTEX
  8
16
 10
64.7700
 20
43.1800
 30
0.0000
  0
VERTEX
  8
16
 10
64.7700
 20
47.4980
 30
0.0000
  0
SEQEND
  8
0
  0
POLYLINE
  8
16
 66
1
 10
0.0000
 20
0.0000
 30
0.0000
 40
0.1270
 41
0.1270
 70
0
  0
VERTEX
  8
16
 10
64.8335
 20
47.4980
 30
0.0000
 42
1.0000
  0
VERTEX
  8
16
 10
64.7065
 20
47.4980
 30
0.0000
  0
SEQEND
  8
0
  0
POLYLINE
  8
16
 66
1
 10
0.0000
 20
0.0000
 30
0.0000
 40
0.1270
 41
0.1270
 70
0
  0
VERTEX
  8
16
 10
64.7065
 20
43.1800
 30
0.0000
 42
1.0000
  0
VERTEX
  8
16
 10
64.8335
 20
43.1800
 30
0.0000
  0
SEQEND
  8
0
  0
POLYLINE
  8
16
 66
1
 10
0.0000
 20
0.0000
 30
0.0000
 40
0.2540
 41
0.2540
 70
0
  0
VERTEX
  8
16
 10
64.7700
 20
47.4980
 30
0.0000
  0
VERTEX
  8
16
 10
67.3100
 20
50.0380
 30
0.0000
  0
SEQEND
  8
0
  0
POLYLINE
  8
16
 66
1
 10
0.0000
 20
0.0000
 30
0.0000
 40
0.1270
 41
0.1270
 70
0
  0
VERTEX
  8
16
 10
67.3549
 20
49.9931
 30
0.0000
 42
1.0000
  0
VERTEX
  8
16
 10
67.2651
 20
50.0829
 30
0.0000
  0
SEQEND
  8
0
  0
POLYLINE
  8
16
 66
1
 10
0.0000
 20
0.0000
 30
0.0000
 40
0.1270
 41
0.1270
 70
0
  0
VERTEX
  8
16
 10
64.7251
 20
47.5429
 30
0.0000
 42
1.0000
  0
VERTEX
  8
16
 10
64.8149
 20
47.4531
 30
0.0000
  0
SEQEND
  8
0
  0
POLYLINE
  8
16
 66
1
 10
0.0000
 20
0.0000
 30
0.0000
 40
0.2540
 41
0.2540
 70
0
  0
VERTEX
  8
16
 10
75.6920
 20
7.3660
 30
0.0000
  0
VERTEX
  8
16
 10
76.2000
 20
6.3500
 30
0.0000
  0
SEQEND
  8
0
  0
POLYLINE
  8
16
 66
1
 10
0.0000
 20
0.0000
 30
0.0000
 40
0.1270
 41
0.1270
 70
0
  0
VERTEX
  8
16
 10
76.1432
 20
6.3216
 30
0.0000
 42
1.0000
  0
VERTEX
  8
16
 10
76.2568
 20
6.3784
 30
0.0000
  0
SEQEND
  8
0
  0
POLYLINE
  8
16
 66
1
 10
0.0000
 20
0.0000
 30
0.0000
 40
0.1270
 41
0.1270
 70
0
  0
VERTEX
  8
16
 10
75.7488
 20
7.3944
 30
0.0000
 42
1.0000
  0
VERTEX
  8
16
 10
75.6352
 20
7.3376
 30
0.0000
  0
SEQEND
  8
0
  0
POLYLINE
  8
16
 66
1
 10
0.0000
 20
0.0000
 30
0.0000
 40
0.2540
 41
0.2540
 70
0
  0
VERTEX
  8
16
 10
39.3700
 20
12.4460
 30
0.0000
  0
VERTEX
  8
16
 10
40.3860
 20
12.4460
 30
0.0000
  0
SEQEND
  8
0
  0
POLYLINE
  8
16
 66
1
 10
0.0000
 20
0.0000
 30
0.0000
 40
0.1270
 41
0.1270
 70
0
  0
VERTEX
  8
16
 10
40.3860
 20
12.3825
 30
0.0000
 42
1.0000
  0
VERTEX
  8
16
 10
40.3860
 20
12.5095
 30
0.0000
  0
SEQEND
  8
0
  0
POLYLINE
  8
16
 66
1
 10
0.0000
 20
0.0000
 30
0.0000
 40
0.1270
 41
0.1270
 70
0
  0
VERTEX
  8
16
 10
39.3700
 20
12.5095
 30
0.0000
 42
1.0000
  0
VERTEX
  8
16
 10
39.3700
 20
12.3825
 30
0.0000
  0
SEQEND
  8
0
  0
POLYLINE
  8
16
 66
1
 10
0.0000
 20
0.0000
 30
0.0000
 40
0.2540
 41
0.2540
 70
0
  0
VERTEX
  8
16
 10
40.3860
 20
12.4460
 30
0.0000
  0
VERTEX
  8
16
 10
42.1640
 20
10.6680
 30
0.0000
  0
SEQEND
  8
0
  0
POLYLINE
  8
16
 66
1
 10
0.0000
 20
0.0000
 30
0.0000
 40
0.1270
 41
0.1270
 70
0
  0
VERTEX
  8
16
 10
42.1191
 20
10.6231
 30
0.0000
 42
1.0000
  0
VERTEX
  8
16
 10
42.2089
 20
10.7129
 30
0.0000
  0
SEQEND
  8
0
  0
POLYLINE
  8
16
 66
1
 10
0.0000
 20
0.0000
 30
0.0000
 40
0.1270
 41
0.1270
 70
0
  0
VERTEX
  8
16
 10
40.4309
 20
12.4909
 30
0.0000
 42
1.0000
  0
VERTEX
  8
16
 10
40.3411
 20
12.4011
 30
0.0000
  0
SEQEND
  8
0
  0
POLYLINE
  8
16
 66
1
 10
0.0000
 20
0.0000
 30
0.0000
 40
0.2540
 41
0.2540
 70
0
  0
VERTEX
  8
16
 10
39.3700
 20
12.4460
 30
0.0000
  0
VERTEX
  8
16
 10
38.1000
 20
12.7000
 30
0.0000
  0
SEQEND
  8
0
  0
POLYLINE
  8
16
 66
1
 10
0.0000
 20
0.0000
 30
0.0000
 40
0.1270
 41
0.1270
 70
0
  0
VERTEX
  8
16
 10
38.1125
 20
12.7623
 30
0.0000
 42
1.0000
  0
VERTEX
  8
16
 10
38.0875
 20
12.6377
 30
0.0000
  0
SEQEND
  8
0
  0
POLYLINE
  8
16
 66
1
 10
0.0000
 20
0.0000
 30
0.0000
 40
0.1270
 41
0.1270
 70
0
  0
VERTEX
  8
16
 10
39.3575
 20
12.3837
 30
0.0000
 42
1.0000
  0
VERTEX
  8
16
 10
39.3825
 20
12.5083
 30
0.0000
  0
SEQEND
  8
0
  0
POLYLINE
  8
16
 66
1
 10
0.0000
 20
0.0000
 30
0.0000
 40
0.2540
 41
0.2540
 70
0
  0
VERTEX
  8
16
 10
42.1640
 20
10.6680
 30
0.0000
  0
VERTEX
  8
16
 10
43.1800
 20
10.1600
 30
0.0000
  0
SEQEND
  8
0
  0
POLYLINE
  8
16
 66
1
 10
0.0000
 20
0.0000
 30
0.0000
 40
0.1270
 41
0.1270
 70
0
  0
VERTEX
  8
16
 10
43.1516
 20
10.1032
 30
0.0000
 42
1.0000
  0
VERTEX
  8
16
 10
43.2084
 20
10.2168
 30
0.0000
  0
SEQEND
  8
0
  0
POLYLINE
  8
16
 66
1
 10
0.0000
 20
0.0000
 30
0.0000
 40
0.1270
 41
0.1270
 70
0
  0
VERTEX
  8
16
 10
42.1924
 20
10.7248
 30
0.0000
 42
1.0000
  0
VERTEX
  8
16
 10
42.1356
 20
10.6112
 30
0.0000
  0
SEQEND
  8
0
  0
POLYLINE
  8
16
 66
1
 10
0.0000
 20
0.0000
 30
0.0000
 40
0.2540
 41
0.2540
 70
0
  0
VERTEX
  8
16
 10
30.2260
 20
56.3880
 30
0.0000
  0
VERTEX
  8
16
 10
30.2260
 20
56.8960
 30
0.0000
  0
SEQEND
  8
0
  0
POLYLINE
  8
16
 66
1
 10
0.0000
 20
0.0000
 30
0.0000
 40
0.1270
 41
0.1270
 70
0
  0
VERTEX
  8
16
 10
30.2895
 20
56.8960
 30
0.0000
 42
1.0000
  0
VERTEX
  8
16
 10
30.1625
 20
56.8960
 30
0.0000
  0
SEQEND
  8
0
  0
POLYLINE
  8
16
 66
1
 10
0.0000
 20
0.0000
 30
0.0000
 40
0.1270
 41
0.1270
 70
0
  0
VERTEX
  8
16
 10
30.1625
 20
56.3880
 30
0.0000
 42
1.0000
  0
VERTEX
  8
16
 10
30.2895
 20
56.3880
 30
0.0000
  0
SEQEND
  8
0
  0
POLYLINE
  8
16
 66
1
 10
0.0000
 20
0.0000
 30
0.0000
 40
0.2540
 41
0.2540
 70
0
  0
VERTEX
  8
16
 10
30.2260
 20
56.8960
 30
0.0000
  0
VERTEX
  8
16
 10
29.2100
 20
57.9120
 30
0.0000
  0
SEQEND
  8
0
  0
POLYLINE
  8
16
 66
1
 10
0.0000
 20
0.0000
 30
0.0000
 40
0.1270
 41
0.1270
 70
0
  0
VERTEX
  8
16
 10
29.2549
 20
57.9569
 30
0.0000
 42
1.0000
  0
VERTEX
  8
16
 10
29.1651
 20
57.8671
 30
0.0000
  0
SEQEND
  8
0
  0
POLYLINE
  8
16
 66
1
 10
0.0000
 20
0.0000
 30
0.0000
 40
0.1270
 41
0.1270
 70
0
  0
VERTEX
  8
16
 10
30.1811
 20
56.8511
 30
0.0000
 42
1.0000
  0
VERTEX
  8
16
 10
30.2709
 20
56.9409
 30
0.0000
  0
SEQEND
  8
0
  0
POLYLINE
  8
16
 66
1
 10
0.0000
 20
0.0000
 30
0.0000
 40
0.2540
 41
0.2540
 70
0
  0
VERTEX
  8
16
 10
29.2100
 20
57.9120
 30
0.0000
  0
VERTEX
  8
16
 10
29.2100
 20
58.9280
 30
0.0000
  0
SEQEND
  8
0
  0
POLYLINE
  8
16
 66
1
 10
0.0000
 20
0.0000
 30
0.0000
 40
0.1270
 41
0.1270
 70
0
  0
VERTEX
  8
16
 10
29.2735
 20
58.9280
 30
0.0000
 42
1.0000
  0
VERTEX
  8
16
 10
29.1465
 20
58.9280
 30
0.0000
  0
SEQEND
  8
0
  0
POLYLINE
  8
16
 66
1
 10
0.0000
 20
0.0000
 30
0.0000
 40
0.1270
 41
0.1270
 70
0
  0
VERTEX
  8
16
 10
29.1465
 20
57.9120
 30
0.0000
 42
1.0000
  0
VERTEX
  8
16
 10
29.2735
 20
57.9120
 30
0.0000
  0
SEQEND
  8
0
  0
POLYLINE
  8
16
 66
1
 10
0.0000
 20
0.0000
 30
0.0000
 40
0.2540
 41
0.2540
 70
0
  0
VERTEX
  8
16
 10
29.2100
 20
58.9280
 30
0.0000
  0
VERTEX
  8
16
 10
29.9720
 20
59.6900
 30
0.0000
  0
SEQEND
  8
0
  0
POLYLINE
  8
16
 66
1
 10
0.0000
 20
0.0000
 30
0.0000
 40
0.1270
 41
0.1270
 70
0
  0
VERTEX
  8
16
 10
30.0169
 20
59.6451
 30
0.0000
 42
1.0000
  0
VERTEX
  8
16
 10
29.9271
 20
59.7349
 30
0.0000
  0
SEQEND
  8
0
  0
POLYLINE
  8
16
 66
1
 10
0.0000
 20
0.0000
 30
0.0000
 40
0.1270
 41
0.1270
 70
0
  0
VERTEX
  8
16
 10
29.1651
 20
58.9729
 30
0.0000
 42
1.0000
  0
VERTEX
  8
16
 10
29.2549
 20
58.8831
 30
0.0000
  0
SEQEND
  8
0
  0
POLYLINE
  8
16
 66
1
 10
0.0000
 20
0.0000
 30
0.0000
 40
0.2540
 41
0.2540
 70
0
  0
VERTEX
  8
16
 10
29.9720
 20
59.6900
 30
0.0000
  0
VERTEX
  8
16
 10
32.2580
 20
59.6900
 30
0.0000
  0
SEQEND
  8
0
  0
POLYLINE
  8
16
 66
1
 10
0.0000
 20
0.0000
 30
0.0000
 40
0.1270
 41
0.1270
 70
0
  0
VERTEX
  8
16
 10
32.2580
 20
59.6265
 30
0.0000
 42
1.0000
  0
VERTEX
  8
16
 10
32.2580
 20
59.7535
 30
0.0000
  0
SEQEND
  8
0
  0
POLYLINE
  8
16
 66
1
 10
0.0000
 20
0.0000
 30
0.0000
 40
0.1270
 41
0.1270
 70
0
  0
VERTEX
  8
16
 10
29.9720
 20
59.7535
 30
0.0000
 42
1.0000
  0
VERTEX
  8
16
 10
29.9720
 20
59.6265
 30
0.0000
  0
SEQEND
  8
0
  0
POLYLINE
  8
16
 66
1
 10
0.0000
 20
0.0000
 30
0.0000
 40
0.2540
 41
0.2540
 70
0
  0
VERTEX
  8
16
 10
32.2580
 20
59.6900
 30
0.0000
  0
VERTEX
  8
16
 10
35.0520
 20
56.8960
 30
0.0000
  0
SEQEND
  8
0
  0
POLYLINE
  8
16
 66
1
 10
0.0000
 20
0.0000
 30
0.0000
 40
0.1270
 41
0.1270
 70
0
  0
VERTEX
  8
16
 10
35.0071
 20
56.8511
 30
0.0000
 42
1.0000
  0
VERTEX
  8
16
 10
35.0969
 20
56.9409
 30
0.0000
  0
SEQEND
  8
0
  0
POLYLINE
  8
16
 66
1
 10
0.0000
 20
0.0000
 30
0.0000
 40
0.1270
 41
0.1270
 70
0
  0
VERTEX
  8
16
 10
32.3029
 20
59.7349
 30
0.0000
 42
1.0000
  0
VERTEX
  8
16
 10
32.2131
 20
59.6451
 30
0.0000
  0
SEQEND
  8
0
  0
POLYLINE
  8
16
 66
1
 10
0.0000
 20
0.0000
 30
0.0000
 40
0.2540
 41
0.2540
 70
0
  0
VERTEX
  8
16
 10
30.2260
 20
56.3880
 30
0.0000
  0
VERTEX
  8
16
 10
30.4800
 20
55.8800
 30
0.0000
  0
SEQEND
  8
0
  0
POLYLINE
  8
16
 66
1
 10
0.0000
 20
0.0000
 30
0.0000
 40
0.1270
 41
0.1270
 70
0
  0
VERTEX
  8
16
 10
30.4232
 20
55.8516
 30
0.0000
 42
1.0000
  0
VERTEX
  8
16
 10
30.5368
 20
55.9084
 30
0.0000
  0
SEQEND
  8
0
  0
POLYLINE
  8
16
 66
1
 10
0.0000
 20
0.0000
 30
0.0000
 40
0.1270
 41
0.1270
 70
0
  0
VERTEX
  8
16
 10
30.2828
 20
56.4164
 30
0.0000
 42
1.0000
  0
VERTEX
  8
16
 10
30.1692
 20
56.3596
 30
0.0000
  0
SEQEND
  8
0
  0
POLYLINE
  8
16
 66
1
 10
0.0000
 20
0.0000
 30
0.0000
 40
0.2540
 41
0.2540
 70
0
  0
VERTEX
  8
16
 10
35.0520
 20
56.8960
 30
0.0000
  0
VERTEX
  8
16
 10
35.5600
 20
55.8800
 30
0.0000
  0
SEQEND
  8
0
  0
POLYLINE
  8
16
 66
1
 10
0.0000
 20
0.0000
 30
0.0000
 40
0.1270
 41
0.1270
 70
0
  0
VERTEX
  8
16
 10
35.5032
 20
55.8516
 30
0.0000
 42
1.0000
  0
VERTEX
  8
16
 10
35.6168
 20
55.9084
 30
0.0000
  0
SEQEND
  8
0
  0
POLYLINE
  8
16
 66
1
 10
0.0000
 20
0.0000
 30
0.0000
 40
0.1270
 41
0.1270
 70
0
  0
VERTEX
  8
16
 10
35.1088
 20
56.9244
 30
0.0000
 42
1.0000
  0
VERTEX
  8
16
 10
34.9952
 20
56.8676
 30
0.0000
  0
SEQEND
  8
0
  0
POLYLINE
  8
16
 66
1
 10
0.0000
 20
0.0000
 30
0.0000
 40
0.2540
 41
0.2540
 70
0
  0
VERTEX
  8
16
 10
36.0680
 20
56.6420
 30
0.0000
  0
VERTEX
  8
16
 10
37.5920
 20
58.1660
 30
0.0000
  0
SEQEND
  8
0
  0
POLYLINE
  8
16
 66
1
 10
0.0000
 20
0.0000
 30
0.0000
 40
0.1270
 41
0.1270
 70
0
  0
VERTEX
  8
16
 10
37.6369
 20
58.1211
 30
0.0000
 42
1.0000
  0
VERTEX
  8
16
 10
37.5471
 20
58.2109
 30
0.0000
  0
SEQEND
  8
0
  0
POLYLINE
  8
16
 66
1
 10
0.0000
 20
0.0000
 30
0.0000
 40
0.1270
 41
0.1270
 70
0
  0
VERTEX
  8
16
 10
36.0231
 20
56.6869
 30
0.0000
 42
1.0000
  0
VERTEX
  8
16
 10
36.1129
 20
56.5971
 30
0.0000
  0
SEQEND
  8
0
  0
POLYLINE
  8
16
 66
1
 10
0.0000
 20
0.0000
 30
0.0000
 40
0.2540
 41
0.2540
 70
0
  0
VERTEX
  8
16
 10
37.5920
 20
58.1660
 30
0.0000
  0
VERTEX
  8
16
 10
38.1000
 20
58.4200
 30
0.0000
  0
SEQEND
  8
0
  0
POLYLINE
  8
16
 66
1
 10
0.0000
 20
0.0000
 30
0.0000
 40
0.1270
 41
0.1270
 70
0
  0
VERTEX
  8
16
 10
38.1284
 20
58.3632
 30
0.0000
 42
1.0000
  0
VERTEX
  8
16
 10
38.0716
 20
58.4768
 30
0.0000
  0
SEQEND
  8
0
  0
POLYLINE
  8
16
 66
1
 10
0.0000
 20
0.0000
 30
0.0000
 40
0.1270
 41
0.1270
 70
0
  0
VERTEX
  8
16
 10
37.5636
 20
58.2228
 30
0.0000
 42
1.0000
  0
VERTEX
  8
16
 10
37.6204
 20
58.1092
 30
0.0000
  0
SEQEND
  8
0
  0
POLYLINE
  8
16
 66
1
 10
0.0000
 20
0.0000
 30
0.0000
 40
0.2540
 41
0.2540
 70
0
  0
VERTEX
  8
16
 10
35.5600
 20
55.8800
 30
0.0000
  0
VERTEX
  8
16
 10
36.0680
 20
56.6420
 30
0.0000
  0
SEQEND
  8
0
  0
POLYLINE
  8
16
 66
1
 10
0.0000
 20
0.0000
 30
0.0000
 40
0.1270
 41
0.1270
 70
0
  0
VERTEX
  8
16
 10
36.1208
 20
56.6068
 30
0.0000
 42
1.0000
  0
VERTEX
  8
16
 10
36.0152
 20
56.6772
 30
0.0000
  0
SEQEND
  8
0
  0
POLYLINE
  8
16
 66
1
 10
0.0000
 20
0.0000
 30
0.0000
 40
0.1270
 41
0.1270
 70
0
  0
VERTEX
  8
16
 10
35.5072
 20
55.9152
 30
0.0000
 42
1.0000
  0
VERTEX
  8
16
 10
35.6128
 20
55.8448
 30
0.0000
  0
SEQEND
  8
0
  0
POLYLINE
  8
16
 66
1
 10
0.0000
 20
0.0000
 30
0.0000
 40
0.2540
 41
0.2540
 70
0
  0
VERTEX
  8
16
 10
30.9880
 20
51.0540
 30
0.0000
  0
VERTEX
  8
16
 10
33.7820
 20
51.0540
 30
0.0000
  0
SEQEND
  8
0
  0
POLYLINE
  8
16
 66
1
 10
0.0000
 20
0.0000
 30
0.0000
 40
0.1270
 41
0.1270
 70
0
  0
VERTEX
  8
16
 10
33.7820
 20
50.9905
 30
0.0000
 42
1.0000
  0
VERTEX
  8
16
 10
33.7820
 20
51.1175
 30
0.0000
  0
SEQEND
  8
0
  0
POLYLINE
  8
16
 66
1
 10
0.0000
 20
0.0000
 30
0.0000
 40
0.1270
 41
0.1270
 70
0
  0
VERTEX
  8
16
 10
30.9880
 20
51.1175
 30
0.0000
 42
1.0000
  0
VERTEX
  8
16
 10
30.9880
 20
50.9905
 30
0.0000
  0
SEQEND
  8
0
  0
POLYLINE
  8
16
 66
1
 10
0.0000
 20
0.0000
 30
0.0000
 40
0.2540
 41
0.2540
 70
0
  0
VERTEX
  8
16
 10
33.7820
 20
51.0540
 30
0.0000
  0
VERTEX
  8
16
 10
37.5920
 20
54.8640
 30
0.0000
  0
SEQEND
  8
0
  0
POLYLINE
  8
16
 66
1
 10
0.0000
 20
0.0000
 30
0.0000
 40
0.1270
 41
0.1270
 70
0
  0
VERTEX
  8
16
 10
37.6369
 20
54.8191
 30
0.0000
 42
1.0000
  0
VERTEX
  8
16
 10
37.5471
 20
54.9089
 30
0.0000
  0
SEQEND
  8
0
  0
POLYLINE
  8
16
 66
1
 10
0.0000
 20
0.0000
 30
0.0000
 40
0.1270
 41
0.1270
 70
0
  0
VERTEX
  8
16
 10
33.7371
 20
51.0989
 30
0.0000
 42
1.0000
  0
VERTEX
  8
16
 10
33.8269
 20
51.0091
 30
0.0000
  0
SEQEND
  8
0
  0
POLYLINE
  8
16
 66
1
 10
0.0000
 20
0.0000
 30
0.0000
 40
0.2540
 41
0.2540
 70
0
  0
VERTEX
  8
16
 10
30.4800
 20
50.8000
 30
0.0000
  0
VERTEX
  8
16
 10
30.9880
 20
51.0540
 30
0.0000
  0
SEQEND
  8
0
  0
POLYLINE
  8
16
 66
1
 10
0.0000
 20
0.0000
 30
0.0000
 40
0.1270
 41
0.1270
 70
0
  0
VERTEX
  8
16
 10
31.0164
 20
50.9972
 30
0.0000
 42
1.0000
  0
VERTEX
  8
16
 10
30.9596
 20
51.1108
 30
0.0000
  0
SEQEND
  8
0
  0
POLYLINE
  8
16
 66
1
 10
0.0000
 20
0.0000
 30
0.0000
 40
0.1270
 41
0.1270
 70
0
  0
VERTEX
  8
16
 10
30.4516
 20
50.8568
 30
0.0000
 42
1.0000
  0
VERTEX
  8
16
 10
30.5084
 20
50.7432
 30
0.0000
  0
SEQEND
  8
0
  0
POLYLINE
  8
16
 66
1
 10
0.0000
 20
0.0000
 30
0.0000
 40
0.2540
 41
0.2540
 70
0
  0
VERTEX
  8
16
 10
37.5920
 20
54.8640
 30
0.0000
  0
VERTEX
  8
16
 10
38.1000
 20
55.8800
 30
0.0000
  0
SEQEND
  8
0
  0
POLYLINE
  8
16
 66
1
 10
0.0000
 20
0.0000
 30
0.0000
 40
0.1270
 41
0.1270
 70
0
  0
VERTEX
  8
16
 10
38.1568
 20
55.8516
 30
0.0000
 42
1.0000
  0
VERTEX
  8
16
 10
38.0432
 20
55.9084
 30
0.0000
  0
SEQEND
  8
0
  0
POLYLINE
  8
16
 66
1
 10
0.0000
 20
0.0000
 30
0.0000
 40
0.1270
 41
0.1270
 70
0
  0
VERTEX
  8
16
 10
37.5352
 20
54.8924
 30
0.0000
 42
1.0000
  0
VERTEX
  8
16
 10
37.6488
 20
54.8356
 30
0.0000
  0
SEQEND
  8
0
  0
POLYLINE
  8
16
 66
1
 10
0.0000
 20
0.0000
 30
0.0000
 40
0.2540
 41
0.2540
 70
0
  0
VERTEX
  8
16
 10
21.8440
 20
43.4340
 30
0.0000
  0
VERTEX
  8
16
 10
31.2420
 20
43.4340
 30
0.0000
  0
SEQEND
  8
0
  0
POLYLINE
  8
16
 66
1
 10
0.0000
 20
0.0000
 30
0.0000
 40
0.1270
 41
0.1270
 70
0
  0
VERTEX
  8
16
 10
31.2420
 20
43.3705
 30
0.0000
 42
1.0000
  0
VERTEX
  8
16
 10
31.2420
 20
43.4975
 30
0.0000
  0
SEQEND
  8
0
  0
POLYLINE
  8
16
 66
1
 10
0.0000
 20
0.0000
 30
0.0000
 40
0.1270
 41
0.1270
 70
0
  0
VERTEX
  8
16
 10
21.8440
 20
43.4975
 30
0.0000
 42
1.0000
  0
VERTEX
  8
16
 10
21.8440
 20
43.3705
 30
0.0000
  0
SEQEND
  8
0
  0
POLYLINE
  8
16
 66
1
 10
0.0000
 20
0.0000
 30
0.0000
 40
0.2540
 41
0.2540
 70
0
  0
VERTEX
  8
16
 10
31.2420
 20
43.4340
 30
0.0000
  0
VERTEX
  8
16
 10
35.0520
 20
47.2440
 30
0.0000
  0
SEQEND
  8
0
  0
POLYLINE
  8
16
 66
1
 10
0.0000
 20
0.0000
 30
0.0000
 40
0.1270
 41
0.1270
 70
0
  0
VERTEX
  8
16
 10
35.0969
 20
47.1991
 30
0.0000
 42
1.0000
  0
VERTEX
  8
16
 10
35.0071
 20
47.2889
 30
0.0000
  0
SEQEND
  8
0
  0
POLYLINE
  8
16
 66
1
 10
0.0000
 20
0.0000
 30
0.0000
 40
0.1270
 41
0.1270
 70
0
  0
VERTEX
  8
16
 10
31.1971
 20
43.4789
 30
0.0000
 42
1.0000
  0
VERTEX
  8
16
 10
31.2869
 20
43.3891
 30
0.0000
  0
SEQEND
  8
0
  0
POLYLINE
  8
16
 66
1
 10
0.0000
 20
0.0000
 30
0.0000
 40
0.2540
 41
0.2540
 70
0
  0
VERTEX
  8
16
 10
21.3360
 20
42.7990
 30
0.0000
  0
VERTEX
  8
16
 10
21.8440
 20
43.4340
 30
0.0000
  0
SEQEND
  8
0
  0
POLYLINE
  8
16
 66
1
 10
0.0000
 20
0.0000
 30
0.0000
 40
0.1270
 41
0.1270
 70
0
  0
VERTEX
  8
16
 10
21.8936
 20
43.3943
 30
0.0000
 42
1.0000
  0
VERTEX
  8
16
 10
21.7944
 20
43.4737
 30
0.0000
  0
SEQEND
  8
0
  0
POLYLINE
  8
16
 66
1
 10
0.0000
 20
0.0000
 30
0.0000
 40
0.1270
 41
0.1270
 70
0
  0
VERTEX
  8
16
 10
21.2864
 20
42.8387
 30
0.0000
 42
1.0000
  0
VERTEX
  8
16
 10
21.3856
 20
42.7593
 30
0.0000
  0
SEQEND
  8
0
  0
POLYLINE
  8
16
 66
1
 10
0.0000
 20
0.0000
 30
0.0000
 40
0.2540
 41
0.2540
 70
0
  0
VERTEX
  8
16
 10
35.0520
 20
47.2440
 30
0.0000
  0
VERTEX
  8
16
 10
35.5600
 20
48.2600
 30
0.0000
  0
SEQEND
  8
0
  0
POLYLINE
  8
16
 66
1
 10
0.0000
 20
0.0000
 30
0.0000
 40
0.1270
 41
0.1270
 70
0
  0
VERTEX
  8
16
 10
35.6168
 20
48.2316
 30
0.0000
 42
1.0000
  0
VERTEX
  8
16
 10
35.5032
 20
48.2884
 30
0.0000
  0
SEQEND
  8
0
  0
POLYLINE
  8
16
 66
1
 10
0.0000
 20
0.0000
 30
0.0000
 40
0.1270
 41
0.1270
 70
0
  0
VERTEX
  8
16
 10
34.9952
 20
47.2724
 30
0.0000
 42
1.0000
  0
VERTEX
  8
16
 10
35.1088
 20
47.2156
 30
0.0000
  0
SEQEND
  8
0
  0
POLYLINE
  8
16
 66
1
 10
0.0000
 20
0.0000
 30
0.0000
 40
0.2540
 41
0.2540
 70
0
  0
VERTEX
  8
16
 10
21.8440
 20
47.2440
 30
0.0000
  0
VERTEX
  8
16
 10
23.8760
 20
49.2760
 30
0.0000
  0
SEQEND
  8
0
  0
POLYLINE
  8
16
 66
1
 10
0.0000
 20
0.0000
 30
0.0000
 40
0.1270
 41
0.1270
 70
0
  0
VERTEX
  8
16
 10
23.9209
 20
49.2311
 30
0.0000
 42
1.0000
  0
VERTEX
  8
16
 10
23.8311
 20
49.3209
 30
0.0000
  0
SEQEND
  8
0
  0
POLYLINE
  8
16
 66
1
 10
0.0000
 20
0.0000
 30
0.0000
 40
0.1270
 41
0.1270
 70
0
  0
VERTEX
  8
16
 10
21.7991
 20
47.2889
 30
0.0000
 42
1.0000
  0
VERTEX
  8
16
 10
21.8889
 20
47.1991
 30
0.0000
  0
SEQEND
  8
0
  0
POLYLINE
  8
16
 66
1
 10
0.0000
 20
0.0000
 30
0.0000
 40
0.2540
 41
0.2540
 70
0
  0
VERTEX
  8
16
 10
23.8760
 20
49.2760
 30
0.0000
  0
VERTEX
  8
16
 10
23.8760
 20
55.1180
 30
0.0000
  0
SEQEND
  8
0
  0
POLYLINE
  8
16
 66
1
 10
0.0000
 20
0.0000
 30
0.0000
 40
0.1270
 41
0.1270
 70
0
  0
VERTEX
  8
16
 10
23.9395
 20
55.1180
 30
0.0000
 42
1.0000
  0
VERTEX
  8
16
 10
23.8125
 20
55.1180
 30
0.0000
  0
SEQEND
  8
0
  0
POLYLINE
  8
16
 66
1
 10
0.0000
 20
0.0000
 30
0.0000
 40
0.1270
 41
0.1270
 70
0
  0
VERTEX
  8
16
 10
23.8125
 20
49.2760
 30
0.0000
 42
1.0000
  0
VERTEX
  8
16
 10
23.9395
 20
49.2760
 30
0.0000
  0
SEQEND
  8
0
  0
POLYLINE
  8
16
 66
1
 10
0.0000
 20
0.0000
 30
0.0000
 40
0.2540
 41
0.2540
 70
0
  0
VERTEX
  8
16
 10
23.8760
 20
55.1180
 30
0.0000
  0
VERTEX
  8
16
 10
25.6540
 20
56.8960
 30
0.0000
  0
SEQEND
  8
0
  0
POLYLINE
  8
16
 66
1
 10
0.0000
 20
0.0000
 30
0.0000
 40
0.1270
 41
0.1270
 70
0
  0
VERTEX
  8
16
 10
25.6989
 20
56.8511
 30
0.0000
 42
1.0000
  0
VERTEX
  8
16
 10
25.6091
 20
56.9409
 30
0.0000
  0
SEQEND
  8
0
  0
POLYLINE
  8
16
 66
1
 10
0.0000
 20
0.0000
 30
0.0000
 40
0.1270
 41
0.1270
 70
0
  0
VERTEX
  8
16
 10
23.8311
 20
55.1629
 30
0.0000
 42
1.0000
  0
VERTEX
  8
16
 10
23.9209
 20
55.0731
 30
0.0000
  0
SEQEND
  8
0
  0
POLYLINE
  8
16
 66
1
 10
0.0000
 20
0.0000
 30
0.0000
 40
0.2540
 41
0.2540
 70
0
  0
VERTEX
  8
16
 10
25.6540
 20
56.8960
 30
0.0000
  0
VERTEX
  8
16
 10
26.1620
 20
56.8960
 30
0.0000
  0
SEQEND
  8
0
  0
POLYLINE
  8
16
 66
1
 10
0.0000
 20
0.0000
 30
0.0000
 40
0.1270
 41
0.1270
 70
0
  0
VERTEX
  8
16
 10
26.1620
 20
56.8325
 30
0.0000
 42
1.0000
  0
VERTEX
  8
16
 10
26.1620
 20
56.9595
 30
0.0000
  0
SEQEND
  8
0
  0
POLYLINE
  8
16
 66
1
 10
0.0000
 20
0.0000
 30
0.0000
 40
0.1270
 41
0.1270
 70
0
  0
VERTEX
  8
16
 10
25.6540
 20
56.9595
 30
0.0000
 42
1.0000
  0
VERTEX
  8
16
 10
25.6540
 20
56.8325
 30
0.0000
  0
SEQEND
  8
0
  0
POLYLINE
  8
16
 66
1
 10
0.0000
 20
0.0000
 30
0.0000
 40
0.2540
 41
0.2540
 70
0
  0
VERTEX
  8
16
 10
26.1620
 20
56.8960
 30
0.0000
  0
VERTEX
  8
16
 10
29.7180
 20
60.4520
 30
0.0000
  0
SEQEND
  8
0
  0
POLYLINE
  8
16
 66
1
 10
0.0000
 20
0.0000
 30
0.0000
 40
0.1270
 41
0.1270
 70
0
  0
VERTEX
  8
16
 10
29.7629
 20
60.4071
 30
0.0000
 42
1.0000
  0
VERTEX
  8
16
 10
29.6731
 20
60.4969
 30
0.0000
  0
SEQEND
  8
0
  0
POLYLINE
  8
16
 66
1
 10
0.0000
 20
0.0000
 30
0.0000
 40
0.1270
 41
0.1270
 70
0
  0
VERTEX
  8
16
 10
26.1171
 20
56.9409
 30
0.0000
 42
1.0000
  0
VERTEX
  8
16
 10
26.2069
 20
56.8511
 30
0.0000
  0
SEQEND
  8
0
  0
POLYLINE
  8
16
 66
1
 10
0.0000
 20
0.0000
 30
0.0000
 40
0.2540
 41
0.2540
 70
0
  0
VERTEX
  8
16
 10
29.7180
 20
60.4520
 30
0.0000
  0
VERTEX
  8
16
 10
37.8460
 20
60.4520
 30
0.0000
  0
SEQEND
  8
0
  0
POLYLINE
  8
16
 66
1
 10
0.0000
 20
0.0000
 30
0.0000
 40
0.1270
 41
0.1270
 70
0
  0
VERTEX
  8
16
 10
37.8460
 20
60.3885
 30
0.0000
 42
1.0000
  0
VERTEX
  8
16
 10
37.8460
 20
60.5155
 30
0.0000
  0
SEQEND
  8
0
  0
POLYLINE
  8
16
 66
1
 10
0.0000
 20
0.0000
 30
0.0000
 40
0.1270
 41
0.1270
 70
0
  0
VERTEX
  8
16
 10
29.7180
 20
60.5155
 30
0.0000
 42
1.0000
  0
VERTEX
  8
16
 10
29.7180
 20
60.3885
 30
0.0000
  0
SEQEND
  8
0
  0
POLYLINE
  8
16
 66
1
 10
0.0000
 20
0.0000
 30
0.0000
 40
0.2540
 41
0.2540
 70
0
  0
VERTEX
  8
16
 10
37.8460
 20
60.4520
 30
0.0000
  0
VERTEX
  8
16
 10
40.3860
 20
57.9120
 30
0.0000
  0
SEQEND
  8
0
  0
POLYLINE
  8
16
 66
1
 10
0.0000
 20
0.0000
 30
0.0000
 40
0.1270
 41
0.1270
 70
0
  0
VERTEX
  8
16
 10
40.3411
 20
57.8671
 30
0.0000
 42
1.0000
  0
VERTEX
  8
16
 10
40.4309
 20
57.9569
 30
0.0000
  0
SEQEND
  8
0
  0
POLYLINE
  8
16
 66
1
 10
0.0000
 20
0.0000
 30
0.0000
 40
0.1270
 41
0.1270
 70
0
  0
VERTEX
  8
16
 10
37.8909
 20
60.4969
 30
0.0000
 42
1.0000
  0
VERTEX
  8
16
 10
37.8011
 20
60.4071
 30
0.0000
  0
SEQEND
  8
0
  0
POLYLINE
  8
16
 66
1
 10
0.0000
 20
0.0000
 30
0.0000
 40
0.2540
 41
0.2540
 70
0
  0
VERTEX
  8
16
 10
40.3860
 20
57.9120
 30
0.0000
  0
VERTEX
  8
16
 10
40.3860
 20
57.1500
 30
0.0000
  0
SEQEND
  8
0
  0
POLYLINE
  8
16
 66
1
 10
0.0000
 20
0.0000
 30
0.0000
 40
0.1270
 41
0.1270
 70
0
  0
VERTEX
  8
16
 10
40.3225
 20
57.1500
 30
0.0000
 42
1.0000
  0
VERTEX
  8
16
 10
40.4495
 20
57.1500
 30
0.0000
  0
SEQEND
  8
0
  0
POLYLINE
  8
16
 66
1
 10
0.0000
 20
0.0000
 30
0.0000
 40
0.1270
 41
0.1270
 70
0
  0
VERTEX
  8
16
 10
40.4495
 20
57.9120
 30
0.0000
 42
1.0000
  0
VERTEX
  8
16
 10
40.3225
 20
57.9120
 30
0.0000
  0
SEQEND
  8
0
  0
POLYLINE
  8
16
 66
1
 10
0.0000
 20
0.0000
 30
0.0000
 40
0.2540
 41
0.2540
 70
0
  0
VERTEX
  8
16
 10
21.3360
 20
46.6090
 30
0.0000
  0
VERTEX
  8
16
 10
21.8440
 20
47.2440
 30
0.0000
  0
SEQEND
  8
0
  0
POLYLINE
  8
16
 66
1
 10
0.0000
 20
0.0000
 30
0.0000
 40
0.1270
 41
0.1270
 70
0
  0
VERTEX
  8
16
 10
21.8936
 20
47.2043
 30
0.0000
 42
1.0000
  0
VERTEX
  8
16
 10
21.7944
 20
47.2837
 30
0.0000
  0
SEQEND
  8
0
  0
POLYLINE
  8
16
 66
1
 10
0.0000
 20
0.0000
 30
0.0000
 40
0.1270
 41
0.1270
 70
0
  0
VERTEX
  8
16
 10
21.2864
 20
46.6487
 30
0.0000
 42
1.0000
  0
VERTEX
  8
16
 10
21.3856
 20
46.5693
 30
0.0000
  0
SEQEND
  8
0
  0
POLYLINE
  8
16
 66
1
 10
0.0000
 20
0.0000
 30
0.0000
 40
0.2540
 41
0.2540
 70
0
  0
VERTEX
  8
16
 10
40.3860
 20
57.1500
 30
0.0000
  0
VERTEX
  8
16
 10
40.6400
 20
55.8800
 30
0.0000
  0
SEQEND
  8
0
  0
POLYLINE
  8
16
 66
1
 10
0.0000
 20
0.0000
 30
0.0000
 40
0.1270
 41
0.1270
 70
0
  0
VERTEX
  8
16
 10
40.5777
 20
55.8675
 30
0.0000
 42
1.0000
  0
VERTEX
  8
16
 10
40.7023
 20
55.8925
 30
0.0000
  0
SEQEND
  8
0
  0
POLYLINE
  8
16
 66
1
 10
0.0000
 20
0.0000
 30
0.0000
 40
0.1270
 41
0.1270
 70
0
  0
VERTEX
  8
16
 10
40.4483
 20
57.1625
 30
0.0000
 42
1.0000
  0
VERTEX
  8
16
 10
40.3237
 20
57.1375
 30
0.0000
  0
SEQEND
  8
0
  0
POLYLINE
  8
16
 66
1
 10
0.0000
 20
0.0000
 30
0.0000
 40
0.2540
 41
0.2540
 70
0
  0
VERTEX
  8
16
 10
21.8440
 20
4.8260
 30
0.0000
  0
VERTEX
  8
16
 10
27.4320
 20
4.8260
 30
0.0000
  0
SEQEND
  8
0
  0
POLYLINE
  8
16
 66
1
 10
0.0000
 20
0.0000
 30
0.0000
 40
0.1270
 41
0.1270
 70
0
  0
VERTEX
  8
16
 10
27.4320
 20
4.7625
 30
0.0000
 42
1.0000
  0
VERTEX
  8
16
 10
27.4320
 20
4.8895
 30
0.0000
  0
SEQEND
  8
0
  0
POLYLINE
  8
16
 66
1
 10
0.0000
 20
0.0000
 30
0.0000
 40
0.1270
 41
0.1270
 70
0
  0
VERTEX
  8
16
 10
21.8440
 20
4.8895
 30
0.0000
 42
1.0000
  0
VERTEX
  8
16
 10
21.8440
 20
4.7625
 30
0.0000
  0
SEQEND
  8
0
  0
POLYLINE
  8
16
 66
1
 10
0.0000
 20
0.0000
 30
0.0000
 40
0.2540
 41
0.2540
 70
0
  0
VERTEX
  8
16
 10
21.3360
 20
4.6990
 30
0.0000
  0
VERTEX
  8
16
 10
21.8440
 20
4.8260
 30
0.0000
  0
SEQEND
  8
0
  0
POLYLINE
  8
16
 66
1
 10
0.0000
 20
0.0000
 30
0.0000
 40
0.1270
 41
0.1270
 70
0
  0
VERTEX
  8
16
 10
21.8594
 20
4.7644
 30
0.0000
 42
1.0000
  0
VERTEX
  8
16
 10
21.8286
 20
4.8876
 30
0.0000
  0
SEQEND
  8
0
  0
POLYLINE
  8
16
 66
1
 10
0.0000
 20
0.0000
 30
0.0000
 40
0.1270
 41
0.1270
 70
0
  0
VERTEX
  8
16
 10
21.3206
 20
4.7606
 30
0.0000
 42
1.0000
  0
VERTEX
  8
16
 10
21.3514
 20
4.6374
 30
0.0000
  0
SEQEND
  8
0
  0
POLYLINE
  8
16
 66
1
 10
0.0000
 20
0.0000
 30
0.0000
 40
0.2540
 41
0.2540
 70
0
  0
VERTEX
  8
16
 10
27.4320
 20
4.8260
 30
0.0000
  0
VERTEX
  8
16
 10
27.9400
 20
5.0800
 30
0.0000
  0
SEQEND
  8
0
  0
POLYLINE
  8
16
 66
1
 10
0.0000
 20
0.0000
 30
0.0000
 40
0.1270
 41
0.1270
 70
0
  0
VERTEX
  8
16
 10
27.9684
 20
5.0232
 30
0.0000
 42
1.0000
  0
VERTEX
  8
16
 10
27.9116
 20
5.1368
 30
0.0000
  0
SEQEND
  8
0
  0
POLYLINE
  8
16
 66
1
 10
0.0000
 20
0.0000
 30
0.0000
 40
0.1270
 41
0.1270
 70
0
  0
VERTEX
  8
16
 10
27.4036
 20
4.8828
 30
0.0000
 42
1.0000
  0
VERTEX
  8
16
 10
27.4604
 20
4.7692
 30
0.0000
  0
SEQEND
  8
0
  0
POLYLINE
  8
16
 66
1
 10
0.0000
 20
0.0000
 30
0.0000
 40
0.2540
 41
0.2540
 70
0
  0
VERTEX
  8
16
 10
28.4480
 20
4.8260
 30
0.0000
  0
VERTEX
  8
16
 10
29.2100
 20
4.8260
 30
0.0000
  0
SEQEND
  8
0
  0
POLYLINE
  8
16
 66
1
 10
0.0000
 20
0.0000
 30
0.0000
 40
0.1270
 41
0.1270
 70
0
  0
VERTEX
  8
16
 10
29.2100
 20
4.7625
 30
0.0000
 42
1.0000
  0
VERTEX
  8
16
 10
29.2100
 20
4.8895
 30
0.0000
  0
SEQEND
  8
0
  0
POLYLINE
  8
16
 66
1
 10
0.0000
 20
0.0000
 30
0.0000
 40
0.1270
 41
0.1270
 70
0
  0
VERTEX
  8
16
 10
28.4480
 20
4.8895
 30
0.0000
 42
1.0000
  0
VERTEX
  8
16
 10
28.4480
 20
4.7625
 30
0.0000
  0
SEQEND
  8
0
  0
POLYLINE
  8
16
 66
1
 10
0.0000
 20
0.0000
 30
0.0000
 40
0.2540
 41
0.2540
 70
0
  0
VERTEX
  8
16
 10
29.2100
 20
4.8260
 30
0.0000
  0
VERTEX
  8
16
 10
30.4800
 20
5.0800
 30
0.0000
  0
SEQEND
  8
0
  0
POLYLINE
  8
16
 66
1
 10
0.0000
 20
0.0000
 30
0.0000
 40
0.1270
 41
0.1270
 70
0
  0
VERTEX
  8
16
 10
30.4925
 20
5.0177
 30
0.0000
 42
1.0000
  0
VERTEX
  8
16
 10
30.4675
 20
5.1423
 30
0.0000
  0
SEQEND
  8
0
  0
POLYLINE
  8
16
 66
1
 10
0.0000
 20
0.0000
 30
0.0000
 40
0.1270
 41
0.1270
 70
0
  0
VERTEX
  8
16
 10
29.1975
 20
4.8883
 30
0.0000
 42
1.0000
  0
VERTEX
  8
16
 10
29.2225
 20
4.7637
 30
0.0000
  0
SEQEND
  8
0
  0
POLYLINE
  8
16
 66
1
 10
0.0000
 20
0.0000
 30
0.0000
 40
0.2540
 41
0.2540
 70
0
  0
VERTEX
  8
16
 10
27.9400
 20
5.0800
 30
0.0000
  0
VERTEX
  8
16
 10
28.4480
 20
4.8260
 30
0.0000
  0
SEQEND
  8
0
  0
POLYLINE
  8
16
 66
1
 10
0.0000
 20
0.0000
 30
0.0000
 40
0.1270
 41
0.1270
 70
0
  0
VERTEX
  8
16
 10
28.4196
 20
4.7692
 30
0.0000
 42
1.0000
  0
VERTEX
  8
16
 10
28.4764
 20
4.8828
 30
0.0000
  0
SEQEND
  8
0
  0
POLYLINE
  8
16
 66
1
 10
0.0000
 20
0.0000
 30
0.0000
 40
0.1270
 41
0.1270
 70
0
  0
VERTEX
  8
16
 10
27.9684
 20
5.1368
 30
0.0000
 42
1.0000
  0
VERTEX
  8
16
 10
27.9116
 20
5.0232
 30
0.0000
  0
SEQEND
  8
0
  0
POLYLINE
  8
16
 66
1
 10
0.0000
 20
0.0000
 30
0.0000
 40
0.2540
 41
0.2540
 70
0
  0
VERTEX
  8
16
 10
41.1480
 20
4.8260
 30
0.0000
  0
VERTEX
  8
16
 10
41.9100
 20
4.8260
 30
0.0000
  0
SEQEND
  8
0
  0
POLYLINE
  8
16
 66
1
 10
0.0000
 20
0.0000
 30
0.0000
 40
0.1270
 41
0.1270
 70
0
  0
VERTEX
  8
16
 10
41.9100
 20
4.7625
 30
0.0000
 42
1.0000
  0
VERTEX
  8
16
 10
41.9100
 20
4.8895
 30
0.0000
  0
SEQEND
  8
0
  0
POLYLINE
  8
16
 66
1
 10
0.0000
 20
0.0000
 30
0.0000
 40
0.1270
 41
0.1270
 70
0
  0
VERTEX
  8
16
 10
41.1480
 20
4.8895
 30
0.0000
 42
1.0000
  0
VERTEX
  8
16
 10
41.1480
 20
4.7625
 30
0.0000
  0
SEQEND
  8
0
  0
POLYLINE
  8
16
 66
1
 10
0.0000
 20
0.0000
 30
0.0000
 40
0.2540
 41
0.2540
 70
0
  0
VERTEX
  8
16
 10
40.6400
 20
5.0800
 30
0.0000
  0
VERTEX
  8
16
 10
41.1480
 20
4.8260
 30
0.0000
  0
SEQEND
  8
0
  0
POLYLINE
  8
16
 66
1
 10
0.0000
 20
0.0000
 30
0.0000
 40
0.1270
 41
0.1270
 70
0
  0
VERTEX
  8
16
 10
41.1196
 20
4.7692
 30
0.0000
 42
1.0000
  0
VERTEX
  8
16
 10
41.1764
 20
4.8828
 30
0.0000
  0
SEQEND
  8
0
  0
POLYLINE
  8
16
 66
1
 10
0.0000
 20
0.0000
 30
0.0000
 40
0.1270
 41
0.1270
 70
0
  0
VERTEX
  8
16
 10
40.6684
 20
5.1368
 30
0.0000
 42
1.0000
  0
VERTEX
  8
16
 10
40.6116
 20
5.0232
 30
0.0000
  0
SEQEND
  8
0
  0
POLYLINE
  8
16
 66
1
 10
0.0000
 20
0.0000
 30
0.0000
 40
0.2540
 41
0.2540
 70
0
  0
VERTEX
  8
16
 10
41.9100
 20
4.8260
 30
0.0000
  0
VERTEX
  8
16
 10
43.1800
 20
5.0800
 30
0.0000
  0
SEQEND
  8
0
  0
POLYLINE
  8
16
 66
1
 10
0.0000
 20
0.0000
 30
0.0000
 40
0.1270
 41
0.1270
 70
0
  0
VERTEX
  8
16
 10
43.1925
 20
5.0177
 30
0.0000
 42
1.0000
  0
VERTEX
  8
16
 10
43.1675
 20
5.1423
 30
0.0000
  0
SEQEND
  8
0
  0
POLYLINE
  8
16
 66
1
 10
0.0000
 20
0.0000
 30
0.0000
 40
0.1270
 41
0.1270
 70
0
  0
VERTEX
  8
16
 10
41.8975
 20
4.8883
 30
0.0000
 42
1.0000
  0
VERTEX
  8
16
 10
41.9225
 20
4.7637
 30
0.0000
  0
SEQEND
  8
0
  0
POLYLINE
  8
16
 66
1
 10
0.0000
 20
0.0000
 30
0.0000
 40
0.2540
 41
0.2540
 70
0
  0
VERTEX
  8
16
 10
53.0860
 20
4.8260
 30
0.0000
  0
VERTEX
  8
16
 10
57.9120
 20
4.8260
 30
0.0000
  0
SEQEND
  8
0
  0
POLYLINE
  8
16
 66
1
 10
0.0000
 20
0.0000
 30
0.0000
 40
0.1270
 41
0.1270
 70
0
  0
VERTEX
  8
16
 10
57.9120
 20
4.7625
 30
0.0000
 42
1.0000
  0
VERTEX
  8
16
 10
57.9120
 20
4.8895
 30
0.0000
  0
SEQEND
  8
0
  0
POLYLINE
  8
16
 66
1
 10
0.0000
 20
0.0000
 30
0.0000
 40
0.1270
 41
0.1270
 70
0
  0
VERTEX
  8
16
 10
53.0860
 20
4.8895
 30
0.0000
 42
1.0000
  0
VERTEX
  8
16
 10
53.0860
 20
4.7625
 30
0.0000
  0
SEQEND
  8
0
  0
POLYLINE
  8
16
 66
1
 10
0.0000
 20
0.0000
 30
0.0000
 40
0.2540
 41
0.2540
 70
0
  0
VERTEX
  8
16
 10
52.0700
 20
3.8100
 30
0.0000
  0
VERTEX
  8
16
 10
53.0860
 20
4.8260
 30
0.0000
  0
SEQEND
  8
0
  0
POLYLINE
  8
16
 66
1
 10
0.0000
 20
0.0000
 30
0.0000
 40
0.1270
 41
0.1270
 70
0
  0
VERTEX
  8
16
 10
53.1309
 20
4.7811
 30
0.0000
 42
1.0000
  0
VERTEX
  8
16
 10
53.0411
 20
4.8709
 30
0.0000
  0
SEQEND
  8
0
  0
POLYLINE
  8
16
 66
1
 10
0.0000
 20
0.0000
 30
0.0000
 40
0.1270
 41
0.1270
 70
0
  0
VERTEX
  8
16
 10
52.0251
 20
3.8549
 30
0.0000
 42
1.0000
  0
VERTEX
  8
16
 10
52.1149
 20
3.7651
 30
0.0000
  0
SEQEND
  8
0
  0
POLYLINE
  8
16
 66
1
 10
0.0000
 20
0.0000
 30
0.0000
 40
0.2540
 41
0.2540
 70
0
  0
VERTEX
  8
16
 10
45.4660
 20
3.8100
 30
0.0000
  0
VERTEX
  8
16
 10
52.0700
 20
3.8100
 30
0.0000
  0
SEQEND
  8
0
  0
POLYLINE
  8
16
 66
1
 10
0.0000
 20
0.0000
 30
0.0000
 40
0.1270
 41
0.1270
 70
0
  0
VERTEX
  8
16
 10
52.0700
 20
3.7465
 30
0.0000
 42
1.0000
  0
VERTEX
  8
16
 10
52.0700
 20
3.8735
 30
0.0000
  0
SEQEND
  8
0
  0
POLYLINE
  8
16
 66
1
 10
0.0000
 20
0.0000
 30
0.0000
 40
0.1270
 41
0.1270
 70
0
  0
VERTEX
  8
16
 10
45.4660
 20
3.8735
 30
0.0000
 42
1.0000
  0
VERTEX
  8
16
 10
45.4660
 20
3.7465
 30
0.0000
  0
SEQEND
  8
0
  0
POLYLINE
  8
16
 66
1
 10
0.0000
 20
0.0000
 30
0.0000
 40
0.2540
 41
0.2540
 70
0
  0
VERTEX
  8
16
 10
44.4500
 20
4.8260
 30
0.0000
  0
VERTEX
  8
16
 10
45.4660
 20
3.8100
 30
0.0000
  0
SEQEND
  8
0
  0
POLYLINE
  8
16
 66
1
 10
0.0000
 20
0.0000
 30
0.0000
 40
0.1270
 41
0.1270
 70
0
  0
VERTEX
  8
16
 10
45.4211
 20
3.7651
 30
0.0000
 42
1.0000
  0
VERTEX
  8
16
 10
45.5109
 20
3.8549
 30
0.0000
  0
SEQEND
  8
0
  0
POLYLINE
  8
16
 66
1
 10
0.0000
 20
0.0000
 30
0.0000
 40
0.1270
 41
0.1270
 70
0
  0
VERTEX
  8
16
 10
44.4949
 20
4.8709
 30
0.0000
 42
1.0000
  0
VERTEX
  8
16
 10
44.4051
 20
4.7811
 30
0.0000
  0
SEQEND
  8
0
  0
POLYLINE
  8
16
 66
1
 10
0.0000
 20
0.0000
 30
0.0000
 40
0.2540
 41
0.2540
 70
0
  0
VERTEX
  8
16
 10
57.9120
 20
4.8260
 30
0.0000
  0
VERTEX
  8
16
 10
58.4200
 20
5.0800
 30
0.0000
  0
SEQEND
  8
0
  0
POLYLINE
  8
16
 66
1
 10
0.0000
 20
0.0000
 30
0.0000
 40
0.1270
 41
0.1270
 70
0
  0
VERTEX
  8
16
 10
58.4484
 20
5.0232
 30
0.0000
 42
1.0000
  0
VERTEX
  8
16
 10
58.3916
 20
5.1368
 30
0.0000
  0
SEQEND
  8
0
  0
POLYLINE
  8
16
 66
1
 10
0.0000
 20
0.0000
 30
0.0000
 40
0.1270
 41
0.1270
 70
0
  0
VERTEX
  8
16
 10
57.8836
 20
4.8828
 30
0.0000
 42
1.0000
  0
VERTEX
  8
16
 10
57.9404
 20
4.7692
 30
0.0000
  0
SEQEND
  8
0
  0
POLYLINE
  8
16
 66
1
 10
0.0000
 20
0.0000
 30
0.0000
 40
0.2540
 41
0.2540
 70
0
  0
VERTEX
  8
16
 10
43.1800
 20
5.0800
 30
0.0000
  0
VERTEX
  8
16
 10
44.4500
 20
4.8260
 30
0.0000
  0
SEQEND
  8
0
  0
POLYLINE
  8
16
 66
1
 10
0.0000
 20
0.0000
 30
0.0000
 40
0.1270
 41
0.1270
 70
0
  0
VERTEX
  8
16
 10
44.4375
 20
4.7637
 30
0.0000
 42
1.0000
  0
VERTEX
  8
16
 10
44.4625
 20
4.8883
 30
0.0000
  0
SEQEND
  8
0
  0
POLYLINE
  8
16
 66
1
 10
0.0000
 20
0.0000
 30
0.0000
 40
0.1270
 41
0.1270
 70
0
  0
VERTEX
  8
16
 10
43.1925
 20
5.1423
 30
0.0000
 42
1.0000
  0
VERTEX
  8
16
 10
43.1675
 20
5.0177
 30
0.0000
  0
SEQEND
  8
0
  0
POLYLINE
  8
16
 66
1
 10
0.0000
 20
0.0000
 30
0.0000
 40
0.2540
 41
0.2540
 70
0
  0
VERTEX
  8
16
 10
31.7500
 20
4.8260
 30
0.0000
  0
VERTEX
  8
16
 10
35.8140
 20
4.8260
 30
0.0000
  0
SEQEND
  8
0
  0
POLYLINE
  8
16
 66
1
 10
0.0000
 20
0.0000
 30
0.0000
 40
0.1270
 41
0.1270
 70
0
  0
VERTEX
  8
16
 10
35.8140
 20
4.7625
 30
0.0000
 42
1.0000
  0
VERTEX
  8
16
 10
35.8140
 20
4.8895
 30
0.0000
  0
SEQEND
  8
0
  0
POLYLINE
  8
16
 66
1
 10
0.0000
 20
0.0000
 30
0.0000
 40
0.1270
 41
0.1270
 70
0
  0
VERTEX
  8
16
 10
31.7500
 20
4.8895
 30
0.0000
 42
1.0000
  0
VERTEX
  8
16
 10
31.7500
 20
4.7625
 30
0.0000
  0
SEQEND
  8
0
  0
POLYLINE
  8
16
 66
1
 10
0.0000
 20
0.0000
 30
0.0000
 40
0.2540
 41
0.2540
 70
0
  0
VERTEX
  8
16
 10
35.8140
 20
4.8260
 30
0.0000
  0
VERTEX
  8
16
 10
36.8300
 20
3.8100
 30
0.0000
  0
SEQEND
  8
0
  0
POLYLINE
  8
16
 66
1
 10
0.0000
 20
0.0000
 30
0.0000
 40
0.1270
 41
0.1270
 70
0
  0
VERTEX
  8
16
 10
36.7851
 20
3.7651
 30
0.0000
 42
1.0000
  0
VERTEX
  8
16
 10
36.8749
 20
3.8549
 30
0.0000
  0
SEQEND
  8
0
  0
POLYLINE
  8
16
 66
1
 10
0.0000
 20
0.0000
 30
0.0000
 40
0.1270
 41
0.1270
 70
0
  0
VERTEX
  8
16
 10
35.8589
 20
4.8709
 30
0.0000
 42
1.0000
  0
VERTEX
  8
16
 10
35.7691
 20
4.7811
 30
0.0000
  0
SEQEND
  8
0
  0
POLYLINE
  8
16
 66
1
 10
0.0000
 20
0.0000
 30
0.0000
 40
0.2540
 41
0.2540
 70
0
  0
VERTEX
  8
16
 10
36.8300
 20
3.8100
 30
0.0000
  0
VERTEX
  8
16
 10
39.6240
 20
3.8100
 30
0.0000
  0
SEQEND
  8
0
  0
POLYLINE
  8
16
 66
1
 10
0.0000
 20
0.0000
 30
0.0000
 40
0.1270
 41
0.1270
 70
0
  0
VERTEX
  8
16
 10
39.6240
 20
3.7465
 30
0.0000
 42
1.0000
  0
VERTEX
  8
16
 10
39.6240
 20
3.8735
 30
0.0000
  0
SEQEND
  8
0
  0
POLYLINE
  8
16
 66
1
 10
0.0000
 20
0.0000
 30
0.0000
 40
0.1270
 41
0.1270
 70
0
  0
VERTEX
  8
16
 10
36.8300
 20
3.8735
 30
0.0000
 42
1.0000
  0
VERTEX
  8
16
 10
36.8300
 20
3.7465
 30
0.0000
  0
SEQEND
  8
0
  0
POLYLINE
  8
16
 66
1
 10
0.0000
 20
0.0000
 30
0.0000
 40
0.2540
 41
0.2540
 70
0
  0
VERTEX
  8
16
 10
39.6240
 20
3.8100
 30
0.0000
  0
VERTEX
  8
16
 10
40.3860
 20
4.5720
 30
0.0000
  0
SEQEND
  8
0
  0
POLYLINE
  8
16
 66
1
 10
0.0000
 20
0.0000
 30
0.0000
 40
0.1270
 41
0.1270
 70
0
  0
VERTEX
  8
16
 10
40.4309
 20
4.5271
 30
0.0000
 42
1.0000
  0
VERTEX
  8
16
 10
40.3411
 20
4.6169
 30
0.0000
  0
SEQEND
  8
0
  0
POLYLINE
  8
16
 66
1
 10
0.0000
 20
0.0000
 30
0.0000
 40
0.1270
 41
0.1270
 70
0
  0
VERTEX
  8
16
 10
39.5791
 20
3.8549
 30
0.0000
 42
1.0000
  0
VERTEX
  8
16
 10
39.6689
 20
3.7651
 30
0.0000
  0
SEQEND
  8
0
  0
POLYLINE
  8
16
 66
1
 10
0.0000
 20
0.0000
 30
0.0000
 40
0.2540
 41
0.2540
 70
0
  0
VERTEX
  8
16
 10
30.4800
 20
5.0800
 30
0.0000
  0
VERTEX
  8
16
 10
31.7500
 20
4.8260
 30
0.0000
  0
SEQEND
  8
0
  0
POLYLINE
  8
16
 66
1
 10
0.0000
 20
0.0000
 30
0.0000
 40
0.1270
 41
0.1270
 70
0
  0
VERTEX
  8
16
 10
31.7375
 20
4.7637
 30
0.0000
 42
1.0000
  0
VERTEX
  8
16
 10
31.7625
 20
4.8883
 30
0.0000
  0
SEQEND
  8
0
  0
POLYLINE
  8
16
 66
1
 10
0.0000
 20
0.0000
 30
0.0000
 40
0.1270
 41
0.1270
 70
0
  0
VERTEX
  8
16
 10
30.4925
 20
5.1423
 30
0.0000
 42
1.0000
  0
VERTEX
  8
16
 10
30.4675
 20
5.0177
 30
0.0000
  0
SEQEND
  8
0
  0
POLYLINE
  8
16
 66
1
 10
0.0000
 20
0.0000
 30
0.0000
 40
0.2540
 41
0.2540
 70
0
  0
VERTEX
  8
16
 10
40.3860
 20
4.5720
 30
0.0000
  0
VERTEX
  8
16
 10
40.6400
 20
5.0800
 30
0.0000
  0
SEQEND
  8
0
  0
POLYLINE
  8
16
 66
1
 10
0.0000
 20
0.0000
 30
0.0000
 40
0.1270
 41
0.1270
 70
0
  0
VERTEX
  8
16
 10
40.6968
 20
5.0516
 30
0.0000
 42
1.0000
  0
VERTEX
  8
16
 10
40.5832
 20
5.1084
 30
0.0000
  0
SEQEND
  8
0
  0
POLYLINE
  8
16
 66
1
 10
0.0000
 20
0.0000
 30
0.0000
 40
0.1270
 41
0.1270
 70
0
  0
VERTEX
  8
16
 10
40.3292
 20
4.6004
 30
0.0000
 42
1.0000
  0
VERTEX
  8
16
 10
40.4428
 20
4.5436
 30
0.0000
  0
SEQEND
  8
0
  0
POLYLINE
  8
16
 66
1
 10
0.0000
 20
0.0000
 30
0.0000
 40
0.2540
 41
0.2540
 70
0
  0
VERTEX
  8
16
 10
75.9460
 20
16.0020
 30
0.0000
  0
VERTEX
  8
16
 10
75.9460
 20
15.2400
 30
0.0000
  0
SEQEND
  8
0
  0
POLYLINE
  8
16
 66
1
 10
0.0000
 20
0.0000
 30
0.0000
 40
0.1270
 41
0.1270
 70
0
  0
VERTEX
  8
16
 10
75.8825
 20
15.2400
 30
0.0000
 42
1.0000
  0
VERTEX
  8
16
 10
76.0095
 20
15.2400
 30
0.0000
  0
SEQEND
  8
0
  0
POLYLINE
  8
16
 66
1
 10
0.0000
 20
0.0000
 30
0.0000
 40
0.1270
 41
0.1270
 70
0
  0
VERTEX
  8
16
 10
76.0095
 20
16.0020
 30
0.0000
 42
1.0000
  0
VERTEX
  8
16
 10
75.8825
 20
16.0020
 30
0.0000
  0
SEQEND
  8
0
  0
POLYLINE
  8
16
 66
1
 10
0.0000
 20
0.0000
 30
0.0000
 40
0.2540
 41
0.2540
 70
0
  0
VERTEX
  8
16
 10
75.9460
 20
15.2400
 30
0.0000
  0
VERTEX
  8
16
 10
76.2000
 20
13.9700
 30
0.0000
  0
SEQEND
  8
0
  0
POLYLINE
  8
16
 66
1
 10
0.0000
 20
0.0000
 30
0.0000
 40
0.1270
 41
0.1270
 70
0
  0
VERTEX
  8
16
 10
76.1377
 20
13.9575
 30
0.0000
 42
1.0000
  0
VERTEX
  8
16
 10
76.2623
 20
13.9825
 30
0.0000
  0
SEQEND
  8
0
  0
POLYLINE
  8
16
 66
1
 10
0.0000
 20
0.0000
 30
0.0000
 40
0.1270
 41
0.1270
 70
0
  0
VERTEX
  8
16
 10
76.0083
 20
15.2525
 30
0.0000
 42
1.0000
  0
VERTEX
  8
16
 10
75.8837
 20
15.2275
 30
0.0000
  0
SEQEND
  8
0
  0
POLYLINE
  8
16
 66
1
 10
0.0000
 20
0.0000
 30
0.0000
 40
0.2540
 41
0.2540
 70
0
  0
VERTEX
  8
16
 10
76.2000
 20
16.5100
 30
0.0000
  0
VERTEX
  8
16
 10
75.9460
 20
16.0020
 30
0.0000
  0
SEQEND
  8
0
  0
POLYLINE
  8
16
 66
1
 10
0.0000
 20
0.0000
 30
0.0000
 40
0.1270
 41
0.1270
 70
0
  0
VERTEX
  8
16
 10
75.8892
 20
16.0304
 30
0.0000
 42
1.0000
  0
VERTEX
  8
16
 10
76.0028
 20
15.9736
 30
0.0000
  0
SEQEND
  8
0
  0
POLYLINE
  8
16
 66
1
 10
0.0000
 20
0.0000
 30
0.0000
 40
0.1270
 41
0.1270
 70
0
  0
VERTEX
  8
16
 10
76.2568
 20
16.4816
 30
0.0000
 42
1.0000
  0
VERTEX
  8
16
 10
76.1432
 20
16.5384
 30
0.0000
  0
SEQEND
  8
0
  0
POLYLINE
  8
16
 66
1
 10
0.0000
 20
0.0000
 30
0.0000
 40
0.2540
 41
0.2540
 70
0
  0
VERTEX
  8
16
 10
75.6920
 20
16.2560
 30
0.0000
  0
VERTEX
  8
16
 10
74.1680
 20
16.2560
 30
0.0000
  0
SEQEND
  8
0
  0
POLYLINE
  8
16
 66
1
 10
0.0000
 20
0.0000
 30
0.0000
 40
0.1270
 41
0.1270
 70
0
  0
VERTEX
  8
16
 10
74.1680
 20
16.3195
 30
0.0000
 42
1.0000
  0
VERTEX
  8
16
 10
74.1680
 20
16.1925
 30
0.0000
  0
SEQEND
  8
0
  0
POLYLINE
  8
16
 66
1
 10
0.0000
 20
0.0000
 30
0.0000
 40
0.1270
 41
0.1270
 70
0
  0
VERTEX
  8
16
 10
75.6920
 20
16.1925
 30
0.0000
 42
1.0000
  0
VERTEX
  8
16
 10
75.6920
 20
16.3195
 30
0.0000
  0
SEQEND
  8
0
  0
POLYLINE
  8
16
 66
1
 10
0.0000
 20
0.0000
 30
0.0000
 40
0.2540
 41
0.2540
 70
0
  0
VERTEX
  8
16
 10
74.1680
 20
16.2560
 30
0.0000
  0
VERTEX
  8
16
 10
73.6600
 20
16.5100
 30
0.0000
  0
SEQEND
  8
0
  0
POLYLINE
  8
16
 66
1
 10
0.0000
 20
0.0000
 30
0.0000
 40
0.1270
 41
0.1270
 70
0
  0
VERTEX
  8
16
 10
73.6884
 20
16.5668
 30
0.0000
 42
1.0000
  0
VERTEX
  8
16
 10
73.6316
 20
16.4532
 30
0.0000
  0
SEQEND
  8
0
  0
POLYLINE
  8
16
 66
1
 10
0.0000
 20
0.0000
 30
0.0000
 40
0.1270
 41
0.1270
 70
0
  0
VERTEX
  8
16
 10
74.1396
 20
16.1992
 30
0.0000
 42
1.0000
  0
VERTEX
  8
16
 10
74.1964
 20
16.3128
 30
0.0000
  0
SEQEND
  8
0
  0
POLYLINE
  8
16
 66
1
 10
0.0000
 20
0.0000
 30
0.0000
 40
0.2540
 41
0.2540
 70
0
  0
VERTEX
  8
16
 10
76.2000
 20
16.5100
 30
0.0000
  0
VERTEX
  8
16
 10
75.6920
 20
16.2560
 30
0.0000
  0
SEQEND
  8
0
  0
POLYLINE
  8
16
 66
1
 10
0.0000
 20
0.0000
 30
0.0000
 40
0.1270
 41
0.1270
 70
0
  0
VERTEX
  8
16
 10
75.6636
 20
16.3128
 30
0.0000
 42
1.0000
  0
VERTEX
  8
16
 10
75.7204
 20
16.1992
 30
0.0000
  0
SEQEND
  8
0
  0
POLYLINE
  8
16
 66
1
 10
0.0000
 20
0.0000
 30
0.0000
 40
0.1270
 41
0.1270
 70
0
  0
VERTEX
  8
16
 10
76.2284
 20
16.4532
 30
0.0000
 42
1.0000
  0
VERTEX
  8
16
 10
76.1716
 20
16.5668
 30
0.0000
  0
SEQEND
  8
0
  0
POLYLINE
  8
16
 66
1
 10
0.0000
 20
0.0000
 30
0.0000
 40
0.2540
 41
0.2540
 70
0
  0
VERTEX
  8
16
 10
80.7720
 20
26.4160
 30
0.0000
  0
VERTEX
  8
16
 10
79.2480
 20
26.4160
 30
0.0000
  0
SEQEND
  8
0
  0
POLYLINE
  8
16
 66
1
 10
0.0000
 20
0.0000
 30
0.0000
 40
0.1270
 41
0.1270
 70
0
  0
VERTEX
  8
16
 10
79.2480
 20
26.4795
 30
0.0000
 42
1.0000
  0
VERTEX
  8
16
 10
79.2480
 20
26.3525
 30
0.0000
  0
SEQEND
  8
0
  0
POLYLINE
  8
16
 66
1
 10
0.0000
 20
0.0000
 30
0.0000
 40
0.1270
 41
0.1270
 70
0
  0
VERTEX
  8
16
 10
80.7720
 20
26.3525
 30
0.0000
 42
1.0000
  0
VERTEX
  8
16
 10
80.7720
 20
26.4795
 30
0.0000
  0
SEQEND
  8
0
  0
POLYLINE
  8
16
 66
1
 10
0.0000
 20
0.0000
 30
0.0000
 40
0.2540
 41
0.2540
 70
0
  0
VERTEX
  8
16
 10
79.2480
 20
26.4160
 30
0.0000
  0
VERTEX
  8
16
 10
78.7400
 20
26.6700
 30
0.0000
  0
SEQEND
  8
0
  0
POLYLINE
  8
16
 66
1
 10
0.0000
 20
0.0000
 30
0.0000
 40
0.1270
 41
0.1270
 70
0
  0
VERTEX
  8
16
 10
78.7684
 20
26.7268
 30
0.0000
 42
1.0000
  0
VERTEX
  8
16
 10
78.7116
 20
26.6132
 30
0.0000
  0
SEQEND
  8
0
  0
POLYLINE
  8
16
 66
1
 10
0.0000
 20
0.0000
 30
0.0000
 40
0.1270
 41
0.1270
 70
0
  0
VERTEX
  8
16
 10
79.2196
 20
26.3592
 30
0.0000
 42
1.0000
  0
VERTEX
  8
16
 10
79.2764
 20
26.4728
 30
0.0000
  0
SEQEND
  8
0
  0
POLYLINE
  8
16
 66
1
 10
0.0000
 20
0.0000
 30
0.0000
 40
0.2540
 41
0.2540
 70
0
  0
VERTEX
  8
16
 10
81.2800
 20
26.6700
 30
0.0000
  0
VERTEX
  8
16
 10
80.7720
 20
26.4160
 30
0.0000
  0
SEQEND
  8
0
  0
POLYLINE
  8
16
 66
1
 10
0.0000
 20
0.0000
 30
0.0000
 40
0.1270
 41
0.1270
 70
0
  0
VERTEX
  8
16
 10
80.7436
 20
26.4728
 30
0.0000
 42
1.0000
  0
VERTEX
  8
16
 10
80.8004
 20
26.3592
 30
0.0000
  0
SEQEND
  8
0
  0
POLYLINE
  8
16
 66
1
 10
0.0000
 20
0.0000
 30
0.0000
 40
0.1270
 41
0.1270
 70
0
  0
VERTEX
  8
16
 10
81.3084
 20
26.6132
 30
0.0000
 42
1.0000
  0
VERTEX
  8
16
 10
81.2516
 20
26.7268
 30
0.0000
  0
SEQEND
  8
0
  0
POLYLINE
  8
16
 66
1
 10
0.0000
 20
0.0000
 30
0.0000
 40
0.2540
 41
0.2540
 70
0
  0
VERTEX
  8
16
 10
86.1060
 20
31.2420
 30
0.0000
  0
VERTEX
  8
16
 10
86.1060
 20
29.7180
 30
0.0000
  0
SEQEND
  8
0
  0
POLYLINE
  8
16
 66
1
 10
0.0000
 20
0.0000
 30
0.0000
 40
0.1270
 41
0.1270
 70
0
  0
VERTEX
  8
16
 10
86.0425
 20
29.7180
 30
0.0000
 42
1.0000
  0
VERTEX
  8
16
 10
86.1695
 20
29.7180
 30
0.0000
  0
SEQEND
  8
0
  0
POLYLINE
  8
16
 66
1
 10
0.0000
 20
0.0000
 30
0.0000
 40
0.1270
 41
0.1270
 70
0
  0
VERTEX
  8
16
 10
86.1695
 20
31.2420
 30
0.0000
 42
1.0000
  0
VERTEX
  8
16
 10
86.0425
 20
31.2420
 30
0.0000
  0
SEQEND
  8
0
  0
POLYLINE
  8
16
 66
1
 10
0.0000
 20
0.0000
 30
0.0000
 40
0.2540
 41
0.2540
 70
0
  0
VERTEX
  8
16
 10
86.1060
 20
29.7180
 30
0.0000
  0
VERTEX
  8
16
 10
86.3600
 20
29.2100
 30
0.0000
  0
SEQEND
  8
0
  0
POLYLINE
  8
16
 66
1
 10
0.0000
 20
0.0000
 30
0.0000
 40
0.1270
 41
0.1270
 70
0
  0
VERTEX
  8
16
 10
86.3032
 20
29.1816
 30
0.0000
 42
1.0000
  0
VERTEX
  8
16
 10
86.4168
 20
29.2384
 30
0.0000
  0
SEQEND
  8
0
  0
POLYLINE
  8
16
 66
1
 10
0.0000
 20
0.0000
 30
0.0000
 40
0.1270
 41
0.1270
 70
0
  0
VERTEX
  8
16
 10
86.1628
 20
29.7464
 30
0.0000
 42
1.0000
  0
VERTEX
  8
16
 10
86.0492
 20
29.6896
 30
0.0000
  0
SEQEND
  8
0
  0
POLYLINE
  8
16
 66
1
 10
0.0000
 20
0.0000
 30
0.0000
 40
0.2540
 41
0.2540
 70
0
  0
VERTEX
  8
16
 10
86.3600
 20
31.7500
 30
0.0000
  0
VERTEX
  8
16
 10
86.1060
 20
31.2420
 30
0.0000
  0
SEQEND
  8
0
  0
POLYLINE
  8
16
 66
1
 10
0.0000
 20
0.0000
 30
0.0000
 40
0.1270
 41
0.1270
 70
0
  0
VERTEX
  8
16
 10
86.0492
 20
31.2704
 30
0.0000
 42
1.0000
  0
VERTEX
  8
16
 10
86.1628
 20
31.2136
 30
0.0000
  0
SEQEND
  8
0
  0
POLYLINE
  8
16
 66
1
 10
0.0000
 20
0.0000
 30
0.0000
 40
0.1270
 41
0.1270
 70
0
  0
VERTEX
  8
16
 10
86.4168
 20
31.7216
 30
0.0000
 42
1.0000
  0
VERTEX
  8
16
 10
86.3032
 20
31.7784
 30
0.0000
  0
SEQEND
  8
0
  0
POLYLINE
  8
16
 66
1
 10
0.0000
 20
0.0000
 30
0.0000
 40
0.2540
 41
0.2540
 70
0
  0
VERTEX
  8
16
 10
81.7880
 20
27.6860
 30
0.0000
  0
VERTEX
  8
16
 10
85.3440
 20
31.2420
 30
0.0000
  0
SEQEND
  8
0
  0
POLYLINE
  8
16
 66
1
 10
0.0000
 20
0.0000
 30
0.0000
 40
0.1270
 41
0.1270
 70
0
  0
VERTEX
  8
16
 10
85.3889
 20
31.1971
 30
0.0000
 42
1.0000
  0
VERTEX
  8
16
 10
85.2991
 20
31.2869
 30
0.0000
  0
SEQEND
  8
0
  0
POLYLINE
  8
16
 66
1
 10
0.0000
 20
0.0000
 30
0.0000
 40
0.1270
 41
0.1270
 70
0
  0
VERTEX
  8
16
 10
81.7431
 20
27.7309
 30
0.0000
 42
1.0000
  0
VERTEX
  8
16
 10
81.8329
 20
27.6411
 30
0.0000
  0
SEQEND
  8
0
  0
POLYLINE
  8
16
 66
1
 10
0.0000
 20
0.0000
 30
0.0000
 40
0.2540
 41
0.2540
 70
0
  0
VERTEX
  8
16
 10
81.2800
 20
26.6700
 30
0.0000
  0
VERTEX
  8
16
 10
81.7880
 20
27.6860
 30
0.0000
  0
SEQEND
  8
0
  0
POLYLINE
  8
16
 66
1
 10
0.0000
 20
0.0000
 30
0.0000
 40
0.1270
 41
0.1270
 70
0
  0
VERTEX
  8
16
 10
81.8448
 20
27.6576
 30
0.0000
 42
1.0000
  0
VERTEX
  8
16
 10
81.7312
 20
27.7144
 30
0.0000
  0
SEQEND
  8
0
  0
POLYLINE
  8
16
 66
1
 10
0.0000
 20
0.0000
 30
0.0000
 40
0.1270
 41
0.1270
 70
0
  0
VERTEX
  8
16
 10
81.2232
 20
26.6984
 30
0.0000
 42
1.0000
  0
VERTEX
  8
16
 10
81.3368
 20
26.6416
 30
0.0000
  0
SEQEND
  8
0
  0
POLYLINE
  8
16
 66
1
 10
0.0000
 20
0.0000
 30
0.0000
 40
0.2540
 41
0.2540
 70
0
  0
VERTEX
  8
16
 10
85.3440
 20
31.2420
 30
0.0000
  0
VERTEX
  8
16
 10
86.3600
 20
31.7500
 30
0.0000
  0
SEQEND
  8
0
  0
POLYLINE
  8
16
 66
1
 10
0.0000
 20
0.0000
 30
0.0000
 40
0.1270
 41
0.1270
 70
0
  0
VERTEX
  8
16
 10
86.3884
 20
31.6932
 30
0.0000
 42
1.0000
  0
VERTEX
  8
16
 10
86.3316
 20
31.8068
 30
0.0000
  0
SEQEND
  8
0
  0
POLYLINE
  8
16
 66
1
 10
0.0000
 20
0.0000
 30
0.0000
 40
0.1270
 41
0.1270
 70
0
  0
VERTEX
  8
16
 10
85.3156
 20
31.2988
 30
0.0000
 42
1.0000
  0
VERTEX
  8
16
 10
85.3724
 20
31.1852
 30
0.0000
  0
SEQEND
  8
0
  0
POLYLINE
  8
16
 66
1
 10
0.0000
 20
0.0000
 30
0.0000
 40
0.2540
 41
0.2540
 70
0
  0
VERTEX
  8
16
 10
76.4540
 20
24.1300
 30
0.0000
  0
VERTEX
  8
16
 10
76.4540
 20
17.0180
 30
0.0000
  0
SEQEND
  8
0
  0
POLYLINE
  8
16
 66
1
 10
0.0000
 20
0.0000
 30
0.0000
 40
0.1270
 41
0.1270
 70
0
  0
VERTEX
  8
16
 10
76.3905
 20
17.0180
 30
0.0000
 42
1.0000
  0
VERTEX
  8
16
 10
76.5175
 20
17.0180
 30
0.0000
  0
SEQEND
  8
0
  0
POLYLINE
  8
16
 66
1
 10
0.0000
 20
0.0000
 30
0.0000
 40
0.1270
 41
0.1270
 70
0
  0
VERTEX
  8
16
 10
76.5175
 20
24.1300
 30
0.0000
 42
1.0000
  0
VERTEX
  8
16
 10
76.3905
 20
24.1300
 30
0.0000
  0
SEQEND
  8
0
  0
POLYLINE
  8
16
 66
1
 10
0.0000
 20
0.0000
 30
0.0000
 40
0.2540
 41
0.2540
 70
0
  0
VERTEX
  8
16
 10
78.4860
 20
26.1620
 30
0.0000
  0
VERTEX
  8
16
 10
76.4540
 20
24.1300
 30
0.0000
  0
SEQEND
  8
0
  0
POLYLINE
  8
16
 66
1
 10
0.0000
 20
0.0000
 30
0.0000
 40
0.1270
 41
0.1270
 70
0
  0
VERTEX
  8
16
 10
76.4091
 20
24.1749
 30
0.0000
 42
1.0000
  0
VERTEX
  8
16
 10
76.4989
 20
24.0851
 30
0.0000
  0
SEQEND
  8
0
  0
POLYLINE
  8
16
 66
1
 10
0.0000
 20
0.0000
 30
0.0000
 40
0.1270
 41
0.1270
 70
0
  0
VERTEX
  8
16
 10
78.5309
 20
26.1171
 30
0.0000
 42
1.0000
  0
VERTEX
  8
16
 10
78.4411
 20
26.2069
 30
0.0000
  0
SEQEND
  8
0
  0
POLYLINE
  8
16
 66
1
 10
0.0000
 20
0.0000
 30
0.0000
 40
0.2540
 41
0.2540
 70
0
  0
VERTEX
  8
16
 10
76.4540
 20
17.0180
 30
0.0000
  0
VERTEX
  8
16
 10
76.2000
 20
16.5100
 30
0.0000
  0
SEQEND
  8
0
  0
POLYLINE
  8
16
 66
1
 10
0.0000
 20
0.0000
 30
0.0000
 40
0.1270
 41
0.1270
 70
0
  0
VERTEX
  8
16
 10
76.1432
 20
16.5384
 30
0.0000
 42
1.0000
  0
VERTEX
  8
16
 10
76.2568
 20
16.4816
 30
0.0000
  0
SEQEND
  8
0
  0
POLYLINE
  8
16
 66
1
 10
0.0000
 20
0.0000
 30
0.0000
 40
0.1270
 41
0.1270
 70
0
  0
VERTEX
  8
16
 10
76.5108
 20
16.9896
 30
0.0000
 42
1.0000
  0
VERTEX
  8
16
 10
76.3972
 20
17.0464
 30
0.0000
  0
SEQEND
  8
0
  0
POLYLINE
  8
16
 66
1
 10
0.0000
 20
0.0000
 30
0.0000
 40
0.2540
 41
0.2540
 70
0
  0
VERTEX
  8
16
 10
78.7400
 20
26.6700
 30
0.0000
  0
VERTEX
  8
16
 10
78.4860
 20
26.1620
 30
0.0000
  0
SEQEND
  8
0
  0
POLYLINE
  8
16
 66
1
 10
0.0000
 20
0.0000
 30
0.0000
 40
0.1270
 41
0.1270
 70
0
  0
VERTEX
  8
16
 10
78.4292
 20
26.1904
 30
0.0000
 42
1.0000
  0
VERTEX
  8
16
 10
78.5428
 20
26.1336
 30
0.0000
  0
SEQEND
  8
0
  0
POLYLINE
  8
16
 66
1
 10
0.0000
 20
0.0000
 30
0.0000
 40
0.1270
 41
0.1270
 70
0
  0
VERTEX
  8
16
 10
78.7968
 20
26.6416
 30
0.0000
 42
1.0000
  0
VERTEX
  8
16
 10
78.6832
 20
26.6984
 30
0.0000
  0
SEQEND
  8
0
  0
POLYLINE
  8
16
 66
1
 10
0.0000
 20
0.0000
 30
0.0000
 40
0.2540
 41
0.2540
 70
0
  0
VERTEX
  8
16
 10
60.4520
 20
43.4340
 30
0.0000
  0
VERTEX
  8
16
 10
58.9280
 20
43.4340
 30
0.0000
  0
SEQEND
  8
0
  0
POLYLINE
  8
16
 66
1
 10
0.0000
 20
0.0000
 30
0.0000
 40
0.1270
 41
0.1270
 70
0
  0
VERTEX
  8
16
 10
58.9280
 20
43.4975
 30
0.0000
 42
1.0000
  0
VERTEX
  8
16
 10
58.9280
 20
43.3705
 30
0.0000
  0
SEQEND
  8
0
  0
POLYLINE
  8
16
 66
1
 10
0.0000
 20
0.0000
 30
0.0000
 40
0.1270
 41
0.1270
 70
0
  0
VERTEX
  8
16
 10
60.4520
 20
43.3705
 30
0.0000
 42
1.0000
  0
VERTEX
  8
16
 10
60.4520
 20
43.4975
 30
0.0000
  0
SEQEND
  8
0
  0
POLYLINE
  8
16
 66
1
 10
0.0000
 20
0.0000
 30
0.0000
 40
0.2540
 41
0.2540
 70
0
  0
VERTEX
  8
16
 10
58.9280
 20
43.4340
 30
0.0000
  0
VERTEX
  8
16
 10
58.4200
 20
43.1800
 30
0.0000
  0
SEQEND
  8
0
  0
POLYLINE
  8
16
 66
1
 10
0.0000
 20
0.0000
 30
0.0000
 40
0.1270
 41
0.1270
 70
0
  0
VERTEX
  8
16
 10
58.3916
 20
43.2368
 30
0.0000
 42
1.0000
  0
VERTEX
  8
16
 10
58.4484
 20
43.1232
 30
0.0000
  0
SEQEND
  8
0
  0
POLYLINE
  8
16
 66
1
 10
0.0000
 20
0.0000
 30
0.0000
 40
0.1270
 41
0.1270
 70
0
  0
VERTEX
  8
16
 10
58.9564
 20
43.3772
 30
0.0000
 42
1.0000
  0
VERTEX
  8
16
 10
58.8996
 20
43.4908
 30
0.0000
  0
SEQEND
  8
0
  0
POLYLINE
  8
16
 66
1
 10
0.0000
 20
0.0000
 30
0.0000
 40
0.2540
 41
0.2540
 70
0
  0
VERTEX
  8
16
 10
60.9600
 20
44.4500
 30
0.0000
  0
VERTEX
  8
16
 10
60.4520
 20
43.4340
 30
0.0000
  0
SEQEND
  8
0
  0
POLYLINE
  8
16
 66
1
 10
0.0000
 20
0.0000
 30
0.0000
 40
0.1270
 41
0.1270
 70
0
  0
VERTEX
  8
16
 10
60.3952
 20
43.4624
 30
0.0000
 42
1.0000
  0
VERTEX
  8
16
 10
60.5088
 20
43.4056
 30
0.0000
  0
SEQEND
  8
0
  0
POLYLINE
  8
16
 66
1
 10
0.0000
 20
0.0000
 30
0.0000
 40
0.1270
 41
0.1270
 70
0
  0
VERTEX
  8
16
 10
61.0168
 20
44.4216
 30
0.0000
 42
1.0000
  0
VERTEX
  8
16
 10
60.9032
 20
44.4784
 30
0.0000
  0
SEQEND
  8
0
  0
POLYLINE
  8
16
 66
1
 10
0.0000
 20
0.0000
 30
0.0000
 40
0.2540
 41
0.2540
 70
0
  0
VERTEX
  8
16
 10
60.7060
 20
51.5620
 30
0.0000
  0
VERTEX
  8
16
 10
60.7060
 20
50.0380
 30
0.0000
  0
SEQEND
  8
0
  0
POLYLINE
  8
16
 66
1
 10
0.0000
 20
0.0000
 30
0.0000
 40
0.1270
 41
0.1270
 70
0
  0
VERTEX
  8
16
 10
60.6425
 20
50.0380
 30
0.0000
 42
1.0000
  0
VERTEX
  8
16
 10
60.7695
 20
50.0380
 30
0.0000
  0
SEQEND
  8
0
  0
POLYLINE
  8
16
 66
1
 10
0.0000
 20
0.0000
 30
0.0000
 40
0.1270
 41
0.1270
 70
0
  0
VERTEX
  8
16
 10
60.7695
 20
51.5620
 30
0.0000
 42
1.0000
  0
VERTEX
  8
16
 10
60.6425
 20
51.5620
 30
0.0000
  0
SEQEND
  8
0
  0
POLYLINE
  8
16
 66
1
 10
0.0000
 20
0.0000
 30
0.0000
 40
0.2540
 41
0.2540
 70
0
  0
VERTEX
  8
16
 10
60.7060
 20
50.0380
 30
0.0000
  0
VERTEX
  8
16
 10
60.9600
 20
49.5300
 30
0.0000
  0
SEQEND
  8
0
  0
POLYLINE
  8
16
 66
1
 10
0.0000
 20
0.0000
 30
0.0000
 40
0.1270
 41
0.1270
 70
0
  0
VERTEX
  8
16
 10
60.9032
 20
49.5016
 30
0.0000
 42
1.0000
  0
VERTEX
  8
16
 10
61.0168
 20
49.5584
 30
0.0000
  0
SEQEND
  8
0
  0
POLYLINE
  8
16
 66
1
 10
0.0000
 20
0.0000
 30
0.0000
 40
0.1270
 41
0.1270
 70
0
  0
VERTEX
  8
16
 10
60.7628
 20
50.0664
 30
0.0000
 42
1.0000
  0
VERTEX
  8
16
 10
60.6492
 20
50.0096
 30
0.0000
  0
SEQEND
  8
0
  0
POLYLINE
  8
16
 66
1
 10
0.0000
 20
0.0000
 30
0.0000
 40
0.2540
 41
0.2540
 70
0
  0
VERTEX
  8
16
 10
60.9600
 20
52.0700
 30
0.0000
  0
VERTEX
  8
16
 10
60.7060
 20
51.5620
 30
0.0000
  0
SEQEND
  8
0
  0
POLYLINE
  8
16
 66
1
 10
0.0000
 20
0.0000
 30
0.0000
 40
0.1270
 41
0.1270
 70
0
  0
VERTEX
  8
16
 10
60.6492
 20
51.5904
 30
0.0000
 42
1.0000
  0
VERTEX
  8
16
 10
60.7628
 20
51.5336
 30
0.0000
  0
SEQEND
  8
0
  0
POLYLINE
  8
16
 66
1
 10
0.0000
 20
0.0000
 30
0.0000
 40
0.1270
 41
0.1270
 70
0
  0
VERTEX
  8
16
 10
61.0168
 20
52.0416
 30
0.0000
 42
1.0000
  0
VERTEX
  8
16
 10
60.9032
 20
52.0984
 30
0.0000
  0
SEQEND
  8
0
  0
POLYLINE
  8
16
 66
1
 10
0.0000
 20
0.0000
 30
0.0000
 40
0.2540
 41
0.2540
 70
0
  0
VERTEX
  8
16
 10
59.6900
 20
53.0860
 30
0.0000
  0
VERTEX
  8
16
 10
53.8480
 20
53.0860
 30
0.0000
  0
SEQEND
  8
0
  0
POLYLINE
  8
16
 66
1
 10
0.0000
 20
0.0000
 30
0.0000
 40
0.1270
 41
0.1270
 70
0
  0
VERTEX
  8
16
 10
53.8480
 20
53.1495
 30
0.0000
 42
1.0000
  0
VERTEX
  8
16
 10
53.8480
 20
53.0225
 30
0.0000
  0
SEQEND
  8
0
  0
POLYLINE
  8
16
 66
1
 10
0.0000
 20
0.0000
 30
0.0000
 40
0.1270
 41
0.1270
 70
0
  0
VERTEX
  8
16
 10
59.6900
 20
53.0225
 30
0.0000
 42
1.0000
  0
VERTEX
  8
16
 10
59.6900
 20
53.1495
 30
0.0000
  0
SEQEND
  8
0
  0
POLYLINE
  8
16
 66
1
 10
0.0000
 20
0.0000
 30
0.0000
 40
0.2540
 41
0.2540
 70
0
  0
VERTEX
  8
16
 10
59.6900
 20
53.0860
 30
0.0000
  0
VERTEX
  8
16
 10
60.4520
 20
52.3240
 30
0.0000
  0
SEQEND
  8
0
  0
POLYLINE
  8
16
 66
1
 10
0.0000
 20
0.0000
 30
0.0000
 40
0.1270
 41
0.1270
 70
0
  0
VERTEX
  8
16
 10
60.4071
 20
52.2791
 30
0.0000
 42
1.0000
  0
VERTEX
  8
16
 10
60.4969
 20
52.3689
 30
0.0000
  0
SEQEND
  8
0
  0
POLYLINE
  8
16
 66
1
 10
0.0000
 20
0.0000
 30
0.0000
 40
0.1270
 41
0.1270
 70
0
  0
VERTEX
  8
16
 10
59.7349
 20
53.1309
 30
0.0000
 42
1.0000
  0
VERTEX
  8
16
 10
59.6451
 20
53.0411
 30
0.0000
  0
SEQEND
  8
0
  0
POLYLINE
  8
16
 66
1
 10
0.0000
 20
0.0000
 30
0.0000
 40
0.2540
 41
0.2540
 70
0
  0
VERTEX
  8
16
 10
53.8480
 20
53.0860
 30
0.0000
  0
VERTEX
  8
16
 10
53.3400
 20
53.3400
 30
0.0000
  0
SEQEND
  8
0
  0
POLYLINE
  8
16
 66
1
 10
0.0000
 20
0.0000
 30
0.0000
 40
0.1270
 41
0.1270
 70
0
  0
VERTEX
  8
16
 10
53.3684
 20
53.3968
 30
0.0000
 42
1.0000
  0
VERTEX
  8
16
 10
53.3116
 20
53.2832
 30
0.0000
  0
SEQEND
  8
0
  0
POLYLINE
  8
16
 66
1
 10
0.0000
 20
0.0000
 30
0.0000
 40
0.1270
 41
0.1270
 70
0
  0
VERTEX
  8
16
 10
53.8196
 20
53.0292
 30
0.0000
 42
1.0000
  0
VERTEX
  8
16
 10
53.8764
 20
53.1428
 30
0.0000
  0
SEQEND
  8
0
  0
POLYLINE
  8
16
 66
1
 10
0.0000
 20
0.0000
 30
0.0000
 40
0.2540
 41
0.2540
 70
0
  0
VERTEX
  8
16
 10
60.4520
 20
52.3240
 30
0.0000
  0
VERTEX
  8
16
 10
60.9600
 20
52.0700
 30
0.0000
  0
SEQEND
  8
0
  0
POLYLINE
  8
16
 66
1
 10
0.0000
 20
0.0000
 30
0.0000
 40
0.1270
 41
0.1270
 70
0
  0
VERTEX
  8
16
 10
60.9316
 20
52.0132
 30
0.0000
 42
1.0000
  0
VERTEX
  8
16
 10
60.9884
 20
52.1268
 30
0.0000
  0
SEQEND
  8
0
  0
POLYLINE
  8
16
 66
1
 10
0.0000
 20
0.0000
 30
0.0000
 40
0.1270
 41
0.1270
 70
0
  0
VERTEX
  8
16
 10
60.4804
 20
52.3808
 30
0.0000
 42
1.0000
  0
VERTEX
  8
16
 10
60.4236
 20
52.2672
 30
0.0000
  0
SEQEND
  8
0
  0
POLYLINE
  8
16
 66
1
 10
0.0000
 20
0.0000
 30
0.0000
 40
0.2540
 41
0.2540
 70
0
  0
VERTEX
  8
16
 10
60.7060
 20
54.1020
 30
0.0000
  0
VERTEX
  8
16
 10
59.6900
 20
53.0860
 30
0.0000
  0
SEQEND
  8
0
  0
POLYLINE
  8
16
 66
1
 10
0.0000
 20
0.0000
 30
0.0000
 40
0.1270
 41
0.1270
 70
0
  0
VERTEX
  8
16
 10
59.6451
 20
53.1309
 30
0.0000
 42
1.0000
  0
VERTEX
  8
16
 10
59.7349
 20
53.0411
 30
0.0000
  0
SEQEND
  8
0
  0
POLYLINE
  8
16
 66
1
 10
0.0000
 20
0.0000
 30
0.0000
 40
0.1270
 41
0.1270
 70
0
  0
VERTEX
  8
16
 10
60.7509
 20
54.0571
 30
0.0000
 42
1.0000
  0
VERTEX
  8
16
 10
60.6611
 20
54.1469
 30
0.0000
  0
SEQEND
  8
0
  0
POLYLINE
  8
16
 66
1
 10
0.0000
 20
0.0000
 30
0.0000
 40
0.2540
 41
0.2540
 70
0
  0
VERTEX
  8
16
 10
60.9600
 20
54.6100
 30
0.0000
  0
VERTEX
  8
16
 10
60.7060
 20
54.1020
 30
0.0000
  0
SEQEND
  8
0
  0
POLYLINE
  8
16
 66
1
 10
0.0000
 20
0.0000
 30
0.0000
 40
0.1270
 41
0.1270
 70
0
  0
VERTEX
  8
16
 10
60.6492
 20
54.1304
 30
0.0000
 42
1.0000
  0
VERTEX
  8
16
 10
60.7628
 20
54.0736
 30
0.0000
  0
SEQEND
  8
0
  0
POLYLINE
  8
16
 66
1
 10
0.0000
 20
0.0000
 30
0.0000
 40
0.1270
 41
0.1270
 70
0
  0
VERTEX
  8
16
 10
61.0168
 20
54.5816
 30
0.0000
 42
1.0000
  0
VERTEX
  8
16
 10
60.9032
 20
54.6384
 30
0.0000
  0
SEQEND
  8
0
  0
POLYLINE
  8
16
 66
1
 10
0.0000
 20
0.0000
 30
0.0000
 40
0.2540
 41
0.2540
 70
0
  0
VERTEX
  8
16
 10
60.7060
 20
56.6420
 30
0.0000
  0
VERTEX
  8
16
 10
60.7060
 20
55.1180
 30
0.0000
  0
SEQEND
  8
0
  0
POLYLINE
  8
16
 66
1
 10
0.0000
 20
0.0000
 30
0.0000
 40
0.1270
 41
0.1270
 70
0
  0
VERTEX
  8
16
 10
60.6425
 20
55.1180
 30
0.0000
 42
1.0000
  0
VERTEX
  8
16
 10
60.7695
 20
55.1180
 30
0.0000
  0
SEQEND
  8
0
  0
POLYLINE
  8
16
 66
1
 10
0.0000
 20
0.0000
 30
0.0000
 40
0.1270
 41
0.1270
 70
0
  0
VERTEX
  8
16
 10
60.7695
 20
56.6420
 30
0.0000
 42
1.0000
  0
VERTEX
  8
16
 10
60.6425
 20
56.6420
 30
0.0000
  0
SEQEND
  8
0
  0
POLYLINE
  8
16
 66
1
 10
0.0000
 20
0.0000
 30
0.0000
 40
0.2540
 41
0.2540
 70
0
  0
VERTEX
  8
16
 10
60.9600
 20
57.1500
 30
0.0000
  0
VERTEX
  8
16
 10
60.7060
 20
56.6420
 30
0.0000
  0
SEQEND
  8
0
  0
POLYLINE
  8
16
 66
1
 10
0.0000
 20
0.0000
 30
0.0000
 40
0.1270
 41
0.1270
 70
0
  0
VERTEX
  8
16
 10
60.6492
 20
56.6704
 30
0.0000
 42
1.0000
  0
VERTEX
  8
16
 10
60.7628
 20
56.6136
 30
0.0000
  0
SEQEND
  8
0
  0
POLYLINE
  8
16
 66
1
 10
0.0000
 20
0.0000
 30
0.0000
 40
0.1270
 41
0.1270
 70
0
  0
VERTEX
  8
16
 10
61.0168
 20
57.1216
 30
0.0000
 42
1.0000
  0
VERTEX
  8
16
 10
60.9032
 20
57.1784
 30
0.0000
  0
SEQEND
  8
0
  0
POLYLINE
  8
16
 66
1
 10
0.0000
 20
0.0000
 30
0.0000
 40
0.2540
 41
0.2540
 70
0
  0
VERTEX
  8
16
 10
60.7060
 20
55.1180
 30
0.0000
  0
VERTEX
  8
16
 10
60.9600
 20
54.6100
 30
0.0000
  0
SEQEND
  8
0
  0
POLYLINE
  8
16
 66
1
 10
0.0000
 20
0.0000
 30
0.0000
 40
0.1270
 41
0.1270
 70
0
  0
VERTEX
  8
16
 10
60.9032
 20
54.5816
 30
0.0000
 42
1.0000
  0
VERTEX
  8
16
 10
61.0168
 20
54.6384
 30
0.0000
  0
SEQEND
  8
0
  0
POLYLINE
  8
16
 66
1
 10
0.0000
 20
0.0000
 30
0.0000
 40
0.1270
 41
0.1270
 70
0
  0
VERTEX
  8
16
 10
60.7628
 20
55.1464
 30
0.0000
 42
1.0000
  0
VERTEX
  8
16
 10
60.6492
 20
55.0896
 30
0.0000
  0
SEQEND
  8
0
  0
POLYLINE
  8
16
 66
1
 10
0.0000
 20
0.0000
 30
0.0000
 40
0.2540
 41
0.2540
 70
0
  0
VERTEX
  8
16
 10
60.7060
 20
49.0220
 30
0.0000
  0
VERTEX
  8
16
 10
60.7060
 20
45.7200
 30
0.0000
  0
SEQEND
  8
0
  0
POLYLINE
  8
16
 66
1
 10
0.0000
 20
0.0000
 30
0.0000
 40
0.1270
 41
0.1270
 70
0
  0
VERTEX
  8
16
 10
60.6425
 20
45.7200
 30
0.0000
 42
1.0000
  0
VERTEX
  8
16
 10
60.7695
 20
45.7200
 30
0.0000
  0
SEQEND
  8
0
  0
POLYLINE
  8
16
 66
1
 10
0.0000
 20
0.0000
 30
0.0000
 40
0.1270
 41
0.1270
 70
0
  0
VERTEX
  8
16
 10
60.7695
 20
49.0220
 30
0.0000
 42
1.0000
  0
VERTEX
  8
16
 10
60.6425
 20
49.0220
 30
0.0000
  0
SEQEND
  8
0
  0
POLYLINE
  8
16
 66
1
 10
0.0000
 20
0.0000
 30
0.0000
 40
0.2540
 41
0.2540
 70
0
  0
VERTEX
  8
16
 10
60.7060
 20
45.7200
 30
0.0000
  0
VERTEX
  8
16
 10
60.9600
 20
44.4500
 30
0.0000
  0
SEQEND
  8
0
  0
POLYLINE
  8
16
 66
1
 10
0.0000
 20
0.0000
 30
0.0000
 40
0.1270
 41
0.1270
 70
0
  0
VERTEX
  8
16
 10
60.8977
 20
44.4375
 30
0.0000
 42
1.0000
  0
VERTEX
  8
16
 10
61.0223
 20
44.4625
 30
0.0000
  0
SEQEND
  8
0
  0
POLYLINE
  8
16
 66
1
 10
0.0000
 20
0.0000
 30
0.0000
 40
0.1270
 41
0.1270
 70
0
  0
VERTEX
  8
16
 10
60.7683
 20
45.7325
 30
0.0000
 42
1.0000
  0
VERTEX
  8
16
 10
60.6437
 20
45.7075
 30
0.0000
  0
SEQEND
  8
0
  0
POLYLINE
  8
16
 66
1
 10
0.0000
 20
0.0000
 30
0.0000
 40
0.2540
 41
0.2540
 70
0
  0
VERTEX
  8
16
 10
60.9600
 20
49.5300
 30
0.0000
  0
VERTEX
  8
16
 10
60.7060
 20
49.0220
 30
0.0000
  0
SEQEND
  8
0
  0
POLYLINE
  8
16
 66
1
 10
0.0000
 20
0.0000
 30
0.0000
 40
0.1270
 41
0.1270
 70
0
  0
VERTEX
  8
16
 10
60.6492
 20
49.0504
 30
0.0000
 42
1.0000
  0
VERTEX
  8
16
 10
60.7628
 20
48.9936
 30
0.0000
  0
SEQEND
  8
0
  0
POLYLINE
  8
16
 66
1
 10
0.0000
 20
0.0000
 30
0.0000
 40
0.1270
 41
0.1270
 70
0
  0
VERTEX
  8
16
 10
61.0168
 20
49.5016
 30
0.0000
 42
1.0000
  0
VERTEX
  8
16
 10
60.9032
 20
49.5584
 30
0.0000
  0
SEQEND
  8
0
  0
POLYLINE
  8
16
 66
1
 10
0.0000
 20
0.0000
 30
0.0000
 40
0.2540
 41
0.2540
 70
0
  0
VERTEX
  8
16
 10
32.5120
 20
56.6420
 30
0.0000
  0
VERTEX
  8
16
 10
30.9880
 20
58.1660
 30
0.0000
  0
SEQEND
  8
0
  0
POLYLINE
  8
16
 66
1
 10
0.0000
 20
0.0000
 30
0.0000
 40
0.1270
 41
0.1270
 70
0
  0
VERTEX
  8
16
 10
31.0329
 20
58.2109
 30
0.0000
 42
1.0000
  0
VERTEX
  8
16
 10
30.9431
 20
58.1211
 30
0.0000
  0
SEQEND
  8
0
  0
POLYLINE
  8
16
 66
1
 10
0.0000
 20
0.0000
 30
0.0000
 40
0.1270
 41
0.1270
 70
0
  0
VERTEX
  8
16
 10
32.4671
 20
56.5971
 30
0.0000
 42
1.0000
  0
VERTEX
  8
16
 10
32.5569
 20
56.6869
 30
0.0000
  0
SEQEND
  8
0
  0
POLYLINE
  8
16
 66
1
 10
0.0000
 20
0.0000
 30
0.0000
 40
0.2540
 41
0.2540
 70
0
  0
VERTEX
  8
16
 10
30.9880
 20
58.1660
 30
0.0000
  0
VERTEX
  8
16
 10
30.4800
 20
58.4200
 30
0.0000
  0
SEQEND
  8
0
  0
POLYLINE
  8
16
 66
1
 10
0.0000
 20
0.0000
 30
0.0000
 40
0.1270
 41
0.1270
 70
0
  0
VERTEX
  8
16
 10
30.5084
 20
58.4768
 30
0.0000
 42
1.0000
  0
VERTEX
  8
16
 10
30.4516
 20
58.3632
 30
0.0000
  0
SEQEND
  8
0
  0
POLYLINE
  8
16
 66
1
 10
0.0000
 20
0.0000
 30
0.0000
 40
0.1270
 41
0.1270
 70
0
  0
VERTEX
  8
16
 10
30.9596
 20
58.1092
 30
0.0000
 42
1.0000
  0
VERTEX
  8
16
 10
31.0164
 20
58.2228
 30
0.0000
  0
SEQEND
  8
0
  0
POLYLINE
  8
16
 66
1
 10
0.0000
 20
0.0000
 30
0.0000
 40
0.2540
 41
0.2540
 70
0
  0
VERTEX
  8
16
 10
33.0200
 20
55.8800
 30
0.0000
  0
VERTEX
  8
16
 10
32.5120
 20
56.6420
 30
0.0000
  0
SEQEND
  8
0
  0
POLYLINE
  8
16
 66
1
 10
0.0000
 20
0.0000
 30
0.0000
 40
0.1270
 41
0.1270
 70
0
  0
VERTEX
  8
16
 10
32.5648
 20
56.6772
 30
0.0000
 42
1.0000
  0
VERTEX
  8
16
 10
32.4592
 20
56.6068
 30
0.0000
  0
SEQEND
  8
0
  0
POLYLINE
  8
16
 66
1
 10
0.0000
 20
0.0000
 30
0.0000
 40
0.1270
 41
0.1270
 70
0
  0
VERTEX
  8
16
 10
32.9672
 20
55.8448
 30
0.0000
 42
1.0000
  0
VERTEX
  8
16
 10
33.0728
 20
55.9152
 30
0.0000
  0
SEQEND
  8
0
  0
POLYLINE
  8
16
 66
1
 10
0.0000
 20
0.0000
 30
0.0000
 40
0.2540
 41
0.2540
 70
0
  0
VERTEX
  8
16
 10
34.0360
 20
49.2760
 30
0.0000
  0
VERTEX
  8
16
 10
33.5280
 20
49.2760
 30
0.0000
  0
SEQEND
  8
0
  0
POLYLINE
  8
16
 66
1
 10
0.0000
 20
0.0000
 30
0.0000
 40
0.1270
 41
0.1270
 70
0
  0
VERTEX
  8
16
 10
33.5280
 20
49.3395
 30
0.0000
 42
1.0000
  0
VERTEX
  8
16
 10
33.5280
 20
49.2125
 30
0.0000
  0
SEQEND
  8
0
  0
POLYLINE
  8
16
 66
1
 10
0.0000
 20
0.0000
 30
0.0000
 40
0.1270
 41
0.1270
 70
0
  0
VERTEX
  8
16
 10
34.0360
 20
49.2125
 30
0.0000
 42
1.0000
  0
VERTEX
  8
16
 10
34.0360
 20
49.3395
 30
0.0000
  0
SEQEND
  8
0
  0
POLYLINE
  8
16
 66
1
 10
0.0000
 20
0.0000
 30
0.0000
 40
0.2540
 41
0.2540
 70
0
  0
VERTEX
  8
16
 10
35.0520
 20
50.2920
 30
0.0000
  0
VERTEX
  8
16
 10
34.0360
 20
49.2760
 30
0.0000
  0
SEQEND
  8
0
  0
POLYLINE
  8
16
 66
1
 10
0.0000
 20
0.0000
 30
0.0000
 40
0.1270
 41
0.1270
 70
0
  0
VERTEX
  8
16
 10
33.9911
 20
49.3209
 30
0.0000
 42
1.0000
  0
VERTEX
  8
16
 10
34.0809
 20
49.2311
 30
0.0000
  0
SEQEND
  8
0
  0
POLYLINE
  8
16
 66
1
 10
0.0000
 20
0.0000
 30
0.0000
 40
0.1270
 41
0.1270
 70
0
  0
VERTEX
  8
16
 10
35.0969
 20
50.2471
 30
0.0000
 42
1.0000
  0
VERTEX
  8
16
 10
35.0071
 20
50.3369
 30
0.0000
  0
SEQEND
  8
0
  0
POLYLINE
  8
16
 66
1
 10
0.0000
 20
0.0000
 30
0.0000
 40
0.2540
 41
0.2540
 70
0
  0
VERTEX
  8
16
 10
36.5760
 20
50.2920
 30
0.0000
  0
VERTEX
  8
16
 10
35.0520
 20
50.2920
 30
0.0000
  0
SEQEND
  8
0
  0
POLYLINE
  8
16
 66
1
 10
0.0000
 20
0.0000
 30
0.0000
 40
0.1270
 41
0.1270
 70
0
  0
VERTEX
  8
16
 10
35.0520
 20
50.3555
 30
0.0000
 42
1.0000
  0
VERTEX
  8
16
 10
35.0520
 20
50.2285
 30
0.0000
  0
SEQEND
  8
0
  0
POLYLINE
  8
16
 66
1
 10
0.0000
 20
0.0000
 30
0.0000
 40
0.1270
 41
0.1270
 70
0
  0
VERTEX
  8
16
 10
36.5760
 20
50.2285
 30
0.0000
 42
1.0000
  0
VERTEX
  8
16
 10
36.5760
 20
50.3555
 30
0.0000
  0
SEQEND
  8
0
  0
POLYLINE
  8
16
 66
1
 10
0.0000
 20
0.0000
 30
0.0000
 40
0.2540
 41
0.2540
 70
0
  0
VERTEX
  8
16
 10
37.5920
 20
49.2760
 30
0.0000
  0
VERTEX
  8
16
 10
36.5760
 20
50.2920
 30
0.0000
  0
SEQEND
  8
0
  0
POLYLINE
  8
16
 66
1
 10
0.0000
 20
0.0000
 30
0.0000
 40
0.1270
 41
0.1270
 70
0
  0
VERTEX
  8
16
 10
36.6209
 20
50.3369
 30
0.0000
 42
1.0000
  0
VERTEX
  8
16
 10
36.5311
 20
50.2471
 30
0.0000
  0
SEQEND
  8
0
  0
POLYLINE
  8
16
 66
1
 10
0.0000
 20
0.0000
 30
0.0000
 40
0.1270
 41
0.1270
 70
0
  0
VERTEX
  8
16
 10
37.5471
 20
49.2311
 30
0.0000
 42
1.0000
  0
VERTEX
  8
16
 10
37.6369
 20
49.3209
 30
0.0000
  0
SEQEND
  8
0
  0
POLYLINE
  8
16
 66
1
 10
0.0000
 20
0.0000
 30
0.0000
 40
0.2540
 41
0.2540
 70
0
  0
VERTEX
  8
16
 10
33.5280
 20
49.2760
 30
0.0000
  0
VERTEX
  8
16
 10
33.0200
 20
48.2600
 30
0.0000
  0
SEQEND
  8
0
  0
POLYLINE
  8
16
 66
1
 10
0.0000
 20
0.0000
 30
0.0000
 40
0.1270
 41
0.1270
 70
0
  0
VERTEX
  8
16
 10
32.9632
 20
48.2884
 30
0.0000
 42
1.0000
  0
VERTEX
  8
16
 10
33.0768
 20
48.2316
 30
0.0000
  0
SEQEND
  8
0
  0
POLYLINE
  8
16
 66
1
 10
0.0000
 20
0.0000
 30
0.0000
 40
0.1270
 41
0.1270
 70
0
  0
VERTEX
  8
16
 10
33.5848
 20
49.2476
 30
0.0000
 42
1.0000
  0
VERTEX
  8
16
 10
33.4712
 20
49.3044
 30
0.0000
  0
SEQEND
  8
0
  0
POLYLINE
  8
16
 66
1
 10
0.0000
 20
0.0000
 30
0.0000
 40
0.2540
 41
0.2540
 70
0
  0
VERTEX
  8
16
 10
38.1000
 20
48.2600
 30
0.0000
  0
VERTEX
  8
16
 10
37.5920
 20
49.2760
 30
0.0000
  0
SEQEND
  8
0
  0
POLYLINE
  8
16
 66
1
 10
0.0000
 20
0.0000
 30
0.0000
 40
0.1270
 41
0.1270
 70
0
  0
VERTEX
  8
16
 10
37.6488
 20
49.3044
 30
0.0000
 42
1.0000
  0
VERTEX
  8
16
 10
37.5352
 20
49.2476
 30
0.0000
  0
SEQEND
  8
0
  0
POLYLINE
  8
16
 66
1
 10
0.0000
 20
0.0000
 30
0.0000
 40
0.1270
 41
0.1270
 70
0
  0
VERTEX
  8
16
 10
38.0432
 20
48.2316
 30
0.0000
 42
1.0000
  0
VERTEX
  8
16
 10
38.1568
 20
48.2884
 30
0.0000
  0
SEQEND
  8
0
  0
POLYLINE
  8
16
 66
1
 10
0.0000
 20
0.0000
 30
0.0000
 40
0.2540
 41
0.2540
 70
0
  0
VERTEX
  8
16
 10
29.2100
 20
51.5620
 30
0.0000
  0
VERTEX
  8
16
 10
32.5120
 20
54.8640
 30
0.0000
  0
SEQEND
  8
0
  0
POLYLINE
  8
16
 66
1
 10
0.0000
 20
0.0000
 30
0.0000
 40
0.1270
 41
0.1270
 70
0
  0
VERTEX
  8
16
 10
32.5569
 20
54.8191
 30
0.0000
 42
1.0000
  0
VERTEX
  8
16
 10
32.4671
 20
54.9089
 30
0.0000
  0
SEQEND
  8
0
  0
POLYLINE
  8
16
 66
1
 10
0.0000
 20
0.0000
 30
0.0000
 40
0.1270
 41
0.1270
 70
0
  0
VERTEX
  8
16
 10
29.1651
 20
51.6069
 30
0.0000
 42
1.0000
  0
VERTEX
  8
16
 10
29.2549
 20
51.5171
 30
0.0000
  0
SEQEND
  8
0
  0
POLYLINE
  8
16
 66
1
 10
0.0000
 20
0.0000
 30
0.0000
 40
0.2540
 41
0.2540
 70
0
  0
VERTEX
  8
16
 10
29.2100
 20
50.2920
 30
0.0000
  0
VERTEX
  8
16
 10
29.2100
 20
51.5620
 30
0.0000
  0
SEQEND
  8
0
  0
POLYLINE
  8
16
 66
1
 10
0.0000
 20
0.0000
 30
0.0000
 40
0.1270
 41
0.1270
 70
0
  0
VERTEX
  8
16
 10
29.2735
 20
51.5620
 30
0.0000
 42
1.0000
  0
VERTEX
  8
16
 10
29.1465
 20
51.5620
 30
0.0000
  0
SEQEND
  8
0
  0
POLYLINE
  8
16
 66
1
 10
0.0000
 20
0.0000
 30
0.0000
 40
0.1270
 41
0.1270
 70
0
  0
VERTEX
  8
16
 10
29.1465
 20
50.2920
 30
0.0000
 42
1.0000
  0
VERTEX
  8
16
 10
29.2735
 20
50.2920
 30
0.0000
  0
SEQEND
  8
0
  0
POLYLINE
  8
16
 66
1
 10
0.0000
 20
0.0000
 30
0.0000
 40
0.2540
 41
0.2540
 70
0
  0
VERTEX
  8
16
 10
30.2260
 20
49.2760
 30
0.0000
  0
VERTEX
  8
16
 10
29.2100
 20
50.2920
 30
0.0000
  0
SEQEND
  8
0
  0
POLYLINE
  8
16
 66
1
 10
0.0000
 20
0.0000
 30
0.0000
 40
0.1270
 41
0.1270
 70
0
  0
VERTEX
  8
16
 10
29.2549
 20
50.3369
 30
0.0000
 42
1.0000
  0
VERTEX
  8
16
 10
29.1651
 20
50.2471
 30
0.0000
  0
SEQEND
  8
0
  0
POLYLINE
  8
16
 66
1
 10
0.0000
 20
0.0000
 30
0.0000
 40
0.1270
 41
0.1270
 70
0
  0
VERTEX
  8
16
 10
30.1811
 20
49.2311
 30
0.0000
 42
1.0000
  0
VERTEX
  8
16
 10
30.2709
 20
49.3209
 30
0.0000
  0
SEQEND
  8
0
  0
POLYLINE
  8
16
 66
1
 10
0.0000
 20
0.0000
 30
0.0000
 40
0.2540
 41
0.2540
 70
0
  0
VERTEX
  8
16
 10
32.5120
 20
49.2760
 30
0.0000
  0
VERTEX
  8
16
 10
30.2260
 20
49.2760
 30
0.0000
  0
SEQEND
  8
0
  0
POLYLINE
  8
16
 66
1
 10
0.0000
 20
0.0000
 30
0.0000
 40
0.1270
 41
0.1270
 70
0
  0
VERTEX
  8
16
 10
30.2260
 20
49.3395
 30
0.0000
 42
1.0000
  0
VERTEX
  8
16
 10
30.2260
 20
49.2125
 30
0.0000
  0
SEQEND
  8
0
  0
POLYLINE
  8
16
 66
1
 10
0.0000
 20
0.0000
 30
0.0000
 40
0.1270
 41
0.1270
 70
0
  0
VERTEX
  8
16
 10
32.5120
 20
49.2125
 30
0.0000
 42
1.0000
  0
VERTEX
  8
16
 10
32.5120
 20
49.3395
 30
0.0000
  0
SEQEND
  8
0
  0
POLYLINE
  8
16
 66
1
 10
0.0000
 20
0.0000
 30
0.0000
 40
0.2540
 41
0.2540
 70
0
  0
VERTEX
  8
16
 10
32.5120
 20
54.8640
 30
0.0000
  0
VERTEX
  8
16
 10
33.0200
 20
55.8800
 30
0.0000
  0
SEQEND
  8
0
  0
POLYLINE
  8
16
 66
1
 10
0.0000
 20
0.0000
 30
0.0000
 40
0.1270
 41
0.1270
 70
0
  0
VERTEX
  8
16
 10
33.0768
 20
55.8516
 30
0.0000
 42
1.0000
  0
VERTEX
  8
16
 10
32.9632
 20
55.9084
 30
0.0000
  0
SEQEND
  8
0
  0
POLYLINE
  8
16
 66
1
 10
0.0000
 20
0.0000
 30
0.0000
 40
0.1270
 41
0.1270
 70
0
  0
VERTEX
  8
16
 10
32.4552
 20
54.8924
 30
0.0000
 42
1.0000
  0
VERTEX
  8
16
 10
32.5688
 20
54.8356
 30
0.0000
  0
SEQEND
  8
0
  0
POLYLINE
  8
16
 66
1
 10
0.0000
 20
0.0000
 30
0.0000
 40
0.2540
 41
0.2540
 70
0
  0
VERTEX
  8
16
 10
33.0200
 20
48.2600
 30
0.0000
  0
VERTEX
  8
16
 10
32.5120
 20
49.2760
 30
0.0000
  0
SEQEND
  8
0
  0
POLYLINE
  8
16
 66
1
 10
0.0000
 20
0.0000
 30
0.0000
 40
0.1270
 41
0.1270
 70
0
  0
VERTEX
  8
16
 10
32.5688
 20
49.3044
 30
0.0000
 42
1.0000
  0
VERTEX
  8
16
 10
32.4552
 20
49.2476
 30
0.0000
  0
SEQEND
  8
0
  0
POLYLINE
  8
16
 66
1
 10
0.0000
 20
0.0000
 30
0.0000
 40
0.1270
 41
0.1270
 70
0
  0
VERTEX
  8
16
 10
32.9632
 20
48.2316
 30
0.0000
 42
1.0000
  0
VERTEX
  8
16
 10
33.0768
 20
48.2884
 30
0.0000
  0
SEQEND
  8
0
  0
POLYLINE
  8
16
 66
1
 10
0.0000
 20
0.0000
 30
0.0000
 40
0.2540
 41
0.2540
 70
0
  0
VERTEX
  8
16
 10
52.8320
 20
53.0860
 30
0.0000
  0
VERTEX
  8
16
 10
42.4180
 20
53.0860
 30
0.0000
  0
SEQEND
  8
0
  0
POLYLINE
  8
16
 66
1
 10
0.0000
 20
0.0000
 30
0.0000
 40
0.1270
 41
0.1270
 70
0
  0
VERTEX
  8
16
 10
42.4180
 20
53.1495
 30
0.0000
 42
1.0000
  0
VERTEX
  8
16
 10
42.4180
 20
53.0225
 30
0.0000
  0
SEQEND
  8
0
  0
POLYLINE
  8
16
 66
1
 10
0.0000
 20
0.0000
 30
0.0000
 40
0.1270
 41
0.1270
 70
0
  0
VERTEX
  8
16
 10
52.8320
 20
53.0225
 30
0.0000
 42
1.0000
  0
VERTEX
  8
16
 10
52.8320
 20
53.1495
 30
0.0000
  0
SEQEND
  8
0
  0
POLYLINE
  8
16
 66
1
 10
0.0000
 20
0.0000
 30
0.0000
 40
0.2540
 41
0.2540
 70
0
  0
VERTEX
  8
16
 10
42.4180
 20
53.0860
 30
0.0000
  0
VERTEX
  8
16
 10
38.6080
 20
49.2760
 30
0.0000
  0
SEQEND
  8
0
  0
POLYLINE
  8
16
 66
1
 10
0.0000
 20
0.0000
 30
0.0000
 40
0.1270
 41
0.1270
 70
0
  0
VERTEX
  8
16
 10
38.5631
 20
49.3209
 30
0.0000
 42
1.0000
  0
VERTEX
  8
16
 10
38.6529
 20
49.2311
 30
0.0000
  0
SEQEND
  8
0
  0
POLYLINE
  8
16
 66
1
 10
0.0000
 20
0.0000
 30
0.0000
 40
0.1270
 41
0.1270
 70
0
  0
VERTEX
  8
16
 10
42.4629
 20
53.0411
 30
0.0000
 42
1.0000
  0
VERTEX
  8
16
 10
42.3731
 20
53.1309
 30
0.0000
  0
SEQEND
  8
0
  0
POLYLINE
  8
16
 66
1
 10
0.0000
 20
0.0000
 30
0.0000
 40
0.2540
 41
0.2540
 70
0
  0
VERTEX
  8
16
 10
53.3400
 20
53.3400
 30
0.0000
  0
VERTEX
  8
16
 10
52.8320
 20
53.0860
 30
0.0000
  0
SEQEND
  8
0
  0
POLYLINE
  8
16
 66
1
 10
0.0000
 20
0.0000
 30
0.0000
 40
0.1270
 41
0.1270
 70
0
  0
VERTEX
  8
16
 10
52.8036
 20
53.1428
 30
0.0000
 42
1.0000
  0
VERTEX
  8
16
 10
52.8604
 20
53.0292
 30
0.0000
  0
SEQEND
  8
0
  0
POLYLINE
  8
16
 66
1
 10
0.0000
 20
0.0000
 30
0.0000
 40
0.1270
 41
0.1270
 70
0
  0
VERTEX
  8
16
 10
53.3684
 20
53.2832
 30
0.0000
 42
1.0000
  0
VERTEX
  8
16
 10
53.3116
 20
53.3968
 30
0.0000
  0
SEQEND
  8
0
  0
POLYLINE
  8
16
 66
1
 10
0.0000
 20
0.0000
 30
0.0000
 40
0.2540
 41
0.2540
 70
0
  0
VERTEX
  8
16
 10
38.6080
 20
49.2760
 30
0.0000
  0
VERTEX
  8
16
 10
38.1000
 20
48.2600
 30
0.0000
  0
SEQEND
  8
0
  0
POLYLINE
  8
16
 66
1
 10
0.0000
 20
0.0000
 30
0.0000
 40
0.1270
 41
0.1270
 70
0
  0
VERTEX
  8
16
 10
38.0432
 20
48.2884
 30
0.0000
 42
1.0000
  0
VERTEX
  8
16
 10
38.1568
 20
48.2316
 30
0.0000
  0
SEQEND
  8
0
  0
POLYLINE
  8
16
 66
1
 10
0.0000
 20
0.0000
 30
0.0000
 40
0.1270
 41
0.1270
 70
0
  0
VERTEX
  8
16
 10
38.6648
 20
49.2476
 30
0.0000
 42
1.0000
  0
VERTEX
  8
16
 10
38.5512
 20
49.3044
 30
0.0000
  0
SEQEND
  8
0
  0
POLYLINE
  8
16
 66
1
 10
0.0000
 20
0.0000
 30
0.0000
 40
0.2540
 41
0.2540
 70
0
  0
VERTEX
  8
16
 10
66.0400
 20
57.4040
 30
0.0000
  0
VERTEX
  8
16
 10
61.4680
 20
57.4040
 30
0.0000
  0
SEQEND
  8
0
  0
POLYLINE
  8
16
 66
1
 10
0.0000
 20
0.0000
 30
0.0000
 40
0.1270
 41
0.1270
 70
0
  0
VERTEX
  8
16
 10
61.4680
 20
57.4675
 30
0.0000
 42
1.0000
  0
VERTEX
  8
16
 10
61.4680
 20
57.3405
 30
0.0000
  0
SEQEND
  8
0
  0
POLYLINE
  8
16
 66
1
 10
0.0000
 20
0.0000
 30
0.0000
 40
0.1270
 41
0.1270
 70
0
  0
VERTEX
  8
16
 10
66.0400
 20
57.3405
 30
0.0000
 42
1.0000
  0
VERTEX
  8
16
 10
66.0400
 20
57.4675
 30
0.0000
  0
SEQEND
  8
0
  0
POLYLINE
  8
16
 66
1
 10
0.0000
 20
0.0000
 30
0.0000
 40
0.2540
 41
0.2540
 70
0
  0
VERTEX
  8
16
 10
68.5800
 20
59.9440
 30
0.0000
  0
VERTEX
  8
16
 10
66.0400
 20
57.4040
 30
0.0000
  0
SEQEND
  8
0
  0
POLYLINE
  8
16
 66
1
 10
0.0000
 20
0.0000
 30
0.0000
 40
0.1270
 41
0.1270
 70
0
  0
VERTEX
  8
16
 10
65.9951
 20
57.4489
 30
0.0000
 42
1.0000
  0
VERTEX
  8
16
 10
66.0849
 20
57.3591
 30
0.0000
  0
SEQEND
  8
0
  0
POLYLINE
  8
16
 66
1
 10
0.0000
 20
0.0000
 30
0.0000
 40
0.1270
 41
0.1270
 70
0
  0
VERTEX
  8
16
 10
68.6249
 20
59.8991
 30
0.0000
 42
1.0000
  0
VERTEX
  8
16
 10
68.5351
 20
59.9889
 30
0.0000
  0
SEQEND
  8
0
  0
POLYLINE
  8
16
 66
1
 10
0.0000
 20
0.0000
 30
0.0000
 40
0.2540
 41
0.2540
 70
0
  0
VERTEX
  8
16
 10
84.5820
 20
59.9440
 30
0.0000
  0
VERTEX
  8
16
 10
68.5800
 20
59.9440
 30
0.0000
  0
SEQEND
  8
0
  0
POLYLINE
  8
16
 66
1
 10
0.0000
 20
0.0000
 30
0.0000
 40
0.1270
 41
0.1270
 70
0
  0
VERTEX
  8
16
 10
68.5800
 20
60.0075
 30
0.0000
 42
1.0000
  0
VERTEX
  8
16
 10
68.5800
 20
59.8805
 30
0.0000
  0
SEQEND
  8
0
  0
POLYLINE
  8
16
 66
1
 10
0.0000
 20
0.0000
 30
0.0000
 40
0.1270
 41
0.1270
 70
0
  0
VERTEX
  8
16
 10
84.5820
 20
59.8805
 30
0.0000
 42
1.0000
  0
VERTEX
  8
16
 10
84.5820
 20
60.0075
 30
0.0000
  0
SEQEND
  8
0
  0
POLYLINE
  8
16
 66
1
 10
0.0000
 20
0.0000
 30
0.0000
 40
0.2540
 41
0.2540
 70
0
  0
VERTEX
  8
16
 10
97.7900
 20
46.7360
 30
0.0000
  0
VERTEX
  8
16
 10
84.5820
 20
59.9440
 30
0.0000
  0
SEQEND
  8
0
  0
POLYLINE
  8
16
 66
1
 10
0.0000
 20
0.0000
 30
0.0000
 40
0.1270
 41
0.1270
 70
0
  0
VERTEX
  8
16
 10
84.6269
 20
59.9889
 30
0.0000
 42
1.0000
  0
VERTEX
  8
16
 10
84.5371
 20
59.8991
 30
0.0000
  0
SEQEND
  8
0
  0
POLYLINE
  8
16
 66
1
 10
0.0000
 20
0.0000
 30
0.0000
 40
0.1270
 41
0.1270
 70
0
  0
VERTEX
  8
16
 10
97.7451
 20
46.6911
 30
0.0000
 42
1.0000
  0
VERTEX
  8
16
 10
97.8349
 20
46.7809
 30
0.0000
  0
SEQEND
  8
0
  0
POLYLINE
  8
16
 66
1
 10
0.0000
 20
0.0000
 30
0.0000
 40
0.2540
 41
0.2540
 70
0
  0
VERTEX
  8
16
 10
97.7900
 20
36.3220
 30
0.0000
  0
VERTEX
  8
16
 10
97.7900
 20
46.7360
 30
0.0000
  0
SEQEND
  8
0
  0
POLYLINE
  8
16
 66
1
 10
0.0000
 20
0.0000
 30
0.0000
 40
0.1270
 41
0.1270
 70
0
  0
VERTEX
  8
16
 10
97.8535
 20
46.7360
 30
0.0000
 42
1.0000
  0
VERTEX
  8
16
 10
97.7265
 20
46.7360
 30
0.0000
  0
SEQEND
  8
0
  0
POLYLINE
  8
16
 66
1
 10
0.0000
 20
0.0000
 30
0.0000
 40
0.1270
 41
0.1270
 70
0
  0
VERTEX
  8
16
 10
97.7265
 20
36.3220
 30
0.0000
 42
1.0000
  0
VERTEX
  8
16
 10
97.8535
 20
36.3220
 30
0.0000
  0
SEQEND
  8
0
  0
POLYLINE
  8
16
 66
1
 10
0.0000
 20
0.0000
 30
0.0000
 40
0.2540
 41
0.2540
 70
0
  0
VERTEX
  8
16
 10
97.7900
 20
36.3220
 30
0.0000
  0
VERTEX
  8
16
 10
97.0280
 20
35.5600
 30
0.0000
  0
SEQEND
  8
0
  0
POLYLINE
  8
16
 66
1
 10
0.0000
 20
0.0000
 30
0.0000
 40
0.1270
 41
0.1270
 70
0
  0
VERTEX
  8
16
 10
96.9831
 20
35.6049
 30
0.0000
 42
1.0000
  0
VERTEX
  8
16
 10
97.0729
 20
35.5151
 30
0.0000
  0
SEQEND
  8
0
  0
POLYLINE
  8
16
 66
1
 10
0.0000
 20
0.0000
 30
0.0000
 40
0.1270
 41
0.1270
 70
0
  0
VERTEX
  8
16
 10
97.8349
 20
36.2771
 30
0.0000
 42
1.0000
  0
VERTEX
  8
16
 10
97.7451
 20
36.3669
 30
0.0000
  0
SEQEND
  8
0
  0
POLYLINE
  8
16
 66
1
 10
0.0000
 20
0.0000
 30
0.0000
 40
0.2540
 41
0.2540
 70
0
  0
VERTEX
  8
16
 10
97.0280
 20
35.5600
 30
0.0000
  0
VERTEX
  8
16
 10
92.7100
 20
35.5600
 30
0.0000
  0
SEQEND
  8
0
  0
POLYLINE
  8
16
 66
1
 10
0.0000
 20
0.0000
 30
0.0000
 40
0.1270
 41
0.1270
 70
0
  0
VERTEX
  8
16
 10
92.7100
 20
35.6235
 30
0.0000
 42
1.0000
  0
VERTEX
  8
16
 10
92.7100
 20
35.4965
 30
0.0000
  0
SEQEND
  8
0
  0
POLYLINE
  8
16
 66
1
 10
0.0000
 20
0.0000
 30
0.0000
 40
0.1270
 41
0.1270
 70
0
  0
VERTEX
  8
16
 10
97.0280
 20
35.4965
 30
0.0000
 42
1.0000
  0
VERTEX
  8
16
 10
97.0280
 20
35.6235
 30
0.0000
  0
SEQEND
  8
0
  0
POLYLINE
  8
16
 66
1
 10
0.0000
 20
0.0000
 30
0.0000
 40
0.2540
 41
0.2540
 70
0
  0
VERTEX
  8
16
 10
92.7100
 20
35.5600
 30
0.0000
  0
VERTEX
  8
16
 10
90.1700
 20
33.0200
 30
0.0000
  0
SEQEND
  8
0
  0
POLYLINE
  8
16
 66
1
 10
0.0000
 20
0.0000
 30
0.0000
 40
0.1270
 41
0.1270
 70
0
  0
VERTEX
  8
16
 10
90.1251
 20
33.0649
 30
0.0000
 42
1.0000
  0
VERTEX
  8
16
 10
90.2149
 20
32.9751
 30
0.0000
  0
SEQEND
  8
0
  0
POLYLINE
  8
16
 66
1
 10
0.0000
 20
0.0000
 30
0.0000
 40
0.1270
 41
0.1270
 70
0
  0
VERTEX
  8
16
 10
92.7549
 20
35.5151
 30
0.0000
 42
1.0000
  0
VERTEX
  8
16
 10
92.6651
 20
35.6049
 30
0.0000
  0
SEQEND
  8
0
  0
POLYLINE
  8
16
 66
1
 10
0.0000
 20
0.0000
 30
0.0000
 40
0.2540
 41
0.2540
 70
0
  0
VERTEX
  8
16
 10
90.1700
 20
33.0200
 30
0.0000
  0
VERTEX
  8
16
 10
90.1700
 20
17.7800
 30
0.0000
  0
SEQEND
  8
0
  0
POLYLINE
  8
16
 66
1
 10
0.0000
 20
0.0000
 30
0.0000
 40
0.1270
 41
0.1270
 70
0
  0
VERTEX
  8
16
 10
90.1065
 20
17.7800
 30
0.0000
 42
1.0000
  0
VERTEX
  8
16
 10
90.2335
 20
17.7800
 30
0.0000
  0
SEQEND
  8
0
  0
POLYLINE
  8
16
 66
1
 10
0.0000
 20
0.0000
 30
0.0000
 40
0.1270
 41
0.1270
 70
0
  0
VERTEX
  8
16
 10
90.2335
 20
33.0200
 30
0.0000
 42
1.0000
  0
VERTEX
  8
16
 10
90.1065
 20
33.0200
 30
0.0000
  0
SEQEND
  8
0
  0
POLYLINE
  8
16
 66
1
 10
0.0000
 20
0.0000
 30
0.0000
 40
0.2540
 41
0.2540
 70
0
  0
VERTEX
  8
16
 10
90.1700
 20
17.7800
 30
0.0000
  0
VERTEX
  8
16
 10
89.4080
 20
17.0180
 30
0.0000
  0
SEQEND
  8
0
  0
POLYLINE
  8
16
 66
1
 10
0.0000
 20
0.0000
 30
0.0000
 40
0.1270
 41
0.1270
 70
0
  0
VERTEX
  8
16
 10
89.3631
 20
17.0629
 30
0.0000
 42
1.0000
  0
VERTEX
  8
16
 10
89.4529
 20
16.9731
 30
0.0000
  0
SEQEND
  8
0
  0
POLYLINE
  8
16
 66
1
 10
0.0000
 20
0.0000
 30
0.0000
 40
0.1270
 41
0.1270
 70
0
  0
VERTEX
  8
16
 10
90.2149
 20
17.7351
 30
0.0000
 42
1.0000
  0
VERTEX
  8
16
 10
90.1251
 20
17.8249
 30
0.0000
  0
SEQEND
  8
0
  0
POLYLINE
  8
16
 66
1
 10
0.0000
 20
0.0000
 30
0.0000
 40
0.2540
 41
0.2540
 70
0
  0
VERTEX
  8
16
 10
89.4080
 20
17.0180
 30
0.0000
  0
VERTEX
  8
16
 10
83.3120
 20
17.0180
 30
0.0000
  0
SEQEND
  8
0
  0
POLYLINE
  8
16
 66
1
 10
0.0000
 20
0.0000
 30
0.0000
 40
0.1270
 41
0.1270
 70
0
  0
VERTEX
  8
16
 10
83.3120
 20
17.0815
 30
0.0000
 42
1.0000
  0
VERTEX
  8
16
 10
83.3120
 20
16.9545
 30
0.0000
  0
SEQEND
  8
0
  0
POLYLINE
  8
16
 66
1
 10
0.0000
 20
0.0000
 30
0.0000
 40
0.1270
 41
0.1270
 70
0
  0
VERTEX
  8
16
 10
89.4080
 20
16.9545
 30
0.0000
 42
1.0000
  0
VERTEX
  8
16
 10
89.4080
 20
17.0815
 30
0.0000
  0
SEQEND
  8
0
  0
POLYLINE
  8
16
 66
1
 10
0.0000
 20
0.0000
 30
0.0000
 40
0.2540
 41
0.2540
 70
0
  0
VERTEX
  8
16
 10
83.3120
 20
17.0180
 30
0.0000
  0
VERTEX
  8
16
 10
82.5500
 20
17.7800
 30
0.0000
  0
SEQEND
  8
0
  0
POLYLINE
  8
16
 66
1
 10
0.0000
 20
0.0000
 30
0.0000
 40
0.1270
 41
0.1270
 70
0
  0
VERTEX
  8
16
 10
82.5949
 20
17.8249
 30
0.0000
 42
1.0000
  0
VERTEX
  8
16
 10
82.5051
 20
17.7351
 30
0.0000
  0
SEQEND
  8
0
  0
POLYLINE
  8
16
 66
1
 10
0.0000
 20
0.0000
 30
0.0000
 40
0.1270
 41
0.1270
 70
0
  0
VERTEX
  8
16
 10
83.2671
 20
16.9731
 30
0.0000
 42
1.0000
  0
VERTEX
  8
16
 10
83.3569
 20
17.0629
 30
0.0000
  0
SEQEND
  8
0
  0
POLYLINE
  8
16
 66
1
 10
0.0000
 20
0.0000
 30
0.0000
 40
0.2540
 41
0.2540
 70
0
  0
VERTEX
  8
16
 10
82.5500
 20
17.7800
 30
0.0000
  0
VERTEX
  8
16
 10
82.5500
 20
24.3840
 30
0.0000
  0
SEQEND
  8
0
  0
POLYLINE
  8
16
 66
1
 10
0.0000
 20
0.0000
 30
0.0000
 40
0.1270
 41
0.1270
 70
0
  0
VERTEX
  8
16
 10
82.6135
 20
24.3840
 30
0.0000
 42
1.0000
  0
VERTEX
  8
16
 10
82.4865
 20
24.3840
 30
0.0000
  0
SEQEND
  8
0
  0
POLYLINE
  8
16
 66
1
 10
0.0000
 20
0.0000
 30
0.0000
 40
0.1270
 41
0.1270
 70
0
  0
VERTEX
  8
16
 10
82.4865
 20
17.7800
 30
0.0000
 42
1.0000
  0
VERTEX
  8
16
 10
82.6135
 20
17.7800
 30
0.0000
  0
SEQEND
  8
0
  0
POLYLINE
  8
16
 66
1
 10
0.0000
 20
0.0000
 30
0.0000
 40
0.2540
 41
0.2540
 70
0
  0
VERTEX
  8
16
 10
82.5500
 20
24.3840
 30
0.0000
  0
VERTEX
  8
16
 10
81.5340
 20
25.4000
 30
0.0000
  0
SEQEND
  8
0
  0
POLYLINE
  8
16
 66
1
 10
0.0000
 20
0.0000
 30
0.0000
 40
0.1270
 41
0.1270
 70
0
  0
VERTEX
  8
16
 10
81.5789
 20
25.4449
 30
0.0000
 42
1.0000
  0
VERTEX
  8
16
 10
81.4891
 20
25.3551
 30
0.0000
  0
SEQEND
  8
0
  0
POLYLINE
  8
16
 66
1
 10
0.0000
 20
0.0000
 30
0.0000
 40
0.1270
 41
0.1270
 70
0
  0
VERTEX
  8
16
 10
82.5051
 20
24.3391
 30
0.0000
 42
1.0000
  0
VERTEX
  8
16
 10
82.5949
 20
24.4289
 30
0.0000
  0
SEQEND
  8
0
  0
POLYLINE
  8
16
 66
1
 10
0.0000
 20
0.0000
 30
0.0000
 40
0.2540
 41
0.2540
 70
0
  0
VERTEX
  8
16
 10
61.4680
 20
57.4040
 30
0.0000
  0
VERTEX
  8
16
 10
60.9600
 20
57.1500
 30
0.0000
  0
SEQEND
  8
0
  0
POLYLINE
  8
16
 66
1
 10
0.0000
 20
0.0000
 30
0.0000
 40
0.1270
 41
0.1270
 70
0
  0
VERTEX
  8
16
 10
60.9316
 20
57.2068
 30
0.0000
 42
1.0000
  0
VERTEX
  8
16
 10
60.9884
 20
57.0932
 30
0.0000
  0
SEQEND
  8
0
  0
POLYLINE
  8
16
 66
1
 10
0.0000
 20
0.0000
 30
0.0000
 40
0.1270
 41
0.1270
 70
0
  0
VERTEX
  8
16
 10
61.4964
 20
57.3472
 30
0.0000
 42
1.0000
  0
VERTEX
  8
16
 10
61.4396
 20
57.4608
 30
0.0000
  0
SEQEND
  8
0
  0
POLYLINE
  8
16
 66
1
 10
0.0000
 20
0.0000
 30
0.0000
 40
0.2540
 41
0.2540
 70
0
  0
VERTEX
  8
16
 10
81.5340
 20
25.4000
 30
0.0000
  0
VERTEX
  8
16
 10
81.2800
 20
26.6700
 30
0.0000
  0
SEQEND
  8
0
  0
POLYLINE
  8
16
 66
1
 10
0.0000
 20
0.0000
 30
0.0000
 40
0.1270
 41
0.1270
 70
0
  0
VERTEX
  8
16
 10
81.3423
 20
26.6825
 30
0.0000
 42
1.0000
  0
VERTEX
  8
16
 10
81.2177
 20
26.6575
 30
0.0000
  0
SEQEND
  8
0
  0
POLYLINE
  8
16
 66
1
 10
0.0000
 20
0.0000
 30
0.0000
 40
0.1270
 41
0.1270
 70
0
  0
VERTEX
  8
16
 10
81.4717
 20
25.3875
 30
0.0000
 42
1.0000
  0
VERTEX
  8
16
 10
81.5963
 20
25.4125
 30
0.0000
  0
SEQEND
  8
0
  0
POLYLINE
  8
16
 66
1
 10
0.0000
 20
0.0000
 30
0.0000
 40
0.2540
 41
0.2540
 70
0
  0
VERTEX
  8
16
 10
58.9280
 20
4.8260
 30
0.0000
  0
VERTEX
  8
16
 10
64.5160
 20
4.8260
 30
0.0000
  0
SEQEND
  8
0
  0
POLYLINE
  8
16
 66
1
 10
0.0000
 20
0.0000
 30
0.0000
 40
0.1270
 41
0.1270
 70
0
  0
VERTEX
  8
16
 10
64.5160
 20
4.7625
 30
0.0000
 42
1.0000
  0
VERTEX
  8
16
 10
64.5160
 20
4.8895
 30
0.0000
  0
SEQEND
  8
0
  0
POLYLINE
  8
16
 66
1
 10
0.0000
 20
0.0000
 30
0.0000
 40
0.1270
 41
0.1270
 70
0
  0
VERTEX
  8
16
 10
58.9280
 20
4.8895
 30
0.0000
 42
1.0000
  0
VERTEX
  8
16
 10
58.9280
 20
4.7625
 30
0.0000
  0
SEQEND
  8
0
  0
POLYLINE
  8
16
 66
1
 10
0.0000
 20
0.0000
 30
0.0000
 40
0.2540
 41
0.2540
 70
0
  0
VERTEX
  8
16
 10
64.5160
 20
4.8260
 30
0.0000
  0
VERTEX
  8
16
 10
66.8020
 20
2.5400
 30
0.0000
  0
SEQEND
  8
0
  0
POLYLINE
  8
16
 66
1
 10
0.0000
 20
0.0000
 30
0.0000
 40
0.1270
 41
0.1270
 70
0
  0
VERTEX
  8
16
 10
66.7571
 20
2.4951
 30
0.0000
 42
1.0000
  0
VERTEX
  8
16
 10
66.8469
 20
2.5849
 30
0.0000
  0
SEQEND
  8
0
  0
POLYLINE
  8
16
 66
1
 10
0.0000
 20
0.0000
 30
0.0000
 40
0.1270
 41
0.1270
 70
0
  0
VERTEX
  8
16
 10
64.5609
 20
4.8709
 30
0.0000
 42
1.0000
  0
VERTEX
  8
16
 10
64.4711
 20
4.7811
 30
0.0000
  0
SEQEND
  8
0
  0
POLYLINE
  8
16
 66
1
 10
0.0000
 20
0.0000
 30
0.0000
 40
0.2540
 41
0.2540
 70
0
  0
VERTEX
  8
16
 10
66.8020
 20
2.5400
 30
0.0000
  0
VERTEX
  8
16
 10
92.7100
 20
2.5400
 30
0.0000
  0
SEQEND
  8
0
  0
POLYLINE
  8
16
 66
1
 10
0.0000
 20
0.0000
 30
0.0000
 40
0.1270
 41
0.1270
 70
0
  0
VERTEX
  8
16
 10
92.7100
 20
2.4765
 30
0.0000
 42
1.0000
  0
VERTEX
  8
16
 10
92.7100
 20
2.6035
 30
0.0000
  0
SEQEND
  8
0
  0
POLYLINE
  8
16
 66
1
 10
0.0000
 20
0.0000
 30
0.0000
 40
0.1270
 41
0.1270
 70
0
  0
VERTEX
  8
16
 10
66.8020
 20
2.6035
 30
0.0000
 42
1.0000
  0
VERTEX
  8
16
 10
66.8020
 20
2.4765
 30
0.0000
  0
SEQEND
  8
0
  0
POLYLINE
  8
16
 66
1
 10
0.0000
 20
0.0000
 30
0.0000
 40
0.2540
 41
0.2540
 70
0
  0
VERTEX
  8
16
 10
92.7100
 20
2.5400
 30
0.0000
  0
VERTEX
  8
16
 10
97.7900
 20
7.6200
 30
0.0000
  0
SEQEND
  8
0
  0
POLYLINE
  8
16
 66
1
 10
0.0000
 20
0.0000
 30
0.0000
 40
0.1270
 41
0.1270
 70
0
  0
VERTEX
  8
16
 10
97.8349
 20
7.5751
 30
0.0000
 42
1.0000
  0
VERTEX
  8
16
 10
97.7451
 20
7.6649
 30
0.0000
  0
SEQEND
  8
0
  0
POLYLINE
  8
16
 66
1
 10
0.0000
 20
0.0000
 30
0.0000
 40
0.1270
 41
0.1270
 70
0
  0
VERTEX
  8
16
 10
92.6651
 20
2.5849
 30
0.0000
 42
1.0000
  0
VERTEX
  8
16
 10
92.7549
 20
2.4951
 30
0.0000
  0
SEQEND
  8
0
  0
POLYLINE
  8
16
 66
1
 10
0.0000
 20
0.0000
 30
0.0000
 40
0.2540
 41
0.2540
 70
0
  0
VERTEX
  8
16
 10
97.7900
 20
7.6200
 30
0.0000
  0
VERTEX
  8
16
 10
97.7900
 20
36.3220
 30
0.0000
  0
SEQEND
  8
0
  0
POLYLINE
  8
16
 66
1
 10
0.0000
 20
0.0000
 30
0.0000
 40
0.1270
 41
0.1270
 70
0
  0
VERTEX
  8
16
 10
97.8535
 20
36.3220
 30
0.0000
 42
1.0000
  0
VERTEX
  8
16
 10
97.7265
 20
36.3220
 30
0.0000
  0
SEQEND
  8
0
  0
POLYLINE
  8
16
 66
1
 10
0.0000
 20
0.0000
 30
0.0000
 40
0.1270
 41
0.1270
 70
0
  0
VERTEX
  8
16
 10
97.7265
 20
7.6200
 30
0.0000
 42
1.0000
  0
VERTEX
  8
16
 10
97.8535
 20
7.6200
 30
0.0000
  0
SEQEND
  8
0
  0
POLYLINE
  8
16
 66
1
 10
0.0000
 20
0.0000
 30
0.0000
 40
0.2540
 41
0.2540
 70
0
  0
VERTEX
  8
16
 10
58.4200
 20
5.0800
 30
0.0000
  0
VERTEX
  8
16
 10
58.9280
 20
4.8260
 30
0.0000
  0
SEQEND
  8
0
  0
POLYLINE
  8
16
 66
1
 10
0.0000
 20
0.0000
 30
0.0000
 40
0.1270
 41
0.1270
 70
0
  0
VERTEX
  8
16
 10
58.8996
 20
4.7692
 30
0.0000
 42
1.0000
  0
VERTEX
  8
16
 10
58.9564
 20
4.8828
 30
0.0000
  0
SEQEND
  8
0
  0
POLYLINE
  8
16
 66
1
 10
0.0000
 20
0.0000
 30
0.0000
 40
0.1270
 41
0.1270
 70
0
  0
VERTEX
  8
16
 10
58.4484
 20
5.1368
 30
0.0000
 42
1.0000
  0
VERTEX
  8
16
 10
58.3916
 20
5.0232
 30
0.0000
  0
SEQEND
  8
0
  0
POLYLINE
  8
16
 66
1
 10
0.0000
 20
0.0000
 30
0.0000
 40
0.2540
 41
0.2540
 70
0
  0
VERTEX
  8
16
 10
38.1000
 20
48.2600
 30
0.0000
  0
VERTEX
  8
16
 10
37.5920
 20
47.2440
 30
0.0000
  0
SEQEND
  8
0
  0
POLYLINE
  8
16
 66
1
 10
0.0000
 20
0.0000
 30
0.0000
 40
0.1270
 41
0.1270
 70
0
  0
VERTEX
  8
16
 10
37.5352
 20
47.2724
 30
0.0000
 42
1.0000
  0
VERTEX
  8
16
 10
37.6488
 20
47.2156
 30
0.0000
  0
SEQEND
  8
0
  0
POLYLINE
  8
16
 66
1
 10
0.0000
 20
0.0000
 30
0.0000
 40
0.1270
 41
0.1270
 70
0
  0
VERTEX
  8
16
 10
38.1568
 20
48.2316
 30
0.0000
 42
1.0000
  0
VERTEX
  8
16
 10
38.0432
 20
48.2884
 30
0.0000
  0
SEQEND
  8
0
  0
POLYLINE
  8
16
 66
1
 10
0.0000
 20
0.0000
 30
0.0000
 40
0.2540
 41
0.2540
 70
0
  0
VERTEX
  8
16
 10
45.7200
 20
25.4000
 30
0.0000
  0
VERTEX
  8
16
 10
44.4500
 20
25.1460
 30
0.0000
  0
SEQEND
  8
0
  0
POLYLINE
  8
16
 66
1
 10
0.0000
 20
0.0000
 30
0.0000
 40
0.1270
 41
0.1270
 70
0
  0
VERTEX
  8
16
 10
44.4375
 20
25.2083
 30
0.0000
 42
1.0000
  0
VERTEX
  8
16
 10
44.4625
 20
25.0837
 30
0.0000
  0
SEQEND
  8
0
  0
POLYLINE
  8
16
 66
1
 10
0.0000
 20
0.0000
 30
0.0000
 40
0.1270
 41
0.1270
 70
0
  0
VERTEX
  8
16
 10
45.7325
 20
25.3377
 30
0.0000
 42
1.0000
  0
VERTEX
  8
16
 10
45.7075
 20
25.4623
 30
0.0000
  0
SEQEND
  8
0
  0
POLYLINE
  8
16
 66
1
 10
0.0000
 20
0.0000
 30
0.0000
 40
0.2540
 41
0.2540
 70
0
  0
VERTEX
  8
16
 10
35.8140
 20
44.9580
 30
0.0000
  0
VERTEX
  8
16
 10
35.8140
 20
43.6880
 30
0.0000
  0
SEQEND
  8
0
  0
POLYLINE
  8
16
 66
1
 10
0.0000
 20
0.0000
 30
0.0000
 40
0.1270
 41
0.1270
 70
0
  0
VERTEX
  8
16
 10
35.7505
 20
43.6880
 30
0.0000
 42
1.0000
  0
VERTEX
  8
16
 10
35.8775
 20
43.6880
 30
0.0000
  0
SEQEND
  8
0
  0
POLYLINE
  8
16
 66
1
 10
0.0000
 20
0.0000
 30
0.0000
 40
0.1270
 41
0.1270
 70
0
  0
VERTEX
  8
16
 10
35.8775
 20
44.9580
 30
0.0000
 42
1.0000
  0
VERTEX
  8
16
 10
35.7505
 20
44.9580
 30
0.0000
  0
SEQEND
  8
0
  0
POLYLINE
  8
16
 66
1
 10
0.0000
 20
0.0000
 30
0.0000
 40
0.2540
 41
0.2540
 70
0
  0
VERTEX
  8
16
 10
37.8460
 20
46.9900
 30
0.0000
  0
VERTEX
  8
16
 10
35.8140
 20
44.9580
 30
0.0000
  0
SEQEND
  8
0
  0
POLYLINE
  8
16
 66
1
 10
0.0000
 20
0.0000
 30
0.0000
 40
0.1270
 41
0.1270
 70
0
  0
VERTEX
  8
16
 10
35.7691
 20
45.0029
 30
0.0000
 42
1.0000
  0
VERTEX
  8
16
 10
35.8589
 20
44.9131
 30
0.0000
  0
SEQEND
  8
0
  0
POLYLINE
  8
16
 66
1
 10
0.0000
 20
0.0000
 30
0.0000
 40
0.1270
 41
0.1270
 70
0
  0
VERTEX
  8
16
 10
37.8909
 20
46.9451
 30
0.0000
 42
1.0000
  0
VERTEX
  8
16
 10
37.8011
 20
47.0349
 30
0.0000
  0
SEQEND
  8
0
  0
POLYLINE
  8
16
 66
1
 10
0.0000
 20
0.0000
 30
0.0000
 40
0.2540
 41
0.2540
 70
0
  0
VERTEX
  8
16
 10
35.8140
 20
43.6880
 30
0.0000
  0
VERTEX
  8
16
 10
35.5600
 20
43.1800
 30
0.0000
  0
SEQEND
  8
0
  0
POLYLINE
  8
16
 66
1
 10
0.0000
 20
0.0000
 30
0.0000
 40
0.1270
 41
0.1270
 70
0
  0
VERTEX
  8
16
 10
35.5032
 20
43.2084
 30
0.0000
 42
1.0000
  0
VERTEX
  8
16
 10
35.6168
 20
43.1516
 30
0.0000
  0
SEQEND
  8
0
  0
POLYLINE
  8
16
 66
1
 10
0.0000
 20
0.0000
 30
0.0000
 40
0.1270
 41
0.1270
 70
0
  0
VERTEX
  8
16
 10
35.8708
 20
43.6596
 30
0.0000
 42
1.0000
  0
VERTEX
  8
16
 10
35.7572
 20
43.7164
 30
0.0000
  0
SEQEND
  8
0
  0
POLYLINE
  8
16
 66
1
 10
0.0000
 20
0.0000
 30
0.0000
 40
0.2540
 41
0.2540
 70
0
  0
VERTEX
  8
16
 10
32.2580
 20
25.6540
 30
0.0000
  0
VERTEX
  8
16
 10
31.7500
 20
25.6540
 30
0.0000
  0
SEQEND
  8
0
  0
POLYLINE
  8
16
 66
1
 10
0.0000
 20
0.0000
 30
0.0000
 40
0.1270
 41
0.1270
 70
0
  0
VERTEX
  8
16
 10
31.7500
 20
25.7175
 30
0.0000
 42
1.0000
  0
VERTEX
  8
16
 10
31.7500
 20
25.5905
 30
0.0000
  0
SEQEND
  8
0
  0
POLYLINE
  8
16
 66
1
 10
0.0000
 20
0.0000
 30
0.0000
 40
0.1270
 41
0.1270
 70
0
  0
VERTEX
  8
16
 10
32.2580
 20
25.5905
 30
0.0000
 42
1.0000
  0
VERTEX
  8
16
 10
32.2580
 20
25.7175
 30
0.0000
  0
SEQEND
  8
0
  0
POLYLINE
  8
16
 66
1
 10
0.0000
 20
0.0000
 30
0.0000
 40
0.2540
 41
0.2540
 70
0
  0
VERTEX
  8
16
 10
35.8140
 20
29.2100
 30
0.0000
  0
VERTEX
  8
16
 10
32.2580
 20
25.6540
 30
0.0000
  0
SEQEND
  8
0
  0
POLYLINE
  8
16
 66
1
 10
0.0000
 20
0.0000
 30
0.0000
 40
0.1270
 41
0.1270
 70
0
  0
VERTEX
  8
16
 10
32.2131
 20
25.6989
 30
0.0000
 42
1.0000
  0
VERTEX
  8
16
 10
32.3029
 20
25.6091
 30
0.0000
  0
SEQEND
  8
0
  0
POLYLINE
  8
16
 66
1
 10
0.0000
 20
0.0000
 30
0.0000
 40
0.1270
 41
0.1270
 70
0
  0
VERTEX
  8
16
 10
35.8589
 20
29.1651
 30
0.0000
 42
1.0000
  0
VERTEX
  8
16
 10
35.7691
 20
29.2549
 30
0.0000
  0
SEQEND
  8
0
  0
POLYLINE
  8
16
 66
1
 10
0.0000
 20
0.0000
 30
0.0000
 40
0.2540
 41
0.2540
 70
0
  0
VERTEX
  8
16
 10
40.1320
 20
29.2100
 30
0.0000
  0
VERTEX
  8
16
 10
35.8140
 20
29.2100
 30
0.0000
  0
SEQEND
  8
0
  0
POLYLINE
  8
16
 66
1
 10
0.0000
 20
0.0000
 30
0.0000
 40
0.1270
 41
0.1270
 70
0
  0
VERTEX
  8
16
 10
35.8140
 20
29.2735
 30
0.0000
 42
1.0000
  0
VERTEX
  8
16
 10
35.8140
 20
29.1465
 30
0.0000
  0
SEQEND
  8
0
  0
POLYLINE
  8
16
 66
1
 10
0.0000
 20
0.0000
 30
0.0000
 40
0.1270
 41
0.1270
 70
0
  0
VERTEX
  8
16
 10
40.1320
 20
29.1465
 30
0.0000
 42
1.0000
  0
VERTEX
  8
16
 10
40.1320
 20
29.2735
 30
0.0000
  0
SEQEND
  8
0
  0
POLYLINE
  8
16
 66
1
 10
0.0000
 20
0.0000
 30
0.0000
 40
0.2540
 41
0.2540
 70
0
  0
VERTEX
  8
16
 10
40.8940
 20
28.4480
 30
0.0000
  0
VERTEX
  8
16
 10
43.6880
 20
25.6540
 30
0.0000
  0
SEQEND
  8
0
  0
POLYLINE
  8
16
 66
1
 10
0.0000
 20
0.0000
 30
0.0000
 40
0.1270
 41
0.1270
 70
0
  0
VERTEX
  8
16
 10
43.6431
 20
25.6091
 30
0.0000
 42
1.0000
  0
VERTEX
  8
16
 10
43.7329
 20
25.6989
 30
0.0000
  0
SEQEND
  8
0
  0
POLYLINE
  8
16
 66
1
 10
0.0000
 20
0.0000
 30
0.0000
 40
0.1270
 41
0.1270
 70
0
  0
VERTEX
  8
16
 10
40.9389
 20
28.4929
 30
0.0000
 42
1.0000
  0
VERTEX
  8
16
 10
40.8491
 20
28.4031
 30
0.0000
  0
SEQEND
  8
0
  0
POLYLINE
  8
16
 66
1
 10
0.0000
 20
0.0000
 30
0.0000
 40
0.2540
 41
0.2540
 70
0
  0
VERTEX
  8
16
 10
40.8940
 20
28.4480
 30
0.0000
  0
VERTEX
  8
16
 10
40.1320
 20
29.2100
 30
0.0000
  0
SEQEND
  8
0
  0
POLYLINE
  8
16
 66
1
 10
0.0000
 20
0.0000
 30
0.0000
 40
0.1270
 41
0.1270
 70
0
  0
VERTEX
  8
16
 10
40.1769
 20
29.2549
 30
0.0000
 42
1.0000
  0
VERTEX
  8
16
 10
40.0871
 20
29.1651
 30
0.0000
  0
SEQEND
  8
0
  0
POLYLINE
  8
16
 66
1
 10
0.0000
 20
0.0000
 30
0.0000
 40
0.1270
 41
0.1270
 70
0
  0
VERTEX
  8
16
 10
40.8491
 20
28.4031
 30
0.0000
 42
1.0000
  0
VERTEX
  8
16
 10
40.9389
 20
28.4929
 30
0.0000
  0
SEQEND
  8
0
  0
POLYLINE
  8
16
 66
1
 10
0.0000
 20
0.0000
 30
0.0000
 40
0.2540
 41
0.2540
 70
0
  0
VERTEX
  8
16
 10
43.6880
 20
25.6540
 30
0.0000
  0
VERTEX
  8
16
 10
44.4500
 20
25.6540
 30
0.0000
  0
SEQEND
  8
0
  0
POLYLINE
  8
16
 66
1
 10
0.0000
 20
0.0000
 30
0.0000
 40
0.1270
 41
0.1270
 70
0
  0
VERTEX
  8
16
 10
44.4500
 20
25.5905
 30
0.0000
 42
1.0000
  0
VERTEX
  8
16
 10
44.4500
 20
25.7175
 30
0.0000
  0
SEQEND
  8
0
  0
POLYLINE
  8
16
 66
1
 10
0.0000
 20
0.0000
 30
0.0000
 40
0.1270
 41
0.1270
 70
0
  0
VERTEX
  8
16
 10
43.6880
 20
25.7175
 30
0.0000
 42
1.0000
  0
VERTEX
  8
16
 10
43.6880
 20
25.5905
 30
0.0000
  0
SEQEND
  8
0
  0
POLYLINE
  8
16
 66
1
 10
0.0000
 20
0.0000
 30
0.0000
 40
0.2540
 41
0.2540
 70
0
  0
VERTEX
  8
16
 10
31.7500
 20
25.6540
 30
0.0000
  0
VERTEX
  8
16
 10
30.4800
 20
25.4000
 30
0.0000
  0
SEQEND
  8
0
  0
POLYLINE
  8
16
 66
1
 10
0.0000
 20
0.0000
 30
0.0000
 40
0.1270
 41
0.1270
 70
0
  0
VERTEX
  8
16
 10
30.4675
 20
25.4623
 30
0.0000
 42
1.0000
  0
VERTEX
  8
16
 10
30.4925
 20
25.3377
 30
0.0000
  0
SEQEND
  8
0
  0
POLYLINE
  8
16
 66
1
 10
0.0000
 20
0.0000
 30
0.0000
 40
0.1270
 41
0.1270
 70
0
  0
VERTEX
  8
16
 10
31.7625
 20
25.5917
 30
0.0000
 42
1.0000
  0
VERTEX
  8
16
 10
31.7375
 20
25.7163
 30
0.0000
  0
SEQEND
  8
0
  0
POLYLINE
  8
16
 66
1
 10
0.0000
 20
0.0000
 30
0.0000
 40
0.2540
 41
0.2540
 70
0
  0
VERTEX
  8
16
 10
44.4500
 20
25.6540
 30
0.0000
  0
VERTEX
  8
16
 10
45.7200
 20
25.4000
 30
0.0000
  0
SEQEND
  8
0
  0
POLYLINE
  8
16
 66
1
 10
0.0000
 20
0.0000
 30
0.0000
 40
0.1270
 41
0.1270
 70
0
  0
VERTEX
  8
16
 10
45.7075
 20
25.3377
 30
0.0000
 42
1.0000
  0
VERTEX
  8
16
 10
45.7325
 20
25.4623
 30
0.0000
  0
SEQEND
  8
0
  0
POLYLINE
  8
16
 66
1
 10
0.0000
 20
0.0000
 30
0.0000
 40
0.1270
 41
0.1270
 70
0
  0
VERTEX
  8
16
 10
44.4625
 20
25.7163
 30
0.0000
 42
1.0000
  0
VERTEX
  8
16
 10
44.4375
 20
25.5917
 30
0.0000
  0
SEQEND
  8
0
  0
POLYLINE
  8
16
 66
1
 10
0.0000
 20
0.0000
 30
0.0000
 40
0.2540
 41
0.2540
 70
0
  0
VERTEX
  8
16
 10
37.8460
 20
46.9900
 30
0.0000
  0
VERTEX
  8
16
 10
37.8460
 20
42.9260
 30
0.0000
  0
SEQEND
  8
0
  0
POLYLINE
  8
16
 66
1
 10
0.0000
 20
0.0000
 30
0.0000
 40
0.1270
 41
0.1270
 70
0
  0
VERTEX
  8
16
 10
37.7825
 20
42.9260
 30
0.0000
 42
1.0000
  0
VERTEX
  8
16
 10
37.9095
 20
42.9260
 30
0.0000
  0
SEQEND
  8
0
  0
POLYLINE
  8
16
 66
1
 10
0.0000
 20
0.0000
 30
0.0000
 40
0.1270
 41
0.1270
 70
0
  0
VERTEX
  8
16
 10
37.9095
 20
46.9900
 30
0.0000
 42
1.0000
  0
VERTEX
  8
16
 10
37.7825
 20
46.9900
 30
0.0000
  0
SEQEND
  8
0
  0
POLYLINE
  8
16
 66
1
 10
0.0000
 20
0.0000
 30
0.0000
 40
0.2540
 41
0.2540
 70
0
  0
VERTEX
  8
16
 10
37.8460
 20
42.9260
 30
0.0000
  0
VERTEX
  8
16
 10
36.0680
 20
41.1480
 30
0.0000
  0
SEQEND
  8
0
  0
POLYLINE
  8
16
 66
1
 10
0.0000
 20
0.0000
 30
0.0000
 40
0.1270
 41
0.1270
 70
0
  0
VERTEX
  8
16
 10
36.0231
 20
41.1929
 30
0.0000
 42
1.0000
  0
VERTEX
  8
16
 10
36.1129
 20
41.1031
 30
0.0000
  0
SEQEND
  8
0
  0
POLYLINE
  8
16
 66
1
 10
0.0000
 20
0.0000
 30
0.0000
 40
0.1270
 41
0.1270
 70
0
  0
VERTEX
  8
16
 10
37.8909
 20
42.8811
 30
0.0000
 42
1.0000
  0
VERTEX
  8
16
 10
37.8011
 20
42.9709
 30
0.0000
  0
SEQEND
  8
0
  0
POLYLINE
  8
16
 66
1
 10
0.0000
 20
0.0000
 30
0.0000
 40
0.2540
 41
0.2540
 70
0
  0
VERTEX
  8
16
 10
36.0680
 20
41.1480
 30
0.0000
  0
VERTEX
  8
16
 10
36.0680
 20
40.1320
 30
0.0000
  0
SEQEND
  8
0
  0
POLYLINE
  8
16
 66
1
 10
0.0000
 20
0.0000
 30
0.0000
 40
0.1270
 41
0.1270
 70
0
  0
VERTEX
  8
16
 10
36.0045
 20
40.1320
 30
0.0000
 42
1.0000
  0
VERTEX
  8
16
 10
36.1315
 20
40.1320
 30
0.0000
  0
SEQEND
  8
0
  0
POLYLINE
  8
16
 66
1
 10
0.0000
 20
0.0000
 30
0.0000
 40
0.1270
 41
0.1270
 70
0
  0
VERTEX
  8
16
 10
36.1315
 20
41.1480
 30
0.0000
 42
1.0000
  0
VERTEX
  8
16
 10
36.0045
 20
41.1480
 30
0.0000
  0
SEQEND
  8
0
  0
POLYLINE
  8
16
 66
1
 10
0.0000
 20
0.0000
 30
0.0000
 40
0.2540
 41
0.2540
 70
0
  0
VERTEX
  8
16
 10
36.0680
 20
40.1320
 30
0.0000
  0
VERTEX
  8
16
 10
36.8300
 20
39.3700
 30
0.0000
  0
SEQEND
  8
0
  0
POLYLINE
  8
16
 66
1
 10
0.0000
 20
0.0000
 30
0.0000
 40
0.1270
 41
0.1270
 70
0
  0
VERTEX
  8
16
 10
36.7851
 20
39.3251
 30
0.0000
 42
1.0000
  0
VERTEX
  8
16
 10
36.8749
 20
39.4149
 30
0.0000
  0
SEQEND
  8
0
  0
POLYLINE
  8
16
 66
1
 10
0.0000
 20
0.0000
 30
0.0000
 40
0.1270
 41
0.1270
 70
0
  0
VERTEX
  8
16
 10
36.1129
 20
40.1769
 30
0.0000
 42
1.0000
  0
VERTEX
  8
16
 10
36.0231
 20
40.0871
 30
0.0000
  0
SEQEND
  8
0
  0
POLYLINE
  8
16
 66
1
 10
0.0000
 20
0.0000
 30
0.0000
 40
0.2540
 41
0.2540
 70
0
  0
VERTEX
  8
16
 10
36.8300
 20
39.3700
 30
0.0000
  0
VERTEX
  8
16
 10
40.8940
 20
39.3700
 30
0.0000
  0
SEQEND
  8
0
  0
POLYLINE
  8
16
 66
1
 10
0.0000
 20
0.0000
 30
0.0000
 40
0.1270
 41
0.1270
 70
0
  0
VERTEX
  8
16
 10
40.8940
 20
39.3065
 30
0.0000
 42
1.0000
  0
VERTEX
  8
16
 10
40.8940
 20
39.4335
 30
0.0000
  0
SEQEND
  8
0
  0
POLYLINE
  8
16
 66
1
 10
0.0000
 20
0.0000
 30
0.0000
 40
0.1270
 41
0.1270
 70
0
  0
VERTEX
  8
16
 10
36.8300
 20
39.4335
 30
0.0000
 42
1.0000
  0
VERTEX
  8
16
 10
36.8300
 20
39.3065
 30
0.0000
  0
SEQEND
  8
0
  0
POLYLINE
  8
16
 66
1
 10
0.0000
 20
0.0000
 30
0.0000
 40
0.2540
 41
0.2540
 70
0
  0
VERTEX
  8
16
 10
40.8940
 20
39.3700
 30
0.0000
  0
VERTEX
  8
16
 10
43.4340
 20
41.9100
 30
0.0000
  0
SEQEND
  8
0
  0
POLYLINE
  8
16
 66
1
 10
0.0000
 20
0.0000
 30
0.0000
 40
0.1270
 41
0.1270
 70
0
  0
VERTEX
  8
16
 10
43.4789
 20
41.8651
 30
0.0000
 42
1.0000
  0
VERTEX
  8
16
 10
43.3891
 20
41.9549
 30
0.0000
  0
SEQEND
  8
0
  0
POLYLINE
  8
16
 66
1
 10
0.0000
 20
0.0000
 30
0.0000
 40
0.1270
 41
0.1270
 70
0
  0
VERTEX
  8
16
 10
40.8491
 20
39.4149
 30
0.0000
 42
1.0000
  0
VERTEX
  8
16
 10
40.9389
 20
39.3251
 30
0.0000
  0
SEQEND
  8
0
  0
POLYLINE
  8
16
 66
1
 10
0.0000
 20
0.0000
 30
0.0000
 40
0.2540
 41
0.2540
 70
0
  0
VERTEX
  8
16
 10
43.4340
 20
41.9100
 30
0.0000
  0
VERTEX
  8
16
 10
46.9900
 20
41.9100
 30
0.0000
  0
SEQEND
  8
0
  0
POLYLINE
  8
16
 66
1
 10
0.0000
 20
0.0000
 30
0.0000
 40
0.1270
 41
0.1270
 70
0
  0
VERTEX
  8
16
 10
46.9900
 20
41.8465
 30
0.0000
 42
1.0000
  0
VERTEX
  8
16
 10
46.9900
 20
41.9735
 30
0.0000
  0
SEQEND
  8
0
  0
POLYLINE
  8
16
 66
1
 10
0.0000
 20
0.0000
 30
0.0000
 40
0.1270
 41
0.1270
 70
0
  0
VERTEX
  8
16
 10
43.4340
 20
41.9735
 30
0.0000
 42
1.0000
  0
VERTEX
  8
16
 10
43.4340
 20
41.8465
 30
0.0000
  0
SEQEND
  8
0
  0
POLYLINE
  8
16
 66
1
 10
0.0000
 20
0.0000
 30
0.0000
 40
0.2540
 41
0.2540
 70
0
  0
VERTEX
  8
16
 10
46.9900
 20
41.9100
 30
0.0000
  0
VERTEX
  8
16
 10
48.5140
 20
40.3860
 30
0.0000
  0
SEQEND
  8
0
  0
POLYLINE
  8
16
 66
1
 10
0.0000
 20
0.0000
 30
0.0000
 40
0.1270
 41
0.1270
 70
0
  0
VERTEX
  8
16
 10
48.4691
 20
40.3411
 30
0.0000
 42
1.0000
  0
VERTEX
  8
16
 10
48.5589
 20
40.4309
 30
0.0000
  0
SEQEND
  8
0
  0
POLYLINE
  8
16
 66
1
 10
0.0000
 20
0.0000
 30
0.0000
 40
0.1270
 41
0.1270
 70
0
  0
VERTEX
  8
16
 10
47.0349
 20
41.9549
 30
0.0000
 42
1.0000
  0
VERTEX
  8
16
 10
46.9451
 20
41.8651
 30
0.0000
  0
SEQEND
  8
0
  0
POLYLINE
  8
16
 66
1
 10
0.0000
 20
0.0000
 30
0.0000
 40
0.2540
 41
0.2540
 70
0
  0
VERTEX
  8
16
 10
48.5140
 20
40.3860
 30
0.0000
  0
VERTEX
  8
16
 10
48.5140
 20
33.2740
 30
0.0000
  0
SEQEND
  8
0
  0
POLYLINE
  8
16
 66
1
 10
0.0000
 20
0.0000
 30
0.0000
 40
0.1270
 41
0.1270
 70
0
  0
VERTEX
  8
16
 10
48.4505
 20
33.2740
 30
0.0000
 42
1.0000
  0
VERTEX
  8
16
 10
48.5775
 20
33.2740
 30
0.0000
  0
SEQEND
  8
0
  0
POLYLINE
  8
16
 66
1
 10
0.0000
 20
0.0000
 30
0.0000
 40
0.1270
 41
0.1270
 70
0
  0
VERTEX
  8
16
 10
48.5775
 20
40.3860
 30
0.0000
 42
1.0000
  0
VERTEX
  8
16
 10
48.4505
 20
40.3860
 30
0.0000
  0
SEQEND
  8
0
  0
POLYLINE
  8
16
 66
1
 10
0.0000
 20
0.0000
 30
0.0000
 40
0.2540
 41
0.2540
 70
0
  0
VERTEX
  8
16
 10
48.5140
 20
33.2740
 30
0.0000
  0
VERTEX
  8
16
 10
46.9900
 20
31.7500
 30
0.0000
  0
SEQEND
  8
0
  0
POLYLINE
  8
16
 66
1
 10
0.0000
 20
0.0000
 30
0.0000
 40
0.1270
 41
0.1270
 70
0
  0
VERTEX
  8
16
 10
46.9451
 20
31.7949
 30
0.0000
 42
1.0000
  0
VERTEX
  8
16
 10
47.0349
 20
31.7051
 30
0.0000
  0
SEQEND
  8
0
  0
POLYLINE
  8
16
 66
1
 10
0.0000
 20
0.0000
 30
0.0000
 40
0.1270
 41
0.1270
 70
0
  0
VERTEX
  8
16
 10
48.5589
 20
33.2291
 30
0.0000
 42
1.0000
  0
VERTEX
  8
16
 10
48.4691
 20
33.3189
 30
0.0000
  0
SEQEND
  8
0
  0
POLYLINE
  8
16
 66
1
 10
0.0000
 20
0.0000
 30
0.0000
 40
0.2540
 41
0.2540
 70
0
  0
VERTEX
  8
16
 10
46.9900
 20
31.7500
 30
0.0000
  0
VERTEX
  8
16
 10
44.1960
 20
31.7500
 30
0.0000
  0
SEQEND
  8
0
  0
POLYLINE
  8
16
 66
1
 10
0.0000
 20
0.0000
 30
0.0000
 40
0.1270
 41
0.1270
 70
0
  0
VERTEX
  8
16
 10
44.1960
 20
31.8135
 30
0.0000
 42
1.0000
  0
VERTEX
  8
16
 10
44.1960
 20
31.6865
 30
0.0000
  0
SEQEND
  8
0
  0
POLYLINE
  8
16
 66
1
 10
0.0000
 20
0.0000
 30
0.0000
 40
0.1270
 41
0.1270
 70
0
  0
VERTEX
  8
16
 10
46.9900
 20
31.6865
 30
0.0000
 42
1.0000
  0
VERTEX
  8
16
 10
46.9900
 20
31.8135
 30
0.0000
  0
SEQEND
  8
0
  0
POLYLINE
  8
16
 66
1
 10
0.0000
 20
0.0000
 30
0.0000
 40
0.2540
 41
0.2540
 70
0
  0
VERTEX
  8
16
 10
44.1960
 20
31.7500
 30
0.0000
  0
VERTEX
  8
16
 10
40.8940
 20
28.4480
 30
0.0000
  0
SEQEND
  8
0
  0
POLYLINE
  8
16
 66
1
 10
0.0000
 20
0.0000
 30
0.0000
 40
0.1270
 41
0.1270
 70
0
  0
VERTEX
  8
16
 10
40.8491
 20
28.4929
 30
0.0000
 42
1.0000
  0
VERTEX
  8
16
 10
40.9389
 20
28.4031
 30
0.0000
  0
SEQEND
  8
0
  0
POLYLINE
  8
16
 66
1
 10
0.0000
 20
0.0000
 30
0.0000
 40
0.1270
 41
0.1270
 70
0
  0
VERTEX
  8
16
 10
44.2409
 20
31.7051
 30
0.0000
 42
1.0000
  0
VERTEX
  8
16
 10
44.1511
 20
31.7949
 30
0.0000
  0
SEQEND
  8
0
  0
POLYLINE
  8
16
 66
1
 10
0.0000
 20
0.0000
 30
0.0000
 40
0.2540
 41
0.2540
 70
0
  0
VERTEX
  8
16
 10
38.1000
 20
48.2600
 30
0.0000
  0
VERTEX
  8
16
 10
37.8460
 20
46.9900
 30
0.0000
  0
SEQEND
  8
0
  0
POLYLINE
  8
16
 66
1
 10
0.0000
 20
0.0000
 30
0.0000
 40
0.1270
 41
0.1270
 70
0
  0
VERTEX
  8
16
 10
37.7837
 20
47.0025
 30
0.0000
 42
1.0000
  0
VERTEX
  8
16
 10
37.9083
 20
46.9775
 30
0.0000
  0
SEQEND
  8
0
  0
POLYLINE
  8
16
 66
1
 10
0.0000
 20
0.0000
 30
0.0000
 40
0.1270
 41
0.1270
 70
0
  0
VERTEX
  8
16
 10
38.1623
 20
48.2475
 30
0.0000
 42
1.0000
  0
VERTEX
  8
16
 10
38.0377
 20
48.2725
 30
0.0000
  0
SEQEND
  8
0
  0
ENDSEC
  0
EOF
