TimeQuest Timing Analyzer report for M8650
Sun Oct 24 16:15:37 2021
Quartus II 64-Bit Version 13.0.1 Build 232 06/12/2013 Service Pack 1 SJ Web Edition


---------------------
; Table of Contents ;
---------------------
  1. Legal Notice
  2. Legal Notice
  3. TimeQuest Timing Analyzer Summary
  4. Parallel Compilation
  5. TimeQuest Timing Analyzer Messages
  6. SDC File List
  7. Clocks
  8. Slow Model Fmax Summary
  9. Slow Model Setup Summary
 10. Slow Model Hold Summary
 11. Slow Model Recovery Summary
 12. Slow Model Removal Summary
 13. Slow Model Minimum Pulse Width Summary
 14. Slow Model Setup: 'bd1200'
 15. Slow Model Setup: 'sw1'
 16. Slow Model Setup: 'clk'
 17. Slow Model Setup: 'bd600'
 18. Slow Model Setup: 'bd2400'
 19. Slow Model Hold: 'sw1'
 20. Slow Model Hold: 'bd600'
 21. Slow Model Hold: 'clk'
 22. Slow Model Hold: 'bd1200'
 23. Slow Model Hold: 'bd2400'
 24. Slow Model Minimum Pulse Width: 'sw1'
 25. Slow Model Minimum Pulse Width: 'bd1200'
 26. Slow Model Minimum Pulse Width: 'bd600'
 27. Slow Model Minimum Pulse Width: 'clk'
 28. Slow Model Minimum Pulse Width: 'bd2400'
 29. Setup Times
 30. Hold Times
 31. Clock to Output Times
 32. Minimum Clock to Output Times
 33. Propagation Delay
 34. Minimum Propagation Delay



----------------
; Legal Notice ;
----------------
Copyright (C) 1991-2013 Altera Corporation
Your use of Altera Corporation's design tools, logic functions 
and other software and tools, and its AMPP partner logic 
functions, and any output files from any of the foregoing 
(including device programming or simulation files), and any 
associated documentation or information are expressly subject 
to the terms and conditions of the Altera Program License 
Subscription Agreement, Altera MegaCore Function License 
Agreement, or other applicable license agreement, including, 
without limitation, that your use is for the sole purpose of 
programming logic devices manufactured by Altera and sold by 
Altera or its authorized distributors.  Please refer to the 
applicable agreement for further details.



----------------
; Legal Notice ;
----------------
Copyright (C) 1991-2013 Altera Corporation
Your use of Altera Corporation's design tools, logic functions 
and other software and tools, and its AMPP partner logic 
functions, and any output files from any of the foregoing 
(including device programming or simulation files), and any 
associated documentation or information are expressly subject 
to the terms and conditions of the Altera Program License 
Subscription Agreement, Altera MegaCore Function License 
Agreement, or other applicable license agreement, including, 
without limitation, that your use is for the sole purpose of 
programming logic devices manufactured by Altera and sold by 
Altera or its authorized distributors.  Please refer to the 
applicable agreement for further details.



+----------------------------------------------------------------------------------------+
; TimeQuest Timing Analyzer Summary                                                      ;
+--------------------+-------------------------------------------------------------------+
; Quartus II Version ; Version 13.0.1 Build 232 06/12/2013 Service Pack 1 SJ Web Edition ;
; Revision Name      ; M8650                                                             ;
; Device Family      ; MAX7000S                                                          ;
; Device Name        ; EPM7128SLC84-15                                                   ;
; Timing Models      ; Final                                                             ;
; Delay Model        ; Combined                                                          ;
; Rise/Fall Delays   ; Unavailable                                                       ;
+--------------------+-------------------------------------------------------------------+


Parallel compilation was disabled, but you have multiple processors available. Enable parallel compilation to reduce compilation time.
+-------------------------------------+
; Parallel Compilation                ;
+----------------------------+--------+
; Processors                 ; Number ;
+----------------------------+--------+
; Number detected on machine ; 4      ;
; Maximum allowed            ; 1      ;
+----------------------------+--------+


+------------------------------------+
; TimeQuest Timing Analyzer Messages ;
+------------------------------------+
Info: *******************************************************************
Info: Running Quartus II 64-Bit TimeQuest Timing Analyzer
    Info: Version 13.0.1 Build 232 06/12/2013 Service Pack 1 SJ Web Edition
    Info: Processing started: Sun Oct 24 16:15:34 2021
Info: Command: quartus_sta M8650 -c M8650
Info: qsta_default_script.tcl version: #1
Warning (20028): Parallel compilation is not licensed and has been disabled
Info (306004): Started post-fitting delay annotation
Info (306005): Delay annotation completed successfully
Warning (335095): TimeQuest Timing Analyzer does not support the analysis of latches as synchronous elements for the currently selected device family.
Info (332104): Reading SDC File: '//wsl$/Debian/home/vrs/Eagle/projects/DEC/Mxxx/M8650/pld/M8650.sdc'
Warning (332125): Found combinational loop of 2 nodes
    Warning (332126): Node "serial_out$latch~22|[3]"
    Warning (332126): Node "serial_out$latch~22|dataout"
Warning (332125): Found combinational loop of 2 nodes
    Warning (332126): Node "serial_out_m~22|[3]"
    Warning (332126): Node "serial_out_m~22|dataout"
Warning (332125): Found combinational loop of 2 nodes
    Warning (332126): Node "tflg_l~22|[2]"
    Warning (332126): Node "tflg_l~22|dataout"
Warning (332125): Found combinational loop of 2 nodes
    Warning (332126): Node "tx_data~20|[3]"
    Warning (332126): Node "tx_data~20|dataout"
Warning (332125): Found combinational loop of 2 nodes
    Warning (332126): Node "tflg_l_m~22|[1]"
    Warning (332126): Node "tflg_l_m~22|dataout"
Warning (332125): Found combinational loop of 2 nodes
    Warning (332126): Node "tx_data_m~35|[2]"
    Warning (332126): Node "tx_data_m~35|dataout"
Warning (332125): Found combinational loop of 2 nodes
    Warning (332126): Node "int_enab_l~21|[2]"
    Warning (332126): Node "int_enab_l~21|dataout"
Warning (332125): Found combinational loop of 2 nodes
    Warning (332126): Node "int_enab_l_m~20|[1]"
    Warning (332126): Node "int_enab_l_m~20|dataout"
Warning (332125): Found combinational loop of 2 nodes
    Warning (332126): Node "rflg_l~21|[2]"
    Warning (332126): Node "rflg_l~21|dataout"
Warning (332125): Found combinational loop of 2 nodes
    Warning (332126): Node "rflg_l_m~21|[2]"
    Warning (332126): Node "rflg_l_m~21|dataout"
Warning (332125): Found combinational loop of 2 nodes
    Warning (332126): Node "r_run_l$latch~22|[4]"
    Warning (332126): Node "r_run_l$latch~22|dataout"
Warning (332125): Found combinational loop of 2 nodes
    Warning (332126): Node "r_run_l_m~26|[1]"
    Warning (332126): Node "r_run_l_m~26|dataout"
Warning (332125): Found combinational loop of 2 nodes
    Warning (332126): Node "start_l~21|[2]"
    Warning (332126): Node "start_l~21|dataout"
Warning (332125): Found combinational loop of 2 nodes
    Warning (332126): Node "start_l_m~19|[1]"
    Warning (332126): Node "start_l_m~19|dataout"
Warning (332125): Found combinational loop of 139 nodes
    Warning (332126): Node "stp1_m~20|[3]"
    Warning (332126): Node "stp1_m~20|dataout"
    Warning (332126): Node "stp1~20|[0]"
    Warning (332126): Node "stp1~20|dataout"
    Warning (332126): Node "gdollar_1_m~20|[0]"
    Warning (332126): Node "gdollar_1_m~20|dataout"
    Warning (332126): Node "gdollar_1_m~20|[3]"
    Warning (332126): Node "gdollar_1~20|[0]"
    Warning (332126): Node "gdollar_1~20|dataout"
    Warning (332126): Node "gdollar_1~20|[3]"
    Warning (332126): Node "stp2_m~20|[0]"
    Warning (332126): Node "stp2_m~20|dataout"
    Warning (332126): Node "stp2_m~20|[3]"
    Warning (332126): Node "stp2~20|[0]"
    Warning (332126): Node "stp2~20|dataout"
    Warning (332126): Node "stp2~20|[3]"
    Warning (332126): Node "n_t_108x~20sexp3|datain[1]"
    Warning (332126): Node "n_t_108x~20sexp3|dataout"
    Warning (332126): Node "tx_active_l_m~21|[5]"
    Warning (332126): Node "tx_active_l_m~21|dataout"
    Warning (332126): Node "tx_active_l_m~21|[1]"
    Warning (332126): Node "tx_active_l~21|[0]"
    Warning (332126): Node "tx_active_l~21|dataout"
    Warning (332126): Node "tx_active_l~21|[2]"
    Warning (332126): Node "n_t_108x~20sexp1|datain[1]"
    Warning (332126): Node "n_t_108x~20sexp1|dataout"
    Warning (332126): Node "tx_active_l_m~21|[3]"
    Warning (332126): Node "n_t_94x~4sexp|datain[1]"
    Warning (332126): Node "n_t_94x~4sexp|dataout"
    Warning (332126): Node "tx_div_m~21|[3]"
    Warning (332126): Node "tx_div_m~21|dataout"
    Warning (332126): Node "tx_div_m~21|[1]"
    Warning (332126): Node "tx_div~22|[0]"
    Warning (332126): Node "tx_div~22|dataout"
    Warning (332126): Node "stp1_m~20|[1]"
    Warning (332126): Node "stp2~20|[1]"
    Warning (332126): Node "stp2_m~20|[1]"
    Warning (332126): Node "gdollar_1~20|[1]"
    Warning (332126): Node "gdollar_1_m~20|[1]"
    Warning (332126): Node "stp1~20|[1]"
    Warning (332126): Node "tx_shift_l~9|[0]"
    Warning (332126): Node "tx_shift_l~9|dataout"
    Warning (332126): Node "n_t_66x~20|[2]"
    Warning (332126): Node "n_t_66x~20|dataout"
    Warning (332126): Node "n_t_66x~20|[3]"
    Warning (332126): Node "n_t_108x~26sexp2|datain[1]"
    Warning (332126): Node "n_t_108x~26sexp2|dataout"
    Warning (332126): Node "n_t_108x~20sexp1|datain[0]"
    Warning (332126): Node "n_t_66x_m~35|[2]"
    Warning (332126): Node "n_t_66x_m~35|dataout"
    Warning (332126): Node "n_t_66x_m~35|[3]"
    Warning (332126): Node "n_t_66x~20|[0]"
    Warning (332126): Node "n_t_65x~20|[2]"
    Warning (332126): Node "n_t_65x~20|dataout"
    Warning (332126): Node "n_t_108x~26sexp2|datain[4]"
    Warning (332126): Node "n_t_65x~20|[3]"
    Warning (332126): Node "n_t_66x_m~24|[0]"
    Warning (332126): Node "n_t_66x_m~24|dataout"
    Warning (332126): Node "n_t_66x_m~35|[0]"
    Warning (332126): Node "n_t_65x_m~35|[2]"
    Warning (332126): Node "n_t_65x_m~35|dataout"
    Warning (332126): Node "n_t_65x_m~35|[3]"
    Warning (332126): Node "n_t_65x~20|[0]"
    Warning (332126): Node "n_t_63x~20|[2]"
    Warning (332126): Node "n_t_63x~20|dataout"
    Warning (332126): Node "n_t_108x~26sexp2|datain[5]"
    Warning (332126): Node "n_t_63x~20|[3]"
    Warning (332126): Node "n_t_65x_m~24|[0]"
    Warning (332126): Node "n_t_65x_m~24|dataout"
    Warning (332126): Node "n_t_65x_m~35|[0]"
    Warning (332126): Node "n_t_63x_m~35|[2]"
    Warning (332126): Node "n_t_63x_m~35|dataout"
    Warning (332126): Node "n_t_63x_m~35|[3]"
    Warning (332126): Node "n_t_63x~20|[0]"
    Warning (332126): Node "n_t_61x~20|[2]"
    Warning (332126): Node "n_t_61x~20|dataout"
    Warning (332126): Node "n_t_108x~26sexp2|datain[7]"
    Warning (332126): Node "n_t_61x~20|[3]"
    Warning (332126): Node "n_t_63x_m~24|[0]"
    Warning (332126): Node "n_t_63x_m~24|dataout"
    Warning (332126): Node "n_t_63x_m~35|[0]"
    Warning (332126): Node "n_t_61x_m~35|[2]"
    Warning (332126): Node "n_t_61x_m~35|dataout"
    Warning (332126): Node "n_t_61x_m~35|[3]"
    Warning (332126): Node "n_t_61x~20|[0]"
    Warning (332126): Node "n_t_56x~20|[2]"
    Warning (332126): Node "n_t_56x~20|dataout"
    Warning (332126): Node "n_t_108x~26sexp2|datain[8]"
    Warning (332126): Node "n_t_56x~20|[3]"
    Warning (332126): Node "n_t_61x_m~24|[0]"
    Warning (332126): Node "n_t_61x_m~24|dataout"
    Warning (332126): Node "n_t_61x_m~35|[0]"
    Warning (332126): Node "n_t_56x_m~35|[2]"
    Warning (332126): Node "n_t_56x_m~35|dataout"
    Warning (332126): Node "n_t_56x_m~35|[3]"
    Warning (332126): Node "n_t_56x~20|[0]"
    Warning (332126): Node "n_t_62x~20|[2]"
    Warning (332126): Node "n_t_62x~20|dataout"
    Warning (332126): Node "n_t_108x~26sexp2|datain[3]"
    Warning (332126): Node "n_t_62x~20|[3]"
    Warning (332126): Node "n_t_56x_m~24|[0]"
    Warning (332126): Node "n_t_56x_m~24|dataout"
    Warning (332126): Node "n_t_56x_m~35|[0]"
    Warning (332126): Node "n_t_62x_m~35|[2]"
    Warning (332126): Node "n_t_62x_m~35|dataout"
    Warning (332126): Node "n_t_62x_m~35|[3]"
    Warning (332126): Node "n_t_62x~20|[0]"
    Warning (332126): Node "n_t_60x~20|[2]"
    Warning (332126): Node "n_t_60x~20|dataout"
    Warning (332126): Node "n_t_108x~26sexp2|datain[2]"
    Warning (332126): Node "n_t_60x~20|[3]"
    Warning (332126): Node "n_t_62x_m~24|[0]"
    Warning (332126): Node "n_t_62x_m~24|dataout"
    Warning (332126): Node "n_t_62x_m~35|[0]"
    Warning (332126): Node "n_t_60x_m~35|[2]"
    Warning (332126): Node "n_t_60x_m~35|dataout"
    Warning (332126): Node "n_t_60x_m~35|[3]"
    Warning (332126): Node "n_t_60x~20|[0]"
    Warning (332126): Node "enab~20|[2]"
    Warning (332126): Node "enab~20|dataout"
    Warning (332126): Node "n_t_108x~20sexp3|datain[3]"
    Warning (332126): Node "n_t_108x~20sexp2|datain[0]"
    Warning (332126): Node "n_t_108x~20sexp2|dataout"
    Warning (332126): Node "tx_active_l_m~21|[4]"
    Warning (332126): Node "n_t_108x~26sexp2|datain[6]"
    Warning (332126): Node "enab~20|[3]"
    Warning (332126): Node "n_t_60x_m~24|[0]"
    Warning (332126): Node "n_t_60x_m~24|dataout"
    Warning (332126): Node "n_t_60x_m~35|[0]"
    Warning (332126): Node "enab_m~20|[1]"
    Warning (332126): Node "enab_m~20|dataout"
    Warning (332126): Node "enab_m~20|[2]"
    Warning (332126): Node "enab~20|[0]"
    Warning (332126): Node "tx_div~22|[2]"
    Warning (332126): Node "n_t_94x~4sexp|datain[0]"
    Warning (332126): Node "n_t_108x~26sexp2|datain[0]"
    Warning (332126): Node "stp1_m~20|[0]"
    Warning (332126): Node "stp1~20|[3]"
    Warning (332126): Node "n_t_108x~20sexp2|datain[1]"
Critical Warning (332081): Design contains combinational loop of 139 nodes. Estimating the delays through the loop.
Warning (332125): Found combinational loop of 42 nodes
    Warning (332126): Node "bd1745~22|dataout"
    Warning (332126): Node "bd1745~22|[2]"
    Warning (332126): Node "n_t_6x~4sexp|datain[0]"
    Warning (332126): Node "n_t_6x~4sexp|dataout"
    Warning (332126): Node "bd1745~22|[3]"
    Warning (332126): Node "bd1745_m~22|[3]"
    Warning (332126): Node "bd1745_m~22|dataout"
    Warning (332126): Node "bd1745_m~22|[2]"
    Warning (332126): Node "bd1745~22|[0]"
    Warning (332126): Node "n_t_5x~22|[3]"
    Warning (332126): Node "n_t_5x~22|dataout"
    Warning (332126): Node "bd1745~22|[1]"
    Warning (332126): Node "n_t_5x~22|[2]"
    Warning (332126): Node "n_t_6x~4sexp|datain[2]"
    Warning (332126): Node "n_t_5x_m~22|[0]"
    Warning (332126): Node "n_t_5x_m~22|dataout"
    Warning (332126): Node "n_t_5x_m~22|[2]"
    Warning (332126): Node "n_t_5x~22|[0]"
    Warning (332126): Node "bd1745_m~22|[1]"
    Warning (332126): Node "n_t_5x_m~22|[3]"
    Warning (332126): Node "gdollar_0~22|[3]"
    Warning (332126): Node "gdollar_0~22|dataout"
    Warning (332126): Node "n_t_5x~22|[1]"
    Warning (332126): Node "gdollar_0~22|[2]"
    Warning (332126): Node "gdollar_0_m~22|[0]"
    Warning (332126): Node "gdollar_0_m~22|dataout"
    Warning (332126): Node "gdollar_0_m~22|[2]"
    Warning (332126): Node "gdollar_0~22|[0]"
    Warning (332126): Node "n_t_5x_m~22|[1]"
    Warning (332126): Node "gdollar_0_m~22|[3]"
    Warning (332126): Node "n_t_2x~22|[3]"
    Warning (332126): Node "n_t_2x~22|dataout"
    Warning (332126): Node "gdollar_0~22|[1]"
    Warning (332126): Node "n_t_2x~22|[2]"
    Warning (332126): Node "n_t_6x~4sexp|datain[1]"
    Warning (332126): Node "n_t_2x_m~22|[0]"
    Warning (332126): Node "n_t_2x_m~22|dataout"
    Warning (332126): Node "n_t_2x_m~22|[2]"
    Warning (332126): Node "n_t_2x~22|[0]"
    Warning (332126): Node "gdollar_0_m~22|[1]"
    Warning (332126): Node "n_t_2x_m~22|[3]"
    Warning (332126): Node "bd1745_m~22|[0]"
Warning (332125): Found combinational loop of 2 nodes
    Warning (332126): Node "p_pulse_l~21|dataout"
    Warning (332126): Node "p_pulse_l~21|[2]"
Warning (332125): Found combinational loop of 2 nodes
    Warning (332126): Node "p_pulse_l_m~19|dataout"
    Warning (332126): Node "p_pulse_l_m~19|[1]"
Warning (332125): Found combinational loop of 94 nodes
    Warning (332126): Node "rx_div4_l~21|dataout"
    Warning (332126): Node "rx_div4_l~21|[2]"
    Warning (332126): Node "rx_div8~20|[1]"
    Warning (332126): Node "rx_div8~20|dataout"
    Warning (332126): Node "spike_det_l~22|[5]"
    Warning (332126): Node "spike_det_l~22|dataout"
    Warning (332126): Node "spike_det_l~22|[2]"
    Warning (332126): Node "n_t_70x~10|[3]"
    Warning (332126): Node "n_t_70x~10|dataout"
    Warning (332126): Node "rx_active~22|[1]"
    Warning (332126): Node "rx_active~22|dataout"
    Warning (332126): Node "rx_div4_l~21|[3]"
    Warning (332126): Node "rx_div4_l_m~21|[3]"
    Warning (332126): Node "rx_div4_l_m~21|dataout"
    Warning (332126): Node "rx_div4_l_m~21|[2]"
    Warning (332126): Node "rx_div4_l~21|[0]"
    Warning (332126): Node "rx_div2_l~21|[3]"
    Warning (332126): Node "rx_div2_l~21|dataout"
    Warning (332126): Node "rx_div4_l~21|[1]"
    Warning (332126): Node "rx_div2_l~21|[2]"
    Warning (332126): Node "rx_div2_l_m~21|[0]"
    Warning (332126): Node "rx_div2_l_m~21|dataout"
    Warning (332126): Node "rx_div2_l_m~21|[2]"
    Warning (332126): Node "rx_div2_l~21|[0]"
    Warning (332126): Node "rx_div4_l_m~21|[1]"
    Warning (332126): Node "rx_div2_l_m~21|[3]"
    Warning (332126): Node "rx_active~22|[3]"
    Warning (332126): Node "rx_active_m~26|[5]"
    Warning (332126): Node "rx_active_m~26|dataout"
    Warning (332126): Node "rx_active_m~26|[1]"
    Warning (332126): Node "rx_active~22|[0]"
    Warning (332126): Node "comb~40|[4]"
    Warning (332126): Node "comb~40|dataout"
    Warning (332126): Node "rx_active_m~26|[0]"
    Warning (332126): Node "spike_det_l~22|[4]"
    Warning (332126): Node "rx_again_l~5sexp|datain[2]"
    Warning (332126): Node "rx_again_l~5sexp|dataout"
    Warning (332126): Node "spike_det_l~22|[6]"
    Warning (332126): Node "spike_det_l_m~26|[2]"
    Warning (332126): Node "spike_det_l_m~26|dataout"
    Warning (332126): Node "spike_det_l_m~26|[0]"
    Warning (332126): Node "spike_det_l~22|[0]"
    Warning (332126): Node "n_t_91x~4sexp|datain[0]"
    Warning (332126): Node "n_t_91x~4sexp|dataout"
    Warning (332126): Node "last_unit~20|[3]"
    Warning (332126): Node "last_unit~20|dataout"
    Warning (332126): Node "rx_div4_l~21|[4]"
    Warning (332126): Node "rx_div4_l_m~21|[4]"
    Warning (332126): Node "rx_div2_l~21|[4]"
    Warning (332126): Node "rx_div2_l_m~21|[4]"
    Warning (332126): Node "rx_active~22|[6]"
    Warning (332126): Node "rx_active_m~26|[6]"
    Warning (332126): Node "comb~40|[5]"
    Warning (332126): Node "rx_again_l~5sexp|datain[3]"
    Warning (332126): Node "last_unit~20|[2]"
    Warning (332126): Node "rx_last_l~4sexp|datain[1]"
    Warning (332126): Node "rx_last_l~4sexp|dataout"
    Warning (332126): Node "rx_div8~20|[3]"
    Warning (332126): Node "rx_div8_m~20|[3]"
    Warning (332126): Node "rx_div8_m~20|dataout"
    Warning (332126): Node "rx_div8_m~20|[2]"
    Warning (332126): Node "rx_div8~20|[0]"
    Warning (332126): Node "n_t_70x~10|[0]"
    Warning (332126): Node "last_unit_m~20|[3]"
    Warning (332126): Node "last_unit_m~20|dataout"
    Warning (332126): Node "last_unit_m~20|[2]"
    Warning (332126): Node "last_unit~20|[0]"
    Warning (332126): Node "ck_pulse~20|[3]"
    Warning (332126): Node "ck_pulse~20|dataout"
    Warning (332126): Node "n_t_70x~10|[2]"
    Warning (332126): Node "last_unit~20|[1]"
    Warning (332126): Node "last_unit_m~20|[1]"
    Warning (332126): Node "ck_pulse~20|[2]"
    Warning (332126): Node "rx_last_l~4sexp|datain[0]"
    Warning (332126): Node "rx_active8_l~4sexp|datain[0]"
    Warning (332126): Node "rx_active8_l~4sexp|dataout"
    Warning (332126): Node "spike_det_l~22|[3]"
    Warning (332126): Node "spike_det_l_m~18sexp|datain[1]"
    Warning (332126): Node "spike_det_l_m~18sexp|dataout"
    Warning (332126): Node "spike_det_l_m~26|[1]"
    Warning (332126): Node "n_t_70x~10|[1]"
    Warning (332126): Node "ck_pulse~20|[5]"
    Warning (332126): Node "ck_pulse_m~19|[2]"
    Warning (332126): Node "ck_pulse_m~19|dataout"
    Warning (332126): Node "ck_pulse_m~19|[1]"
    Warning (332126): Node "ck_pulse~20|[0]"
    Warning (332126): Node "comb~40|[1]"
    Warning (332126): Node "n_t_91x~4sexp|datain[1]"
    Warning (332126): Node "ck_pulse~20|[4]"
    Warning (332126): Node "rx_div8~20|[2]"
    Warning (332126): Node "rx_div8_m~20|[0]"
    Warning (332126): Node "rx_active8_l~4sexp|datain[1]"
    Warning (332126): Node "rx_div8_m~20|[1]"
    Warning (332126): Node "rx_div4_l_m~21|[0]"
Critical Warning (332081): Design contains combinational loop of 94 nodes. Estimating the delays through the loop.
Warning (332125): Found combinational loop of 4 nodes
    Warning (332126): Node "kcc_l~19|pexpin"
    Warning (332126): Node "kcc_l~19|dataout"
    Warning (332126): Node "data05_l~14|[0]"
    Warning (332126): Node "data05_l~14|pexpout"
Warning (332060): Node: bd4800 was determined to be a clock but was found without an associated clock assignment.
Warning (332060): Node: bd9600 was determined to be a clock but was found without an associated clock assignment.
Warning (332060): Node: bd19200 was determined to be a clock but was found without an associated clock assignment.
Warning (332060): Node: bd38400 was determined to be a clock but was found without an associated clock assignment.
Warning (332060): Node: n_t_4x was determined to be a clock but was found without an associated clock assignment.
Warning (332060): Node: bd115200 was determined to be a clock but was found without an associated clock assignment.
Warning (332060): Node: bd218 was determined to be a clock but was found without an associated clock assignment.
Warning (332060): Node: bd436 was determined to be a clock but was found without an associated clock assignment.
Warning (332060): Node: bd873 was determined to be a clock but was found without an associated clock assignment.
Info: Found TIMEQUEST_REPORT_SCRIPT_INCLUDE_DEFAULT_ANALYSIS = OFF
Info: Analyzing Slow Model
Critical Warning (332148): Timing requirements not met
Info (332146): Worst-case setup slack is -252.500
    Info (332119):     Slack End Point TNS Clock 
    Info (332119): ========= ============= =====================
    Info (332119):  -252.500     -2267.000 bd1200 
    Info (332119):  -250.500     -2245.500 sw1 
    Info (332119):  -250.000     -2253.000 clk 
    Info (332119):  -243.500     -2194.500 bd600 
    Info (332119):    -3.500        -3.500 bd2400 
Info (332146): Worst-case hold slack is -120.000
    Info (332119):     Slack End Point TNS Clock 
    Info (332119): ========= ============= =====================
    Info (332119):  -120.000      -965.500 sw1 
    Info (332119):  -118.000      -948.000 bd600 
    Info (332119):  -111.000      -888.000 clk 
    Info (332119):  -109.000      -876.000 bd1200 
    Info (332119):    -4.000        -4.000 bd2400 
Info (332140): No Recovery paths to report
Info (332140): No Removal paths to report
Info (332146): Worst-case minimum pulse width slack is -119.500
    Info (332119):     Slack End Point TNS Clock 
    Info (332119): ========= ============= =====================
    Info (332119):  -119.500    -12438.000 sw1 
    Info (332119):  -119.500     -8987.000 bd1200 
    Info (332119):  -119.500     -8987.000 bd600 
    Info (332119):  -119.500     -8985.000 clk 
    Info (332119):    -5.500       -11.000 bd2400 
Info (332001): The selected device family is not supported by the report_metastability command.
Info: Analyzing Fast Model
Error (23035): Tcl error: ERROR: Values entered did not match any valid operating conditions. Available operating conditions are: Slow Model, Fast Model

    while executing
"set_operating_conditions $current_operating_conditions"
    invoked from within
"if {$current_operating_conditions != $default_operating_conditions} {

                set pretty_name [get_pretty_corner_name $current_operating_conditions]
                ..."
    invoked from within
"foreach_in_collection current_operating_conditions $available_operating_conditions {

            # Make sure we don't re-analyze the default conditions.
            if..."
    (procedure "generate_default_reports" line 86)
    invoked from within
"generate_default_reports options"
    invoked from within
"if [is_project_open] {

        if {$options(qsf2sdc)} {
            post_message -type error "--qsf2sdc is no longer supported. Please use Quartus 11.0 or earlier t..."
    (procedure "main" line 121)
    invoked from within
"main"
    (file "c:/altera/13.0sp1/quartus/common/tcl/internal/qsta_default_script.tcl" line 1134)
Error: Quartus II 64-Bit TimeQuest Timing Analyzer was unsuccessful. 1 error, 345 warnings
    Error: Peak virtual memory: 4508 megabytes
    Error: Processing ended: Sun Oct 24 16:15:37 2021
    Error: Elapsed time: 00:00:03
    Error: Total CPU time (on all processors): 00:00:02


+--------------------------------------------------------------------------------------------------------+
; SDC File List                                                                                          ;
+--------------------------------------------------------------------+--------+--------------------------+
; SDC File Path                                                      ; Status ; Read at                  ;
+--------------------------------------------------------------------+--------+--------------------------+
; //wsl$/Debian/home/vrs/Eagle/projects/DEC/Mxxx/M8650/pld/M8650.sdc ; OK     ; Sun Oct 24 16:15:36 2021 ;
+--------------------------------------------------------------------+--------+--------------------------+


+------------------------------------------------------------------------------------------------------------------------------------------------------------------------------------+
; Clocks                                                                                                                                                                             ;
+------------+------+--------+------------+-------+-------+------------+-----------+-------------+-------+--------+-----------+------------+----------+--------+--------+------------+
; Clock Name ; Type ; Period ; Frequency  ; Rise  ; Fall  ; Duty Cycle ; Divide by ; Multiply by ; Phase ; Offset ; Edge List ; Edge Shift ; Inverted ; Master ; Source ; Targets    ;
+------------+------+--------+------------+-------+-------+------------+-----------+-------------+-------+--------+-----------+------------+----------+--------+--------+------------+
; bd600      ; Base ; 1.000  ; 1000.0 MHz ; 0.000 ; 0.500 ;            ;           ;             ;       ;        ;           ;            ;          ;        ;        ; { bd600 }  ;
; bd1200     ; Base ; 1.000  ; 1000.0 MHz ; 0.000 ; 0.500 ;            ;           ;             ;       ;        ;           ;            ;          ;        ;        ; { bd1200 } ;
; bd2400     ; Base ; 1.000  ; 1000.0 MHz ; 0.000 ; 0.500 ;            ;           ;             ;       ;        ;           ;            ;          ;        ;        ; { bd2400 } ;
; clk        ; Base ; 1.000  ; 1000.0 MHz ; 0.000 ; 0.500 ;            ;           ;             ;       ;        ;           ;            ;          ;        ;        ; { clk }    ;
; sw1        ; Base ; 1.000  ; 1000.0 MHz ; 0.000 ; 0.500 ;            ;           ;             ;       ;        ;           ;            ;          ;        ;        ; { sw1 }    ;
+------------+------+--------+------------+-------+-------+------------+-----------+-------------+-------+--------+-----------+------------+----------+--------+--------+------------+


+------------------------------------------------+
; Slow Model Fmax Summary                        ;
+----------+-----------------+------------+------+
; Fmax     ; Restricted Fmax ; Clock Name ; Note ;
+----------+-----------------+------------+------+
; 1.99 MHz ; 1.99 MHz        ; sw1        ;      ;
; 2.22 MHz ; 2.22 MHz        ; bd1200     ;      ;
; 2.22 MHz ; 2.22 MHz        ; bd600      ;      ;
; 2.22 MHz ; 2.22 MHz        ; clk        ;      ;
+----------+-----------------+------------+------+
This panel reports FMAX for every clock in the design, regardless of the user-specified clock periods.  FMAX is only computed for paths where the source and destination registers or ports are driven by the same clock.  Paths of different clocks, including generated clocks, are ignored.  For paths between a clock and its inversion, FMAX is computed as if the rising and falling edges are scaled along with FMAX, such that the duty cycle (in terms of a percentage) is maintained. Altera recommends that you always use clock constraints and other slack reports for sign-off analysis.


+-----------------------------------+
; Slow Model Setup Summary          ;
+--------+----------+---------------+
; Clock  ; Slack    ; End Point TNS ;
+--------+----------+---------------+
; bd1200 ; -252.500 ; -2267.000     ;
; sw1    ; -250.500 ; -2245.500     ;
; clk    ; -250.000 ; -2253.000     ;
; bd600  ; -243.500 ; -2194.500     ;
; bd2400 ; -3.500   ; -3.500        ;
+--------+----------+---------------+


+-----------------------------------+
; Slow Model Hold Summary           ;
+--------+----------+---------------+
; Clock  ; Slack    ; End Point TNS ;
+--------+----------+---------------+
; sw1    ; -120.000 ; -965.500      ;
; bd600  ; -118.000 ; -948.000      ;
; clk    ; -111.000 ; -888.000      ;
; bd1200 ; -109.000 ; -876.000      ;
; bd2400 ; -4.000   ; -4.000        ;
+--------+----------+---------------+


-------------------------------
; Slow Model Recovery Summary ;
-------------------------------
No paths to report.


------------------------------
; Slow Model Removal Summary ;
------------------------------
No paths to report.


+----------------------------------------+
; Slow Model Minimum Pulse Width Summary ;
+--------+----------+--------------------+
; Clock  ; Slack    ; End Point TNS      ;
+--------+----------+--------------------+
; sw1    ; -119.500 ; -12438.000         ;
; bd1200 ; -119.500 ; -8987.000          ;
; bd600  ; -119.500 ; -8987.000          ;
; clk    ; -119.500 ; -8985.000          ;
; bd2400 ; -5.500   ; -11.000            ;
+--------+----------+--------------------+


+------------------------------------------------------------------------------------------------------+
; Slow Model Setup: 'bd1200'                                                                           ;
+----------+-----------+---------+--------------+-------------+--------------+------------+------------+
; Slack    ; From Node ; To Node ; Launch Clock ; Latch Clock ; Relationship ; Clock Skew ; Data Delay ;
+----------+-----------+---------+--------------+-------------+--------------+------------+------------+
; -252.500 ; n_t_40x   ; n_t_36x ; sw1          ; bd1200      ; 0.500        ; -125.000   ; 124.000    ;
; -252.500 ; n_t_40x   ; n_t_40x ; sw1          ; bd1200      ; 0.500        ; -125.000   ; 124.000    ;
; -252.500 ; n_t_40x   ; n_t_34x ; sw1          ; bd1200      ; 0.500        ; -125.000   ; 124.000    ;
; -252.500 ; n_t_40x   ; n_t_35x ; sw1          ; bd1200      ; 0.500        ; -125.000   ; 124.000    ;
; -252.500 ; n_t_40x   ; n_t_37x ; sw1          ; bd1200      ; 0.500        ; -125.000   ; 124.000    ;
; -252.500 ; n_t_40x   ; n_t_38x ; sw1          ; bd1200      ; 0.500        ; -125.000   ; 124.000    ;
; -252.500 ; n_t_40x   ; n_t_39x ; sw1          ; bd1200      ; 0.500        ; -125.000   ; 124.000    ;
; -252.500 ; n_t_40x   ; rx7     ; sw1          ; bd1200      ; 0.500        ; -125.000   ; 124.000    ;
; -250.000 ; n_t_40x   ; n_t_36x ; bd600        ; bd1200      ; 1.000        ; -123.000   ; 124.000    ;
; -250.000 ; n_t_40x   ; n_t_40x ; bd600        ; bd1200      ; 1.000        ; -123.000   ; 124.000    ;
; -250.000 ; n_t_40x   ; n_t_34x ; bd600        ; bd1200      ; 1.000        ; -123.000   ; 124.000    ;
; -250.000 ; n_t_40x   ; n_t_35x ; bd600        ; bd1200      ; 1.000        ; -123.000   ; 124.000    ;
; -250.000 ; n_t_40x   ; n_t_37x ; bd600        ; bd1200      ; 1.000        ; -123.000   ; 124.000    ;
; -250.000 ; n_t_40x   ; n_t_38x ; bd600        ; bd1200      ; 1.000        ; -123.000   ; 124.000    ;
; -250.000 ; n_t_40x   ; n_t_39x ; bd600        ; bd1200      ; 1.000        ; -123.000   ; 124.000    ;
; -250.000 ; n_t_40x   ; rx7     ; bd600        ; bd1200      ; 1.000        ; -123.000   ; 124.000    ;
; -243.500 ; n_t_40x   ; n_t_36x ; clk          ; bd1200      ; 0.500        ; -116.000   ; 124.000    ;
; -243.500 ; n_t_40x   ; n_t_40x ; clk          ; bd1200      ; 0.500        ; -116.000   ; 124.000    ;
; -243.500 ; n_t_40x   ; n_t_34x ; clk          ; bd1200      ; 0.500        ; -116.000   ; 124.000    ;
; -243.500 ; n_t_40x   ; n_t_35x ; clk          ; bd1200      ; 0.500        ; -116.000   ; 124.000    ;
; -243.500 ; n_t_40x   ; n_t_37x ; clk          ; bd1200      ; 0.500        ; -116.000   ; 124.000    ;
; -243.500 ; n_t_40x   ; n_t_38x ; clk          ; bd1200      ; 0.500        ; -116.000   ; 124.000    ;
; -243.500 ; n_t_40x   ; n_t_39x ; clk          ; bd1200      ; 0.500        ; -116.000   ; 124.000    ;
; -243.500 ; n_t_40x   ; rx7     ; clk          ; bd1200      ; 0.500        ; -116.000   ; 124.000    ;
; -243.500 ; n_t_40x   ; rx_div  ; sw1          ; bd1200      ; 0.500        ; -134.000   ; 106.000    ;
; -243.000 ; n_t_40x   ; n_t_36x ; sw1          ; bd1200      ; 1.000        ; -116.000   ; 124.000    ;
; -243.000 ; n_t_40x   ; n_t_40x ; sw1          ; bd1200      ; 1.000        ; -116.000   ; 124.000    ;
; -243.000 ; n_t_40x   ; n_t_34x ; sw1          ; bd1200      ; 1.000        ; -116.000   ; 124.000    ;
; -243.000 ; n_t_40x   ; n_t_35x ; sw1          ; bd1200      ; 1.000        ; -116.000   ; 124.000    ;
; -243.000 ; n_t_40x   ; n_t_37x ; sw1          ; bd1200      ; 1.000        ; -116.000   ; 124.000    ;
; -243.000 ; n_t_40x   ; n_t_38x ; sw1          ; bd1200      ; 1.000        ; -116.000   ; 124.000    ;
; -243.000 ; n_t_40x   ; n_t_39x ; sw1          ; bd1200      ; 1.000        ; -116.000   ; 124.000    ;
; -243.000 ; n_t_40x   ; rx7     ; sw1          ; bd1200      ; 1.000        ; -116.000   ; 124.000    ;
; -241.000 ; n_t_40x   ; rx_div  ; bd600        ; bd1200      ; 1.000        ; -132.000   ; 106.000    ;
; -241.000 ; n_t_40x   ; n_t_36x ; bd1200       ; bd1200      ; 1.000        ; -114.000   ; 124.000    ;
; -241.000 ; n_t_40x   ; n_t_40x ; bd1200       ; bd1200      ; 1.000        ; -114.000   ; 124.000    ;
; -241.000 ; n_t_40x   ; n_t_34x ; bd1200       ; bd1200      ; 1.000        ; -114.000   ; 124.000    ;
; -241.000 ; n_t_40x   ; n_t_35x ; bd1200       ; bd1200      ; 1.000        ; -114.000   ; 124.000    ;
; -241.000 ; n_t_40x   ; n_t_37x ; bd1200       ; bd1200      ; 1.000        ; -114.000   ; 124.000    ;
; -241.000 ; n_t_40x   ; n_t_38x ; bd1200       ; bd1200      ; 1.000        ; -114.000   ; 124.000    ;
; -241.000 ; n_t_40x   ; n_t_39x ; bd1200       ; bd1200      ; 1.000        ; -114.000   ; 124.000    ;
; -241.000 ; n_t_40x   ; rx7     ; bd1200       ; bd1200      ; 1.000        ; -114.000   ; 124.000    ;
; -235.000 ; n_t_40x   ; n_t_36x ; sw1          ; bd1200      ; 1.000        ; -108.000   ; 124.000    ;
; -235.000 ; n_t_40x   ; n_t_40x ; sw1          ; bd1200      ; 1.000        ; -108.000   ; 124.000    ;
; -235.000 ; n_t_40x   ; n_t_34x ; sw1          ; bd1200      ; 1.000        ; -108.000   ; 124.000    ;
; -235.000 ; n_t_40x   ; n_t_35x ; sw1          ; bd1200      ; 1.000        ; -108.000   ; 124.000    ;
; -235.000 ; n_t_40x   ; n_t_37x ; sw1          ; bd1200      ; 1.000        ; -108.000   ; 124.000    ;
; -235.000 ; n_t_40x   ; n_t_38x ; sw1          ; bd1200      ; 1.000        ; -108.000   ; 124.000    ;
; -235.000 ; n_t_40x   ; n_t_39x ; sw1          ; bd1200      ; 1.000        ; -108.000   ; 124.000    ;
; -235.000 ; n_t_40x   ; rx7     ; sw1          ; bd1200      ; 1.000        ; -108.000   ; 124.000    ;
; -234.500 ; n_t_40x   ; rx_div  ; clk          ; bd1200      ; 0.500        ; -125.000   ; 106.000    ;
; -234.000 ; n_t_40x   ; rx_div  ; sw1          ; bd1200      ; 1.000        ; -125.000   ; 106.000    ;
; -233.500 ; n_t_40x   ; n_t_36x ; bd600        ; bd1200      ; 0.500        ; -106.000   ; 124.000    ;
; -233.500 ; n_t_40x   ; n_t_40x ; bd600        ; bd1200      ; 0.500        ; -106.000   ; 124.000    ;
; -233.500 ; n_t_40x   ; n_t_34x ; bd600        ; bd1200      ; 0.500        ; -106.000   ; 124.000    ;
; -233.500 ; n_t_40x   ; n_t_35x ; bd600        ; bd1200      ; 0.500        ; -106.000   ; 124.000    ;
; -233.500 ; n_t_40x   ; n_t_37x ; bd600        ; bd1200      ; 0.500        ; -106.000   ; 124.000    ;
; -233.500 ; n_t_40x   ; n_t_38x ; bd600        ; bd1200      ; 0.500        ; -106.000   ; 124.000    ;
; -233.500 ; n_t_40x   ; n_t_39x ; bd600        ; bd1200      ; 0.500        ; -106.000   ; 124.000    ;
; -233.500 ; n_t_40x   ; rx7     ; bd600        ; bd1200      ; 0.500        ; -106.000   ; 124.000    ;
; -233.500 ; n_t_40x   ; n_t_36x ; bd600        ; bd1200      ; 0.500        ; -106.000   ; 124.000    ;
; -233.500 ; n_t_40x   ; n_t_40x ; bd600        ; bd1200      ; 0.500        ; -106.000   ; 124.000    ;
; -233.500 ; n_t_40x   ; n_t_34x ; bd600        ; bd1200      ; 0.500        ; -106.000   ; 124.000    ;
; -233.500 ; n_t_40x   ; n_t_35x ; bd600        ; bd1200      ; 0.500        ; -106.000   ; 124.000    ;
; -233.500 ; n_t_40x   ; n_t_37x ; bd600        ; bd1200      ; 0.500        ; -106.000   ; 124.000    ;
; -233.500 ; n_t_40x   ; n_t_38x ; bd600        ; bd1200      ; 0.500        ; -106.000   ; 124.000    ;
; -233.500 ; n_t_40x   ; n_t_39x ; bd600        ; bd1200      ; 0.500        ; -106.000   ; 124.000    ;
; -233.500 ; n_t_40x   ; rx7     ; bd600        ; bd1200      ; 0.500        ; -106.000   ; 124.000    ;
; -232.000 ; n_t_40x   ; rx_div  ; bd1200       ; bd1200      ; 1.000        ; -123.000   ; 106.000    ;
; -226.500 ; n_t_40x   ; n_t_36x ; sw1          ; bd1200      ; 0.500        ; -99.000    ; 124.000    ;
; -226.500 ; n_t_40x   ; n_t_40x ; sw1          ; bd1200      ; 0.500        ; -99.000    ; 124.000    ;
; -226.500 ; n_t_40x   ; n_t_34x ; sw1          ; bd1200      ; 0.500        ; -99.000    ; 124.000    ;
; -226.500 ; n_t_40x   ; n_t_35x ; sw1          ; bd1200      ; 0.500        ; -99.000    ; 124.000    ;
; -226.500 ; n_t_40x   ; n_t_37x ; sw1          ; bd1200      ; 0.500        ; -99.000    ; 124.000    ;
; -226.500 ; n_t_40x   ; n_t_38x ; sw1          ; bd1200      ; 0.500        ; -99.000    ; 124.000    ;
; -226.500 ; n_t_40x   ; n_t_39x ; sw1          ; bd1200      ; 0.500        ; -99.000    ; 124.000    ;
; -226.500 ; n_t_40x   ; rx7     ; sw1          ; bd1200      ; 0.500        ; -99.000    ; 124.000    ;
; -226.000 ; n_t_40x   ; n_t_36x ; clk          ; bd1200      ; 1.000        ; -99.000    ; 124.000    ;
; -226.000 ; n_t_40x   ; n_t_40x ; clk          ; bd1200      ; 1.000        ; -99.000    ; 124.000    ;
; -226.000 ; n_t_40x   ; n_t_34x ; clk          ; bd1200      ; 1.000        ; -99.000    ; 124.000    ;
; -226.000 ; n_t_40x   ; n_t_35x ; clk          ; bd1200      ; 1.000        ; -99.000    ; 124.000    ;
; -226.000 ; n_t_40x   ; n_t_37x ; clk          ; bd1200      ; 1.000        ; -99.000    ; 124.000    ;
; -226.000 ; n_t_40x   ; n_t_38x ; clk          ; bd1200      ; 1.000        ; -99.000    ; 124.000    ;
; -226.000 ; n_t_40x   ; n_t_39x ; clk          ; bd1200      ; 1.000        ; -99.000    ; 124.000    ;
; -226.000 ; n_t_40x   ; rx7     ; clk          ; bd1200      ; 1.000        ; -99.000    ; 124.000    ;
; -226.000 ; n_t_40x   ; n_t_36x ; clk          ; bd1200      ; 1.000        ; -99.000    ; 124.000    ;
; -226.000 ; n_t_40x   ; n_t_40x ; clk          ; bd1200      ; 1.000        ; -99.000    ; 124.000    ;
; -226.000 ; n_t_40x   ; n_t_34x ; clk          ; bd1200      ; 1.000        ; -99.000    ; 124.000    ;
; -226.000 ; n_t_40x   ; n_t_35x ; clk          ; bd1200      ; 1.000        ; -99.000    ; 124.000    ;
; -226.000 ; n_t_40x   ; n_t_37x ; clk          ; bd1200      ; 1.000        ; -99.000    ; 124.000    ;
; -226.000 ; n_t_40x   ; n_t_38x ; clk          ; bd1200      ; 1.000        ; -99.000    ; 124.000    ;
; -226.000 ; n_t_40x   ; n_t_39x ; clk          ; bd1200      ; 1.000        ; -99.000    ; 124.000    ;
; -226.000 ; n_t_40x   ; rx7     ; clk          ; bd1200      ; 1.000        ; -99.000    ; 124.000    ;
; -224.500 ; n_t_40x   ; rx_div  ; bd600        ; bd1200      ; 0.500        ; -115.000   ; 106.000    ;
; -224.500 ; n_t_40x   ; n_t_36x ; bd1200       ; bd1200      ; 0.500        ; -97.000    ; 124.000    ;
; -224.500 ; n_t_40x   ; n_t_40x ; bd1200       ; bd1200      ; 0.500        ; -97.000    ; 124.000    ;
; -224.500 ; n_t_40x   ; n_t_34x ; bd1200       ; bd1200      ; 0.500        ; -97.000    ; 124.000    ;
; -224.500 ; n_t_40x   ; n_t_35x ; bd1200       ; bd1200      ; 0.500        ; -97.000    ; 124.000    ;
; -224.500 ; n_t_40x   ; n_t_37x ; bd1200       ; bd1200      ; 0.500        ; -97.000    ; 124.000    ;
; -224.500 ; n_t_40x   ; n_t_38x ; bd1200       ; bd1200      ; 0.500        ; -97.000    ; 124.000    ;
+----------+-----------+---------+--------------+-------------+--------------+------------+------------+


+------------------------------------------------------------------------------------------------------+
; Slow Model Setup: 'sw1'                                                                              ;
+----------+-----------+---------+--------------+-------------+--------------+------------+------------+
; Slack    ; From Node ; To Node ; Launch Clock ; Latch Clock ; Relationship ; Clock Skew ; Data Delay ;
+----------+-----------+---------+--------------+-------------+--------------+------------+------------+
; -250.500 ; n_t_40x   ; n_t_36x ; sw1          ; sw1         ; 0.500        ; -123.000   ; 124.000    ;
; -250.500 ; n_t_40x   ; n_t_40x ; sw1          ; sw1         ; 0.500        ; -123.000   ; 124.000    ;
; -250.500 ; n_t_40x   ; n_t_34x ; sw1          ; sw1         ; 0.500        ; -123.000   ; 124.000    ;
; -250.500 ; n_t_40x   ; n_t_35x ; sw1          ; sw1         ; 0.500        ; -123.000   ; 124.000    ;
; -250.500 ; n_t_40x   ; n_t_37x ; sw1          ; sw1         ; 0.500        ; -123.000   ; 124.000    ;
; -250.500 ; n_t_40x   ; n_t_38x ; sw1          ; sw1         ; 0.500        ; -123.000   ; 124.000    ;
; -250.500 ; n_t_40x   ; n_t_39x ; sw1          ; sw1         ; 0.500        ; -123.000   ; 124.000    ;
; -250.500 ; n_t_40x   ; rx7     ; sw1          ; sw1         ; 0.500        ; -123.000   ; 124.000    ;
; -248.000 ; n_t_40x   ; n_t_36x ; bd600        ; sw1         ; 1.000        ; -121.000   ; 124.000    ;
; -248.000 ; n_t_40x   ; n_t_40x ; bd600        ; sw1         ; 1.000        ; -121.000   ; 124.000    ;
; -248.000 ; n_t_40x   ; n_t_34x ; bd600        ; sw1         ; 1.000        ; -121.000   ; 124.000    ;
; -248.000 ; n_t_40x   ; n_t_35x ; bd600        ; sw1         ; 1.000        ; -121.000   ; 124.000    ;
; -248.000 ; n_t_40x   ; n_t_37x ; bd600        ; sw1         ; 1.000        ; -121.000   ; 124.000    ;
; -248.000 ; n_t_40x   ; n_t_38x ; bd600        ; sw1         ; 1.000        ; -121.000   ; 124.000    ;
; -248.000 ; n_t_40x   ; n_t_39x ; bd600        ; sw1         ; 1.000        ; -121.000   ; 124.000    ;
; -248.000 ; n_t_40x   ; rx7     ; bd600        ; sw1         ; 1.000        ; -121.000   ; 124.000    ;
; -241.500 ; n_t_40x   ; n_t_36x ; clk          ; sw1         ; 0.500        ; -114.000   ; 124.000    ;
; -241.500 ; n_t_40x   ; n_t_40x ; clk          ; sw1         ; 0.500        ; -114.000   ; 124.000    ;
; -241.500 ; n_t_40x   ; n_t_34x ; clk          ; sw1         ; 0.500        ; -114.000   ; 124.000    ;
; -241.500 ; n_t_40x   ; n_t_35x ; clk          ; sw1         ; 0.500        ; -114.000   ; 124.000    ;
; -241.500 ; n_t_40x   ; n_t_37x ; clk          ; sw1         ; 0.500        ; -114.000   ; 124.000    ;
; -241.500 ; n_t_40x   ; n_t_38x ; clk          ; sw1         ; 0.500        ; -114.000   ; 124.000    ;
; -241.500 ; n_t_40x   ; n_t_39x ; clk          ; sw1         ; 0.500        ; -114.000   ; 124.000    ;
; -241.500 ; n_t_40x   ; rx7     ; clk          ; sw1         ; 0.500        ; -114.000   ; 124.000    ;
; -241.500 ; n_t_40x   ; rx_div  ; sw1          ; sw1         ; 0.500        ; -132.000   ; 106.000    ;
; -241.000 ; n_t_40x   ; n_t_36x ; sw1          ; sw1         ; 1.000        ; -114.000   ; 124.000    ;
; -241.000 ; n_t_40x   ; n_t_40x ; sw1          ; sw1         ; 1.000        ; -114.000   ; 124.000    ;
; -241.000 ; n_t_40x   ; n_t_34x ; sw1          ; sw1         ; 1.000        ; -114.000   ; 124.000    ;
; -241.000 ; n_t_40x   ; n_t_35x ; sw1          ; sw1         ; 1.000        ; -114.000   ; 124.000    ;
; -241.000 ; n_t_40x   ; n_t_37x ; sw1          ; sw1         ; 1.000        ; -114.000   ; 124.000    ;
; -241.000 ; n_t_40x   ; n_t_38x ; sw1          ; sw1         ; 1.000        ; -114.000   ; 124.000    ;
; -241.000 ; n_t_40x   ; n_t_39x ; sw1          ; sw1         ; 1.000        ; -114.000   ; 124.000    ;
; -241.000 ; n_t_40x   ; rx7     ; sw1          ; sw1         ; 1.000        ; -114.000   ; 124.000    ;
; -241.000 ; n_t_40x   ; n_t_36x ; sw1          ; sw1         ; 1.000        ; -114.000   ; 124.000    ;
; -241.000 ; n_t_40x   ; n_t_40x ; sw1          ; sw1         ; 1.000        ; -114.000   ; 124.000    ;
; -241.000 ; n_t_40x   ; n_t_34x ; sw1          ; sw1         ; 1.000        ; -114.000   ; 124.000    ;
; -241.000 ; n_t_40x   ; n_t_35x ; sw1          ; sw1         ; 1.000        ; -114.000   ; 124.000    ;
; -241.000 ; n_t_40x   ; n_t_37x ; sw1          ; sw1         ; 1.000        ; -114.000   ; 124.000    ;
; -241.000 ; n_t_40x   ; n_t_38x ; sw1          ; sw1         ; 1.000        ; -114.000   ; 124.000    ;
; -241.000 ; n_t_40x   ; n_t_39x ; sw1          ; sw1         ; 1.000        ; -114.000   ; 124.000    ;
; -241.000 ; n_t_40x   ; rx7     ; sw1          ; sw1         ; 1.000        ; -114.000   ; 124.000    ;
; -239.500 ; n_t_40x   ; n_t_36x ; bd600        ; sw1         ; 0.500        ; -112.000   ; 124.000    ;
; -239.500 ; n_t_40x   ; n_t_40x ; bd600        ; sw1         ; 0.500        ; -112.000   ; 124.000    ;
; -239.500 ; n_t_40x   ; n_t_34x ; bd600        ; sw1         ; 0.500        ; -112.000   ; 124.000    ;
; -239.500 ; n_t_40x   ; n_t_35x ; bd600        ; sw1         ; 0.500        ; -112.000   ; 124.000    ;
; -239.500 ; n_t_40x   ; n_t_37x ; bd600        ; sw1         ; 0.500        ; -112.000   ; 124.000    ;
; -239.500 ; n_t_40x   ; n_t_38x ; bd600        ; sw1         ; 0.500        ; -112.000   ; 124.000    ;
; -239.500 ; n_t_40x   ; n_t_39x ; bd600        ; sw1         ; 0.500        ; -112.000   ; 124.000    ;
; -239.500 ; n_t_40x   ; rx7     ; bd600        ; sw1         ; 0.500        ; -112.000   ; 124.000    ;
; -239.000 ; n_t_40x   ; rx_div  ; bd600        ; sw1         ; 1.000        ; -130.000   ; 106.000    ;
; -239.000 ; n_t_40x   ; n_t_36x ; bd1200       ; sw1         ; 1.000        ; -112.000   ; 124.000    ;
; -239.000 ; n_t_40x   ; n_t_40x ; bd1200       ; sw1         ; 1.000        ; -112.000   ; 124.000    ;
; -239.000 ; n_t_40x   ; n_t_34x ; bd1200       ; sw1         ; 1.000        ; -112.000   ; 124.000    ;
; -239.000 ; n_t_40x   ; n_t_35x ; bd1200       ; sw1         ; 1.000        ; -112.000   ; 124.000    ;
; -239.000 ; n_t_40x   ; n_t_37x ; bd1200       ; sw1         ; 1.000        ; -112.000   ; 124.000    ;
; -239.000 ; n_t_40x   ; n_t_38x ; bd1200       ; sw1         ; 1.000        ; -112.000   ; 124.000    ;
; -239.000 ; n_t_40x   ; n_t_39x ; bd1200       ; sw1         ; 1.000        ; -112.000   ; 124.000    ;
; -239.000 ; n_t_40x   ; rx7     ; bd1200       ; sw1         ; 1.000        ; -112.000   ; 124.000    ;
; -232.500 ; n_t_40x   ; rx_div  ; clk          ; sw1         ; 0.500        ; -123.000   ; 106.000    ;
; -232.500 ; n_t_40x   ; n_t_36x ; sw1          ; sw1         ; 0.500        ; -105.000   ; 124.000    ;
; -232.500 ; n_t_40x   ; n_t_40x ; sw1          ; sw1         ; 0.500        ; -105.000   ; 124.000    ;
; -232.500 ; n_t_40x   ; n_t_34x ; sw1          ; sw1         ; 0.500        ; -105.000   ; 124.000    ;
; -232.500 ; n_t_40x   ; n_t_35x ; sw1          ; sw1         ; 0.500        ; -105.000   ; 124.000    ;
; -232.500 ; n_t_40x   ; n_t_37x ; sw1          ; sw1         ; 0.500        ; -105.000   ; 124.000    ;
; -232.500 ; n_t_40x   ; n_t_38x ; sw1          ; sw1         ; 0.500        ; -105.000   ; 124.000    ;
; -232.500 ; n_t_40x   ; n_t_39x ; sw1          ; sw1         ; 0.500        ; -105.000   ; 124.000    ;
; -232.500 ; n_t_40x   ; rx7     ; sw1          ; sw1         ; 0.500        ; -105.000   ; 124.000    ;
; -232.000 ; n_t_40x   ; rx_div  ; sw1          ; sw1         ; 1.000        ; -123.000   ; 106.000    ;
; -232.000 ; n_t_40x   ; n_t_36x ; clk          ; sw1         ; 1.000        ; -105.000   ; 124.000    ;
; -232.000 ; n_t_40x   ; n_t_40x ; clk          ; sw1         ; 1.000        ; -105.000   ; 124.000    ;
; -232.000 ; n_t_40x   ; n_t_34x ; clk          ; sw1         ; 1.000        ; -105.000   ; 124.000    ;
; -232.000 ; n_t_40x   ; n_t_35x ; clk          ; sw1         ; 1.000        ; -105.000   ; 124.000    ;
; -232.000 ; n_t_40x   ; n_t_37x ; clk          ; sw1         ; 1.000        ; -105.000   ; 124.000    ;
; -232.000 ; n_t_40x   ; n_t_38x ; clk          ; sw1         ; 1.000        ; -105.000   ; 124.000    ;
; -232.000 ; n_t_40x   ; n_t_39x ; clk          ; sw1         ; 1.000        ; -105.000   ; 124.000    ;
; -232.000 ; n_t_40x   ; rx7     ; clk          ; sw1         ; 1.000        ; -105.000   ; 124.000    ;
; -232.000 ; n_t_40x   ; rx_div  ; sw1          ; sw1         ; 1.000        ; -123.000   ; 106.000    ;
; -231.500 ; n_t_40x   ; n_t_36x ; bd600        ; sw1         ; 0.500        ; -104.000   ; 124.000    ;
; -231.500 ; n_t_40x   ; n_t_40x ; bd600        ; sw1         ; 0.500        ; -104.000   ; 124.000    ;
; -231.500 ; n_t_40x   ; n_t_34x ; bd600        ; sw1         ; 0.500        ; -104.000   ; 124.000    ;
; -231.500 ; n_t_40x   ; n_t_35x ; bd600        ; sw1         ; 0.500        ; -104.000   ; 124.000    ;
; -231.500 ; n_t_40x   ; n_t_37x ; bd600        ; sw1         ; 0.500        ; -104.000   ; 124.000    ;
; -231.500 ; n_t_40x   ; n_t_38x ; bd600        ; sw1         ; 0.500        ; -104.000   ; 124.000    ;
; -231.500 ; n_t_40x   ; n_t_39x ; bd600        ; sw1         ; 0.500        ; -104.000   ; 124.000    ;
; -231.500 ; n_t_40x   ; rx7     ; bd600        ; sw1         ; 0.500        ; -104.000   ; 124.000    ;
; -230.500 ; n_t_40x   ; rx_div  ; bd600        ; sw1         ; 0.500        ; -121.000   ; 106.000    ;
; -230.500 ; n_t_40x   ; n_t_36x ; bd1200       ; sw1         ; 0.500        ; -103.000   ; 124.000    ;
; -230.500 ; n_t_40x   ; n_t_40x ; bd1200       ; sw1         ; 0.500        ; -103.000   ; 124.000    ;
; -230.500 ; n_t_40x   ; n_t_34x ; bd1200       ; sw1         ; 0.500        ; -103.000   ; 124.000    ;
; -230.500 ; n_t_40x   ; n_t_35x ; bd1200       ; sw1         ; 0.500        ; -103.000   ; 124.000    ;
; -230.500 ; n_t_40x   ; n_t_37x ; bd1200       ; sw1         ; 0.500        ; -103.000   ; 124.000    ;
; -230.500 ; n_t_40x   ; n_t_38x ; bd1200       ; sw1         ; 0.500        ; -103.000   ; 124.000    ;
; -230.500 ; n_t_40x   ; n_t_39x ; bd1200       ; sw1         ; 0.500        ; -103.000   ; 124.000    ;
; -230.500 ; n_t_40x   ; rx7     ; bd1200       ; sw1         ; 0.500        ; -103.000   ; 124.000    ;
; -230.000 ; n_t_40x   ; rx_div  ; bd1200       ; sw1         ; 1.000        ; -121.000   ; 106.000    ;
; -224.000 ; n_t_40x   ; n_t_36x ; clk          ; sw1         ; 1.000        ; -97.000    ; 124.000    ;
; -224.000 ; n_t_40x   ; n_t_40x ; clk          ; sw1         ; 1.000        ; -97.000    ; 124.000    ;
; -224.000 ; n_t_40x   ; n_t_34x ; clk          ; sw1         ; 1.000        ; -97.000    ; 124.000    ;
; -224.000 ; n_t_40x   ; n_t_35x ; clk          ; sw1         ; 1.000        ; -97.000    ; 124.000    ;
; -224.000 ; n_t_40x   ; n_t_37x ; clk          ; sw1         ; 1.000        ; -97.000    ; 124.000    ;
+----------+-----------+---------+--------------+-------------+--------------+------------+------------+


+------------------------------------------------------------------------------------------------------+
; Slow Model Setup: 'clk'                                                                              ;
+----------+-----------+---------+--------------+-------------+--------------+------------+------------+
; Slack    ; From Node ; To Node ; Launch Clock ; Latch Clock ; Relationship ; Clock Skew ; Data Delay ;
+----------+-----------+---------+--------------+-------------+--------------+------------+------------+
; -250.000 ; n_t_40x   ; n_t_36x ; sw1          ; clk         ; 1.000        ; -123.000   ; 124.000    ;
; -250.000 ; n_t_40x   ; n_t_40x ; sw1          ; clk         ; 1.000        ; -123.000   ; 124.000    ;
; -250.000 ; n_t_40x   ; n_t_34x ; sw1          ; clk         ; 1.000        ; -123.000   ; 124.000    ;
; -250.000 ; n_t_40x   ; n_t_35x ; sw1          ; clk         ; 1.000        ; -123.000   ; 124.000    ;
; -250.000 ; n_t_40x   ; n_t_37x ; sw1          ; clk         ; 1.000        ; -123.000   ; 124.000    ;
; -250.000 ; n_t_40x   ; n_t_38x ; sw1          ; clk         ; 1.000        ; -123.000   ; 124.000    ;
; -250.000 ; n_t_40x   ; n_t_39x ; sw1          ; clk         ; 1.000        ; -123.000   ; 124.000    ;
; -250.000 ; n_t_40x   ; rx7     ; sw1          ; clk         ; 1.000        ; -123.000   ; 124.000    ;
; -248.500 ; n_t_40x   ; n_t_36x ; bd600        ; clk         ; 0.500        ; -121.000   ; 124.000    ;
; -248.500 ; n_t_40x   ; n_t_40x ; bd600        ; clk         ; 0.500        ; -121.000   ; 124.000    ;
; -248.500 ; n_t_40x   ; n_t_34x ; bd600        ; clk         ; 0.500        ; -121.000   ; 124.000    ;
; -248.500 ; n_t_40x   ; n_t_35x ; bd600        ; clk         ; 0.500        ; -121.000   ; 124.000    ;
; -248.500 ; n_t_40x   ; n_t_37x ; bd600        ; clk         ; 0.500        ; -121.000   ; 124.000    ;
; -248.500 ; n_t_40x   ; n_t_38x ; bd600        ; clk         ; 0.500        ; -121.000   ; 124.000    ;
; -248.500 ; n_t_40x   ; n_t_39x ; bd600        ; clk         ; 0.500        ; -121.000   ; 124.000    ;
; -248.500 ; n_t_40x   ; rx7     ; bd600        ; clk         ; 0.500        ; -121.000   ; 124.000    ;
; -241.500 ; n_t_40x   ; n_t_36x ; sw1          ; clk         ; 0.500        ; -114.000   ; 124.000    ;
; -241.500 ; n_t_40x   ; n_t_40x ; sw1          ; clk         ; 0.500        ; -114.000   ; 124.000    ;
; -241.500 ; n_t_40x   ; n_t_34x ; sw1          ; clk         ; 0.500        ; -114.000   ; 124.000    ;
; -241.500 ; n_t_40x   ; n_t_35x ; sw1          ; clk         ; 0.500        ; -114.000   ; 124.000    ;
; -241.500 ; n_t_40x   ; n_t_37x ; sw1          ; clk         ; 0.500        ; -114.000   ; 124.000    ;
; -241.500 ; n_t_40x   ; n_t_38x ; sw1          ; clk         ; 0.500        ; -114.000   ; 124.000    ;
; -241.500 ; n_t_40x   ; n_t_39x ; sw1          ; clk         ; 0.500        ; -114.000   ; 124.000    ;
; -241.500 ; n_t_40x   ; rx7     ; sw1          ; clk         ; 0.500        ; -114.000   ; 124.000    ;
; -241.000 ; n_t_40x   ; n_t_36x ; clk          ; clk         ; 1.000        ; -114.000   ; 124.000    ;
; -241.000 ; n_t_40x   ; n_t_40x ; clk          ; clk         ; 1.000        ; -114.000   ; 124.000    ;
; -241.000 ; n_t_40x   ; n_t_34x ; clk          ; clk         ; 1.000        ; -114.000   ; 124.000    ;
; -241.000 ; n_t_40x   ; n_t_35x ; clk          ; clk         ; 1.000        ; -114.000   ; 124.000    ;
; -241.000 ; n_t_40x   ; n_t_37x ; clk          ; clk         ; 1.000        ; -114.000   ; 124.000    ;
; -241.000 ; n_t_40x   ; n_t_38x ; clk          ; clk         ; 1.000        ; -114.000   ; 124.000    ;
; -241.000 ; n_t_40x   ; n_t_39x ; clk          ; clk         ; 1.000        ; -114.000   ; 124.000    ;
; -241.000 ; n_t_40x   ; rx7     ; clk          ; clk         ; 1.000        ; -114.000   ; 124.000    ;
; -241.000 ; n_t_40x   ; rx_div  ; sw1          ; clk         ; 1.000        ; -132.000   ; 106.000    ;
; -239.500 ; n_t_40x   ; rx_div  ; bd600        ; clk         ; 0.500        ; -130.000   ; 106.000    ;
; -239.500 ; n_t_40x   ; n_t_36x ; bd1200       ; clk         ; 0.500        ; -112.000   ; 124.000    ;
; -239.500 ; n_t_40x   ; n_t_40x ; bd1200       ; clk         ; 0.500        ; -112.000   ; 124.000    ;
; -239.500 ; n_t_40x   ; n_t_34x ; bd1200       ; clk         ; 0.500        ; -112.000   ; 124.000    ;
; -239.500 ; n_t_40x   ; n_t_35x ; bd1200       ; clk         ; 0.500        ; -112.000   ; 124.000    ;
; -239.500 ; n_t_40x   ; n_t_37x ; bd1200       ; clk         ; 0.500        ; -112.000   ; 124.000    ;
; -239.500 ; n_t_40x   ; n_t_38x ; bd1200       ; clk         ; 0.500        ; -112.000   ; 124.000    ;
; -239.500 ; n_t_40x   ; n_t_39x ; bd1200       ; clk         ; 0.500        ; -112.000   ; 124.000    ;
; -239.500 ; n_t_40x   ; rx7     ; bd1200       ; clk         ; 0.500        ; -112.000   ; 124.000    ;
; -233.500 ; n_t_40x   ; n_t_36x ; sw1          ; clk         ; 0.500        ; -106.000   ; 124.000    ;
; -233.500 ; n_t_40x   ; n_t_40x ; sw1          ; clk         ; 0.500        ; -106.000   ; 124.000    ;
; -233.500 ; n_t_40x   ; n_t_34x ; sw1          ; clk         ; 0.500        ; -106.000   ; 124.000    ;
; -233.500 ; n_t_40x   ; n_t_35x ; sw1          ; clk         ; 0.500        ; -106.000   ; 124.000    ;
; -233.500 ; n_t_40x   ; n_t_37x ; sw1          ; clk         ; 0.500        ; -106.000   ; 124.000    ;
; -233.500 ; n_t_40x   ; n_t_38x ; sw1          ; clk         ; 0.500        ; -106.000   ; 124.000    ;
; -233.500 ; n_t_40x   ; n_t_39x ; sw1          ; clk         ; 0.500        ; -106.000   ; 124.000    ;
; -233.500 ; n_t_40x   ; rx7     ; sw1          ; clk         ; 0.500        ; -106.000   ; 124.000    ;
; -232.500 ; n_t_40x   ; rx_div  ; sw1          ; clk         ; 0.500        ; -123.000   ; 106.000    ;
; -232.000 ; n_t_40x   ; rx_div  ; clk          ; clk         ; 1.000        ; -123.000   ; 106.000    ;
; -231.000 ; n_t_40x   ; n_t_36x ; bd600        ; clk         ; 1.000        ; -104.000   ; 124.000    ;
; -231.000 ; n_t_40x   ; n_t_40x ; bd600        ; clk         ; 1.000        ; -104.000   ; 124.000    ;
; -231.000 ; n_t_40x   ; n_t_34x ; bd600        ; clk         ; 1.000        ; -104.000   ; 124.000    ;
; -231.000 ; n_t_40x   ; n_t_35x ; bd600        ; clk         ; 1.000        ; -104.000   ; 124.000    ;
; -231.000 ; n_t_40x   ; n_t_37x ; bd600        ; clk         ; 1.000        ; -104.000   ; 124.000    ;
; -231.000 ; n_t_40x   ; n_t_38x ; bd600        ; clk         ; 1.000        ; -104.000   ; 124.000    ;
; -231.000 ; n_t_40x   ; n_t_39x ; bd600        ; clk         ; 1.000        ; -104.000   ; 124.000    ;
; -231.000 ; n_t_40x   ; rx7     ; bd600        ; clk         ; 1.000        ; -104.000   ; 124.000    ;
; -231.000 ; n_t_40x   ; n_t_36x ; bd600        ; clk         ; 1.000        ; -104.000   ; 124.000    ;
; -231.000 ; n_t_40x   ; n_t_40x ; bd600        ; clk         ; 1.000        ; -104.000   ; 124.000    ;
; -231.000 ; n_t_40x   ; n_t_34x ; bd600        ; clk         ; 1.000        ; -104.000   ; 124.000    ;
; -231.000 ; n_t_40x   ; n_t_35x ; bd600        ; clk         ; 1.000        ; -104.000   ; 124.000    ;
; -231.000 ; n_t_40x   ; n_t_37x ; bd600        ; clk         ; 1.000        ; -104.000   ; 124.000    ;
; -231.000 ; n_t_40x   ; n_t_38x ; bd600        ; clk         ; 1.000        ; -104.000   ; 124.000    ;
; -231.000 ; n_t_40x   ; n_t_39x ; bd600        ; clk         ; 1.000        ; -104.000   ; 124.000    ;
; -231.000 ; n_t_40x   ; rx7     ; bd600        ; clk         ; 1.000        ; -104.000   ; 124.000    ;
; -230.500 ; n_t_40x   ; rx_div  ; bd1200       ; clk         ; 0.500        ; -121.000   ; 106.000    ;
; -224.500 ; n_t_40x   ; rx7     ; clk          ; clk         ; 0.500        ; -97.000    ; 124.000    ;
; -224.500 ; n_t_40x   ; n_t_36x ; clk          ; clk         ; 0.500        ; -97.000    ; 124.000    ;
; -224.500 ; n_t_40x   ; n_t_40x ; clk          ; clk         ; 0.500        ; -97.000    ; 124.000    ;
; -224.500 ; n_t_40x   ; n_t_34x ; clk          ; clk         ; 0.500        ; -97.000    ; 124.000    ;
; -224.500 ; n_t_40x   ; n_t_35x ; clk          ; clk         ; 0.500        ; -97.000    ; 124.000    ;
; -224.500 ; n_t_40x   ; n_t_37x ; clk          ; clk         ; 0.500        ; -97.000    ; 124.000    ;
; -224.500 ; n_t_40x   ; n_t_38x ; clk          ; clk         ; 0.500        ; -97.000    ; 124.000    ;
; -224.500 ; n_t_40x   ; n_t_39x ; clk          ; clk         ; 0.500        ; -97.000    ; 124.000    ;
; -224.500 ; n_t_40x   ; n_t_36x ; clk          ; clk         ; 0.500        ; -97.000    ; 124.000    ;
; -224.500 ; n_t_40x   ; n_t_40x ; clk          ; clk         ; 0.500        ; -97.000    ; 124.000    ;
; -224.500 ; n_t_40x   ; n_t_34x ; clk          ; clk         ; 0.500        ; -97.000    ; 124.000    ;
; -224.500 ; n_t_40x   ; n_t_35x ; clk          ; clk         ; 0.500        ; -97.000    ; 124.000    ;
; -224.500 ; n_t_40x   ; n_t_37x ; clk          ; clk         ; 0.500        ; -97.000    ; 124.000    ;
; -224.500 ; n_t_40x   ; n_t_38x ; clk          ; clk         ; 0.500        ; -97.000    ; 124.000    ;
; -224.500 ; n_t_40x   ; n_t_39x ; clk          ; clk         ; 0.500        ; -97.000    ; 124.000    ;
; -224.500 ; n_t_40x   ; rx7     ; clk          ; clk         ; 0.500        ; -97.000    ; 124.000    ;
; -224.000 ; n_t_40x   ; n_t_36x ; sw1          ; clk         ; 1.000        ; -97.000    ; 124.000    ;
; -224.000 ; n_t_40x   ; n_t_40x ; sw1          ; clk         ; 1.000        ; -97.000    ; 124.000    ;
; -224.000 ; n_t_40x   ; n_t_34x ; sw1          ; clk         ; 1.000        ; -97.000    ; 124.000    ;
; -224.000 ; n_t_40x   ; n_t_35x ; sw1          ; clk         ; 1.000        ; -97.000    ; 124.000    ;
; -224.000 ; n_t_40x   ; n_t_37x ; sw1          ; clk         ; 1.000        ; -97.000    ; 124.000    ;
; -224.000 ; n_t_40x   ; n_t_38x ; sw1          ; clk         ; 1.000        ; -97.000    ; 124.000    ;
; -224.000 ; n_t_40x   ; n_t_39x ; sw1          ; clk         ; 1.000        ; -97.000    ; 124.000    ;
; -224.000 ; n_t_40x   ; rx7     ; sw1          ; clk         ; 1.000        ; -97.000    ; 124.000    ;
; -222.000 ; n_t_40x   ; n_t_36x ; bd1200       ; clk         ; 1.000        ; -95.000    ; 124.000    ;
; -222.000 ; n_t_40x   ; n_t_40x ; bd1200       ; clk         ; 1.000        ; -95.000    ; 124.000    ;
; -222.000 ; n_t_40x   ; n_t_34x ; bd1200       ; clk         ; 1.000        ; -95.000    ; 124.000    ;
; -222.000 ; n_t_40x   ; n_t_35x ; bd1200       ; clk         ; 1.000        ; -95.000    ; 124.000    ;
; -222.000 ; n_t_40x   ; n_t_37x ; bd1200       ; clk         ; 1.000        ; -95.000    ; 124.000    ;
; -222.000 ; n_t_40x   ; n_t_38x ; bd1200       ; clk         ; 1.000        ; -95.000    ; 124.000    ;
; -222.000 ; n_t_40x   ; n_t_39x ; bd1200       ; clk         ; 1.000        ; -95.000    ; 124.000    ;
+----------+-----------+---------+--------------+-------------+--------------+------------+------------+


+------------------------------------------------------------------------------------------------------+
; Slow Model Setup: 'bd600'                                                                            ;
+----------+-----------+---------+--------------+-------------+--------------+------------+------------+
; Slack    ; From Node ; To Node ; Launch Clock ; Latch Clock ; Relationship ; Clock Skew ; Data Delay ;
+----------+-----------+---------+--------------+-------------+--------------+------------+------------+
; -243.500 ; n_t_40x   ; n_t_36x ; sw1          ; bd600       ; 0.500        ; -116.000   ; 124.000    ;
; -243.500 ; n_t_40x   ; n_t_40x ; sw1          ; bd600       ; 0.500        ; -116.000   ; 124.000    ;
; -243.500 ; n_t_40x   ; n_t_34x ; sw1          ; bd600       ; 0.500        ; -116.000   ; 124.000    ;
; -243.500 ; n_t_40x   ; n_t_35x ; sw1          ; bd600       ; 0.500        ; -116.000   ; 124.000    ;
; -243.500 ; n_t_40x   ; n_t_37x ; sw1          ; bd600       ; 0.500        ; -116.000   ; 124.000    ;
; -243.500 ; n_t_40x   ; n_t_38x ; sw1          ; bd600       ; 0.500        ; -116.000   ; 124.000    ;
; -243.500 ; n_t_40x   ; n_t_39x ; sw1          ; bd600       ; 0.500        ; -116.000   ; 124.000    ;
; -243.500 ; n_t_40x   ; rx7     ; sw1          ; bd600       ; 0.500        ; -116.000   ; 124.000    ;
; -241.000 ; n_t_40x   ; n_t_36x ; bd600        ; bd600       ; 1.000        ; -114.000   ; 124.000    ;
; -241.000 ; n_t_40x   ; n_t_40x ; bd600        ; bd600       ; 1.000        ; -114.000   ; 124.000    ;
; -241.000 ; n_t_40x   ; n_t_34x ; bd600        ; bd600       ; 1.000        ; -114.000   ; 124.000    ;
; -241.000 ; n_t_40x   ; n_t_35x ; bd600        ; bd600       ; 1.000        ; -114.000   ; 124.000    ;
; -241.000 ; n_t_40x   ; n_t_37x ; bd600        ; bd600       ; 1.000        ; -114.000   ; 124.000    ;
; -241.000 ; n_t_40x   ; n_t_38x ; bd600        ; bd600       ; 1.000        ; -114.000   ; 124.000    ;
; -241.000 ; n_t_40x   ; n_t_39x ; bd600        ; bd600       ; 1.000        ; -114.000   ; 124.000    ;
; -241.000 ; n_t_40x   ; rx7     ; bd600        ; bd600       ; 1.000        ; -114.000   ; 124.000    ;
; -234.500 ; n_t_40x   ; n_t_36x ; clk          ; bd600       ; 0.500        ; -107.000   ; 124.000    ;
; -234.500 ; n_t_40x   ; n_t_40x ; clk          ; bd600       ; 0.500        ; -107.000   ; 124.000    ;
; -234.500 ; n_t_40x   ; n_t_34x ; clk          ; bd600       ; 0.500        ; -107.000   ; 124.000    ;
; -234.500 ; n_t_40x   ; n_t_35x ; clk          ; bd600       ; 0.500        ; -107.000   ; 124.000    ;
; -234.500 ; n_t_40x   ; n_t_37x ; clk          ; bd600       ; 0.500        ; -107.000   ; 124.000    ;
; -234.500 ; n_t_40x   ; n_t_38x ; clk          ; bd600       ; 0.500        ; -107.000   ; 124.000    ;
; -234.500 ; n_t_40x   ; n_t_39x ; clk          ; bd600       ; 0.500        ; -107.000   ; 124.000    ;
; -234.500 ; n_t_40x   ; rx7     ; clk          ; bd600       ; 0.500        ; -107.000   ; 124.000    ;
; -234.500 ; n_t_40x   ; rx_div  ; sw1          ; bd600       ; 0.500        ; -125.000   ; 106.000    ;
; -234.000 ; n_t_40x   ; n_t_36x ; sw1          ; bd600       ; 1.000        ; -107.000   ; 124.000    ;
; -234.000 ; n_t_40x   ; n_t_40x ; sw1          ; bd600       ; 1.000        ; -107.000   ; 124.000    ;
; -234.000 ; n_t_40x   ; n_t_34x ; sw1          ; bd600       ; 1.000        ; -107.000   ; 124.000    ;
; -234.000 ; n_t_40x   ; n_t_35x ; sw1          ; bd600       ; 1.000        ; -107.000   ; 124.000    ;
; -234.000 ; n_t_40x   ; n_t_37x ; sw1          ; bd600       ; 1.000        ; -107.000   ; 124.000    ;
; -234.000 ; n_t_40x   ; n_t_38x ; sw1          ; bd600       ; 1.000        ; -107.000   ; 124.000    ;
; -234.000 ; n_t_40x   ; n_t_39x ; sw1          ; bd600       ; 1.000        ; -107.000   ; 124.000    ;
; -234.000 ; n_t_40x   ; rx7     ; sw1          ; bd600       ; 1.000        ; -107.000   ; 124.000    ;
; -232.000 ; n_t_40x   ; rx_div  ; bd600        ; bd600       ; 1.000        ; -123.000   ; 106.000    ;
; -232.000 ; n_t_40x   ; n_t_36x ; bd1200       ; bd600       ; 1.000        ; -105.000   ; 124.000    ;
; -232.000 ; n_t_40x   ; n_t_40x ; bd1200       ; bd600       ; 1.000        ; -105.000   ; 124.000    ;
; -232.000 ; n_t_40x   ; n_t_34x ; bd1200       ; bd600       ; 1.000        ; -105.000   ; 124.000    ;
; -232.000 ; n_t_40x   ; n_t_35x ; bd1200       ; bd600       ; 1.000        ; -105.000   ; 124.000    ;
; -232.000 ; n_t_40x   ; n_t_37x ; bd1200       ; bd600       ; 1.000        ; -105.000   ; 124.000    ;
; -232.000 ; n_t_40x   ; n_t_38x ; bd1200       ; bd600       ; 1.000        ; -105.000   ; 124.000    ;
; -232.000 ; n_t_40x   ; n_t_39x ; bd1200       ; bd600       ; 1.000        ; -105.000   ; 124.000    ;
; -232.000 ; n_t_40x   ; rx7     ; bd1200       ; bd600       ; 1.000        ; -105.000   ; 124.000    ;
; -226.000 ; n_t_40x   ; n_t_36x ; sw1          ; bd600       ; 1.000        ; -99.000    ; 124.000    ;
; -226.000 ; n_t_40x   ; n_t_40x ; sw1          ; bd600       ; 1.000        ; -99.000    ; 124.000    ;
; -226.000 ; n_t_40x   ; n_t_34x ; sw1          ; bd600       ; 1.000        ; -99.000    ; 124.000    ;
; -226.000 ; n_t_40x   ; n_t_35x ; sw1          ; bd600       ; 1.000        ; -99.000    ; 124.000    ;
; -226.000 ; n_t_40x   ; n_t_37x ; sw1          ; bd600       ; 1.000        ; -99.000    ; 124.000    ;
; -226.000 ; n_t_40x   ; n_t_38x ; sw1          ; bd600       ; 1.000        ; -99.000    ; 124.000    ;
; -226.000 ; n_t_40x   ; n_t_39x ; sw1          ; bd600       ; 1.000        ; -99.000    ; 124.000    ;
; -226.000 ; n_t_40x   ; rx7     ; sw1          ; bd600       ; 1.000        ; -99.000    ; 124.000    ;
; -225.500 ; n_t_40x   ; rx_div  ; clk          ; bd600       ; 0.500        ; -116.000   ; 106.000    ;
; -225.000 ; n_t_40x   ; rx_div  ; sw1          ; bd600       ; 1.000        ; -116.000   ; 106.000    ;
; -224.500 ; n_t_40x   ; n_t_36x ; bd600        ; bd600       ; 0.500        ; -97.000    ; 124.000    ;
; -224.500 ; n_t_40x   ; n_t_40x ; bd600        ; bd600       ; 0.500        ; -97.000    ; 124.000    ;
; -224.500 ; n_t_40x   ; n_t_34x ; bd600        ; bd600       ; 0.500        ; -97.000    ; 124.000    ;
; -224.500 ; n_t_40x   ; n_t_35x ; bd600        ; bd600       ; 0.500        ; -97.000    ; 124.000    ;
; -224.500 ; n_t_40x   ; n_t_37x ; bd600        ; bd600       ; 0.500        ; -97.000    ; 124.000    ;
; -224.500 ; n_t_40x   ; n_t_38x ; bd600        ; bd600       ; 0.500        ; -97.000    ; 124.000    ;
; -224.500 ; n_t_40x   ; n_t_39x ; bd600        ; bd600       ; 0.500        ; -97.000    ; 124.000    ;
; -224.500 ; n_t_40x   ; rx7     ; bd600        ; bd600       ; 0.500        ; -97.000    ; 124.000    ;
; -224.500 ; n_t_40x   ; rx7     ; bd600        ; bd600       ; 0.500        ; -97.000    ; 124.000    ;
; -224.500 ; n_t_40x   ; n_t_36x ; bd600        ; bd600       ; 0.500        ; -97.000    ; 124.000    ;
; -224.500 ; n_t_40x   ; n_t_40x ; bd600        ; bd600       ; 0.500        ; -97.000    ; 124.000    ;
; -224.500 ; n_t_40x   ; n_t_34x ; bd600        ; bd600       ; 0.500        ; -97.000    ; 124.000    ;
; -224.500 ; n_t_40x   ; n_t_35x ; bd600        ; bd600       ; 0.500        ; -97.000    ; 124.000    ;
; -224.500 ; n_t_40x   ; n_t_37x ; bd600        ; bd600       ; 0.500        ; -97.000    ; 124.000    ;
; -224.500 ; n_t_40x   ; n_t_38x ; bd600        ; bd600       ; 0.500        ; -97.000    ; 124.000    ;
; -224.500 ; n_t_40x   ; n_t_39x ; bd600        ; bd600       ; 0.500        ; -97.000    ; 124.000    ;
; -223.000 ; n_t_40x   ; rx_div  ; bd1200       ; bd600       ; 1.000        ; -114.000   ; 106.000    ;
; -217.500 ; n_t_40x   ; n_t_36x ; sw1          ; bd600       ; 0.500        ; -90.000    ; 124.000    ;
; -217.500 ; n_t_40x   ; n_t_40x ; sw1          ; bd600       ; 0.500        ; -90.000    ; 124.000    ;
; -217.500 ; n_t_40x   ; n_t_34x ; sw1          ; bd600       ; 0.500        ; -90.000    ; 124.000    ;
; -217.500 ; n_t_40x   ; n_t_35x ; sw1          ; bd600       ; 0.500        ; -90.000    ; 124.000    ;
; -217.500 ; n_t_40x   ; n_t_37x ; sw1          ; bd600       ; 0.500        ; -90.000    ; 124.000    ;
; -217.500 ; n_t_40x   ; n_t_38x ; sw1          ; bd600       ; 0.500        ; -90.000    ; 124.000    ;
; -217.500 ; n_t_40x   ; n_t_39x ; sw1          ; bd600       ; 0.500        ; -90.000    ; 124.000    ;
; -217.500 ; n_t_40x   ; rx7     ; sw1          ; bd600       ; 0.500        ; -90.000    ; 124.000    ;
; -217.000 ; n_t_40x   ; n_t_36x ; clk          ; bd600       ; 1.000        ; -90.000    ; 124.000    ;
; -217.000 ; n_t_40x   ; n_t_40x ; clk          ; bd600       ; 1.000        ; -90.000    ; 124.000    ;
; -217.000 ; n_t_40x   ; n_t_34x ; clk          ; bd600       ; 1.000        ; -90.000    ; 124.000    ;
; -217.000 ; n_t_40x   ; n_t_35x ; clk          ; bd600       ; 1.000        ; -90.000    ; 124.000    ;
; -217.000 ; n_t_40x   ; n_t_37x ; clk          ; bd600       ; 1.000        ; -90.000    ; 124.000    ;
; -217.000 ; n_t_40x   ; n_t_38x ; clk          ; bd600       ; 1.000        ; -90.000    ; 124.000    ;
; -217.000 ; n_t_40x   ; n_t_39x ; clk          ; bd600       ; 1.000        ; -90.000    ; 124.000    ;
; -217.000 ; n_t_40x   ; rx7     ; clk          ; bd600       ; 1.000        ; -90.000    ; 124.000    ;
; -217.000 ; n_t_40x   ; n_t_36x ; clk          ; bd600       ; 1.000        ; -90.000    ; 124.000    ;
; -217.000 ; n_t_40x   ; n_t_40x ; clk          ; bd600       ; 1.000        ; -90.000    ; 124.000    ;
; -217.000 ; n_t_40x   ; n_t_34x ; clk          ; bd600       ; 1.000        ; -90.000    ; 124.000    ;
; -217.000 ; n_t_40x   ; n_t_35x ; clk          ; bd600       ; 1.000        ; -90.000    ; 124.000    ;
; -217.000 ; n_t_40x   ; n_t_37x ; clk          ; bd600       ; 1.000        ; -90.000    ; 124.000    ;
; -217.000 ; n_t_40x   ; n_t_38x ; clk          ; bd600       ; 1.000        ; -90.000    ; 124.000    ;
; -217.000 ; n_t_40x   ; n_t_39x ; clk          ; bd600       ; 1.000        ; -90.000    ; 124.000    ;
; -217.000 ; n_t_40x   ; rx7     ; clk          ; bd600       ; 1.000        ; -90.000    ; 124.000    ;
; -215.500 ; n_t_40x   ; rx_div  ; bd600        ; bd600       ; 0.500        ; -106.000   ; 106.000    ;
; -215.500 ; n_t_40x   ; n_t_36x ; bd1200       ; bd600       ; 0.500        ; -88.000    ; 124.000    ;
; -215.500 ; n_t_40x   ; n_t_40x ; bd1200       ; bd600       ; 0.500        ; -88.000    ; 124.000    ;
; -215.500 ; n_t_40x   ; n_t_34x ; bd1200       ; bd600       ; 0.500        ; -88.000    ; 124.000    ;
; -215.500 ; n_t_40x   ; n_t_35x ; bd1200       ; bd600       ; 0.500        ; -88.000    ; 124.000    ;
; -215.500 ; n_t_40x   ; n_t_37x ; bd1200       ; bd600       ; 0.500        ; -88.000    ; 124.000    ;
; -215.500 ; n_t_40x   ; n_t_38x ; bd1200       ; bd600       ; 0.500        ; -88.000    ; 124.000    ;
+----------+-----------+---------+--------------+-------------+--------------+------------+------------+


+----------------------------------------------------------------------------------------------------+
; Slow Model Setup: 'bd2400'                                                                         ;
+--------+-----------+---------+--------------+-------------+--------------+------------+------------+
; Slack  ; From Node ; To Node ; Launch Clock ; Latch Clock ; Relationship ; Clock Skew ; Data Delay ;
+--------+-----------+---------+--------------+-------------+--------------+------------+------------+
; -3.500 ; bd1200    ; bd1200  ; bd1200       ; bd2400      ; 0.500        ; 8.000      ; 9.000      ;
; -3.000 ; bd1200    ; bd1200  ; bd1200       ; bd2400      ; 1.000        ; 8.000      ; 9.000      ;
+--------+-----------+---------+--------------+-------------+--------------+------------+------------+


+------------------------------------------------------------------------------------------------------+
; Slow Model Hold: 'sw1'                                                                               ;
+----------+-----------+---------+--------------+-------------+--------------+------------+------------+
; Slack    ; From Node ; To Node ; Launch Clock ; Latch Clock ; Relationship ; Clock Skew ; Data Delay ;
+----------+-----------+---------+--------------+-------------+--------------+------------+------------+
; -120.000 ; bd1200    ; n_t_36x ; bd1200       ; sw1         ; 0.000        ; 151.000    ; 36.000     ;
; -120.000 ; bd1200    ; n_t_40x ; bd1200       ; sw1         ; 0.000        ; 151.000    ; 36.000     ;
; -120.000 ; bd1200    ; n_t_34x ; bd1200       ; sw1         ; 0.000        ; 151.000    ; 36.000     ;
; -120.000 ; bd1200    ; n_t_35x ; bd1200       ; sw1         ; 0.000        ; 151.000    ; 36.000     ;
; -120.000 ; bd1200    ; n_t_37x ; bd1200       ; sw1         ; 0.000        ; 151.000    ; 36.000     ;
; -120.000 ; bd1200    ; n_t_38x ; bd1200       ; sw1         ; 0.000        ; 151.000    ; 36.000     ;
; -120.000 ; bd1200    ; n_t_39x ; bd1200       ; sw1         ; 0.000        ; 151.000    ; 36.000     ;
; -120.000 ; bd1200    ; rx7     ; bd1200       ; sw1         ; 0.000        ; 151.000    ; 36.000     ;
; -119.500 ; bd1200    ; n_t_36x ; bd1200       ; sw1         ; -0.500       ; 151.000    ; 36.000     ;
; -119.500 ; n_t_34x   ; n_t_36x ; bd1200       ; sw1         ; -0.500       ; 125.000    ; 9.000      ;
; -119.500 ; bd1200    ; n_t_40x ; bd1200       ; sw1         ; -0.500       ; 151.000    ; 36.000     ;
; -119.500 ; n_t_39x   ; n_t_40x ; bd1200       ; sw1         ; -0.500       ; 125.000    ; 9.000      ;
; -119.500 ; rx7       ; n_t_34x ; bd1200       ; sw1         ; -0.500       ; 125.000    ; 9.000      ;
; -119.500 ; bd1200    ; n_t_34x ; bd1200       ; sw1         ; -0.500       ; 151.000    ; 36.000     ;
; -119.500 ; bd1200    ; n_t_35x ; bd1200       ; sw1         ; -0.500       ; 151.000    ; 36.000     ;
; -119.500 ; n_t_36x   ; n_t_35x ; bd1200       ; sw1         ; -0.500       ; 125.000    ; 9.000      ;
; -119.500 ; bd1200    ; n_t_37x ; bd1200       ; sw1         ; -0.500       ; 151.000    ; 36.000     ;
; -119.500 ; n_t_35x   ; n_t_37x ; bd1200       ; sw1         ; -0.500       ; 125.000    ; 9.000      ;
; -119.500 ; bd1200    ; n_t_38x ; bd1200       ; sw1         ; -0.500       ; 151.000    ; 36.000     ;
; -119.500 ; n_t_37x   ; n_t_38x ; bd1200       ; sw1         ; -0.500       ; 125.000    ; 9.000      ;
; -119.500 ; bd1200    ; n_t_39x ; bd1200       ; sw1         ; -0.500       ; 151.000    ; 36.000     ;
; -119.500 ; n_t_38x   ; n_t_39x ; bd1200       ; sw1         ; -0.500       ; 125.000    ; 9.000      ;
; -119.500 ; bd1200    ; rx7     ; bd1200       ; sw1         ; -0.500       ; 151.000    ; 36.000     ;
; -118.000 ; clk       ; n_t_36x ; clk          ; sw1         ; 0.000        ; 151.000    ; 37.000     ;
; -118.000 ; n_t_34x   ; n_t_36x ; clk          ; sw1         ; 0.000        ; 123.000    ; 9.000      ;
; -118.000 ; clk       ; n_t_40x ; clk          ; sw1         ; 0.000        ; 151.000    ; 37.000     ;
; -118.000 ; n_t_39x   ; n_t_40x ; clk          ; sw1         ; 0.000        ; 123.000    ; 9.000      ;
; -118.000 ; rx7       ; n_t_34x ; clk          ; sw1         ; 0.000        ; 123.000    ; 9.000      ;
; -118.000 ; clk       ; n_t_34x ; clk          ; sw1         ; 0.000        ; 151.000    ; 37.000     ;
; -118.000 ; clk       ; n_t_35x ; clk          ; sw1         ; 0.000        ; 151.000    ; 37.000     ;
; -118.000 ; n_t_36x   ; n_t_35x ; clk          ; sw1         ; 0.000        ; 123.000    ; 9.000      ;
; -118.000 ; clk       ; n_t_37x ; clk          ; sw1         ; 0.000        ; 151.000    ; 37.000     ;
; -118.000 ; n_t_35x   ; n_t_37x ; clk          ; sw1         ; 0.000        ; 123.000    ; 9.000      ;
; -118.000 ; clk       ; n_t_38x ; clk          ; sw1         ; 0.000        ; 151.000    ; 37.000     ;
; -118.000 ; n_t_37x   ; n_t_38x ; clk          ; sw1         ; 0.000        ; 123.000    ; 9.000      ;
; -118.000 ; clk       ; n_t_39x ; clk          ; sw1         ; 0.000        ; 151.000    ; 37.000     ;
; -118.000 ; n_t_38x   ; n_t_39x ; clk          ; sw1         ; 0.000        ; 123.000    ; 9.000      ;
; -118.000 ; clk       ; rx7     ; clk          ; sw1         ; 0.000        ; 151.000    ; 37.000     ;
; -118.000 ; sw1       ; n_t_36x ; sw1          ; sw1         ; 0.000        ; 151.000    ; 37.000     ;
; -118.000 ; sw1       ; n_t_40x ; sw1          ; sw1         ; 0.000        ; 151.000    ; 37.000     ;
; -118.000 ; sw1       ; n_t_34x ; sw1          ; sw1         ; 0.000        ; 151.000    ; 37.000     ;
; -118.000 ; sw1       ; n_t_35x ; sw1          ; sw1         ; 0.000        ; 151.000    ; 37.000     ;
; -118.000 ; sw1       ; n_t_37x ; sw1          ; sw1         ; 0.000        ; 151.000    ; 37.000     ;
; -118.000 ; sw1       ; n_t_38x ; sw1          ; sw1         ; 0.000        ; 151.000    ; 37.000     ;
; -118.000 ; sw1       ; n_t_39x ; sw1          ; sw1         ; 0.000        ; 151.000    ; 37.000     ;
; -118.000 ; sw1       ; rx7     ; sw1          ; sw1         ; 0.000        ; 151.000    ; 37.000     ;
; -117.500 ; clk       ; n_t_36x ; clk          ; sw1         ; -0.500       ; 151.000    ; 37.000     ;
; -117.500 ; clk       ; n_t_40x ; clk          ; sw1         ; -0.500       ; 151.000    ; 37.000     ;
; -117.500 ; clk       ; n_t_34x ; clk          ; sw1         ; -0.500       ; 151.000    ; 37.000     ;
; -117.500 ; clk       ; n_t_35x ; clk          ; sw1         ; -0.500       ; 151.000    ; 37.000     ;
; -117.500 ; clk       ; n_t_37x ; clk          ; sw1         ; -0.500       ; 151.000    ; 37.000     ;
; -117.500 ; clk       ; n_t_38x ; clk          ; sw1         ; -0.500       ; 151.000    ; 37.000     ;
; -117.500 ; clk       ; n_t_39x ; clk          ; sw1         ; -0.500       ; 151.000    ; 37.000     ;
; -117.500 ; clk       ; rx7     ; clk          ; sw1         ; -0.500       ; 151.000    ; 37.000     ;
; -117.500 ; sw1       ; n_t_36x ; sw1          ; sw1         ; -0.500       ; 151.000    ; 37.000     ;
; -117.500 ; n_t_34x   ; n_t_36x ; sw1          ; sw1         ; -0.500       ; 123.000    ; 9.000      ;
; -117.500 ; sw1       ; n_t_40x ; sw1          ; sw1         ; -0.500       ; 151.000    ; 37.000     ;
; -117.500 ; n_t_39x   ; n_t_40x ; sw1          ; sw1         ; -0.500       ; 123.000    ; 9.000      ;
; -117.500 ; rx7       ; n_t_34x ; sw1          ; sw1         ; -0.500       ; 123.000    ; 9.000      ;
; -117.500 ; sw1       ; n_t_34x ; sw1          ; sw1         ; -0.500       ; 151.000    ; 37.000     ;
; -117.500 ; sw1       ; n_t_35x ; sw1          ; sw1         ; -0.500       ; 151.000    ; 37.000     ;
; -117.500 ; n_t_36x   ; n_t_35x ; sw1          ; sw1         ; -0.500       ; 123.000    ; 9.000      ;
; -117.500 ; sw1       ; n_t_37x ; sw1          ; sw1         ; -0.500       ; 151.000    ; 37.000     ;
; -117.500 ; n_t_35x   ; n_t_37x ; sw1          ; sw1         ; -0.500       ; 123.000    ; 9.000      ;
; -117.500 ; sw1       ; n_t_38x ; sw1          ; sw1         ; -0.500       ; 151.000    ; 37.000     ;
; -117.500 ; n_t_37x   ; n_t_38x ; sw1          ; sw1         ; -0.500       ; 123.000    ; 9.000      ;
; -117.500 ; sw1       ; n_t_39x ; sw1          ; sw1         ; -0.500       ; 151.000    ; 37.000     ;
; -117.500 ; n_t_38x   ; n_t_39x ; sw1          ; sw1         ; -0.500       ; 123.000    ; 9.000      ;
; -117.500 ; sw1       ; rx7     ; sw1          ; sw1         ; -0.500       ; 151.000    ; 37.000     ;
; -111.000 ; bd1200    ; n_t_36x ; bd1200       ; sw1         ; 0.000        ; 142.000    ; 36.000     ;
; -111.000 ; n_t_34x   ; n_t_36x ; bd1200       ; sw1         ; 0.000        ; 116.000    ; 9.000      ;
; -111.000 ; bd1200    ; n_t_40x ; bd1200       ; sw1         ; 0.000        ; 142.000    ; 36.000     ;
; -111.000 ; n_t_39x   ; n_t_40x ; bd1200       ; sw1         ; 0.000        ; 116.000    ; 9.000      ;
; -111.000 ; rx7       ; n_t_34x ; bd1200       ; sw1         ; 0.000        ; 116.000    ; 9.000      ;
; -111.000 ; bd1200    ; n_t_34x ; bd1200       ; sw1         ; 0.000        ; 142.000    ; 36.000     ;
; -111.000 ; bd1200    ; n_t_35x ; bd1200       ; sw1         ; 0.000        ; 142.000    ; 36.000     ;
; -111.000 ; n_t_36x   ; n_t_35x ; bd1200       ; sw1         ; 0.000        ; 116.000    ; 9.000      ;
; -111.000 ; bd1200    ; n_t_37x ; bd1200       ; sw1         ; 0.000        ; 142.000    ; 36.000     ;
; -111.000 ; n_t_35x   ; n_t_37x ; bd1200       ; sw1         ; 0.000        ; 116.000    ; 9.000      ;
; -111.000 ; bd1200    ; n_t_38x ; bd1200       ; sw1         ; 0.000        ; 142.000    ; 36.000     ;
; -111.000 ; n_t_37x   ; n_t_38x ; bd1200       ; sw1         ; 0.000        ; 116.000    ; 9.000      ;
; -111.000 ; bd1200    ; n_t_39x ; bd1200       ; sw1         ; 0.000        ; 142.000    ; 36.000     ;
; -111.000 ; n_t_38x   ; n_t_39x ; bd1200       ; sw1         ; 0.000        ; 116.000    ; 9.000      ;
; -111.000 ; bd1200    ; rx7     ; bd1200       ; sw1         ; 0.000        ; 142.000    ; 36.000     ;
; -111.000 ; bd600     ; n_t_36x ; bd600        ; sw1         ; 0.000        ; 151.000    ; 45.000     ;
; -111.000 ; bd600     ; n_t_40x ; bd600        ; sw1         ; 0.000        ; 151.000    ; 45.000     ;
; -111.000 ; bd600     ; n_t_34x ; bd600        ; sw1         ; 0.000        ; 151.000    ; 45.000     ;
; -111.000 ; bd600     ; n_t_35x ; bd600        ; sw1         ; 0.000        ; 151.000    ; 45.000     ;
; -111.000 ; bd600     ; n_t_37x ; bd600        ; sw1         ; 0.000        ; 151.000    ; 45.000     ;
; -111.000 ; bd600     ; n_t_38x ; bd600        ; sw1         ; 0.000        ; 151.000    ; 45.000     ;
; -111.000 ; bd600     ; n_t_39x ; bd600        ; sw1         ; 0.000        ; 151.000    ; 45.000     ;
; -111.000 ; bd600     ; rx7     ; bd600        ; sw1         ; 0.000        ; 151.000    ; 45.000     ;
; -110.500 ; bd1200    ; n_t_36x ; bd1200       ; sw1         ; -0.500       ; 142.000    ; 36.000     ;
; -110.500 ; bd1200    ; n_t_40x ; bd1200       ; sw1         ; -0.500       ; 142.000    ; 36.000     ;
; -110.500 ; bd1200    ; n_t_34x ; bd1200       ; sw1         ; -0.500       ; 142.000    ; 36.000     ;
; -110.500 ; bd1200    ; n_t_35x ; bd1200       ; sw1         ; -0.500       ; 142.000    ; 36.000     ;
; -110.500 ; bd1200    ; n_t_37x ; bd1200       ; sw1         ; -0.500       ; 142.000    ; 36.000     ;
; -110.500 ; bd1200    ; n_t_38x ; bd1200       ; sw1         ; -0.500       ; 142.000    ; 36.000     ;
; -110.500 ; bd1200    ; n_t_39x ; bd1200       ; sw1         ; -0.500       ; 142.000    ; 36.000     ;
; -110.500 ; bd1200    ; rx7     ; bd1200       ; sw1         ; -0.500       ; 142.000    ; 36.000     ;
+----------+-----------+---------+--------------+-------------+--------------+------------+------------+


+------------------------------------------------------------------------------------------------------+
; Slow Model Hold: 'bd600'                                                                             ;
+----------+-----------+---------+--------------+-------------+--------------+------------+------------+
; Slack    ; From Node ; To Node ; Launch Clock ; Latch Clock ; Relationship ; Clock Skew ; Data Delay ;
+----------+-----------+---------+--------------+-------------+--------------+------------+------------+
; -118.000 ; bd1200    ; n_t_36x ; bd1200       ; bd600       ; 0.000        ; 149.000    ; 36.000     ;
; -118.000 ; n_t_34x   ; n_t_36x ; bd1200       ; bd600       ; 0.000        ; 123.000    ; 9.000      ;
; -118.000 ; bd1200    ; n_t_40x ; bd1200       ; bd600       ; 0.000        ; 149.000    ; 36.000     ;
; -118.000 ; n_t_39x   ; n_t_40x ; bd1200       ; bd600       ; 0.000        ; 123.000    ; 9.000      ;
; -118.000 ; rx7       ; n_t_34x ; bd1200       ; bd600       ; 0.000        ; 123.000    ; 9.000      ;
; -118.000 ; bd1200    ; n_t_34x ; bd1200       ; bd600       ; 0.000        ; 149.000    ; 36.000     ;
; -118.000 ; bd1200    ; n_t_35x ; bd1200       ; bd600       ; 0.000        ; 149.000    ; 36.000     ;
; -118.000 ; n_t_36x   ; n_t_35x ; bd1200       ; bd600       ; 0.000        ; 123.000    ; 9.000      ;
; -118.000 ; bd1200    ; n_t_37x ; bd1200       ; bd600       ; 0.000        ; 149.000    ; 36.000     ;
; -118.000 ; n_t_35x   ; n_t_37x ; bd1200       ; bd600       ; 0.000        ; 123.000    ; 9.000      ;
; -118.000 ; bd1200    ; n_t_38x ; bd1200       ; bd600       ; 0.000        ; 149.000    ; 36.000     ;
; -118.000 ; n_t_37x   ; n_t_38x ; bd1200       ; bd600       ; 0.000        ; 123.000    ; 9.000      ;
; -118.000 ; bd1200    ; n_t_39x ; bd1200       ; bd600       ; 0.000        ; 149.000    ; 36.000     ;
; -118.000 ; n_t_38x   ; n_t_39x ; bd1200       ; bd600       ; 0.000        ; 123.000    ; 9.000      ;
; -118.000 ; bd1200    ; rx7     ; bd1200       ; bd600       ; 0.000        ; 149.000    ; 36.000     ;
; -117.500 ; bd1200    ; n_t_36x ; bd1200       ; bd600       ; -0.500       ; 149.000    ; 36.000     ;
; -117.500 ; bd1200    ; n_t_40x ; bd1200       ; bd600       ; -0.500       ; 149.000    ; 36.000     ;
; -117.500 ; bd1200    ; n_t_34x ; bd1200       ; bd600       ; -0.500       ; 149.000    ; 36.000     ;
; -117.500 ; bd1200    ; n_t_35x ; bd1200       ; bd600       ; -0.500       ; 149.000    ; 36.000     ;
; -117.500 ; bd1200    ; n_t_37x ; bd1200       ; bd600       ; -0.500       ; 149.000    ; 36.000     ;
; -117.500 ; bd1200    ; n_t_38x ; bd1200       ; bd600       ; -0.500       ; 149.000    ; 36.000     ;
; -117.500 ; bd1200    ; n_t_39x ; bd1200       ; bd600       ; -0.500       ; 149.000    ; 36.000     ;
; -117.500 ; bd1200    ; rx7     ; bd1200       ; bd600       ; -0.500       ; 149.000    ; 36.000     ;
; -116.000 ; clk       ; n_t_36x ; clk          ; bd600       ; 0.000        ; 149.000    ; 37.000     ;
; -116.000 ; clk       ; n_t_40x ; clk          ; bd600       ; 0.000        ; 149.000    ; 37.000     ;
; -116.000 ; clk       ; n_t_34x ; clk          ; bd600       ; 0.000        ; 149.000    ; 37.000     ;
; -116.000 ; clk       ; n_t_35x ; clk          ; bd600       ; 0.000        ; 149.000    ; 37.000     ;
; -116.000 ; clk       ; n_t_37x ; clk          ; bd600       ; 0.000        ; 149.000    ; 37.000     ;
; -116.000 ; clk       ; n_t_38x ; clk          ; bd600       ; 0.000        ; 149.000    ; 37.000     ;
; -116.000 ; clk       ; n_t_39x ; clk          ; bd600       ; 0.000        ; 149.000    ; 37.000     ;
; -116.000 ; clk       ; rx7     ; clk          ; bd600       ; 0.000        ; 149.000    ; 37.000     ;
; -116.000 ; sw1       ; n_t_36x ; sw1          ; bd600       ; 0.000        ; 149.000    ; 37.000     ;
; -116.000 ; n_t_34x   ; n_t_36x ; sw1          ; bd600       ; 0.000        ; 121.000    ; 9.000      ;
; -116.000 ; sw1       ; n_t_40x ; sw1          ; bd600       ; 0.000        ; 149.000    ; 37.000     ;
; -116.000 ; n_t_39x   ; n_t_40x ; sw1          ; bd600       ; 0.000        ; 121.000    ; 9.000      ;
; -116.000 ; rx7       ; n_t_34x ; sw1          ; bd600       ; 0.000        ; 121.000    ; 9.000      ;
; -116.000 ; sw1       ; n_t_34x ; sw1          ; bd600       ; 0.000        ; 149.000    ; 37.000     ;
; -116.000 ; sw1       ; n_t_35x ; sw1          ; bd600       ; 0.000        ; 149.000    ; 37.000     ;
; -116.000 ; n_t_36x   ; n_t_35x ; sw1          ; bd600       ; 0.000        ; 121.000    ; 9.000      ;
; -116.000 ; sw1       ; n_t_37x ; sw1          ; bd600       ; 0.000        ; 149.000    ; 37.000     ;
; -116.000 ; n_t_35x   ; n_t_37x ; sw1          ; bd600       ; 0.000        ; 121.000    ; 9.000      ;
; -116.000 ; sw1       ; n_t_38x ; sw1          ; bd600       ; 0.000        ; 149.000    ; 37.000     ;
; -116.000 ; n_t_37x   ; n_t_38x ; sw1          ; bd600       ; 0.000        ; 121.000    ; 9.000      ;
; -116.000 ; sw1       ; n_t_39x ; sw1          ; bd600       ; 0.000        ; 149.000    ; 37.000     ;
; -116.000 ; n_t_38x   ; n_t_39x ; sw1          ; bd600       ; 0.000        ; 121.000    ; 9.000      ;
; -116.000 ; sw1       ; rx7     ; sw1          ; bd600       ; 0.000        ; 149.000    ; 37.000     ;
; -115.500 ; clk       ; n_t_36x ; clk          ; bd600       ; -0.500       ; 149.000    ; 37.000     ;
; -115.500 ; n_t_34x   ; n_t_36x ; clk          ; bd600       ; -0.500       ; 121.000    ; 9.000      ;
; -115.500 ; clk       ; n_t_40x ; clk          ; bd600       ; -0.500       ; 149.000    ; 37.000     ;
; -115.500 ; n_t_39x   ; n_t_40x ; clk          ; bd600       ; -0.500       ; 121.000    ; 9.000      ;
; -115.500 ; rx7       ; n_t_34x ; clk          ; bd600       ; -0.500       ; 121.000    ; 9.000      ;
; -115.500 ; clk       ; n_t_34x ; clk          ; bd600       ; -0.500       ; 149.000    ; 37.000     ;
; -115.500 ; clk       ; n_t_35x ; clk          ; bd600       ; -0.500       ; 149.000    ; 37.000     ;
; -115.500 ; n_t_36x   ; n_t_35x ; clk          ; bd600       ; -0.500       ; 121.000    ; 9.000      ;
; -115.500 ; clk       ; n_t_37x ; clk          ; bd600       ; -0.500       ; 149.000    ; 37.000     ;
; -115.500 ; n_t_35x   ; n_t_37x ; clk          ; bd600       ; -0.500       ; 121.000    ; 9.000      ;
; -115.500 ; clk       ; n_t_38x ; clk          ; bd600       ; -0.500       ; 149.000    ; 37.000     ;
; -115.500 ; n_t_37x   ; n_t_38x ; clk          ; bd600       ; -0.500       ; 121.000    ; 9.000      ;
; -115.500 ; clk       ; n_t_39x ; clk          ; bd600       ; -0.500       ; 149.000    ; 37.000     ;
; -115.500 ; n_t_38x   ; n_t_39x ; clk          ; bd600       ; -0.500       ; 121.000    ; 9.000      ;
; -115.500 ; clk       ; rx7     ; clk          ; bd600       ; -0.500       ; 149.000    ; 37.000     ;
; -115.500 ; sw1       ; n_t_36x ; sw1          ; bd600       ; -0.500       ; 149.000    ; 37.000     ;
; -115.500 ; sw1       ; n_t_40x ; sw1          ; bd600       ; -0.500       ; 149.000    ; 37.000     ;
; -115.500 ; sw1       ; n_t_34x ; sw1          ; bd600       ; -0.500       ; 149.000    ; 37.000     ;
; -115.500 ; sw1       ; n_t_35x ; sw1          ; bd600       ; -0.500       ; 149.000    ; 37.000     ;
; -115.500 ; sw1       ; n_t_37x ; sw1          ; bd600       ; -0.500       ; 149.000    ; 37.000     ;
; -115.500 ; sw1       ; n_t_38x ; sw1          ; bd600       ; -0.500       ; 149.000    ; 37.000     ;
; -115.500 ; sw1       ; n_t_39x ; sw1          ; bd600       ; -0.500       ; 149.000    ; 37.000     ;
; -115.500 ; sw1       ; rx7     ; sw1          ; bd600       ; -0.500       ; 149.000    ; 37.000     ;
; -109.000 ; n_t_34x   ; n_t_36x ; bd600        ; bd600       ; 0.000        ; 114.000    ; 9.000      ;
; -109.000 ; n_t_39x   ; n_t_40x ; bd600        ; bd600       ; 0.000        ; 114.000    ; 9.000      ;
; -109.000 ; rx7       ; n_t_34x ; bd600        ; bd600       ; 0.000        ; 114.000    ; 9.000      ;
; -109.000 ; n_t_36x   ; n_t_35x ; bd600        ; bd600       ; 0.000        ; 114.000    ; 9.000      ;
; -109.000 ; n_t_35x   ; n_t_37x ; bd600        ; bd600       ; 0.000        ; 114.000    ; 9.000      ;
; -109.000 ; n_t_37x   ; n_t_38x ; bd600        ; bd600       ; 0.000        ; 114.000    ; 9.000      ;
; -109.000 ; n_t_38x   ; n_t_39x ; bd600        ; bd600       ; 0.000        ; 114.000    ; 9.000      ;
; -109.000 ; bd600     ; n_t_36x ; bd600        ; bd600       ; 0.000        ; 149.000    ; 45.000     ;
; -109.000 ; bd600     ; n_t_40x ; bd600        ; bd600       ; 0.000        ; 149.000    ; 45.000     ;
; -109.000 ; bd600     ; n_t_34x ; bd600        ; bd600       ; 0.000        ; 149.000    ; 45.000     ;
; -109.000 ; bd600     ; n_t_35x ; bd600        ; bd600       ; 0.000        ; 149.000    ; 45.000     ;
; -109.000 ; bd600     ; n_t_37x ; bd600        ; bd600       ; 0.000        ; 149.000    ; 45.000     ;
; -109.000 ; bd600     ; n_t_38x ; bd600        ; bd600       ; 0.000        ; 149.000    ; 45.000     ;
; -109.000 ; bd600     ; n_t_39x ; bd600        ; bd600       ; 0.000        ; 149.000    ; 45.000     ;
; -109.000 ; bd600     ; rx7     ; bd600        ; bd600       ; 0.000        ; 149.000    ; 45.000     ;
; -109.000 ; bd300     ; n_t_36x ; bd600        ; bd600       ; 0.000        ; 141.000    ; 36.000     ;
; -109.000 ; bd300     ; n_t_40x ; bd600        ; bd600       ; 0.000        ; 141.000    ; 36.000     ;
; -109.000 ; bd300     ; n_t_34x ; bd600        ; bd600       ; 0.000        ; 141.000    ; 36.000     ;
; -109.000 ; bd300     ; n_t_35x ; bd600        ; bd600       ; 0.000        ; 141.000    ; 36.000     ;
; -109.000 ; bd300     ; n_t_37x ; bd600        ; bd600       ; 0.000        ; 141.000    ; 36.000     ;
; -109.000 ; bd300     ; n_t_38x ; bd600        ; bd600       ; 0.000        ; 141.000    ; 36.000     ;
; -109.000 ; bd300     ; n_t_39x ; bd600        ; bd600       ; 0.000        ; 141.000    ; 36.000     ;
; -109.000 ; bd300     ; rx7     ; bd600        ; bd600       ; 0.000        ; 141.000    ; 36.000     ;
; -108.500 ; bd600     ; n_t_36x ; bd600        ; bd600       ; -0.500       ; 149.000    ; 45.000     ;
; -108.500 ; bd600     ; n_t_40x ; bd600        ; bd600       ; -0.500       ; 149.000    ; 45.000     ;
; -108.500 ; bd600     ; n_t_34x ; bd600        ; bd600       ; -0.500       ; 149.000    ; 45.000     ;
; -108.500 ; bd600     ; n_t_35x ; bd600        ; bd600       ; -0.500       ; 149.000    ; 45.000     ;
; -108.500 ; bd600     ; n_t_37x ; bd600        ; bd600       ; -0.500       ; 149.000    ; 45.000     ;
; -108.500 ; bd600     ; n_t_38x ; bd600        ; bd600       ; -0.500       ; 149.000    ; 45.000     ;
; -108.500 ; bd600     ; n_t_39x ; bd600        ; bd600       ; -0.500       ; 149.000    ; 45.000     ;
; -108.500 ; bd600     ; rx7     ; bd600        ; bd600       ; -0.500       ; 149.000    ; 45.000     ;
+----------+-----------+---------+--------------+-------------+--------------+------------+------------+


+------------------------------------------------------------------------------------------------------+
; Slow Model Hold: 'clk'                                                                               ;
+----------+-----------+---------+--------------+-------------+--------------+------------+------------+
; Slack    ; From Node ; To Node ; Launch Clock ; Latch Clock ; Relationship ; Clock Skew ; Data Delay ;
+----------+-----------+---------+--------------+-------------+--------------+------------+------------+
; -111.000 ; bd1200    ; n_t_36x ; bd1200       ; clk         ; 0.000        ; 142.000    ; 36.000     ;
; -111.000 ; bd1200    ; n_t_40x ; bd1200       ; clk         ; 0.000        ; 142.000    ; 36.000     ;
; -111.000 ; bd1200    ; n_t_34x ; bd1200       ; clk         ; 0.000        ; 142.000    ; 36.000     ;
; -111.000 ; bd1200    ; n_t_35x ; bd1200       ; clk         ; 0.000        ; 142.000    ; 36.000     ;
; -111.000 ; bd1200    ; n_t_37x ; bd1200       ; clk         ; 0.000        ; 142.000    ; 36.000     ;
; -111.000 ; bd1200    ; n_t_38x ; bd1200       ; clk         ; 0.000        ; 142.000    ; 36.000     ;
; -111.000 ; bd1200    ; n_t_39x ; bd1200       ; clk         ; 0.000        ; 142.000    ; 36.000     ;
; -111.000 ; bd1200    ; rx7     ; bd1200       ; clk         ; 0.000        ; 142.000    ; 36.000     ;
; -110.500 ; bd1200    ; n_t_36x ; bd1200       ; clk         ; -0.500       ; 142.000    ; 36.000     ;
; -110.500 ; n_t_34x   ; n_t_36x ; bd1200       ; clk         ; -0.500       ; 116.000    ; 9.000      ;
; -110.500 ; bd1200    ; n_t_40x ; bd1200       ; clk         ; -0.500       ; 142.000    ; 36.000     ;
; -110.500 ; n_t_39x   ; n_t_40x ; bd1200       ; clk         ; -0.500       ; 116.000    ; 9.000      ;
; -110.500 ; rx7       ; n_t_34x ; bd1200       ; clk         ; -0.500       ; 116.000    ; 9.000      ;
; -110.500 ; bd1200    ; n_t_34x ; bd1200       ; clk         ; -0.500       ; 142.000    ; 36.000     ;
; -110.500 ; bd1200    ; n_t_35x ; bd1200       ; clk         ; -0.500       ; 142.000    ; 36.000     ;
; -110.500 ; n_t_36x   ; n_t_35x ; bd1200       ; clk         ; -0.500       ; 116.000    ; 9.000      ;
; -110.500 ; bd1200    ; n_t_37x ; bd1200       ; clk         ; -0.500       ; 142.000    ; 36.000     ;
; -110.500 ; n_t_35x   ; n_t_37x ; bd1200       ; clk         ; -0.500       ; 116.000    ; 9.000      ;
; -110.500 ; bd1200    ; n_t_38x ; bd1200       ; clk         ; -0.500       ; 142.000    ; 36.000     ;
; -110.500 ; n_t_37x   ; n_t_38x ; bd1200       ; clk         ; -0.500       ; 116.000    ; 9.000      ;
; -110.500 ; bd1200    ; n_t_39x ; bd1200       ; clk         ; -0.500       ; 142.000    ; 36.000     ;
; -110.500 ; n_t_38x   ; n_t_39x ; bd1200       ; clk         ; -0.500       ; 116.000    ; 9.000      ;
; -110.500 ; bd1200    ; rx7     ; bd1200       ; clk         ; -0.500       ; 142.000    ; 36.000     ;
; -109.000 ; clk       ; n_t_36x ; clk          ; clk         ; 0.000        ; 142.000    ; 37.000     ;
; -109.000 ; clk       ; n_t_40x ; clk          ; clk         ; 0.000        ; 142.000    ; 37.000     ;
; -109.000 ; clk       ; n_t_34x ; clk          ; clk         ; 0.000        ; 142.000    ; 37.000     ;
; -109.000 ; clk       ; n_t_35x ; clk          ; clk         ; 0.000        ; 142.000    ; 37.000     ;
; -109.000 ; clk       ; n_t_37x ; clk          ; clk         ; 0.000        ; 142.000    ; 37.000     ;
; -109.000 ; clk       ; n_t_38x ; clk          ; clk         ; 0.000        ; 142.000    ; 37.000     ;
; -109.000 ; clk       ; n_t_39x ; clk          ; clk         ; 0.000        ; 142.000    ; 37.000     ;
; -109.000 ; clk       ; rx7     ; clk          ; clk         ; 0.000        ; 142.000    ; 37.000     ;
; -109.000 ; n_t_34x   ; n_t_36x ; clk          ; clk         ; 0.000        ; 114.000    ; 9.000      ;
; -109.000 ; n_t_39x   ; n_t_40x ; clk          ; clk         ; 0.000        ; 114.000    ; 9.000      ;
; -109.000 ; rx7       ; n_t_34x ; clk          ; clk         ; 0.000        ; 114.000    ; 9.000      ;
; -109.000 ; n_t_36x   ; n_t_35x ; clk          ; clk         ; 0.000        ; 114.000    ; 9.000      ;
; -109.000 ; n_t_35x   ; n_t_37x ; clk          ; clk         ; 0.000        ; 114.000    ; 9.000      ;
; -109.000 ; n_t_37x   ; n_t_38x ; clk          ; clk         ; 0.000        ; 114.000    ; 9.000      ;
; -109.000 ; n_t_38x   ; n_t_39x ; clk          ; clk         ; 0.000        ; 114.000    ; 9.000      ;
; -109.000 ; sw1       ; n_t_36x ; sw1          ; clk         ; 0.000        ; 142.000    ; 37.000     ;
; -109.000 ; sw1       ; n_t_40x ; sw1          ; clk         ; 0.000        ; 142.000    ; 37.000     ;
; -109.000 ; sw1       ; n_t_34x ; sw1          ; clk         ; 0.000        ; 142.000    ; 37.000     ;
; -109.000 ; sw1       ; n_t_35x ; sw1          ; clk         ; 0.000        ; 142.000    ; 37.000     ;
; -109.000 ; sw1       ; n_t_37x ; sw1          ; clk         ; 0.000        ; 142.000    ; 37.000     ;
; -109.000 ; sw1       ; n_t_38x ; sw1          ; clk         ; 0.000        ; 142.000    ; 37.000     ;
; -109.000 ; sw1       ; n_t_39x ; sw1          ; clk         ; 0.000        ; 142.000    ; 37.000     ;
; -109.000 ; sw1       ; rx7     ; sw1          ; clk         ; 0.000        ; 142.000    ; 37.000     ;
; -108.500 ; clk       ; n_t_36x ; clk          ; clk         ; -0.500       ; 142.000    ; 37.000     ;
; -108.500 ; clk       ; n_t_40x ; clk          ; clk         ; -0.500       ; 142.000    ; 37.000     ;
; -108.500 ; clk       ; n_t_34x ; clk          ; clk         ; -0.500       ; 142.000    ; 37.000     ;
; -108.500 ; clk       ; n_t_35x ; clk          ; clk         ; -0.500       ; 142.000    ; 37.000     ;
; -108.500 ; clk       ; n_t_37x ; clk          ; clk         ; -0.500       ; 142.000    ; 37.000     ;
; -108.500 ; clk       ; n_t_38x ; clk          ; clk         ; -0.500       ; 142.000    ; 37.000     ;
; -108.500 ; clk       ; n_t_39x ; clk          ; clk         ; -0.500       ; 142.000    ; 37.000     ;
; -108.500 ; clk       ; rx7     ; clk          ; clk         ; -0.500       ; 142.000    ; 37.000     ;
; -108.500 ; sw1       ; n_t_36x ; sw1          ; clk         ; -0.500       ; 142.000    ; 37.000     ;
; -108.500 ; n_t_34x   ; n_t_36x ; sw1          ; clk         ; -0.500       ; 114.000    ; 9.000      ;
; -108.500 ; sw1       ; n_t_40x ; sw1          ; clk         ; -0.500       ; 142.000    ; 37.000     ;
; -108.500 ; n_t_39x   ; n_t_40x ; sw1          ; clk         ; -0.500       ; 114.000    ; 9.000      ;
; -108.500 ; rx7       ; n_t_34x ; sw1          ; clk         ; -0.500       ; 114.000    ; 9.000      ;
; -108.500 ; sw1       ; n_t_34x ; sw1          ; clk         ; -0.500       ; 142.000    ; 37.000     ;
; -108.500 ; sw1       ; n_t_35x ; sw1          ; clk         ; -0.500       ; 142.000    ; 37.000     ;
; -108.500 ; n_t_36x   ; n_t_35x ; sw1          ; clk         ; -0.500       ; 114.000    ; 9.000      ;
; -108.500 ; sw1       ; n_t_37x ; sw1          ; clk         ; -0.500       ; 142.000    ; 37.000     ;
; -108.500 ; n_t_35x   ; n_t_37x ; sw1          ; clk         ; -0.500       ; 114.000    ; 9.000      ;
; -108.500 ; sw1       ; n_t_38x ; sw1          ; clk         ; -0.500       ; 142.000    ; 37.000     ;
; -108.500 ; n_t_37x   ; n_t_38x ; sw1          ; clk         ; -0.500       ; 114.000    ; 9.000      ;
; -108.500 ; sw1       ; n_t_39x ; sw1          ; clk         ; -0.500       ; 142.000    ; 37.000     ;
; -108.500 ; n_t_38x   ; n_t_39x ; sw1          ; clk         ; -0.500       ; 114.000    ; 9.000      ;
; -108.500 ; sw1       ; rx7     ; sw1          ; clk         ; -0.500       ; 142.000    ; 37.000     ;
; -102.000 ; bd600     ; n_t_36x ; bd600        ; clk         ; 0.000        ; 142.000    ; 45.000     ;
; -102.000 ; bd600     ; n_t_40x ; bd600        ; clk         ; 0.000        ; 142.000    ; 45.000     ;
; -102.000 ; bd600     ; n_t_34x ; bd600        ; clk         ; 0.000        ; 142.000    ; 45.000     ;
; -102.000 ; bd600     ; n_t_35x ; bd600        ; clk         ; 0.000        ; 142.000    ; 45.000     ;
; -102.000 ; bd600     ; n_t_37x ; bd600        ; clk         ; 0.000        ; 142.000    ; 45.000     ;
; -102.000 ; bd600     ; n_t_38x ; bd600        ; clk         ; 0.000        ; 142.000    ; 45.000     ;
; -102.000 ; bd600     ; n_t_39x ; bd600        ; clk         ; 0.000        ; 142.000    ; 45.000     ;
; -102.000 ; bd600     ; rx7     ; bd600        ; clk         ; 0.000        ; 142.000    ; 45.000     ;
; -101.500 ; bd300     ; n_t_36x ; bd600        ; clk         ; -0.500       ; 134.000    ; 36.000     ;
; -101.500 ; n_t_34x   ; n_t_36x ; bd600        ; clk         ; -0.500       ; 107.000    ; 9.000      ;
; -101.500 ; bd300     ; n_t_40x ; bd600        ; clk         ; -0.500       ; 134.000    ; 36.000     ;
; -101.500 ; n_t_39x   ; n_t_40x ; bd600        ; clk         ; -0.500       ; 107.000    ; 9.000      ;
; -101.500 ; rx7       ; n_t_34x ; bd600        ; clk         ; -0.500       ; 107.000    ; 9.000      ;
; -101.500 ; bd300     ; n_t_34x ; bd600        ; clk         ; -0.500       ; 134.000    ; 36.000     ;
; -101.500 ; bd300     ; n_t_35x ; bd600        ; clk         ; -0.500       ; 134.000    ; 36.000     ;
; -101.500 ; n_t_36x   ; n_t_35x ; bd600        ; clk         ; -0.500       ; 107.000    ; 9.000      ;
; -101.500 ; bd300     ; n_t_37x ; bd600        ; clk         ; -0.500       ; 134.000    ; 36.000     ;
; -101.500 ; n_t_35x   ; n_t_37x ; bd600        ; clk         ; -0.500       ; 107.000    ; 9.000      ;
; -101.500 ; bd300     ; n_t_38x ; bd600        ; clk         ; -0.500       ; 134.000    ; 36.000     ;
; -101.500 ; n_t_37x   ; n_t_38x ; bd600        ; clk         ; -0.500       ; 107.000    ; 9.000      ;
; -101.500 ; bd300     ; n_t_39x ; bd600        ; clk         ; -0.500       ; 134.000    ; 36.000     ;
; -101.500 ; n_t_38x   ; n_t_39x ; bd600        ; clk         ; -0.500       ; 107.000    ; 9.000      ;
; -101.500 ; bd300     ; rx7     ; bd600        ; clk         ; -0.500       ; 134.000    ; 36.000     ;
; -101.500 ; bd600     ; n_t_36x ; bd600        ; clk         ; -0.500       ; 142.000    ; 45.000     ;
; -101.500 ; bd600     ; n_t_40x ; bd600        ; clk         ; -0.500       ; 142.000    ; 45.000     ;
; -101.500 ; bd600     ; n_t_34x ; bd600        ; clk         ; -0.500       ; 142.000    ; 45.000     ;
; -101.500 ; bd600     ; n_t_35x ; bd600        ; clk         ; -0.500       ; 142.000    ; 45.000     ;
; -101.500 ; bd600     ; n_t_37x ; bd600        ; clk         ; -0.500       ; 142.000    ; 45.000     ;
; -101.500 ; bd600     ; n_t_38x ; bd600        ; clk         ; -0.500       ; 142.000    ; 45.000     ;
; -101.500 ; bd600     ; n_t_39x ; bd600        ; clk         ; -0.500       ; 142.000    ; 45.000     ;
; -101.500 ; bd600     ; rx7     ; bd600        ; clk         ; -0.500       ; 142.000    ; 45.000     ;
+----------+-----------+---------+--------------+-------------+--------------+------------+------------+


+------------------------------------------------------------------------------------------------------+
; Slow Model Hold: 'bd1200'                                                                            ;
+----------+-----------+---------+--------------+-------------+--------------+------------+------------+
; Slack    ; From Node ; To Node ; Launch Clock ; Latch Clock ; Relationship ; Clock Skew ; Data Delay ;
+----------+-----------+---------+--------------+-------------+--------------+------------+------------+
; -109.000 ; n_t_34x   ; n_t_36x ; bd1200       ; bd1200      ; 0.000        ; 114.000    ; 9.000      ;
; -109.000 ; n_t_39x   ; n_t_40x ; bd1200       ; bd1200      ; 0.000        ; 114.000    ; 9.000      ;
; -109.000 ; rx7       ; n_t_34x ; bd1200       ; bd1200      ; 0.000        ; 114.000    ; 9.000      ;
; -109.000 ; n_t_36x   ; n_t_35x ; bd1200       ; bd1200      ; 0.000        ; 114.000    ; 9.000      ;
; -109.000 ; n_t_35x   ; n_t_37x ; bd1200       ; bd1200      ; 0.000        ; 114.000    ; 9.000      ;
; -109.000 ; n_t_37x   ; n_t_38x ; bd1200       ; bd1200      ; 0.000        ; 114.000    ; 9.000      ;
; -109.000 ; n_t_38x   ; n_t_39x ; bd1200       ; bd1200      ; 0.000        ; 114.000    ; 9.000      ;
; -109.000 ; bd1200    ; n_t_36x ; bd1200       ; bd1200      ; 0.000        ; 140.000    ; 36.000     ;
; -109.000 ; bd1200    ; n_t_40x ; bd1200       ; bd1200      ; 0.000        ; 140.000    ; 36.000     ;
; -109.000 ; bd1200    ; n_t_34x ; bd1200       ; bd1200      ; 0.000        ; 140.000    ; 36.000     ;
; -109.000 ; bd1200    ; n_t_35x ; bd1200       ; bd1200      ; 0.000        ; 140.000    ; 36.000     ;
; -109.000 ; bd1200    ; n_t_37x ; bd1200       ; bd1200      ; 0.000        ; 140.000    ; 36.000     ;
; -109.000 ; bd1200    ; n_t_38x ; bd1200       ; bd1200      ; 0.000        ; 140.000    ; 36.000     ;
; -109.000 ; bd1200    ; n_t_39x ; bd1200       ; bd1200      ; 0.000        ; 140.000    ; 36.000     ;
; -109.000 ; bd1200    ; rx7     ; bd1200       ; bd1200      ; 0.000        ; 140.000    ; 36.000     ;
; -108.500 ; bd1200    ; n_t_36x ; bd1200       ; bd1200      ; -0.500       ; 140.000    ; 36.000     ;
; -108.500 ; bd1200    ; n_t_40x ; bd1200       ; bd1200      ; -0.500       ; 140.000    ; 36.000     ;
; -108.500 ; bd1200    ; n_t_34x ; bd1200       ; bd1200      ; -0.500       ; 140.000    ; 36.000     ;
; -108.500 ; bd1200    ; n_t_35x ; bd1200       ; bd1200      ; -0.500       ; 140.000    ; 36.000     ;
; -108.500 ; bd1200    ; n_t_37x ; bd1200       ; bd1200      ; -0.500       ; 140.000    ; 36.000     ;
; -108.500 ; bd1200    ; n_t_38x ; bd1200       ; bd1200      ; -0.500       ; 140.000    ; 36.000     ;
; -108.500 ; bd1200    ; n_t_39x ; bd1200       ; bd1200      ; -0.500       ; 140.000    ; 36.000     ;
; -108.500 ; bd1200    ; rx7     ; bd1200       ; bd1200      ; -0.500       ; 140.000    ; 36.000     ;
; -107.000 ; clk       ; n_t_36x ; clk          ; bd1200      ; 0.000        ; 140.000    ; 37.000     ;
; -107.000 ; clk       ; n_t_40x ; clk          ; bd1200      ; 0.000        ; 140.000    ; 37.000     ;
; -107.000 ; clk       ; n_t_34x ; clk          ; bd1200      ; 0.000        ; 140.000    ; 37.000     ;
; -107.000 ; clk       ; n_t_35x ; clk          ; bd1200      ; 0.000        ; 140.000    ; 37.000     ;
; -107.000 ; clk       ; n_t_37x ; clk          ; bd1200      ; 0.000        ; 140.000    ; 37.000     ;
; -107.000 ; clk       ; n_t_38x ; clk          ; bd1200      ; 0.000        ; 140.000    ; 37.000     ;
; -107.000 ; clk       ; n_t_39x ; clk          ; bd1200      ; 0.000        ; 140.000    ; 37.000     ;
; -107.000 ; clk       ; rx7     ; clk          ; bd1200      ; 0.000        ; 140.000    ; 37.000     ;
; -107.000 ; sw1       ; n_t_36x ; sw1          ; bd1200      ; 0.000        ; 140.000    ; 37.000     ;
; -107.000 ; n_t_34x   ; n_t_36x ; sw1          ; bd1200      ; 0.000        ; 112.000    ; 9.000      ;
; -107.000 ; sw1       ; n_t_40x ; sw1          ; bd1200      ; 0.000        ; 140.000    ; 37.000     ;
; -107.000 ; n_t_39x   ; n_t_40x ; sw1          ; bd1200      ; 0.000        ; 112.000    ; 9.000      ;
; -107.000 ; rx7       ; n_t_34x ; sw1          ; bd1200      ; 0.000        ; 112.000    ; 9.000      ;
; -107.000 ; sw1       ; n_t_34x ; sw1          ; bd1200      ; 0.000        ; 140.000    ; 37.000     ;
; -107.000 ; sw1       ; n_t_35x ; sw1          ; bd1200      ; 0.000        ; 140.000    ; 37.000     ;
; -107.000 ; n_t_36x   ; n_t_35x ; sw1          ; bd1200      ; 0.000        ; 112.000    ; 9.000      ;
; -107.000 ; sw1       ; n_t_37x ; sw1          ; bd1200      ; 0.000        ; 140.000    ; 37.000     ;
; -107.000 ; n_t_35x   ; n_t_37x ; sw1          ; bd1200      ; 0.000        ; 112.000    ; 9.000      ;
; -107.000 ; sw1       ; n_t_38x ; sw1          ; bd1200      ; 0.000        ; 140.000    ; 37.000     ;
; -107.000 ; n_t_37x   ; n_t_38x ; sw1          ; bd1200      ; 0.000        ; 112.000    ; 9.000      ;
; -107.000 ; sw1       ; n_t_39x ; sw1          ; bd1200      ; 0.000        ; 140.000    ; 37.000     ;
; -107.000 ; n_t_38x   ; n_t_39x ; sw1          ; bd1200      ; 0.000        ; 112.000    ; 9.000      ;
; -107.000 ; sw1       ; rx7     ; sw1          ; bd1200      ; 0.000        ; 140.000    ; 37.000     ;
; -106.500 ; clk       ; n_t_36x ; clk          ; bd1200      ; -0.500       ; 140.000    ; 37.000     ;
; -106.500 ; n_t_34x   ; n_t_36x ; clk          ; bd1200      ; -0.500       ; 112.000    ; 9.000      ;
; -106.500 ; clk       ; n_t_40x ; clk          ; bd1200      ; -0.500       ; 140.000    ; 37.000     ;
; -106.500 ; n_t_39x   ; n_t_40x ; clk          ; bd1200      ; -0.500       ; 112.000    ; 9.000      ;
; -106.500 ; rx7       ; n_t_34x ; clk          ; bd1200      ; -0.500       ; 112.000    ; 9.000      ;
; -106.500 ; clk       ; n_t_34x ; clk          ; bd1200      ; -0.500       ; 140.000    ; 37.000     ;
; -106.500 ; clk       ; n_t_35x ; clk          ; bd1200      ; -0.500       ; 140.000    ; 37.000     ;
; -106.500 ; n_t_36x   ; n_t_35x ; clk          ; bd1200      ; -0.500       ; 112.000    ; 9.000      ;
; -106.500 ; clk       ; n_t_37x ; clk          ; bd1200      ; -0.500       ; 140.000    ; 37.000     ;
; -106.500 ; n_t_35x   ; n_t_37x ; clk          ; bd1200      ; -0.500       ; 112.000    ; 9.000      ;
; -106.500 ; clk       ; n_t_38x ; clk          ; bd1200      ; -0.500       ; 140.000    ; 37.000     ;
; -106.500 ; n_t_37x   ; n_t_38x ; clk          ; bd1200      ; -0.500       ; 112.000    ; 9.000      ;
; -106.500 ; clk       ; n_t_39x ; clk          ; bd1200      ; -0.500       ; 140.000    ; 37.000     ;
; -106.500 ; n_t_38x   ; n_t_39x ; clk          ; bd1200      ; -0.500       ; 112.000    ; 9.000      ;
; -106.500 ; clk       ; rx7     ; clk          ; bd1200      ; -0.500       ; 140.000    ; 37.000     ;
; -106.500 ; sw1       ; n_t_36x ; sw1          ; bd1200      ; -0.500       ; 140.000    ; 37.000     ;
; -106.500 ; sw1       ; n_t_40x ; sw1          ; bd1200      ; -0.500       ; 140.000    ; 37.000     ;
; -106.500 ; sw1       ; n_t_34x ; sw1          ; bd1200      ; -0.500       ; 140.000    ; 37.000     ;
; -106.500 ; sw1       ; n_t_35x ; sw1          ; bd1200      ; -0.500       ; 140.000    ; 37.000     ;
; -106.500 ; sw1       ; n_t_37x ; sw1          ; bd1200      ; -0.500       ; 140.000    ; 37.000     ;
; -106.500 ; sw1       ; n_t_38x ; sw1          ; bd1200      ; -0.500       ; 140.000    ; 37.000     ;
; -106.500 ; sw1       ; n_t_39x ; sw1          ; bd1200      ; -0.500       ; 140.000    ; 37.000     ;
; -106.500 ; sw1       ; rx7     ; sw1          ; bd1200      ; -0.500       ; 140.000    ; 37.000     ;
; -100.000 ; bd300     ; n_t_36x ; bd600        ; bd1200      ; 0.000        ; 132.000    ; 36.000     ;
; -100.000 ; n_t_34x   ; n_t_36x ; bd600        ; bd1200      ; 0.000        ; 105.000    ; 9.000      ;
; -100.000 ; bd300     ; n_t_40x ; bd600        ; bd1200      ; 0.000        ; 132.000    ; 36.000     ;
; -100.000 ; n_t_39x   ; n_t_40x ; bd600        ; bd1200      ; 0.000        ; 105.000    ; 9.000      ;
; -100.000 ; rx7       ; n_t_34x ; bd600        ; bd1200      ; 0.000        ; 105.000    ; 9.000      ;
; -100.000 ; bd300     ; n_t_34x ; bd600        ; bd1200      ; 0.000        ; 132.000    ; 36.000     ;
; -100.000 ; bd300     ; n_t_35x ; bd600        ; bd1200      ; 0.000        ; 132.000    ; 36.000     ;
; -100.000 ; n_t_36x   ; n_t_35x ; bd600        ; bd1200      ; 0.000        ; 105.000    ; 9.000      ;
; -100.000 ; bd300     ; n_t_37x ; bd600        ; bd1200      ; 0.000        ; 132.000    ; 36.000     ;
; -100.000 ; n_t_35x   ; n_t_37x ; bd600        ; bd1200      ; 0.000        ; 105.000    ; 9.000      ;
; -100.000 ; bd300     ; n_t_38x ; bd600        ; bd1200      ; 0.000        ; 132.000    ; 36.000     ;
; -100.000 ; n_t_37x   ; n_t_38x ; bd600        ; bd1200      ; 0.000        ; 105.000    ; 9.000      ;
; -100.000 ; bd300     ; n_t_39x ; bd600        ; bd1200      ; 0.000        ; 132.000    ; 36.000     ;
; -100.000 ; n_t_38x   ; n_t_39x ; bd600        ; bd1200      ; 0.000        ; 105.000    ; 9.000      ;
; -100.000 ; bd300     ; rx7     ; bd600        ; bd1200      ; 0.000        ; 132.000    ; 36.000     ;
; -100.000 ; bd600     ; n_t_36x ; bd600        ; bd1200      ; 0.000        ; 140.000    ; 45.000     ;
; -100.000 ; bd600     ; n_t_40x ; bd600        ; bd1200      ; 0.000        ; 140.000    ; 45.000     ;
; -100.000 ; bd600     ; n_t_34x ; bd600        ; bd1200      ; 0.000        ; 140.000    ; 45.000     ;
; -100.000 ; bd600     ; n_t_35x ; bd600        ; bd1200      ; 0.000        ; 140.000    ; 45.000     ;
; -100.000 ; bd600     ; n_t_37x ; bd600        ; bd1200      ; 0.000        ; 140.000    ; 45.000     ;
; -100.000 ; bd600     ; n_t_38x ; bd600        ; bd1200      ; 0.000        ; 140.000    ; 45.000     ;
; -100.000 ; bd600     ; n_t_39x ; bd600        ; bd1200      ; 0.000        ; 140.000    ; 45.000     ;
; -100.000 ; bd600     ; rx7     ; bd600        ; bd1200      ; 0.000        ; 140.000    ; 45.000     ;
; -99.500  ; bd600     ; n_t_36x ; bd600        ; bd1200      ; -0.500       ; 140.000    ; 45.000     ;
; -99.500  ; bd600     ; n_t_40x ; bd600        ; bd1200      ; -0.500       ; 140.000    ; 45.000     ;
; -99.500  ; bd600     ; n_t_34x ; bd600        ; bd1200      ; -0.500       ; 140.000    ; 45.000     ;
; -99.500  ; bd600     ; n_t_35x ; bd600        ; bd1200      ; -0.500       ; 140.000    ; 45.000     ;
; -99.500  ; bd600     ; n_t_37x ; bd600        ; bd1200      ; -0.500       ; 140.000    ; 45.000     ;
; -99.500  ; bd600     ; n_t_38x ; bd600        ; bd1200      ; -0.500       ; 140.000    ; 45.000     ;
; -99.500  ; bd600     ; n_t_39x ; bd600        ; bd1200      ; -0.500       ; 140.000    ; 45.000     ;
; -99.500  ; bd600     ; rx7     ; bd600        ; bd1200      ; -0.500       ; 140.000    ; 45.000     ;
+----------+-----------+---------+--------------+-------------+--------------+------------+------------+


+----------------------------------------------------------------------------------------------------+
; Slow Model Hold: 'bd2400'                                                                          ;
+--------+-----------+---------+--------------+-------------+--------------+------------+------------+
; Slack  ; From Node ; To Node ; Launch Clock ; Latch Clock ; Relationship ; Clock Skew ; Data Delay ;
+--------+-----------+---------+--------------+-------------+--------------+------------+------------+
; -4.000 ; bd1200    ; bd1200  ; bd1200       ; bd2400      ; 0.000        ; 8.000      ; 9.000      ;
; -3.500 ; bd1200    ; bd1200  ; bd1200       ; bd2400      ; -0.500       ; 8.000      ; 9.000      ;
+--------+-----------+---------+--------------+-------------+--------------+------------+------------+


+-----------------------------------------------------------------------------------------------------------+
; Slow Model Minimum Pulse Width: 'sw1'                                                                     ;
+----------+--------------+----------------+------------------+-------+------------+------------------------+
; Slack    ; Actual Width ; Required Width ; Type             ; Clock ; Clock Edge ; Target                 ;
+----------+--------------+----------------+------------------+-------+------------+------------------------+
; -119.500 ; -113.500     ; 6.000          ; High Pulse Width ; sw1   ; Rise       ; n_t_34x                ;
; -119.500 ; -113.500     ; 6.000          ; High Pulse Width ; sw1   ; Fall       ; n_t_34x                ;
; -119.500 ; -113.500     ; 6.000          ; Low Pulse Width  ; sw1   ; Rise       ; n_t_34x                ;
; -119.500 ; -113.500     ; 6.000          ; Low Pulse Width  ; sw1   ; Fall       ; n_t_34x                ;
; -119.500 ; -113.500     ; 6.000          ; High Pulse Width ; sw1   ; Rise       ; n_t_35x                ;
; -119.500 ; -113.500     ; 6.000          ; High Pulse Width ; sw1   ; Fall       ; n_t_35x                ;
; -119.500 ; -113.500     ; 6.000          ; Low Pulse Width  ; sw1   ; Rise       ; n_t_35x                ;
; -119.500 ; -113.500     ; 6.000          ; Low Pulse Width  ; sw1   ; Fall       ; n_t_35x                ;
; -119.500 ; -113.500     ; 6.000          ; High Pulse Width ; sw1   ; Rise       ; n_t_36x                ;
; -119.500 ; -113.500     ; 6.000          ; High Pulse Width ; sw1   ; Fall       ; n_t_36x                ;
; -119.500 ; -113.500     ; 6.000          ; Low Pulse Width  ; sw1   ; Rise       ; n_t_36x                ;
; -119.500 ; -113.500     ; 6.000          ; Low Pulse Width  ; sw1   ; Fall       ; n_t_36x                ;
; -119.500 ; -113.500     ; 6.000          ; High Pulse Width ; sw1   ; Rise       ; n_t_37x                ;
; -119.500 ; -113.500     ; 6.000          ; High Pulse Width ; sw1   ; Fall       ; n_t_37x                ;
; -119.500 ; -113.500     ; 6.000          ; Low Pulse Width  ; sw1   ; Rise       ; n_t_37x                ;
; -119.500 ; -113.500     ; 6.000          ; Low Pulse Width  ; sw1   ; Fall       ; n_t_37x                ;
; -119.500 ; -113.500     ; 6.000          ; High Pulse Width ; sw1   ; Rise       ; n_t_38x                ;
; -119.500 ; -113.500     ; 6.000          ; High Pulse Width ; sw1   ; Fall       ; n_t_38x                ;
; -119.500 ; -113.500     ; 6.000          ; Low Pulse Width  ; sw1   ; Rise       ; n_t_38x                ;
; -119.500 ; -113.500     ; 6.000          ; Low Pulse Width  ; sw1   ; Fall       ; n_t_38x                ;
; -119.500 ; -113.500     ; 6.000          ; High Pulse Width ; sw1   ; Rise       ; n_t_39x                ;
; -119.500 ; -113.500     ; 6.000          ; High Pulse Width ; sw1   ; Fall       ; n_t_39x                ;
; -119.500 ; -113.500     ; 6.000          ; Low Pulse Width  ; sw1   ; Rise       ; n_t_39x                ;
; -119.500 ; -113.500     ; 6.000          ; Low Pulse Width  ; sw1   ; Fall       ; n_t_39x                ;
; -119.500 ; -113.500     ; 6.000          ; High Pulse Width ; sw1   ; Rise       ; n_t_40x                ;
; -119.500 ; -113.500     ; 6.000          ; High Pulse Width ; sw1   ; Fall       ; n_t_40x                ;
; -119.500 ; -113.500     ; 6.000          ; Low Pulse Width  ; sw1   ; Rise       ; n_t_40x                ;
; -119.500 ; -113.500     ; 6.000          ; Low Pulse Width  ; sw1   ; Fall       ; n_t_40x                ;
; -119.500 ; -113.500     ; 6.000          ; High Pulse Width ; sw1   ; Rise       ; rx7                    ;
; -119.500 ; -113.500     ; 6.000          ; High Pulse Width ; sw1   ; Fall       ; rx7                    ;
; -119.500 ; -113.500     ; 6.000          ; Low Pulse Width  ; sw1   ; Rise       ; rx7                    ;
; -119.500 ; -113.500     ; 6.000          ; Low Pulse Width  ; sw1   ; Fall       ; rx7                    ;
; -105.500 ; -105.500     ; 0.000          ; High Pulse Width ; sw1   ; Fall       ; n_t_34x|[3]            ;
; -105.500 ; -105.500     ; 0.000          ; Low Pulse Width  ; sw1   ; Fall       ; n_t_34x|[3]            ;
; -105.500 ; -105.500     ; 0.000          ; High Pulse Width ; sw1   ; Fall       ; n_t_35x|[3]            ;
; -105.500 ; -105.500     ; 0.000          ; Low Pulse Width  ; sw1   ; Fall       ; n_t_35x|[3]            ;
; -105.500 ; -105.500     ; 0.000          ; High Pulse Width ; sw1   ; Fall       ; n_t_36x|[3]            ;
; -105.500 ; -105.500     ; 0.000          ; Low Pulse Width  ; sw1   ; Fall       ; n_t_36x|[3]            ;
; -105.500 ; -105.500     ; 0.000          ; High Pulse Width ; sw1   ; Fall       ; n_t_37x|[3]            ;
; -105.500 ; -105.500     ; 0.000          ; Low Pulse Width  ; sw1   ; Fall       ; n_t_37x|[3]            ;
; -105.500 ; -105.500     ; 0.000          ; High Pulse Width ; sw1   ; Fall       ; n_t_38x|[3]            ;
; -105.500 ; -105.500     ; 0.000          ; Low Pulse Width  ; sw1   ; Fall       ; n_t_38x|[3]            ;
; -105.500 ; -105.500     ; 0.000          ; High Pulse Width ; sw1   ; Fall       ; n_t_39x|[3]            ;
; -105.500 ; -105.500     ; 0.000          ; Low Pulse Width  ; sw1   ; Fall       ; n_t_39x|[3]            ;
; -105.500 ; -105.500     ; 0.000          ; High Pulse Width ; sw1   ; Fall       ; n_t_40x|[3]            ;
; -105.500 ; -105.500     ; 0.000          ; Low Pulse Width  ; sw1   ; Fall       ; n_t_40x|[3]            ;
; -105.500 ; -105.500     ; 0.000          ; High Pulse Width ; sw1   ; Rise       ; n_t_41x~23|datain[0]   ;
; -105.500 ; -105.500     ; 0.000          ; Low Pulse Width  ; sw1   ; Rise       ; n_t_41x~23|datain[0]   ;
; -105.500 ; -105.500     ; 0.000          ; High Pulse Width ; sw1   ; Fall       ; n_t_41x~23|dataout     ;
; -105.500 ; -105.500     ; 0.000          ; Low Pulse Width  ; sw1   ; Fall       ; n_t_41x~23|dataout     ;
; -105.500 ; -105.500     ; 0.000          ; High Pulse Width ; sw1   ; Rise       ; n_t_41x~31|datain[0]   ;
; -105.500 ; -105.500     ; 0.000          ; Low Pulse Width  ; sw1   ; Rise       ; n_t_41x~31|datain[0]   ;
; -105.500 ; -105.500     ; 0.000          ; High Pulse Width ; sw1   ; Fall       ; n_t_41x~31|dataout     ;
; -105.500 ; -105.500     ; 0.000          ; Low Pulse Width  ; sw1   ; Fall       ; n_t_41x~31|dataout     ;
; -105.500 ; -105.500     ; 0.000          ; High Pulse Width ; sw1   ; Rise       ; n_t_41x~32|datain[0]   ;
; -105.500 ; -105.500     ; 0.000          ; Low Pulse Width  ; sw1   ; Rise       ; n_t_41x~32|datain[0]   ;
; -105.500 ; -105.500     ; 0.000          ; High Pulse Width ; sw1   ; Fall       ; n_t_41x~32|dataout     ;
; -105.500 ; -105.500     ; 0.000          ; Low Pulse Width  ; sw1   ; Fall       ; n_t_41x~32|dataout     ;
; -105.500 ; -105.500     ; 0.000          ; High Pulse Width ; sw1   ; Rise       ; p_pulse_l~21|dataout   ;
; -105.500 ; -105.500     ; 0.000          ; Low Pulse Width  ; sw1   ; Rise       ; p_pulse_l~21|dataout   ;
; -105.500 ; -105.500     ; 0.000          ; High Pulse Width ; sw1   ; Fall       ; rx7|[3]                ;
; -105.500 ; -105.500     ; 0.000          ; Low Pulse Width  ; sw1   ; Fall       ; rx7|[3]                ;
; -96.500  ; -96.500      ; 0.000          ; High Pulse Width ; sw1   ; Rise       ; n_t_34x|[3]            ;
; -96.500  ; -96.500      ; 0.000          ; Low Pulse Width  ; sw1   ; Rise       ; n_t_34x|[3]            ;
; -96.500  ; -96.500      ; 0.000          ; High Pulse Width ; sw1   ; Rise       ; n_t_35x|[3]            ;
; -96.500  ; -96.500      ; 0.000          ; Low Pulse Width  ; sw1   ; Rise       ; n_t_35x|[3]            ;
; -96.500  ; -96.500      ; 0.000          ; High Pulse Width ; sw1   ; Rise       ; n_t_36x|[3]            ;
; -96.500  ; -96.500      ; 0.000          ; Low Pulse Width  ; sw1   ; Rise       ; n_t_36x|[3]            ;
; -96.500  ; -96.500      ; 0.000          ; High Pulse Width ; sw1   ; Rise       ; n_t_37x|[3]            ;
; -96.500  ; -96.500      ; 0.000          ; Low Pulse Width  ; sw1   ; Rise       ; n_t_37x|[3]            ;
; -96.500  ; -96.500      ; 0.000          ; High Pulse Width ; sw1   ; Rise       ; n_t_38x|[3]            ;
; -96.500  ; -96.500      ; 0.000          ; Low Pulse Width  ; sw1   ; Rise       ; n_t_38x|[3]            ;
; -96.500  ; -96.500      ; 0.000          ; High Pulse Width ; sw1   ; Rise       ; n_t_39x|[3]            ;
; -96.500  ; -96.500      ; 0.000          ; Low Pulse Width  ; sw1   ; Rise       ; n_t_39x|[3]            ;
; -96.500  ; -96.500      ; 0.000          ; High Pulse Width ; sw1   ; Rise       ; n_t_40x|[3]            ;
; -96.500  ; -96.500      ; 0.000          ; Low Pulse Width  ; sw1   ; Rise       ; n_t_40x|[3]            ;
; -96.500  ; -96.500      ; 0.000          ; High Pulse Width ; sw1   ; Fall       ; n_t_41x~23|datain[0]   ;
; -96.500  ; -96.500      ; 0.000          ; Low Pulse Width  ; sw1   ; Fall       ; n_t_41x~23|datain[0]   ;
; -96.500  ; -96.500      ; 0.000          ; High Pulse Width ; sw1   ; Rise       ; n_t_41x~23|dataout     ;
; -96.500  ; -96.500      ; 0.000          ; Low Pulse Width  ; sw1   ; Rise       ; n_t_41x~23|dataout     ;
; -96.500  ; -96.500      ; 0.000          ; High Pulse Width ; sw1   ; Fall       ; n_t_41x~31|datain[0]   ;
; -96.500  ; -96.500      ; 0.000          ; Low Pulse Width  ; sw1   ; Fall       ; n_t_41x~31|datain[0]   ;
; -96.500  ; -96.500      ; 0.000          ; High Pulse Width ; sw1   ; Rise       ; n_t_41x~31|dataout     ;
; -96.500  ; -96.500      ; 0.000          ; Low Pulse Width  ; sw1   ; Rise       ; n_t_41x~31|dataout     ;
; -96.500  ; -96.500      ; 0.000          ; High Pulse Width ; sw1   ; Fall       ; n_t_41x~32|datain[0]   ;
; -96.500  ; -96.500      ; 0.000          ; Low Pulse Width  ; sw1   ; Fall       ; n_t_41x~32|datain[0]   ;
; -96.500  ; -96.500      ; 0.000          ; High Pulse Width ; sw1   ; Rise       ; n_t_41x~32|dataout     ;
; -96.500  ; -96.500      ; 0.000          ; Low Pulse Width  ; sw1   ; Rise       ; n_t_41x~32|dataout     ;
; -96.500  ; -96.500      ; 0.000          ; High Pulse Width ; sw1   ; Fall       ; p_pulse_l~21|dataout   ;
; -96.500  ; -96.500      ; 0.000          ; Low Pulse Width  ; sw1   ; Fall       ; p_pulse_l~21|dataout   ;
; -96.500  ; -96.500      ; 0.000          ; High Pulse Width ; sw1   ; Rise       ; rx7|[3]                ;
; -96.500  ; -96.500      ; 0.000          ; Low Pulse Width  ; sw1   ; Rise       ; rx7|[3]                ;
; -88.500  ; -88.500      ; 0.000          ; High Pulse Width ; sw1   ; Rise       ; comb~39sexp|datain[0]  ;
; -88.500  ; -88.500      ; 0.000          ; Low Pulse Width  ; sw1   ; Rise       ; comb~39sexp|datain[0]  ;
; -88.500  ; -88.500      ; 0.000          ; High Pulse Width ; sw1   ; Fall       ; comb~39sexp|dataout    ;
; -88.500  ; -88.500      ; 0.000          ; Low Pulse Width  ; sw1   ; Fall       ; comb~39sexp|dataout    ;
; -88.500  ; -88.500      ; 0.000          ; High Pulse Width ; sw1   ; Fall       ; p_pulse_l_m~19|[2]     ;
; -88.500  ; -88.500      ; 0.000          ; Low Pulse Width  ; sw1   ; Fall       ; p_pulse_l_m~19|[2]     ;
; -88.500  ; -88.500      ; 0.000          ; High Pulse Width ; sw1   ; Rise       ; p_pulse_l_m~19|dataout ;
; -88.500  ; -88.500      ; 0.000          ; Low Pulse Width  ; sw1   ; Rise       ; p_pulse_l_m~19|dataout ;
+----------+--------------+----------------+------------------+-------+------------+------------------------+


+------------------------------------------------------------------------------------------------------------+
; Slow Model Minimum Pulse Width: 'bd1200'                                                                   ;
+----------+--------------+----------------+------------------+--------+------------+------------------------+
; Slack    ; Actual Width ; Required Width ; Type             ; Clock  ; Clock Edge ; Target                 ;
+----------+--------------+----------------+------------------+--------+------------+------------------------+
; -119.500 ; -113.500     ; 6.000          ; High Pulse Width ; bd1200 ; Rise       ; n_t_34x                ;
; -119.500 ; -113.500     ; 6.000          ; Low Pulse Width  ; bd1200 ; Rise       ; n_t_34x                ;
; -119.500 ; -113.500     ; 6.000          ; High Pulse Width ; bd1200 ; Rise       ; n_t_35x                ;
; -119.500 ; -113.500     ; 6.000          ; Low Pulse Width  ; bd1200 ; Rise       ; n_t_35x                ;
; -119.500 ; -113.500     ; 6.000          ; High Pulse Width ; bd1200 ; Rise       ; n_t_36x                ;
; -119.500 ; -113.500     ; 6.000          ; Low Pulse Width  ; bd1200 ; Rise       ; n_t_36x                ;
; -119.500 ; -113.500     ; 6.000          ; High Pulse Width ; bd1200 ; Rise       ; n_t_37x                ;
; -119.500 ; -113.500     ; 6.000          ; Low Pulse Width  ; bd1200 ; Rise       ; n_t_37x                ;
; -119.500 ; -113.500     ; 6.000          ; High Pulse Width ; bd1200 ; Rise       ; n_t_38x                ;
; -119.500 ; -113.500     ; 6.000          ; Low Pulse Width  ; bd1200 ; Rise       ; n_t_38x                ;
; -119.500 ; -113.500     ; 6.000          ; High Pulse Width ; bd1200 ; Rise       ; n_t_39x                ;
; -119.500 ; -113.500     ; 6.000          ; Low Pulse Width  ; bd1200 ; Rise       ; n_t_39x                ;
; -119.500 ; -113.500     ; 6.000          ; High Pulse Width ; bd1200 ; Rise       ; n_t_40x                ;
; -119.500 ; -113.500     ; 6.000          ; Low Pulse Width  ; bd1200 ; Rise       ; n_t_40x                ;
; -119.500 ; -113.500     ; 6.000          ; High Pulse Width ; bd1200 ; Rise       ; rx7                    ;
; -119.500 ; -113.500     ; 6.000          ; Low Pulse Width  ; bd1200 ; Rise       ; rx7                    ;
; -96.500  ; -96.500      ; 0.000          ; High Pulse Width ; bd1200 ; Rise       ; n_t_34x|[3]            ;
; -96.500  ; -96.500      ; 0.000          ; Low Pulse Width  ; bd1200 ; Rise       ; n_t_34x|[3]            ;
; -96.500  ; -96.500      ; 0.000          ; High Pulse Width ; bd1200 ; Rise       ; n_t_35x|[3]            ;
; -96.500  ; -96.500      ; 0.000          ; Low Pulse Width  ; bd1200 ; Rise       ; n_t_35x|[3]            ;
; -96.500  ; -96.500      ; 0.000          ; High Pulse Width ; bd1200 ; Rise       ; n_t_36x|[3]            ;
; -96.500  ; -96.500      ; 0.000          ; Low Pulse Width  ; bd1200 ; Rise       ; n_t_36x|[3]            ;
; -96.500  ; -96.500      ; 0.000          ; High Pulse Width ; bd1200 ; Rise       ; n_t_37x|[3]            ;
; -96.500  ; -96.500      ; 0.000          ; Low Pulse Width  ; bd1200 ; Rise       ; n_t_37x|[3]            ;
; -96.500  ; -96.500      ; 0.000          ; High Pulse Width ; bd1200 ; Rise       ; n_t_38x|[3]            ;
; -96.500  ; -96.500      ; 0.000          ; Low Pulse Width  ; bd1200 ; Rise       ; n_t_38x|[3]            ;
; -96.500  ; -96.500      ; 0.000          ; High Pulse Width ; bd1200 ; Rise       ; n_t_39x|[3]            ;
; -96.500  ; -96.500      ; 0.000          ; Low Pulse Width  ; bd1200 ; Rise       ; n_t_39x|[3]            ;
; -96.500  ; -96.500      ; 0.000          ; High Pulse Width ; bd1200 ; Rise       ; n_t_40x|[3]            ;
; -96.500  ; -96.500      ; 0.000          ; Low Pulse Width  ; bd1200 ; Rise       ; n_t_40x|[3]            ;
; -96.500  ; -96.500      ; 0.000          ; High Pulse Width ; bd1200 ; Fall       ; n_t_41x~23|datain[0]   ;
; -96.500  ; -96.500      ; 0.000          ; Low Pulse Width  ; bd1200 ; Fall       ; n_t_41x~23|datain[0]   ;
; -96.500  ; -96.500      ; 0.000          ; High Pulse Width ; bd1200 ; Rise       ; n_t_41x~23|dataout     ;
; -96.500  ; -96.500      ; 0.000          ; Low Pulse Width  ; bd1200 ; Rise       ; n_t_41x~23|dataout     ;
; -96.500  ; -96.500      ; 0.000          ; High Pulse Width ; bd1200 ; Fall       ; n_t_41x~31|datain[0]   ;
; -96.500  ; -96.500      ; 0.000          ; Low Pulse Width  ; bd1200 ; Fall       ; n_t_41x~31|datain[0]   ;
; -96.500  ; -96.500      ; 0.000          ; High Pulse Width ; bd1200 ; Rise       ; n_t_41x~31|dataout     ;
; -96.500  ; -96.500      ; 0.000          ; Low Pulse Width  ; bd1200 ; Rise       ; n_t_41x~31|dataout     ;
; -96.500  ; -96.500      ; 0.000          ; High Pulse Width ; bd1200 ; Fall       ; n_t_41x~32|datain[0]   ;
; -96.500  ; -96.500      ; 0.000          ; Low Pulse Width  ; bd1200 ; Fall       ; n_t_41x~32|datain[0]   ;
; -96.500  ; -96.500      ; 0.000          ; High Pulse Width ; bd1200 ; Rise       ; n_t_41x~32|dataout     ;
; -96.500  ; -96.500      ; 0.000          ; Low Pulse Width  ; bd1200 ; Rise       ; n_t_41x~32|dataout     ;
; -96.500  ; -96.500      ; 0.000          ; High Pulse Width ; bd1200 ; Fall       ; p_pulse_l~21|dataout   ;
; -96.500  ; -96.500      ; 0.000          ; Low Pulse Width  ; bd1200 ; Fall       ; p_pulse_l~21|dataout   ;
; -96.500  ; -96.500      ; 0.000          ; High Pulse Width ; bd1200 ; Rise       ; rx7|[3]                ;
; -96.500  ; -96.500      ; 0.000          ; Low Pulse Width  ; bd1200 ; Rise       ; rx7|[3]                ;
; -85.500  ; -79.500      ; 6.000          ; High Pulse Width ; bd1200 ; Fall       ; n_t_34x                ;
; -85.500  ; -79.500      ; 6.000          ; Low Pulse Width  ; bd1200 ; Fall       ; n_t_34x                ;
; -85.500  ; -79.500      ; 6.000          ; High Pulse Width ; bd1200 ; Fall       ; n_t_35x                ;
; -85.500  ; -79.500      ; 6.000          ; Low Pulse Width  ; bd1200 ; Fall       ; n_t_35x                ;
; -85.500  ; -79.500      ; 6.000          ; High Pulse Width ; bd1200 ; Fall       ; n_t_36x                ;
; -85.500  ; -79.500      ; 6.000          ; Low Pulse Width  ; bd1200 ; Fall       ; n_t_36x                ;
; -85.500  ; -79.500      ; 6.000          ; High Pulse Width ; bd1200 ; Fall       ; n_t_37x                ;
; -85.500  ; -79.500      ; 6.000          ; Low Pulse Width  ; bd1200 ; Fall       ; n_t_37x                ;
; -85.500  ; -79.500      ; 6.000          ; High Pulse Width ; bd1200 ; Fall       ; n_t_38x                ;
; -85.500  ; -79.500      ; 6.000          ; Low Pulse Width  ; bd1200 ; Fall       ; n_t_38x                ;
; -85.500  ; -79.500      ; 6.000          ; High Pulse Width ; bd1200 ; Fall       ; n_t_39x                ;
; -85.500  ; -79.500      ; 6.000          ; Low Pulse Width  ; bd1200 ; Fall       ; n_t_39x                ;
; -85.500  ; -79.500      ; 6.000          ; High Pulse Width ; bd1200 ; Fall       ; n_t_40x                ;
; -85.500  ; -79.500      ; 6.000          ; Low Pulse Width  ; bd1200 ; Fall       ; n_t_40x                ;
; -85.500  ; -79.500      ; 6.000          ; High Pulse Width ; bd1200 ; Fall       ; rx7                    ;
; -85.500  ; -79.500      ; 6.000          ; Low Pulse Width  ; bd1200 ; Fall       ; rx7                    ;
; -79.500  ; -79.500      ; 0.000          ; High Pulse Width ; bd1200 ; Fall       ; n_t_34x|[3]            ;
; -79.500  ; -79.500      ; 0.000          ; Low Pulse Width  ; bd1200 ; Fall       ; n_t_34x|[3]            ;
; -79.500  ; -79.500      ; 0.000          ; High Pulse Width ; bd1200 ; Fall       ; n_t_35x|[3]            ;
; -79.500  ; -79.500      ; 0.000          ; Low Pulse Width  ; bd1200 ; Fall       ; n_t_35x|[3]            ;
; -79.500  ; -79.500      ; 0.000          ; High Pulse Width ; bd1200 ; Fall       ; n_t_36x|[3]            ;
; -79.500  ; -79.500      ; 0.000          ; Low Pulse Width  ; bd1200 ; Fall       ; n_t_36x|[3]            ;
; -79.500  ; -79.500      ; 0.000          ; High Pulse Width ; bd1200 ; Fall       ; n_t_37x|[3]            ;
; -79.500  ; -79.500      ; 0.000          ; Low Pulse Width  ; bd1200 ; Fall       ; n_t_37x|[3]            ;
; -79.500  ; -79.500      ; 0.000          ; High Pulse Width ; bd1200 ; Fall       ; n_t_38x|[3]            ;
; -79.500  ; -79.500      ; 0.000          ; Low Pulse Width  ; bd1200 ; Fall       ; n_t_38x|[3]            ;
; -79.500  ; -79.500      ; 0.000          ; High Pulse Width ; bd1200 ; Fall       ; n_t_39x|[3]            ;
; -79.500  ; -79.500      ; 0.000          ; Low Pulse Width  ; bd1200 ; Fall       ; n_t_39x|[3]            ;
; -79.500  ; -79.500      ; 0.000          ; High Pulse Width ; bd1200 ; Fall       ; n_t_40x|[3]            ;
; -79.500  ; -79.500      ; 0.000          ; Low Pulse Width  ; bd1200 ; Fall       ; n_t_40x|[3]            ;
; -79.500  ; -79.500      ; 0.000          ; High Pulse Width ; bd1200 ; Rise       ; n_t_41x~23|datain[0]   ;
; -79.500  ; -79.500      ; 0.000          ; Low Pulse Width  ; bd1200 ; Rise       ; n_t_41x~23|datain[0]   ;
; -79.500  ; -79.500      ; 0.000          ; High Pulse Width ; bd1200 ; Fall       ; n_t_41x~23|dataout     ;
; -79.500  ; -79.500      ; 0.000          ; Low Pulse Width  ; bd1200 ; Fall       ; n_t_41x~23|dataout     ;
; -79.500  ; -79.500      ; 0.000          ; High Pulse Width ; bd1200 ; Rise       ; n_t_41x~31|datain[0]   ;
; -79.500  ; -79.500      ; 0.000          ; Low Pulse Width  ; bd1200 ; Rise       ; n_t_41x~31|datain[0]   ;
; -79.500  ; -79.500      ; 0.000          ; High Pulse Width ; bd1200 ; Fall       ; n_t_41x~31|dataout     ;
; -79.500  ; -79.500      ; 0.000          ; Low Pulse Width  ; bd1200 ; Fall       ; n_t_41x~31|dataout     ;
; -79.500  ; -79.500      ; 0.000          ; High Pulse Width ; bd1200 ; Rise       ; n_t_41x~32|datain[0]   ;
; -79.500  ; -79.500      ; 0.000          ; Low Pulse Width  ; bd1200 ; Rise       ; n_t_41x~32|datain[0]   ;
; -79.500  ; -79.500      ; 0.000          ; High Pulse Width ; bd1200 ; Fall       ; n_t_41x~32|dataout     ;
; -79.500  ; -79.500      ; 0.000          ; Low Pulse Width  ; bd1200 ; Fall       ; n_t_41x~32|dataout     ;
; -79.500  ; -79.500      ; 0.000          ; High Pulse Width ; bd1200 ; Rise       ; p_pulse_l~21|dataout   ;
; -79.500  ; -79.500      ; 0.000          ; Low Pulse Width  ; bd1200 ; Rise       ; p_pulse_l~21|dataout   ;
; -79.500  ; -79.500      ; 0.000          ; High Pulse Width ; bd1200 ; Fall       ; rx7|[3]                ;
; -79.500  ; -79.500      ; 0.000          ; Low Pulse Width  ; bd1200 ; Fall       ; rx7|[3]                ;
; -35.500  ; -35.500      ; 0.000          ; High Pulse Width ; bd1200 ; Fall       ; p_pulse_l_m~19|dataout ;
; -35.500  ; -35.500      ; 0.000          ; Low Pulse Width  ; bd1200 ; Fall       ; p_pulse_l_m~19|dataout ;
; -35.500  ; -35.500      ; 0.000          ; High Pulse Width ; bd1200 ; Fall       ; p_pulse_l~21|[0]       ;
; -35.500  ; -35.500      ; 0.000          ; Low Pulse Width  ; bd1200 ; Fall       ; p_pulse_l~21|[0]       ;
; -27.500  ; -27.500      ; 0.000          ; High Pulse Width ; bd1200 ; Rise       ; comb~39sexp|dataout    ;
; -27.500  ; -27.500      ; 0.000          ; Low Pulse Width  ; bd1200 ; Rise       ; comb~39sexp|dataout    ;
; -27.500  ; -27.500      ; 0.000          ; High Pulse Width ; bd1200 ; Rise       ; p_pulse_l_m~19|[2]     ;
; -27.500  ; -27.500      ; 0.000          ; Low Pulse Width  ; bd1200 ; Rise       ; p_pulse_l_m~19|[2]     ;
+----------+--------------+----------------+------------------+--------+------------+------------------------+


+-----------------------------------------------------------------------------------------------------------+
; Slow Model Minimum Pulse Width: 'bd600'                                                                   ;
+----------+--------------+----------------+------------------+-------+------------+------------------------+
; Slack    ; Actual Width ; Required Width ; Type             ; Clock ; Clock Edge ; Target                 ;
+----------+--------------+----------------+------------------+-------+------------+------------------------+
; -119.500 ; -113.500     ; 6.000          ; High Pulse Width ; bd600 ; Rise       ; n_t_34x                ;
; -119.500 ; -113.500     ; 6.000          ; Low Pulse Width  ; bd600 ; Rise       ; n_t_34x                ;
; -119.500 ; -113.500     ; 6.000          ; High Pulse Width ; bd600 ; Rise       ; n_t_35x                ;
; -119.500 ; -113.500     ; 6.000          ; Low Pulse Width  ; bd600 ; Rise       ; n_t_35x                ;
; -119.500 ; -113.500     ; 6.000          ; High Pulse Width ; bd600 ; Rise       ; n_t_36x                ;
; -119.500 ; -113.500     ; 6.000          ; Low Pulse Width  ; bd600 ; Rise       ; n_t_36x                ;
; -119.500 ; -113.500     ; 6.000          ; High Pulse Width ; bd600 ; Rise       ; n_t_37x                ;
; -119.500 ; -113.500     ; 6.000          ; Low Pulse Width  ; bd600 ; Rise       ; n_t_37x                ;
; -119.500 ; -113.500     ; 6.000          ; High Pulse Width ; bd600 ; Rise       ; n_t_38x                ;
; -119.500 ; -113.500     ; 6.000          ; Low Pulse Width  ; bd600 ; Rise       ; n_t_38x                ;
; -119.500 ; -113.500     ; 6.000          ; High Pulse Width ; bd600 ; Rise       ; n_t_39x                ;
; -119.500 ; -113.500     ; 6.000          ; Low Pulse Width  ; bd600 ; Rise       ; n_t_39x                ;
; -119.500 ; -113.500     ; 6.000          ; High Pulse Width ; bd600 ; Rise       ; n_t_40x                ;
; -119.500 ; -113.500     ; 6.000          ; Low Pulse Width  ; bd600 ; Rise       ; n_t_40x                ;
; -119.500 ; -113.500     ; 6.000          ; High Pulse Width ; bd600 ; Rise       ; rx7                    ;
; -119.500 ; -113.500     ; 6.000          ; Low Pulse Width  ; bd600 ; Rise       ; rx7                    ;
; -96.500  ; -96.500      ; 0.000          ; High Pulse Width ; bd600 ; Rise       ; n_t_34x|[3]            ;
; -96.500  ; -96.500      ; 0.000          ; Low Pulse Width  ; bd600 ; Rise       ; n_t_34x|[3]            ;
; -96.500  ; -96.500      ; 0.000          ; High Pulse Width ; bd600 ; Rise       ; n_t_35x|[3]            ;
; -96.500  ; -96.500      ; 0.000          ; Low Pulse Width  ; bd600 ; Rise       ; n_t_35x|[3]            ;
; -96.500  ; -96.500      ; 0.000          ; High Pulse Width ; bd600 ; Rise       ; n_t_36x|[3]            ;
; -96.500  ; -96.500      ; 0.000          ; Low Pulse Width  ; bd600 ; Rise       ; n_t_36x|[3]            ;
; -96.500  ; -96.500      ; 0.000          ; High Pulse Width ; bd600 ; Rise       ; n_t_37x|[3]            ;
; -96.500  ; -96.500      ; 0.000          ; Low Pulse Width  ; bd600 ; Rise       ; n_t_37x|[3]            ;
; -96.500  ; -96.500      ; 0.000          ; High Pulse Width ; bd600 ; Rise       ; n_t_38x|[3]            ;
; -96.500  ; -96.500      ; 0.000          ; Low Pulse Width  ; bd600 ; Rise       ; n_t_38x|[3]            ;
; -96.500  ; -96.500      ; 0.000          ; High Pulse Width ; bd600 ; Rise       ; n_t_39x|[3]            ;
; -96.500  ; -96.500      ; 0.000          ; Low Pulse Width  ; bd600 ; Rise       ; n_t_39x|[3]            ;
; -96.500  ; -96.500      ; 0.000          ; High Pulse Width ; bd600 ; Rise       ; n_t_40x|[3]            ;
; -96.500  ; -96.500      ; 0.000          ; Low Pulse Width  ; bd600 ; Rise       ; n_t_40x|[3]            ;
; -96.500  ; -96.500      ; 0.000          ; High Pulse Width ; bd600 ; Fall       ; n_t_41x~23|datain[0]   ;
; -96.500  ; -96.500      ; 0.000          ; Low Pulse Width  ; bd600 ; Fall       ; n_t_41x~23|datain[0]   ;
; -96.500  ; -96.500      ; 0.000          ; High Pulse Width ; bd600 ; Rise       ; n_t_41x~23|dataout     ;
; -96.500  ; -96.500      ; 0.000          ; Low Pulse Width  ; bd600 ; Rise       ; n_t_41x~23|dataout     ;
; -96.500  ; -96.500      ; 0.000          ; High Pulse Width ; bd600 ; Fall       ; n_t_41x~31|datain[0]   ;
; -96.500  ; -96.500      ; 0.000          ; Low Pulse Width  ; bd600 ; Fall       ; n_t_41x~31|datain[0]   ;
; -96.500  ; -96.500      ; 0.000          ; High Pulse Width ; bd600 ; Rise       ; n_t_41x~31|dataout     ;
; -96.500  ; -96.500      ; 0.000          ; Low Pulse Width  ; bd600 ; Rise       ; n_t_41x~31|dataout     ;
; -96.500  ; -96.500      ; 0.000          ; High Pulse Width ; bd600 ; Fall       ; n_t_41x~32|datain[0]   ;
; -96.500  ; -96.500      ; 0.000          ; Low Pulse Width  ; bd600 ; Fall       ; n_t_41x~32|datain[0]   ;
; -96.500  ; -96.500      ; 0.000          ; High Pulse Width ; bd600 ; Rise       ; n_t_41x~32|dataout     ;
; -96.500  ; -96.500      ; 0.000          ; Low Pulse Width  ; bd600 ; Rise       ; n_t_41x~32|dataout     ;
; -96.500  ; -96.500      ; 0.000          ; High Pulse Width ; bd600 ; Fall       ; p_pulse_l~21|dataout   ;
; -96.500  ; -96.500      ; 0.000          ; Low Pulse Width  ; bd600 ; Fall       ; p_pulse_l~21|dataout   ;
; -96.500  ; -96.500      ; 0.000          ; High Pulse Width ; bd600 ; Rise       ; rx7|[3]                ;
; -96.500  ; -96.500      ; 0.000          ; Low Pulse Width  ; bd600 ; Rise       ; rx7|[3]                ;
; -85.500  ; -79.500      ; 6.000          ; High Pulse Width ; bd600 ; Fall       ; n_t_34x                ;
; -85.500  ; -79.500      ; 6.000          ; Low Pulse Width  ; bd600 ; Fall       ; n_t_34x                ;
; -85.500  ; -79.500      ; 6.000          ; High Pulse Width ; bd600 ; Fall       ; n_t_35x                ;
; -85.500  ; -79.500      ; 6.000          ; Low Pulse Width  ; bd600 ; Fall       ; n_t_35x                ;
; -85.500  ; -79.500      ; 6.000          ; High Pulse Width ; bd600 ; Fall       ; n_t_36x                ;
; -85.500  ; -79.500      ; 6.000          ; Low Pulse Width  ; bd600 ; Fall       ; n_t_36x                ;
; -85.500  ; -79.500      ; 6.000          ; High Pulse Width ; bd600 ; Fall       ; n_t_37x                ;
; -85.500  ; -79.500      ; 6.000          ; Low Pulse Width  ; bd600 ; Fall       ; n_t_37x                ;
; -85.500  ; -79.500      ; 6.000          ; High Pulse Width ; bd600 ; Fall       ; n_t_38x                ;
; -85.500  ; -79.500      ; 6.000          ; Low Pulse Width  ; bd600 ; Fall       ; n_t_38x                ;
; -85.500  ; -79.500      ; 6.000          ; High Pulse Width ; bd600 ; Fall       ; n_t_39x                ;
; -85.500  ; -79.500      ; 6.000          ; Low Pulse Width  ; bd600 ; Fall       ; n_t_39x                ;
; -85.500  ; -79.500      ; 6.000          ; High Pulse Width ; bd600 ; Fall       ; n_t_40x                ;
; -85.500  ; -79.500      ; 6.000          ; Low Pulse Width  ; bd600 ; Fall       ; n_t_40x                ;
; -85.500  ; -79.500      ; 6.000          ; High Pulse Width ; bd600 ; Fall       ; rx7                    ;
; -85.500  ; -79.500      ; 6.000          ; Low Pulse Width  ; bd600 ; Fall       ; rx7                    ;
; -79.500  ; -79.500      ; 0.000          ; High Pulse Width ; bd600 ; Fall       ; n_t_34x|[3]            ;
; -79.500  ; -79.500      ; 0.000          ; Low Pulse Width  ; bd600 ; Fall       ; n_t_34x|[3]            ;
; -79.500  ; -79.500      ; 0.000          ; High Pulse Width ; bd600 ; Fall       ; n_t_35x|[3]            ;
; -79.500  ; -79.500      ; 0.000          ; Low Pulse Width  ; bd600 ; Fall       ; n_t_35x|[3]            ;
; -79.500  ; -79.500      ; 0.000          ; High Pulse Width ; bd600 ; Fall       ; n_t_36x|[3]            ;
; -79.500  ; -79.500      ; 0.000          ; Low Pulse Width  ; bd600 ; Fall       ; n_t_36x|[3]            ;
; -79.500  ; -79.500      ; 0.000          ; High Pulse Width ; bd600 ; Fall       ; n_t_37x|[3]            ;
; -79.500  ; -79.500      ; 0.000          ; Low Pulse Width  ; bd600 ; Fall       ; n_t_37x|[3]            ;
; -79.500  ; -79.500      ; 0.000          ; High Pulse Width ; bd600 ; Fall       ; n_t_38x|[3]            ;
; -79.500  ; -79.500      ; 0.000          ; Low Pulse Width  ; bd600 ; Fall       ; n_t_38x|[3]            ;
; -79.500  ; -79.500      ; 0.000          ; High Pulse Width ; bd600 ; Fall       ; n_t_39x|[3]            ;
; -79.500  ; -79.500      ; 0.000          ; Low Pulse Width  ; bd600 ; Fall       ; n_t_39x|[3]            ;
; -79.500  ; -79.500      ; 0.000          ; High Pulse Width ; bd600 ; Fall       ; n_t_40x|[3]            ;
; -79.500  ; -79.500      ; 0.000          ; Low Pulse Width  ; bd600 ; Fall       ; n_t_40x|[3]            ;
; -79.500  ; -79.500      ; 0.000          ; High Pulse Width ; bd600 ; Rise       ; n_t_41x~23|datain[0]   ;
; -79.500  ; -79.500      ; 0.000          ; Low Pulse Width  ; bd600 ; Rise       ; n_t_41x~23|datain[0]   ;
; -79.500  ; -79.500      ; 0.000          ; High Pulse Width ; bd600 ; Fall       ; n_t_41x~23|dataout     ;
; -79.500  ; -79.500      ; 0.000          ; Low Pulse Width  ; bd600 ; Fall       ; n_t_41x~23|dataout     ;
; -79.500  ; -79.500      ; 0.000          ; High Pulse Width ; bd600 ; Rise       ; n_t_41x~31|datain[0]   ;
; -79.500  ; -79.500      ; 0.000          ; Low Pulse Width  ; bd600 ; Rise       ; n_t_41x~31|datain[0]   ;
; -79.500  ; -79.500      ; 0.000          ; High Pulse Width ; bd600 ; Fall       ; n_t_41x~31|dataout     ;
; -79.500  ; -79.500      ; 0.000          ; Low Pulse Width  ; bd600 ; Fall       ; n_t_41x~31|dataout     ;
; -79.500  ; -79.500      ; 0.000          ; High Pulse Width ; bd600 ; Rise       ; n_t_41x~32|datain[0]   ;
; -79.500  ; -79.500      ; 0.000          ; Low Pulse Width  ; bd600 ; Rise       ; n_t_41x~32|datain[0]   ;
; -79.500  ; -79.500      ; 0.000          ; High Pulse Width ; bd600 ; Fall       ; n_t_41x~32|dataout     ;
; -79.500  ; -79.500      ; 0.000          ; Low Pulse Width  ; bd600 ; Fall       ; n_t_41x~32|dataout     ;
; -79.500  ; -79.500      ; 0.000          ; High Pulse Width ; bd600 ; Rise       ; p_pulse_l~21|dataout   ;
; -79.500  ; -79.500      ; 0.000          ; Low Pulse Width  ; bd600 ; Rise       ; p_pulse_l~21|dataout   ;
; -79.500  ; -79.500      ; 0.000          ; High Pulse Width ; bd600 ; Fall       ; rx7|[3]                ;
; -79.500  ; -79.500      ; 0.000          ; Low Pulse Width  ; bd600 ; Fall       ; rx7|[3]                ;
; -35.500  ; -35.500      ; 0.000          ; High Pulse Width ; bd600 ; Fall       ; p_pulse_l_m~19|dataout ;
; -35.500  ; -35.500      ; 0.000          ; Low Pulse Width  ; bd600 ; Fall       ; p_pulse_l_m~19|dataout ;
; -35.500  ; -35.500      ; 0.000          ; High Pulse Width ; bd600 ; Fall       ; p_pulse_l~21|[0]       ;
; -35.500  ; -35.500      ; 0.000          ; Low Pulse Width  ; bd600 ; Fall       ; p_pulse_l~21|[0]       ;
; -27.500  ; -27.500      ; 0.000          ; High Pulse Width ; bd600 ; Rise       ; comb~39sexp|dataout    ;
; -27.500  ; -27.500      ; 0.000          ; Low Pulse Width  ; bd600 ; Rise       ; comb~39sexp|dataout    ;
; -27.500  ; -27.500      ; 0.000          ; High Pulse Width ; bd600 ; Rise       ; p_pulse_l_m~19|[2]     ;
; -27.500  ; -27.500      ; 0.000          ; Low Pulse Width  ; bd600 ; Rise       ; p_pulse_l_m~19|[2]     ;
+----------+--------------+----------------+------------------+-------+------------+------------------------+


+-----------------------------------------------------------------------------------------------------------+
; Slow Model Minimum Pulse Width: 'clk'                                                                     ;
+----------+--------------+----------------+------------------+-------+------------+------------------------+
; Slack    ; Actual Width ; Required Width ; Type             ; Clock ; Clock Edge ; Target                 ;
+----------+--------------+----------------+------------------+-------+------------+------------------------+
; -119.500 ; -113.500     ; 6.000          ; High Pulse Width ; clk   ; Fall       ; n_t_34x                ;
; -119.500 ; -113.500     ; 6.000          ; Low Pulse Width  ; clk   ; Fall       ; n_t_34x                ;
; -119.500 ; -113.500     ; 6.000          ; High Pulse Width ; clk   ; Fall       ; n_t_35x                ;
; -119.500 ; -113.500     ; 6.000          ; Low Pulse Width  ; clk   ; Fall       ; n_t_35x                ;
; -119.500 ; -113.500     ; 6.000          ; High Pulse Width ; clk   ; Fall       ; n_t_36x                ;
; -119.500 ; -113.500     ; 6.000          ; Low Pulse Width  ; clk   ; Fall       ; n_t_36x                ;
; -119.500 ; -113.500     ; 6.000          ; High Pulse Width ; clk   ; Fall       ; n_t_37x                ;
; -119.500 ; -113.500     ; 6.000          ; Low Pulse Width  ; clk   ; Fall       ; n_t_37x                ;
; -119.500 ; -113.500     ; 6.000          ; High Pulse Width ; clk   ; Fall       ; n_t_38x                ;
; -119.500 ; -113.500     ; 6.000          ; Low Pulse Width  ; clk   ; Fall       ; n_t_38x                ;
; -119.500 ; -113.500     ; 6.000          ; High Pulse Width ; clk   ; Fall       ; n_t_39x                ;
; -119.500 ; -113.500     ; 6.000          ; Low Pulse Width  ; clk   ; Fall       ; n_t_39x                ;
; -119.500 ; -113.500     ; 6.000          ; High Pulse Width ; clk   ; Fall       ; n_t_40x                ;
; -119.500 ; -113.500     ; 6.000          ; Low Pulse Width  ; clk   ; Fall       ; n_t_40x                ;
; -119.500 ; -113.500     ; 6.000          ; High Pulse Width ; clk   ; Fall       ; rx7                    ;
; -119.500 ; -113.500     ; 6.000          ; Low Pulse Width  ; clk   ; Fall       ; rx7                    ;
; -96.500  ; -96.500      ; 0.000          ; High Pulse Width ; clk   ; Fall       ; n_t_34x|[3]            ;
; -96.500  ; -96.500      ; 0.000          ; Low Pulse Width  ; clk   ; Fall       ; n_t_34x|[3]            ;
; -96.500  ; -96.500      ; 0.000          ; High Pulse Width ; clk   ; Fall       ; n_t_35x|[3]            ;
; -96.500  ; -96.500      ; 0.000          ; Low Pulse Width  ; clk   ; Fall       ; n_t_35x|[3]            ;
; -96.500  ; -96.500      ; 0.000          ; High Pulse Width ; clk   ; Fall       ; n_t_36x|[3]            ;
; -96.500  ; -96.500      ; 0.000          ; Low Pulse Width  ; clk   ; Fall       ; n_t_36x|[3]            ;
; -96.500  ; -96.500      ; 0.000          ; High Pulse Width ; clk   ; Fall       ; n_t_37x|[3]            ;
; -96.500  ; -96.500      ; 0.000          ; Low Pulse Width  ; clk   ; Fall       ; n_t_37x|[3]            ;
; -96.500  ; -96.500      ; 0.000          ; High Pulse Width ; clk   ; Fall       ; n_t_38x|[3]            ;
; -96.500  ; -96.500      ; 0.000          ; Low Pulse Width  ; clk   ; Fall       ; n_t_38x|[3]            ;
; -96.500  ; -96.500      ; 0.000          ; High Pulse Width ; clk   ; Fall       ; n_t_39x|[3]            ;
; -96.500  ; -96.500      ; 0.000          ; Low Pulse Width  ; clk   ; Fall       ; n_t_39x|[3]            ;
; -96.500  ; -96.500      ; 0.000          ; High Pulse Width ; clk   ; Fall       ; n_t_40x|[3]            ;
; -96.500  ; -96.500      ; 0.000          ; Low Pulse Width  ; clk   ; Fall       ; n_t_40x|[3]            ;
; -96.500  ; -96.500      ; 0.000          ; High Pulse Width ; clk   ; Rise       ; n_t_41x~23|datain[0]   ;
; -96.500  ; -96.500      ; 0.000          ; Low Pulse Width  ; clk   ; Rise       ; n_t_41x~23|datain[0]   ;
; -96.500  ; -96.500      ; 0.000          ; High Pulse Width ; clk   ; Fall       ; n_t_41x~23|dataout     ;
; -96.500  ; -96.500      ; 0.000          ; Low Pulse Width  ; clk   ; Fall       ; n_t_41x~23|dataout     ;
; -96.500  ; -96.500      ; 0.000          ; High Pulse Width ; clk   ; Rise       ; n_t_41x~31|datain[0]   ;
; -96.500  ; -96.500      ; 0.000          ; Low Pulse Width  ; clk   ; Rise       ; n_t_41x~31|datain[0]   ;
; -96.500  ; -96.500      ; 0.000          ; High Pulse Width ; clk   ; Fall       ; n_t_41x~31|dataout     ;
; -96.500  ; -96.500      ; 0.000          ; Low Pulse Width  ; clk   ; Fall       ; n_t_41x~31|dataout     ;
; -96.500  ; -96.500      ; 0.000          ; High Pulse Width ; clk   ; Rise       ; n_t_41x~32|datain[0]   ;
; -96.500  ; -96.500      ; 0.000          ; Low Pulse Width  ; clk   ; Rise       ; n_t_41x~32|datain[0]   ;
; -96.500  ; -96.500      ; 0.000          ; High Pulse Width ; clk   ; Fall       ; n_t_41x~32|dataout     ;
; -96.500  ; -96.500      ; 0.000          ; Low Pulse Width  ; clk   ; Fall       ; n_t_41x~32|dataout     ;
; -96.500  ; -96.500      ; 0.000          ; High Pulse Width ; clk   ; Rise       ; p_pulse_l~21|dataout   ;
; -96.500  ; -96.500      ; 0.000          ; Low Pulse Width  ; clk   ; Rise       ; p_pulse_l~21|dataout   ;
; -96.500  ; -96.500      ; 0.000          ; High Pulse Width ; clk   ; Fall       ; rx7|[3]                ;
; -96.500  ; -96.500      ; 0.000          ; Low Pulse Width  ; clk   ; Fall       ; rx7|[3]                ;
; -85.500  ; -79.500      ; 6.000          ; High Pulse Width ; clk   ; Rise       ; n_t_34x                ;
; -85.500  ; -79.500      ; 6.000          ; Low Pulse Width  ; clk   ; Rise       ; n_t_34x                ;
; -85.500  ; -79.500      ; 6.000          ; High Pulse Width ; clk   ; Rise       ; n_t_35x                ;
; -85.500  ; -79.500      ; 6.000          ; Low Pulse Width  ; clk   ; Rise       ; n_t_35x                ;
; -85.500  ; -79.500      ; 6.000          ; High Pulse Width ; clk   ; Rise       ; n_t_36x                ;
; -85.500  ; -79.500      ; 6.000          ; Low Pulse Width  ; clk   ; Rise       ; n_t_36x                ;
; -85.500  ; -79.500      ; 6.000          ; High Pulse Width ; clk   ; Rise       ; n_t_37x                ;
; -85.500  ; -79.500      ; 6.000          ; Low Pulse Width  ; clk   ; Rise       ; n_t_37x                ;
; -85.500  ; -79.500      ; 6.000          ; High Pulse Width ; clk   ; Rise       ; n_t_38x                ;
; -85.500  ; -79.500      ; 6.000          ; Low Pulse Width  ; clk   ; Rise       ; n_t_38x                ;
; -85.500  ; -79.500      ; 6.000          ; High Pulse Width ; clk   ; Rise       ; n_t_39x                ;
; -85.500  ; -79.500      ; 6.000          ; Low Pulse Width  ; clk   ; Rise       ; n_t_39x                ;
; -85.500  ; -79.500      ; 6.000          ; High Pulse Width ; clk   ; Rise       ; n_t_40x                ;
; -85.500  ; -79.500      ; 6.000          ; Low Pulse Width  ; clk   ; Rise       ; n_t_40x                ;
; -85.500  ; -79.500      ; 6.000          ; High Pulse Width ; clk   ; Rise       ; rx7                    ;
; -85.500  ; -79.500      ; 6.000          ; Low Pulse Width  ; clk   ; Rise       ; rx7                    ;
; -79.500  ; -79.500      ; 0.000          ; High Pulse Width ; clk   ; Rise       ; n_t_34x|[3]            ;
; -79.500  ; -79.500      ; 0.000          ; Low Pulse Width  ; clk   ; Rise       ; n_t_34x|[3]            ;
; -79.500  ; -79.500      ; 0.000          ; High Pulse Width ; clk   ; Rise       ; n_t_35x|[3]            ;
; -79.500  ; -79.500      ; 0.000          ; Low Pulse Width  ; clk   ; Rise       ; n_t_35x|[3]            ;
; -79.500  ; -79.500      ; 0.000          ; High Pulse Width ; clk   ; Rise       ; n_t_36x|[3]            ;
; -79.500  ; -79.500      ; 0.000          ; Low Pulse Width  ; clk   ; Rise       ; n_t_36x|[3]            ;
; -79.500  ; -79.500      ; 0.000          ; High Pulse Width ; clk   ; Rise       ; n_t_37x|[3]            ;
; -79.500  ; -79.500      ; 0.000          ; Low Pulse Width  ; clk   ; Rise       ; n_t_37x|[3]            ;
; -79.500  ; -79.500      ; 0.000          ; High Pulse Width ; clk   ; Rise       ; n_t_38x|[3]            ;
; -79.500  ; -79.500      ; 0.000          ; Low Pulse Width  ; clk   ; Rise       ; n_t_38x|[3]            ;
; -79.500  ; -79.500      ; 0.000          ; High Pulse Width ; clk   ; Rise       ; n_t_39x|[3]            ;
; -79.500  ; -79.500      ; 0.000          ; Low Pulse Width  ; clk   ; Rise       ; n_t_39x|[3]            ;
; -79.500  ; -79.500      ; 0.000          ; High Pulse Width ; clk   ; Rise       ; n_t_40x|[3]            ;
; -79.500  ; -79.500      ; 0.000          ; Low Pulse Width  ; clk   ; Rise       ; n_t_40x|[3]            ;
; -79.500  ; -79.500      ; 0.000          ; High Pulse Width ; clk   ; Fall       ; n_t_41x~23|datain[0]   ;
; -79.500  ; -79.500      ; 0.000          ; Low Pulse Width  ; clk   ; Fall       ; n_t_41x~23|datain[0]   ;
; -79.500  ; -79.500      ; 0.000          ; High Pulse Width ; clk   ; Rise       ; n_t_41x~23|dataout     ;
; -79.500  ; -79.500      ; 0.000          ; Low Pulse Width  ; clk   ; Rise       ; n_t_41x~23|dataout     ;
; -79.500  ; -79.500      ; 0.000          ; High Pulse Width ; clk   ; Fall       ; n_t_41x~31|datain[0]   ;
; -79.500  ; -79.500      ; 0.000          ; Low Pulse Width  ; clk   ; Fall       ; n_t_41x~31|datain[0]   ;
; -79.500  ; -79.500      ; 0.000          ; High Pulse Width ; clk   ; Rise       ; n_t_41x~31|dataout     ;
; -79.500  ; -79.500      ; 0.000          ; Low Pulse Width  ; clk   ; Rise       ; n_t_41x~31|dataout     ;
; -79.500  ; -79.500      ; 0.000          ; High Pulse Width ; clk   ; Fall       ; n_t_41x~32|datain[0]   ;
; -79.500  ; -79.500      ; 0.000          ; Low Pulse Width  ; clk   ; Fall       ; n_t_41x~32|datain[0]   ;
; -79.500  ; -79.500      ; 0.000          ; High Pulse Width ; clk   ; Rise       ; n_t_41x~32|dataout     ;
; -79.500  ; -79.500      ; 0.000          ; Low Pulse Width  ; clk   ; Rise       ; n_t_41x~32|dataout     ;
; -79.500  ; -79.500      ; 0.000          ; High Pulse Width ; clk   ; Fall       ; p_pulse_l~21|dataout   ;
; -79.500  ; -79.500      ; 0.000          ; Low Pulse Width  ; clk   ; Fall       ; p_pulse_l~21|dataout   ;
; -79.500  ; -79.500      ; 0.000          ; High Pulse Width ; clk   ; Rise       ; rx7|[3]                ;
; -79.500  ; -79.500      ; 0.000          ; Low Pulse Width  ; clk   ; Rise       ; rx7|[3]                ;
; -35.500  ; -35.500      ; 0.000          ; High Pulse Width ; clk   ; Rise       ; p_pulse_l_m~19|dataout ;
; -35.500  ; -35.500      ; 0.000          ; Low Pulse Width  ; clk   ; Rise       ; p_pulse_l_m~19|dataout ;
; -35.500  ; -35.500      ; 0.000          ; High Pulse Width ; clk   ; Rise       ; p_pulse_l~21|[0]       ;
; -35.500  ; -35.500      ; 0.000          ; Low Pulse Width  ; clk   ; Rise       ; p_pulse_l~21|[0]       ;
; -27.500  ; -27.500      ; 0.000          ; High Pulse Width ; clk   ; Fall       ; comb~39sexp|dataout    ;
; -27.500  ; -27.500      ; 0.000          ; Low Pulse Width  ; clk   ; Fall       ; comb~39sexp|dataout    ;
; -27.500  ; -27.500      ; 0.000          ; High Pulse Width ; clk   ; Fall       ; p_pulse_l_m~19|[2]     ;
; -27.500  ; -27.500      ; 0.000          ; Low Pulse Width  ; clk   ; Fall       ; p_pulse_l_m~19|[2]     ;
+----------+--------------+----------------+------------------+-------+------------+------------------------+


+--------------------------------------------------------------------------------------------------+
; Slow Model Minimum Pulse Width: 'bd2400'                                                         ;
+--------+--------------+----------------+------------------+--------+------------+----------------+
; Slack  ; Actual Width ; Required Width ; Type             ; Clock  ; Clock Edge ; Target         ;
+--------+--------------+----------------+------------------+--------+------------+----------------+
; -5.500 ; 0.500        ; 6.000          ; High Pulse Width ; bd2400 ; Rise       ; bd1200         ;
; -5.500 ; 0.500        ; 6.000          ; Low Pulse Width  ; bd2400 ; Rise       ; bd1200         ;
; 0.500  ; 0.500        ; 0.000          ; High Pulse Width ; bd2400 ; Rise       ; bd1200|[0]     ;
; 0.500  ; 0.500        ; 0.000          ; Low Pulse Width  ; bd2400 ; Rise       ; bd1200|[0]     ;
; 0.500  ; 0.500        ; 0.000          ; High Pulse Width ; bd2400 ; Rise       ; bd2400|dataout ;
; 0.500  ; 0.500        ; 0.000          ; Low Pulse Width  ; bd2400 ; Rise       ; bd2400|dataout ;
+--------+--------------+----------------+------------------+--------+------------+----------------+


+----------------------------------------------------------------------------+
; Setup Times                                                                ;
+------------+------------+---------+---------+------------+-----------------+
; Data Port  ; Clock Port ; Rise    ; Fall    ; Clock Edge ; Clock Reference ;
+------------+------------+---------+---------+------------+-----------------+
; clk        ; bd1200     ; 112.000 ; 112.000 ; Rise       ; bd1200          ;
; initialize ; bd1200     ; 103.000 ; 103.000 ; Rise       ; bd1200          ;
; power_ok   ; bd1200     ; 103.000 ; 103.000 ; Rise       ; bd1200          ;
; serial_in  ; bd1200     ; 103.000 ; 103.000 ; Rise       ; bd1200          ;
; sw1        ; bd1200     ; 121.000 ; 121.000 ; Rise       ; bd1200          ;
; sw2        ; bd1200     ; 121.000 ; 121.000 ; Rise       ; bd1200          ;
; sw3        ; bd1200     ; 121.000 ; 121.000 ; Rise       ; bd1200          ;
; clk        ; bd1200     ; 95.000  ; 95.000  ; Fall       ; bd1200          ;
; initialize ; bd1200     ; 86.000  ; 86.000  ; Fall       ; bd1200          ;
; power_ok   ; bd1200     ; 86.000  ; 86.000  ; Fall       ; bd1200          ;
; serial_in  ; bd1200     ; 86.000  ; 86.000  ; Fall       ; bd1200          ;
; sw1        ; bd1200     ; 104.000 ; 104.000 ; Fall       ; bd1200          ;
; sw2        ; bd1200     ; 104.000 ; 104.000 ; Fall       ; bd1200          ;
; sw3        ; bd1200     ; 104.000 ; 104.000 ; Fall       ; bd1200          ;
; clk        ; bd600      ; 103.000 ; 103.000 ; Rise       ; bd600           ;
; initialize ; bd600      ; 94.000  ; 94.000  ; Rise       ; bd600           ;
; power_ok   ; bd600      ; 94.000  ; 94.000  ; Rise       ; bd600           ;
; serial_in  ; bd600      ; 94.000  ; 94.000  ; Rise       ; bd600           ;
; sw1        ; bd600      ; 112.000 ; 112.000 ; Rise       ; bd600           ;
; sw2        ; bd600      ; 112.000 ; 112.000 ; Rise       ; bd600           ;
; sw3        ; bd600      ; 112.000 ; 112.000 ; Rise       ; bd600           ;
; clk        ; bd600      ; 86.000  ; 86.000  ; Fall       ; bd600           ;
; initialize ; bd600      ; 77.000  ; 77.000  ; Fall       ; bd600           ;
; power_ok   ; bd600      ; 77.000  ; 77.000  ; Fall       ; bd600           ;
; serial_in  ; bd600      ; 77.000  ; 77.000  ; Fall       ; bd600           ;
; sw1        ; bd600      ; 95.000  ; 95.000  ; Fall       ; bd600           ;
; sw2        ; bd600      ; 95.000  ; 95.000  ; Fall       ; bd600           ;
; sw3        ; bd600      ; 95.000  ; 95.000  ; Fall       ; bd600           ;
; clk        ; clk        ; 93.000  ; 93.000  ; Rise       ; clk             ;
; initialize ; clk        ; 84.000  ; 84.000  ; Rise       ; clk             ;
; power_ok   ; clk        ; 84.000  ; 84.000  ; Rise       ; clk             ;
; serial_in  ; clk        ; 84.000  ; 84.000  ; Rise       ; clk             ;
; sw1        ; clk        ; 102.000 ; 102.000 ; Rise       ; clk             ;
; sw2        ; clk        ; 102.000 ; 102.000 ; Rise       ; clk             ;
; sw3        ; clk        ; 102.000 ; 102.000 ; Rise       ; clk             ;
; clk        ; clk        ; 110.000 ; 110.000 ; Fall       ; clk             ;
; initialize ; clk        ; 101.000 ; 101.000 ; Fall       ; clk             ;
; power_ok   ; clk        ; 101.000 ; 101.000 ; Fall       ; clk             ;
; serial_in  ; clk        ; 101.000 ; 101.000 ; Fall       ; clk             ;
; sw1        ; clk        ; 119.000 ; 119.000 ; Fall       ; clk             ;
; sw2        ; clk        ; 119.000 ; 119.000 ; Fall       ; clk             ;
; sw3        ; clk        ; 119.000 ; 119.000 ; Fall       ; clk             ;
; clk        ; sw1        ; 110.000 ; 110.000 ; Rise       ; sw1             ;
; initialize ; sw1        ; 101.000 ; 101.000 ; Rise       ; sw1             ;
; power_ok   ; sw1        ; 101.000 ; 101.000 ; Rise       ; sw1             ;
; serial_in  ; sw1        ; 101.000 ; 101.000 ; Rise       ; sw1             ;
; sw1        ; sw1        ; 119.000 ; 119.000 ; Rise       ; sw1             ;
; sw2        ; sw1        ; 119.000 ; 119.000 ; Rise       ; sw1             ;
; sw3        ; sw1        ; 119.000 ; 119.000 ; Rise       ; sw1             ;
; clk        ; sw1        ; 101.000 ; 101.000 ; Fall       ; sw1             ;
; initialize ; sw1        ; 92.000  ; 92.000  ; Fall       ; sw1             ;
; power_ok   ; sw1        ; 92.000  ; 92.000  ; Fall       ; sw1             ;
; serial_in  ; sw1        ; 92.000  ; 92.000  ; Fall       ; sw1             ;
; sw1        ; sw1        ; 110.000 ; 110.000 ; Fall       ; sw1             ;
; sw2        ; sw1        ; 110.000 ; 110.000 ; Fall       ; sw1             ;
; sw3        ; sw1        ; 110.000 ; 110.000 ; Fall       ; sw1             ;
+------------+------------+---------+---------+------------+-----------------+


+----------------------------------------------------------------------------+
; Hold Times                                                                 ;
+------------+------------+---------+---------+------------+-----------------+
; Data Port  ; Clock Port ; Rise    ; Fall    ; Clock Edge ; Clock Reference ;
+------------+------------+---------+---------+------------+-----------------+
; clk        ; bd1200     ; 107.000 ; 107.000 ; Rise       ; bd1200          ;
; initialize ; bd1200     ; 64.000  ; 64.000  ; Rise       ; bd1200          ;
; power_ok   ; bd1200     ; 116.000 ; 116.000 ; Rise       ; bd1200          ;
; serial_in  ; bd1200     ; 134.000 ; 134.000 ; Rise       ; bd1200          ;
; sw1        ; bd1200     ; 107.000 ; 107.000 ; Rise       ; bd1200          ;
; sw2        ; bd1200     ; 107.000 ; 107.000 ; Rise       ; bd1200          ;
; sw3        ; bd1200     ; 107.000 ; 107.000 ; Rise       ; bd1200          ;
; clk        ; bd1200     ; 90.000  ; 90.000  ; Fall       ; bd1200          ;
; initialize ; bd1200     ; 47.000  ; 47.000  ; Fall       ; bd1200          ;
; power_ok   ; bd1200     ; 99.000  ; 99.000  ; Fall       ; bd1200          ;
; serial_in  ; bd1200     ; 117.000 ; 117.000 ; Fall       ; bd1200          ;
; sw1        ; bd1200     ; 90.000  ; 90.000  ; Fall       ; bd1200          ;
; sw2        ; bd1200     ; 90.000  ; 90.000  ; Fall       ; bd1200          ;
; sw3        ; bd1200     ; 90.000  ; 90.000  ; Fall       ; bd1200          ;
; clk        ; bd600      ; 116.000 ; 116.000 ; Rise       ; bd600           ;
; initialize ; bd600      ; 73.000  ; 73.000  ; Rise       ; bd600           ;
; power_ok   ; bd600      ; 125.000 ; 125.000 ; Rise       ; bd600           ;
; serial_in  ; bd600      ; 143.000 ; 143.000 ; Rise       ; bd600           ;
; sw1        ; bd600      ; 116.000 ; 116.000 ; Rise       ; bd600           ;
; sw2        ; bd600      ; 116.000 ; 116.000 ; Rise       ; bd600           ;
; sw3        ; bd600      ; 116.000 ; 116.000 ; Rise       ; bd600           ;
; clk        ; bd600      ; 99.000  ; 99.000  ; Fall       ; bd600           ;
; initialize ; bd600      ; 56.000  ; 56.000  ; Fall       ; bd600           ;
; power_ok   ; bd600      ; 108.000 ; 108.000 ; Fall       ; bd600           ;
; serial_in  ; bd600      ; 126.000 ; 126.000 ; Fall       ; bd600           ;
; sw1        ; bd600      ; 99.000  ; 99.000  ; Fall       ; bd600           ;
; sw2        ; bd600      ; 99.000  ; 99.000  ; Fall       ; bd600           ;
; sw3        ; bd600      ; 99.000  ; 99.000  ; Fall       ; bd600           ;
; clk        ; clk        ; 92.000  ; 92.000  ; Rise       ; clk             ;
; initialize ; clk        ; 49.000  ; 49.000  ; Rise       ; clk             ;
; power_ok   ; clk        ; 101.000 ; 101.000 ; Rise       ; clk             ;
; serial_in  ; clk        ; 119.000 ; 119.000 ; Rise       ; clk             ;
; sw1        ; clk        ; 92.000  ; 92.000  ; Rise       ; clk             ;
; sw2        ; clk        ; 92.000  ; 92.000  ; Rise       ; clk             ;
; sw3        ; clk        ; 92.000  ; 92.000  ; Rise       ; clk             ;
; clk        ; clk        ; 109.000 ; 109.000 ; Fall       ; clk             ;
; initialize ; clk        ; 66.000  ; 66.000  ; Fall       ; clk             ;
; power_ok   ; clk        ; 118.000 ; 118.000 ; Fall       ; clk             ;
; serial_in  ; clk        ; 136.000 ; 136.000 ; Fall       ; clk             ;
; sw1        ; clk        ; 109.000 ; 109.000 ; Fall       ; clk             ;
; sw2        ; clk        ; 109.000 ; 109.000 ; Fall       ; clk             ;
; sw3        ; clk        ; 109.000 ; 109.000 ; Fall       ; clk             ;
; clk        ; sw1        ; 109.000 ; 109.000 ; Rise       ; sw1             ;
; initialize ; sw1        ; 66.000  ; 66.000  ; Rise       ; sw1             ;
; power_ok   ; sw1        ; 118.000 ; 118.000 ; Rise       ; sw1             ;
; serial_in  ; sw1        ; 136.000 ; 136.000 ; Rise       ; sw1             ;
; sw1        ; sw1        ; 109.000 ; 109.000 ; Rise       ; sw1             ;
; sw2        ; sw1        ; 109.000 ; 109.000 ; Rise       ; sw1             ;
; sw3        ; sw1        ; 109.000 ; 109.000 ; Rise       ; sw1             ;
; clk        ; sw1        ; 118.000 ; 118.000 ; Fall       ; sw1             ;
; initialize ; sw1        ; 75.000  ; 75.000  ; Fall       ; sw1             ;
; power_ok   ; sw1        ; 127.000 ; 127.000 ; Fall       ; sw1             ;
; serial_in  ; sw1        ; 145.000 ; 145.000 ; Fall       ; sw1             ;
; sw1        ; sw1        ; 118.000 ; 118.000 ; Fall       ; sw1             ;
; sw2        ; sw1        ; 118.000 ; 118.000 ; Fall       ; sw1             ;
; sw3        ; sw1        ; 118.000 ; 118.000 ; Fall       ; sw1             ;
+------------+------------+---------+---------+------------+-----------------+


+----------------------------------------------------------------------------+
; Clock to Output Times                                                      ;
+------------+------------+---------+---------+------------+-----------------+
; Data Port  ; Clock Port ; Rise    ; Fall    ; Clock Edge ; Clock Reference ;
+------------+------------+---------+---------+------------+-----------------+
; c0_l       ; bd1200     ; 165.000 ; 165.000 ; Rise       ; bd1200          ;
; c1_l       ; bd1200     ; 165.000 ; 165.000 ; Rise       ; bd1200          ;
; data04_l   ; bd1200     ; 164.000 ; 164.000 ; Rise       ; bd1200          ;
; data05_l   ; bd1200     ; 164.000 ; 164.000 ; Rise       ; bd1200          ;
; data06_l   ; bd1200     ; 164.000 ; 164.000 ; Rise       ; bd1200          ;
; data07_l   ; bd1200     ; 164.000 ; 164.000 ; Rise       ; bd1200          ;
; data08_l   ; bd1200     ; 164.000 ; 164.000 ; Rise       ; bd1200          ;
; data09_l   ; bd1200     ; 164.000 ; 164.000 ; Rise       ; bd1200          ;
; data10_l   ; bd1200     ; 164.000 ; 164.000 ; Rise       ; bd1200          ;
; data11_l   ; bd1200     ; 164.000 ; 164.000 ; Rise       ; bd1200          ;
; int_enab   ; bd1200     ; 195.000 ; 195.000 ; Rise       ; bd1200          ;
; int_rqst_l ; bd1200     ; 252.000 ; 252.000 ; Rise       ; bd1200          ;
; r_run_l    ; bd1200     ; 187.000 ; 187.000 ; Rise       ; bd1200          ;
; serial_out ; bd1200     ; 274.000 ; 274.000 ; Rise       ; bd1200          ;
; skip_l     ; bd1200     ; 252.000 ; 252.000 ; Rise       ; bd1200          ;
; tx_div_l   ; bd1200     ; 229.000 ; 229.000 ; Rise       ; bd1200          ;
; c0_l       ; bd1200     ; 148.000 ; 148.000 ; Fall       ; bd1200          ;
; c1_l       ; bd1200     ; 148.000 ; 148.000 ; Fall       ; bd1200          ;
; data04_l   ; bd1200     ; 147.000 ; 147.000 ; Fall       ; bd1200          ;
; data05_l   ; bd1200     ; 147.000 ; 147.000 ; Fall       ; bd1200          ;
; data06_l   ; bd1200     ; 147.000 ; 147.000 ; Fall       ; bd1200          ;
; data07_l   ; bd1200     ; 147.000 ; 147.000 ; Fall       ; bd1200          ;
; data08_l   ; bd1200     ; 147.000 ; 147.000 ; Fall       ; bd1200          ;
; data09_l   ; bd1200     ; 147.000 ; 147.000 ; Fall       ; bd1200          ;
; data10_l   ; bd1200     ; 147.000 ; 147.000 ; Fall       ; bd1200          ;
; data11_l   ; bd1200     ; 147.000 ; 147.000 ; Fall       ; bd1200          ;
; int_enab   ; bd1200     ; 178.000 ; 178.000 ; Fall       ; bd1200          ;
; int_rqst_l ; bd1200     ; 235.000 ; 235.000 ; Fall       ; bd1200          ;
; r_run_l    ; bd1200     ; 170.000 ; 170.000 ; Fall       ; bd1200          ;
; serial_out ; bd1200     ; 257.000 ; 257.000 ; Fall       ; bd1200          ;
; skip_l     ; bd1200     ; 235.000 ; 235.000 ; Fall       ; bd1200          ;
; tx_div_l   ; bd1200     ; 212.000 ; 212.000 ; Fall       ; bd1200          ;
; c0_l       ; bd600      ; 174.000 ; 174.000 ; Rise       ; bd600           ;
; c1_l       ; bd600      ; 174.000 ; 174.000 ; Rise       ; bd600           ;
; data04_l   ; bd600      ; 173.000 ; 173.000 ; Rise       ; bd600           ;
; data05_l   ; bd600      ; 173.000 ; 173.000 ; Rise       ; bd600           ;
; data06_l   ; bd600      ; 173.000 ; 173.000 ; Rise       ; bd600           ;
; data07_l   ; bd600      ; 173.000 ; 173.000 ; Rise       ; bd600           ;
; data08_l   ; bd600      ; 173.000 ; 173.000 ; Rise       ; bd600           ;
; data09_l   ; bd600      ; 173.000 ; 173.000 ; Rise       ; bd600           ;
; data10_l   ; bd600      ; 173.000 ; 173.000 ; Rise       ; bd600           ;
; data11_l   ; bd600      ; 173.000 ; 173.000 ; Rise       ; bd600           ;
; int_enab   ; bd600      ; 204.000 ; 204.000 ; Rise       ; bd600           ;
; int_rqst_l ; bd600      ; 261.000 ; 261.000 ; Rise       ; bd600           ;
; r_run_l    ; bd600      ; 196.000 ; 196.000 ; Rise       ; bd600           ;
; serial_out ; bd600      ; 283.000 ; 283.000 ; Rise       ; bd600           ;
; skip_l     ; bd600      ; 261.000 ; 261.000 ; Rise       ; bd600           ;
; tx_div_l   ; bd600      ; 238.000 ; 238.000 ; Rise       ; bd600           ;
; c0_l       ; bd600      ; 157.000 ; 157.000 ; Fall       ; bd600           ;
; c1_l       ; bd600      ; 157.000 ; 157.000 ; Fall       ; bd600           ;
; data04_l   ; bd600      ; 156.000 ; 156.000 ; Fall       ; bd600           ;
; data05_l   ; bd600      ; 156.000 ; 156.000 ; Fall       ; bd600           ;
; data06_l   ; bd600      ; 156.000 ; 156.000 ; Fall       ; bd600           ;
; data07_l   ; bd600      ; 156.000 ; 156.000 ; Fall       ; bd600           ;
; data08_l   ; bd600      ; 156.000 ; 156.000 ; Fall       ; bd600           ;
; data09_l   ; bd600      ; 156.000 ; 156.000 ; Fall       ; bd600           ;
; data10_l   ; bd600      ; 156.000 ; 156.000 ; Fall       ; bd600           ;
; data11_l   ; bd600      ; 156.000 ; 156.000 ; Fall       ; bd600           ;
; int_enab   ; bd600      ; 187.000 ; 187.000 ; Fall       ; bd600           ;
; int_rqst_l ; bd600      ; 244.000 ; 244.000 ; Fall       ; bd600           ;
; r_run_l    ; bd600      ; 179.000 ; 179.000 ; Fall       ; bd600           ;
; serial_out ; bd600      ; 266.000 ; 266.000 ; Fall       ; bd600           ;
; skip_l     ; bd600      ; 244.000 ; 244.000 ; Fall       ; bd600           ;
; tx_div_l   ; bd600      ; 221.000 ; 221.000 ; Fall       ; bd600           ;
; c0_l       ; clk        ; 150.000 ; 150.000 ; Rise       ; clk             ;
; c1_l       ; clk        ; 150.000 ; 150.000 ; Rise       ; clk             ;
; data04_l   ; clk        ; 149.000 ; 149.000 ; Rise       ; clk             ;
; data05_l   ; clk        ; 149.000 ; 149.000 ; Rise       ; clk             ;
; data06_l   ; clk        ; 149.000 ; 149.000 ; Rise       ; clk             ;
; data07_l   ; clk        ; 149.000 ; 149.000 ; Rise       ; clk             ;
; data08_l   ; clk        ; 149.000 ; 149.000 ; Rise       ; clk             ;
; data09_l   ; clk        ; 149.000 ; 149.000 ; Rise       ; clk             ;
; data10_l   ; clk        ; 149.000 ; 149.000 ; Rise       ; clk             ;
; data11_l   ; clk        ; 149.000 ; 149.000 ; Rise       ; clk             ;
; int_enab   ; clk        ; 180.000 ; 180.000 ; Rise       ; clk             ;
; int_rqst_l ; clk        ; 237.000 ; 237.000 ; Rise       ; clk             ;
; r_run_l    ; clk        ; 172.000 ; 172.000 ; Rise       ; clk             ;
; serial_out ; clk        ; 259.000 ; 259.000 ; Rise       ; clk             ;
; skip_l     ; clk        ; 237.000 ; 237.000 ; Rise       ; clk             ;
; tx_div_l   ; clk        ; 214.000 ; 214.000 ; Rise       ; clk             ;
; c0_l       ; clk        ; 167.000 ; 167.000 ; Fall       ; clk             ;
; c1_l       ; clk        ; 167.000 ; 167.000 ; Fall       ; clk             ;
; data04_l   ; clk        ; 166.000 ; 166.000 ; Fall       ; clk             ;
; data05_l   ; clk        ; 166.000 ; 166.000 ; Fall       ; clk             ;
; data06_l   ; clk        ; 166.000 ; 166.000 ; Fall       ; clk             ;
; data07_l   ; clk        ; 166.000 ; 166.000 ; Fall       ; clk             ;
; data08_l   ; clk        ; 166.000 ; 166.000 ; Fall       ; clk             ;
; data09_l   ; clk        ; 166.000 ; 166.000 ; Fall       ; clk             ;
; data10_l   ; clk        ; 166.000 ; 166.000 ; Fall       ; clk             ;
; data11_l   ; clk        ; 166.000 ; 166.000 ; Fall       ; clk             ;
; int_enab   ; clk        ; 197.000 ; 197.000 ; Fall       ; clk             ;
; int_rqst_l ; clk        ; 254.000 ; 254.000 ; Fall       ; clk             ;
; r_run_l    ; clk        ; 189.000 ; 189.000 ; Fall       ; clk             ;
; serial_out ; clk        ; 276.000 ; 276.000 ; Fall       ; clk             ;
; skip_l     ; clk        ; 254.000 ; 254.000 ; Fall       ; clk             ;
; tx_div_l   ; clk        ; 231.000 ; 231.000 ; Fall       ; clk             ;
; c0_l       ; sw1        ; 167.000 ; 167.000 ; Rise       ; sw1             ;
; c1_l       ; sw1        ; 167.000 ; 167.000 ; Rise       ; sw1             ;
; data04_l   ; sw1        ; 166.000 ; 166.000 ; Rise       ; sw1             ;
; data05_l   ; sw1        ; 166.000 ; 166.000 ; Rise       ; sw1             ;
; data06_l   ; sw1        ; 166.000 ; 166.000 ; Rise       ; sw1             ;
; data07_l   ; sw1        ; 166.000 ; 166.000 ; Rise       ; sw1             ;
; data08_l   ; sw1        ; 166.000 ; 166.000 ; Rise       ; sw1             ;
; data09_l   ; sw1        ; 166.000 ; 166.000 ; Rise       ; sw1             ;
; data10_l   ; sw1        ; 166.000 ; 166.000 ; Rise       ; sw1             ;
; data11_l   ; sw1        ; 166.000 ; 166.000 ; Rise       ; sw1             ;
; int_enab   ; sw1        ; 197.000 ; 197.000 ; Rise       ; sw1             ;
; int_rqst_l ; sw1        ; 254.000 ; 254.000 ; Rise       ; sw1             ;
; r_run_l    ; sw1        ; 189.000 ; 189.000 ; Rise       ; sw1             ;
; serial_out ; sw1        ; 276.000 ; 276.000 ; Rise       ; sw1             ;
; skip_l     ; sw1        ; 254.000 ; 254.000 ; Rise       ; sw1             ;
; tx_div_l   ; sw1        ; 231.000 ; 231.000 ; Rise       ; sw1             ;
; c0_l       ; sw1        ; 176.000 ; 176.000 ; Fall       ; sw1             ;
; c1_l       ; sw1        ; 176.000 ; 176.000 ; Fall       ; sw1             ;
; data04_l   ; sw1        ; 175.000 ; 175.000 ; Fall       ; sw1             ;
; data05_l   ; sw1        ; 175.000 ; 175.000 ; Fall       ; sw1             ;
; data06_l   ; sw1        ; 175.000 ; 175.000 ; Fall       ; sw1             ;
; data07_l   ; sw1        ; 175.000 ; 175.000 ; Fall       ; sw1             ;
; data08_l   ; sw1        ; 175.000 ; 175.000 ; Fall       ; sw1             ;
; data09_l   ; sw1        ; 175.000 ; 175.000 ; Fall       ; sw1             ;
; data10_l   ; sw1        ; 175.000 ; 175.000 ; Fall       ; sw1             ;
; data11_l   ; sw1        ; 175.000 ; 175.000 ; Fall       ; sw1             ;
; int_enab   ; sw1        ; 206.000 ; 206.000 ; Fall       ; sw1             ;
; int_rqst_l ; sw1        ; 263.000 ; 263.000 ; Fall       ; sw1             ;
; r_run_l    ; sw1        ; 198.000 ; 198.000 ; Fall       ; sw1             ;
; serial_out ; sw1        ; 285.000 ; 285.000 ; Fall       ; sw1             ;
; skip_l     ; sw1        ; 263.000 ; 263.000 ; Fall       ; sw1             ;
; tx_div_l   ; sw1        ; 240.000 ; 240.000 ; Fall       ; sw1             ;
+------------+------------+---------+---------+------------+-----------------+


+--------------------------------------------------------------------------+
; Minimum Clock to Output Times                                            ;
+------------+------------+--------+--------+------------+-----------------+
; Data Port  ; Clock Port ; Rise   ; Fall   ; Clock Edge ; Clock Reference ;
+------------+------------+--------+--------+------------+-----------------+
; c0_l       ; bd1200     ; 41.000 ; 41.000 ; Rise       ; bd1200          ;
; c1_l       ; bd1200     ; 41.000 ; 41.000 ; Rise       ; bd1200          ;
; data04_l   ; bd1200     ; 40.000 ; 40.000 ; Rise       ; bd1200          ;
; data05_l   ; bd1200     ; 40.000 ; 40.000 ; Rise       ; bd1200          ;
; data06_l   ; bd1200     ; 40.000 ; 40.000 ; Rise       ; bd1200          ;
; data07_l   ; bd1200     ; 40.000 ; 40.000 ; Rise       ; bd1200          ;
; data08_l   ; bd1200     ; 40.000 ; 40.000 ; Rise       ; bd1200          ;
; data09_l   ; bd1200     ; 40.000 ; 40.000 ; Rise       ; bd1200          ;
; data10_l   ; bd1200     ; 40.000 ; 40.000 ; Rise       ; bd1200          ;
; data11_l   ; bd1200     ; 40.000 ; 40.000 ; Rise       ; bd1200          ;
; int_enab   ; bd1200     ; 54.000 ; 54.000 ; Rise       ; bd1200          ;
; int_rqst_l ; bd1200     ; 40.000 ; 40.000 ; Rise       ; bd1200          ;
; r_run_l    ; bd1200     ; 44.000 ; 44.000 ; Rise       ; bd1200          ;
; serial_out ; bd1200     ; 35.000 ; 35.000 ; Rise       ; bd1200          ;
; skip_l     ; bd1200     ; 40.000 ; 40.000 ; Rise       ; bd1200          ;
; tx_div_l   ; bd1200     ; 26.000 ; 26.000 ; Rise       ; bd1200          ;
; c0_l       ; bd1200     ; 58.000 ; 58.000 ; Fall       ; bd1200          ;
; c1_l       ; bd1200     ; 58.000 ; 58.000 ; Fall       ; bd1200          ;
; data04_l   ; bd1200     ; 57.000 ; 57.000 ; Fall       ; bd1200          ;
; data05_l   ; bd1200     ; 57.000 ; 57.000 ; Fall       ; bd1200          ;
; data06_l   ; bd1200     ; 57.000 ; 57.000 ; Fall       ; bd1200          ;
; data07_l   ; bd1200     ; 57.000 ; 57.000 ; Fall       ; bd1200          ;
; data08_l   ; bd1200     ; 57.000 ; 57.000 ; Fall       ; bd1200          ;
; data09_l   ; bd1200     ; 57.000 ; 57.000 ; Fall       ; bd1200          ;
; data10_l   ; bd1200     ; 57.000 ; 57.000 ; Fall       ; bd1200          ;
; data11_l   ; bd1200     ; 57.000 ; 57.000 ; Fall       ; bd1200          ;
; int_enab   ; bd1200     ; 71.000 ; 71.000 ; Fall       ; bd1200          ;
; int_rqst_l ; bd1200     ; 40.000 ; 40.000 ; Fall       ; bd1200          ;
; r_run_l    ; bd1200     ; 61.000 ; 61.000 ; Fall       ; bd1200          ;
; serial_out ; bd1200     ; 35.000 ; 35.000 ; Fall       ; bd1200          ;
; skip_l     ; bd1200     ; 40.000 ; 40.000 ; Fall       ; bd1200          ;
; tx_div_l   ; bd1200     ; 26.000 ; 26.000 ; Fall       ; bd1200          ;
; c0_l       ; bd600      ; 50.000 ; 50.000 ; Rise       ; bd600           ;
; c1_l       ; bd600      ; 50.000 ; 50.000 ; Rise       ; bd600           ;
; data04_l   ; bd600      ; 49.000 ; 49.000 ; Rise       ; bd600           ;
; data05_l   ; bd600      ; 49.000 ; 49.000 ; Rise       ; bd600           ;
; data06_l   ; bd600      ; 49.000 ; 49.000 ; Rise       ; bd600           ;
; data07_l   ; bd600      ; 49.000 ; 49.000 ; Rise       ; bd600           ;
; data08_l   ; bd600      ; 49.000 ; 49.000 ; Rise       ; bd600           ;
; data09_l   ; bd600      ; 49.000 ; 49.000 ; Rise       ; bd600           ;
; data10_l   ; bd600      ; 49.000 ; 49.000 ; Rise       ; bd600           ;
; data11_l   ; bd600      ; 49.000 ; 49.000 ; Rise       ; bd600           ;
; int_enab   ; bd600      ; 63.000 ; 63.000 ; Rise       ; bd600           ;
; int_rqst_l ; bd600      ; 49.000 ; 49.000 ; Rise       ; bd600           ;
; r_run_l    ; bd600      ; 53.000 ; 53.000 ; Rise       ; bd600           ;
; serial_out ; bd600      ; 44.000 ; 44.000 ; Rise       ; bd600           ;
; skip_l     ; bd600      ; 49.000 ; 49.000 ; Rise       ; bd600           ;
; tx_div_l   ; bd600      ; 35.000 ; 35.000 ; Rise       ; bd600           ;
; c0_l       ; bd600      ; 67.000 ; 67.000 ; Fall       ; bd600           ;
; c1_l       ; bd600      ; 67.000 ; 67.000 ; Fall       ; bd600           ;
; data04_l   ; bd600      ; 66.000 ; 66.000 ; Fall       ; bd600           ;
; data05_l   ; bd600      ; 66.000 ; 66.000 ; Fall       ; bd600           ;
; data06_l   ; bd600      ; 66.000 ; 66.000 ; Fall       ; bd600           ;
; data07_l   ; bd600      ; 66.000 ; 66.000 ; Fall       ; bd600           ;
; data08_l   ; bd600      ; 66.000 ; 66.000 ; Fall       ; bd600           ;
; data09_l   ; bd600      ; 66.000 ; 66.000 ; Fall       ; bd600           ;
; data10_l   ; bd600      ; 66.000 ; 66.000 ; Fall       ; bd600           ;
; data11_l   ; bd600      ; 66.000 ; 66.000 ; Fall       ; bd600           ;
; int_enab   ; bd600      ; 80.000 ; 80.000 ; Fall       ; bd600           ;
; int_rqst_l ; bd600      ; 49.000 ; 49.000 ; Fall       ; bd600           ;
; r_run_l    ; bd600      ; 70.000 ; 70.000 ; Fall       ; bd600           ;
; serial_out ; bd600      ; 44.000 ; 44.000 ; Fall       ; bd600           ;
; skip_l     ; bd600      ; 49.000 ; 49.000 ; Fall       ; bd600           ;
; tx_div_l   ; bd600      ; 35.000 ; 35.000 ; Fall       ; bd600           ;
; c0_l       ; clk        ; 60.000 ; 60.000 ; Rise       ; clk             ;
; c1_l       ; clk        ; 60.000 ; 60.000 ; Rise       ; clk             ;
; data04_l   ; clk        ; 59.000 ; 59.000 ; Rise       ; clk             ;
; data05_l   ; clk        ; 59.000 ; 59.000 ; Rise       ; clk             ;
; data06_l   ; clk        ; 59.000 ; 59.000 ; Rise       ; clk             ;
; data07_l   ; clk        ; 59.000 ; 59.000 ; Rise       ; clk             ;
; data08_l   ; clk        ; 59.000 ; 59.000 ; Rise       ; clk             ;
; data09_l   ; clk        ; 59.000 ; 59.000 ; Rise       ; clk             ;
; data10_l   ; clk        ; 59.000 ; 59.000 ; Rise       ; clk             ;
; data11_l   ; clk        ; 59.000 ; 59.000 ; Rise       ; clk             ;
; int_enab   ; clk        ; 73.000 ; 73.000 ; Rise       ; clk             ;
; int_rqst_l ; clk        ; 42.000 ; 42.000 ; Rise       ; clk             ;
; r_run_l    ; clk        ; 63.000 ; 63.000 ; Rise       ; clk             ;
; serial_out ; clk        ; 37.000 ; 37.000 ; Rise       ; clk             ;
; skip_l     ; clk        ; 42.000 ; 42.000 ; Rise       ; clk             ;
; tx_div_l   ; clk        ; 28.000 ; 28.000 ; Rise       ; clk             ;
; c0_l       ; clk        ; 43.000 ; 43.000 ; Fall       ; clk             ;
; c1_l       ; clk        ; 43.000 ; 43.000 ; Fall       ; clk             ;
; data04_l   ; clk        ; 42.000 ; 42.000 ; Fall       ; clk             ;
; data05_l   ; clk        ; 42.000 ; 42.000 ; Fall       ; clk             ;
; data06_l   ; clk        ; 42.000 ; 42.000 ; Fall       ; clk             ;
; data07_l   ; clk        ; 42.000 ; 42.000 ; Fall       ; clk             ;
; data08_l   ; clk        ; 42.000 ; 42.000 ; Fall       ; clk             ;
; data09_l   ; clk        ; 42.000 ; 42.000 ; Fall       ; clk             ;
; data10_l   ; clk        ; 42.000 ; 42.000 ; Fall       ; clk             ;
; data11_l   ; clk        ; 42.000 ; 42.000 ; Fall       ; clk             ;
; int_enab   ; clk        ; 56.000 ; 56.000 ; Fall       ; clk             ;
; int_rqst_l ; clk        ; 42.000 ; 42.000 ; Fall       ; clk             ;
; r_run_l    ; clk        ; 46.000 ; 46.000 ; Fall       ; clk             ;
; serial_out ; clk        ; 37.000 ; 37.000 ; Fall       ; clk             ;
; skip_l     ; clk        ; 42.000 ; 42.000 ; Fall       ; clk             ;
; tx_div_l   ; clk        ; 28.000 ; 28.000 ; Fall       ; clk             ;
; c0_l       ; sw1        ; 43.000 ; 43.000 ; Rise       ; sw1             ;
; c1_l       ; sw1        ; 43.000 ; 43.000 ; Rise       ; sw1             ;
; data04_l   ; sw1        ; 42.000 ; 42.000 ; Rise       ; sw1             ;
; data05_l   ; sw1        ; 42.000 ; 42.000 ; Rise       ; sw1             ;
; data06_l   ; sw1        ; 42.000 ; 42.000 ; Rise       ; sw1             ;
; data07_l   ; sw1        ; 42.000 ; 42.000 ; Rise       ; sw1             ;
; data08_l   ; sw1        ; 42.000 ; 42.000 ; Rise       ; sw1             ;
; data09_l   ; sw1        ; 42.000 ; 42.000 ; Rise       ; sw1             ;
; data10_l   ; sw1        ; 42.000 ; 42.000 ; Rise       ; sw1             ;
; data11_l   ; sw1        ; 42.000 ; 42.000 ; Rise       ; sw1             ;
; int_enab   ; sw1        ; 56.000 ; 56.000 ; Rise       ; sw1             ;
; int_rqst_l ; sw1        ; 42.000 ; 42.000 ; Rise       ; sw1             ;
; r_run_l    ; sw1        ; 46.000 ; 46.000 ; Rise       ; sw1             ;
; serial_out ; sw1        ; 37.000 ; 37.000 ; Rise       ; sw1             ;
; skip_l     ; sw1        ; 42.000 ; 42.000 ; Rise       ; sw1             ;
; tx_div_l   ; sw1        ; 28.000 ; 28.000 ; Rise       ; sw1             ;
; c0_l       ; sw1        ; 52.000 ; 52.000 ; Fall       ; sw1             ;
; c1_l       ; sw1        ; 52.000 ; 52.000 ; Fall       ; sw1             ;
; data04_l   ; sw1        ; 51.000 ; 51.000 ; Fall       ; sw1             ;
; data05_l   ; sw1        ; 51.000 ; 51.000 ; Fall       ; sw1             ;
; data06_l   ; sw1        ; 51.000 ; 51.000 ; Fall       ; sw1             ;
; data07_l   ; sw1        ; 51.000 ; 51.000 ; Fall       ; sw1             ;
; data08_l   ; sw1        ; 51.000 ; 51.000 ; Fall       ; sw1             ;
; data09_l   ; sw1        ; 51.000 ; 51.000 ; Fall       ; sw1             ;
; data10_l   ; sw1        ; 51.000 ; 51.000 ; Fall       ; sw1             ;
; data11_l   ; sw1        ; 51.000 ; 51.000 ; Fall       ; sw1             ;
; int_enab   ; sw1        ; 65.000 ; 65.000 ; Fall       ; sw1             ;
; int_rqst_l ; sw1        ; 42.000 ; 42.000 ; Fall       ; sw1             ;
; r_run_l    ; sw1        ; 55.000 ; 55.000 ; Fall       ; sw1             ;
; serial_out ; sw1        ; 37.000 ; 37.000 ; Fall       ; sw1             ;
; skip_l     ; sw1        ; 42.000 ; 42.000 ; Fall       ; sw1             ;
; tx_div_l   ; sw1        ; 28.000 ; 28.000 ; Fall       ; sw1             ;
+------------+------------+--------+--------+------------+-----------------+


+--------------------------------------------------------------------+
; Propagation Delay                                                  ;
+------------+---------------+---------+---------+---------+---------+
; Input Port ; Output Port   ; RR      ; RF      ; FR      ; FF      ;
+------------+---------------+---------+---------+---------+---------+
; data04_l   ; int_rqst_l    ; 85.000  ; 85.000  ; 85.000  ; 85.000  ;
; data04_l   ; serial_out    ; 107.000 ; 107.000 ; 107.000 ; 107.000 ;
; data04_l   ; skip_l        ; 85.000  ; 85.000  ; 85.000  ; 85.000  ;
; data04_l   ; tx_div_l      ; 62.000  ;         ;         ; 62.000  ;
; data05_l   ; int_rqst_l    ; 85.000  ; 85.000  ; 85.000  ; 85.000  ;
; data05_l   ; serial_out    ; 107.000 ; 107.000 ; 107.000 ; 107.000 ;
; data05_l   ; skip_l        ; 85.000  ; 85.000  ; 85.000  ; 85.000  ;
; data05_l   ; tx_div_l      ; 62.000  ;         ;         ; 62.000  ;
; data06_l   ; int_rqst_l    ; 85.000  ; 85.000  ; 85.000  ; 85.000  ;
; data06_l   ; serial_out    ; 107.000 ; 107.000 ; 107.000 ; 107.000 ;
; data06_l   ; skip_l        ; 85.000  ; 85.000  ; 85.000  ; 85.000  ;
; data06_l   ; tx_div_l      ; 62.000  ;         ;         ; 62.000  ;
; data07_l   ; int_rqst_l    ; 85.000  ; 85.000  ; 85.000  ; 85.000  ;
; data07_l   ; serial_out    ; 107.000 ; 107.000 ; 107.000 ; 107.000 ;
; data07_l   ; skip_l        ; 85.000  ; 85.000  ; 85.000  ; 85.000  ;
; data07_l   ; tx_div_l      ; 62.000  ;         ;         ; 62.000  ;
; data08_l   ; int_rqst_l    ; 85.000  ; 85.000  ; 85.000  ; 85.000  ;
; data08_l   ; serial_out    ; 107.000 ; 107.000 ; 107.000 ; 107.000 ;
; data08_l   ; skip_l        ; 85.000  ; 85.000  ; 85.000  ; 85.000  ;
; data08_l   ; tx_div_l      ; 62.000  ;         ;         ; 62.000  ;
; data09_l   ; int_rqst_l    ; 85.000  ; 85.000  ; 85.000  ; 85.000  ;
; data09_l   ; serial_out    ; 107.000 ; 107.000 ; 107.000 ; 107.000 ;
; data09_l   ; skip_l        ; 85.000  ; 85.000  ; 85.000  ; 85.000  ;
; data09_l   ; tx_div_l      ; 62.000  ;         ;         ; 62.000  ;
; data10_l   ; int_rqst_l    ; 85.000  ; 85.000  ; 85.000  ; 85.000  ;
; data10_l   ; serial_out    ; 107.000 ; 107.000 ; 107.000 ; 107.000 ;
; data10_l   ; skip_l        ; 85.000  ; 85.000  ; 85.000  ; 85.000  ;
; data10_l   ; tx_div_l      ; 62.000  ;         ;         ; 62.000  ;
; data11_l   ; int_enab      ; 36.000  ;         ;         ; 36.000  ;
; data11_l   ; int_rqst_l    ; 41.000  ;         ;         ; 41.000  ;
; data11_l   ; serial_out    ; 46.000  ;         ;         ; 46.000  ;
; data11_l   ; skip_l        ; 41.000  ;         ;         ; 41.000  ;
; initialize ; int_enab      ;         ; 28.000  ; 28.000  ;         ;
; initialize ; int_rqst_l    ; 85.000  ; 85.000  ; 85.000  ; 85.000  ;
; initialize ; r_run_l       ; 36.000  ;         ;         ; 36.000  ;
; initialize ; serial_out    ; 107.000 ; 107.000 ; 107.000 ; 107.000 ;
; initialize ; skip_l        ; 85.000  ; 85.000  ; 85.000  ; 85.000  ;
; initialize ; tx_div_l      ; 62.000  ;         ;         ; 62.000  ;
; io_pause_l ; c0_l          ; 26.000  ;         ;         ; 26.000  ;
; io_pause_l ; c1_l          ; 26.000  ;         ;         ; 26.000  ;
; io_pause_l ; data04_l      ; 25.000  ;         ;         ; 25.000  ;
; io_pause_l ; data05_l      ; 25.000  ;         ;         ; 25.000  ;
; io_pause_l ; data06_l      ; 25.000  ;         ;         ; 25.000  ;
; io_pause_l ; data07_l      ; 25.000  ;         ;         ; 25.000  ;
; io_pause_l ; data08_l      ; 25.000  ;         ;         ; 25.000  ;
; io_pause_l ; data09_l      ; 25.000  ;         ;         ; 25.000  ;
; io_pause_l ; data10_l      ; 25.000  ;         ;         ; 25.000  ;
; io_pause_l ; data11_l      ; 25.000  ;         ;         ; 25.000  ;
; io_pause_l ; int_enab      ; 48.000  ; 56.000  ; 56.000  ; 48.000  ;
; io_pause_l ; int_rqst_l    ; 113.000 ; 113.000 ; 113.000 ; 113.000 ;
; io_pause_l ; internal_io_l ; 16.000  ;         ;         ; 16.000  ;
; io_pause_l ; r_run_l       ;         ; 48.000  ; 48.000  ;         ;
; io_pause_l ; serial_out    ; 135.000 ; 135.000 ; 135.000 ; 135.000 ;
; io_pause_l ; skip_l        ; 113.000 ; 113.000 ; 113.000 ; 113.000 ;
; io_pause_l ; tx_div_l      ; 90.000  ; 90.000  ; 90.000  ; 90.000  ;
; md03_l     ; c0_l          ; 25.000  ; 26.000  ; 26.000  ; 25.000  ;
; md03_l     ; c1_l          ; 25.000  ; 26.000  ; 26.000  ; 25.000  ;
; md03_l     ; data04_l      ; 24.000  ; 25.000  ; 25.000  ; 24.000  ;
; md03_l     ; data05_l      ; 24.000  ; 25.000  ; 25.000  ; 24.000  ;
; md03_l     ; data06_l      ; 24.000  ; 25.000  ; 25.000  ; 24.000  ;
; md03_l     ; data07_l      ; 24.000  ; 25.000  ; 25.000  ; 24.000  ;
; md03_l     ; data08_l      ; 24.000  ; 25.000  ; 25.000  ; 24.000  ;
; md03_l     ; data09_l      ; 24.000  ; 25.000  ; 25.000  ; 24.000  ;
; md03_l     ; data10_l      ; 24.000  ; 25.000  ; 25.000  ; 24.000  ;
; md03_l     ; data11_l      ; 24.000  ; 25.000  ; 25.000  ; 24.000  ;
; md03_l     ; int_enab      ; 56.000  ; 55.000  ; 55.000  ; 56.000  ;
; md03_l     ; int_rqst_l    ; 113.000 ; 113.000 ; 113.000 ; 113.000 ;
; md03_l     ; internal_io_l ; 16.000  ; 16.000  ; 16.000  ; 16.000  ;
; md03_l     ; r_run_l       ; 48.000  ; 47.000  ; 47.000  ; 48.000  ;
; md03_l     ; serial_out    ; 135.000 ; 135.000 ; 135.000 ; 135.000 ;
; md03_l     ; skip_l        ; 113.000 ; 113.000 ; 113.000 ; 113.000 ;
; md03_l     ; tx_div_l      ; 90.000  ; 90.000  ; 90.000  ; 90.000  ;
; md04_l     ; c0_l          ; 26.000  ; 26.000  ; 26.000  ; 26.000  ;
; md04_l     ; c1_l          ; 26.000  ; 26.000  ; 26.000  ; 26.000  ;
; md04_l     ; data04_l      ; 25.000  ; 25.000  ; 25.000  ; 25.000  ;
; md04_l     ; data05_l      ; 25.000  ; 25.000  ; 25.000  ; 25.000  ;
; md04_l     ; data06_l      ; 25.000  ; 25.000  ; 25.000  ; 25.000  ;
; md04_l     ; data07_l      ; 25.000  ; 25.000  ; 25.000  ; 25.000  ;
; md04_l     ; data08_l      ; 25.000  ; 25.000  ; 25.000  ; 25.000  ;
; md04_l     ; data09_l      ; 25.000  ; 25.000  ; 25.000  ; 25.000  ;
; md04_l     ; data10_l      ; 25.000  ; 25.000  ; 25.000  ; 25.000  ;
; md04_l     ; data11_l      ; 25.000  ; 25.000  ; 25.000  ; 25.000  ;
; md04_l     ; int_enab      ; 56.000  ; 56.000  ; 56.000  ; 56.000  ;
; md04_l     ; int_rqst_l    ; 113.000 ; 113.000 ; 113.000 ; 113.000 ;
; md04_l     ; internal_io_l ; 15.000  ; 16.000  ; 16.000  ; 15.000  ;
; md04_l     ; r_run_l       ; 48.000  ; 48.000  ; 48.000  ; 48.000  ;
; md04_l     ; serial_out    ; 135.000 ; 135.000 ; 135.000 ; 135.000 ;
; md04_l     ; skip_l        ; 113.000 ; 113.000 ; 113.000 ; 113.000 ;
; md04_l     ; tx_div_l      ; 90.000  ; 90.000  ; 90.000  ; 90.000  ;
; md05_l     ; c0_l          ; 26.000  ; 25.000  ; 25.000  ; 26.000  ;
; md05_l     ; c1_l          ; 26.000  ; 25.000  ; 25.000  ; 26.000  ;
; md05_l     ; data04_l      ; 25.000  ; 24.000  ; 24.000  ; 25.000  ;
; md05_l     ; data05_l      ; 25.000  ; 24.000  ; 24.000  ; 25.000  ;
; md05_l     ; data06_l      ; 25.000  ; 24.000  ; 24.000  ; 25.000  ;
; md05_l     ; data07_l      ; 25.000  ; 24.000  ; 24.000  ; 25.000  ;
; md05_l     ; data08_l      ; 25.000  ; 24.000  ; 24.000  ; 25.000  ;
; md05_l     ; data09_l      ; 25.000  ; 24.000  ; 24.000  ; 25.000  ;
; md05_l     ; data10_l      ; 25.000  ; 24.000  ; 24.000  ; 25.000  ;
; md05_l     ; data11_l      ; 25.000  ; 24.000  ; 24.000  ; 25.000  ;
; md05_l     ; int_enab      ; 55.000  ; 56.000  ; 56.000  ; 55.000  ;
; md05_l     ; int_rqst_l    ; 113.000 ; 113.000 ; 113.000 ; 113.000 ;
; md05_l     ; internal_io_l ; 16.000  ; 16.000  ; 16.000  ; 16.000  ;
; md05_l     ; r_run_l       ; 47.000  ; 48.000  ; 48.000  ; 47.000  ;
; md05_l     ; serial_out    ; 135.000 ; 135.000 ; 135.000 ; 135.000 ;
; md05_l     ; skip_l        ; 113.000 ; 113.000 ; 113.000 ; 113.000 ;
; md05_l     ; tx_div_l      ; 90.000  ; 90.000  ; 90.000  ; 90.000  ;
; md06_l     ; c0_l          ; 26.000  ; 26.000  ; 26.000  ; 26.000  ;
; md06_l     ; c1_l          ; 26.000  ; 26.000  ; 26.000  ; 26.000  ;
; md06_l     ; data04_l      ; 25.000  ; 25.000  ; 25.000  ; 25.000  ;
; md06_l     ; data05_l      ; 25.000  ; 25.000  ; 25.000  ; 25.000  ;
; md06_l     ; data06_l      ; 25.000  ; 25.000  ; 25.000  ; 25.000  ;
; md06_l     ; data07_l      ; 25.000  ; 25.000  ; 25.000  ; 25.000  ;
; md06_l     ; data08_l      ; 25.000  ; 25.000  ; 25.000  ; 25.000  ;
; md06_l     ; data09_l      ; 25.000  ; 25.000  ; 25.000  ; 25.000  ;
; md06_l     ; data10_l      ; 25.000  ; 25.000  ; 25.000  ; 25.000  ;
; md06_l     ; data11_l      ; 25.000  ; 25.000  ; 25.000  ; 25.000  ;
; md06_l     ; int_enab      ; 56.000  ; 56.000  ; 56.000  ; 56.000  ;
; md06_l     ; int_rqst_l    ; 113.000 ; 113.000 ; 113.000 ; 113.000 ;
; md06_l     ; internal_io_l ; 16.000  ; 16.000  ; 16.000  ; 16.000  ;
; md06_l     ; r_run_l       ; 48.000  ; 48.000  ; 48.000  ; 48.000  ;
; md06_l     ; serial_out    ; 135.000 ; 135.000 ; 135.000 ; 135.000 ;
; md06_l     ; skip_l        ; 113.000 ; 113.000 ; 113.000 ; 113.000 ;
; md06_l     ; tx_div_l      ; 90.000  ; 90.000  ; 90.000  ; 90.000  ;
; md07_l     ; c0_l          ; 25.000  ; 26.000  ; 26.000  ; 25.000  ;
; md07_l     ; c1_l          ; 25.000  ; 26.000  ; 26.000  ; 25.000  ;
; md07_l     ; data04_l      ; 24.000  ; 25.000  ; 25.000  ; 24.000  ;
; md07_l     ; data05_l      ; 24.000  ; 25.000  ; 25.000  ; 24.000  ;
; md07_l     ; data06_l      ; 24.000  ; 25.000  ; 25.000  ; 24.000  ;
; md07_l     ; data07_l      ; 24.000  ; 25.000  ; 25.000  ; 24.000  ;
; md07_l     ; data08_l      ; 24.000  ; 25.000  ; 25.000  ; 24.000  ;
; md07_l     ; data09_l      ; 24.000  ; 25.000  ; 25.000  ; 24.000  ;
; md07_l     ; data10_l      ; 24.000  ; 25.000  ; 25.000  ; 24.000  ;
; md07_l     ; data11_l      ; 24.000  ; 25.000  ; 25.000  ; 24.000  ;
; md07_l     ; int_enab      ; 56.000  ; 55.000  ; 55.000  ; 56.000  ;
; md07_l     ; int_rqst_l    ; 113.000 ; 113.000 ; 113.000 ; 113.000 ;
; md07_l     ; internal_io_l ; 16.000  ; 16.000  ; 16.000  ; 16.000  ;
; md07_l     ; r_run_l       ; 48.000  ; 47.000  ; 47.000  ; 48.000  ;
; md07_l     ; serial_out    ; 135.000 ; 135.000 ; 135.000 ; 135.000 ;
; md07_l     ; skip_l        ; 113.000 ; 113.000 ; 113.000 ; 113.000 ;
; md07_l     ; tx_div_l      ; 90.000  ; 90.000  ; 90.000  ; 90.000  ;
; md08_l     ; c0_l          ; 26.000  ; 26.000  ; 26.000  ; 26.000  ;
; md08_l     ; c1_l          ; 26.000  ; 26.000  ; 26.000  ; 26.000  ;
; md08_l     ; data04_l      ; 25.000  ; 25.000  ; 25.000  ; 25.000  ;
; md08_l     ; data05_l      ; 25.000  ; 25.000  ; 25.000  ; 25.000  ;
; md08_l     ; data06_l      ; 25.000  ; 25.000  ; 25.000  ; 25.000  ;
; md08_l     ; data07_l      ; 25.000  ; 25.000  ; 25.000  ; 25.000  ;
; md08_l     ; data08_l      ; 25.000  ; 25.000  ; 25.000  ; 25.000  ;
; md08_l     ; data09_l      ; 25.000  ; 25.000  ; 25.000  ; 25.000  ;
; md08_l     ; data10_l      ; 25.000  ; 25.000  ; 25.000  ; 25.000  ;
; md08_l     ; data11_l      ; 25.000  ; 25.000  ; 25.000  ; 25.000  ;
; md08_l     ; int_enab      ; 56.000  ; 56.000  ; 56.000  ; 56.000  ;
; md08_l     ; int_rqst_l    ; 113.000 ; 113.000 ; 113.000 ; 113.000 ;
; md08_l     ; internal_io_l ; 16.000  ; 15.000  ; 15.000  ; 16.000  ;
; md08_l     ; r_run_l       ; 48.000  ; 48.000  ; 48.000  ; 48.000  ;
; md08_l     ; serial_out    ; 135.000 ; 135.000 ; 135.000 ; 135.000 ;
; md08_l     ; skip_l        ; 113.000 ; 113.000 ; 113.000 ; 113.000 ;
; md08_l     ; tx_div_l      ; 90.000  ; 90.000  ; 90.000  ; 90.000  ;
; md09_l     ; c0_l          ;         ; 26.000  ; 26.000  ;         ;
; md09_l     ; c1_l          ;         ; 26.000  ; 26.000  ;         ;
; md09_l     ; data04_l      ;         ; 25.000  ; 25.000  ;         ;
; md09_l     ; data05_l      ;         ; 25.000  ; 25.000  ;         ;
; md09_l     ; data06_l      ;         ; 25.000  ; 25.000  ;         ;
; md09_l     ; data07_l      ;         ; 25.000  ; 25.000  ;         ;
; md09_l     ; data08_l      ;         ; 25.000  ; 25.000  ;         ;
; md09_l     ; data09_l      ;         ; 25.000  ; 25.000  ;         ;
; md09_l     ; data10_l      ;         ; 25.000  ; 25.000  ;         ;
; md09_l     ; data11_l      ;         ; 25.000  ; 25.000  ;         ;
; md09_l     ; int_enab      ; 56.000  ; 48.000  ; 48.000  ; 56.000  ;
; md09_l     ; int_rqst_l    ; 113.000 ; 113.000 ; 113.000 ; 113.000 ;
; md09_l     ; r_run_l       ; 48.000  ;         ;         ; 48.000  ;
; md09_l     ; serial_out    ; 135.000 ; 135.000 ; 135.000 ; 135.000 ;
; md09_l     ; skip_l        ; 113.000 ; 113.000 ; 113.000 ; 113.000 ;
; md09_l     ; tx_div_l      ; 90.000  ; 90.000  ; 90.000  ; 90.000  ;
; md10_l     ; c0_l          ;         ; 16.000  ; 16.000  ;         ;
; md10_l     ; c1_l          ;         ; 24.000  ; 24.000  ;         ;
; md10_l     ; int_enab      ; 38.000  ; 46.000  ; 46.000  ; 38.000  ;
; md10_l     ; int_rqst_l    ; 52.000  ; 52.000  ; 52.000  ; 52.000  ;
; md10_l     ; r_run_l       ; 38.000  ;         ;         ; 38.000  ;
; md10_l     ; skip_l        ; 52.000  ; 52.000  ; 52.000  ; 52.000  ;
; md11_l     ; c0_l          ; 26.000  ;         ;         ; 26.000  ;
; md11_l     ; c1_l          ; 26.000  ;         ;         ; 26.000  ;
; md11_l     ; data04_l      ; 25.000  ;         ;         ; 25.000  ;
; md11_l     ; data05_l      ; 25.000  ;         ;         ; 25.000  ;
; md11_l     ; data06_l      ; 25.000  ;         ;         ; 25.000  ;
; md11_l     ; data07_l      ; 25.000  ;         ;         ; 25.000  ;
; md11_l     ; data08_l      ; 25.000  ;         ;         ; 25.000  ;
; md11_l     ; data09_l      ; 25.000  ;         ;         ; 25.000  ;
; md11_l     ; data10_l      ; 25.000  ;         ;         ; 25.000  ;
; md11_l     ; data11_l      ; 25.000  ;         ;         ; 25.000  ;
; md11_l     ; int_enab      ; 48.000  ; 56.000  ; 56.000  ; 48.000  ;
; md11_l     ; int_rqst_l    ; 113.000 ; 113.000 ; 113.000 ; 113.000 ;
; md11_l     ; r_run_l       ;         ; 48.000  ; 48.000  ;         ;
; md11_l     ; serial_out    ; 135.000 ; 135.000 ; 135.000 ; 135.000 ;
; md11_l     ; skip_l        ; 113.000 ; 113.000 ; 113.000 ; 113.000 ;
; md11_l     ; tx_div_l      ; 90.000  ; 90.000  ; 90.000  ; 90.000  ;
; n_t_103x   ; int_rqst_l    ; 85.000  ; 85.000  ; 85.000  ; 85.000  ;
; n_t_103x   ; serial_out    ; 80.000  ; 80.000  ; 80.000  ; 80.000  ;
; n_t_103x   ; skip_l        ; 85.000  ; 85.000  ; 85.000  ; 85.000  ;
; n_t_103x   ; tx_div_l      ; 62.000  ;         ;         ; 62.000  ;
; power_ok   ; int_rqst_l    ; 51.000  ; 51.000  ; 51.000  ; 51.000  ;
; power_ok   ; skip_l        ; 51.000  ; 51.000  ; 51.000  ; 51.000  ;
; serial_in  ; int_rqst_l    ; 51.000  ; 51.000  ; 51.000  ; 51.000  ;
; serial_in  ; skip_l        ; 51.000  ; 51.000  ; 51.000  ; 51.000  ;
; sw2        ; int_rqst_l    ; 103.000 ; 103.000 ; 103.000 ; 103.000 ;
; sw2        ; serial_out    ; 125.000 ; 125.000 ; 125.000 ; 125.000 ;
; sw2        ; skip_l        ; 103.000 ; 103.000 ; 103.000 ; 103.000 ;
; sw2        ; tx_div_l      ; 80.000  ; 80.000  ; 80.000  ; 80.000  ;
; sw3        ; int_rqst_l    ; 103.000 ; 103.000 ; 103.000 ; 103.000 ;
; sw3        ; serial_out    ; 125.000 ; 125.000 ; 125.000 ; 125.000 ;
; sw3        ; skip_l        ; 103.000 ; 103.000 ; 103.000 ; 103.000 ;
; sw3        ; tx_div_l      ; 80.000  ; 80.000  ; 80.000  ; 80.000  ;
; sw4        ; c0_l          ; 26.000  ; 26.000  ; 26.000  ; 26.000  ;
; sw4        ; c1_l          ; 26.000  ; 26.000  ; 26.000  ; 26.000  ;
; sw4        ; data04_l      ; 25.000  ; 25.000  ; 25.000  ; 25.000  ;
; sw4        ; data05_l      ; 25.000  ; 25.000  ; 25.000  ; 25.000  ;
; sw4        ; data06_l      ; 25.000  ; 25.000  ; 25.000  ; 25.000  ;
; sw4        ; data07_l      ; 25.000  ; 25.000  ; 25.000  ; 25.000  ;
; sw4        ; data08_l      ; 25.000  ; 25.000  ; 25.000  ; 25.000  ;
; sw4        ; data09_l      ; 25.000  ; 25.000  ; 25.000  ; 25.000  ;
; sw4        ; data10_l      ; 25.000  ; 25.000  ; 25.000  ; 25.000  ;
; sw4        ; data11_l      ; 25.000  ; 25.000  ; 25.000  ; 25.000  ;
; sw4        ; int_enab      ; 56.000  ; 56.000  ; 56.000  ; 56.000  ;
; sw4        ; int_rqst_l    ; 113.000 ; 113.000 ; 113.000 ; 113.000 ;
; sw4        ; internal_io_l ; 16.000  ; 16.000  ; 16.000  ; 16.000  ;
; sw4        ; r_run_l       ; 48.000  ; 48.000  ; 48.000  ; 48.000  ;
; sw4        ; serial_out    ; 135.000 ; 135.000 ; 135.000 ; 135.000 ;
; sw4        ; skip_l        ; 113.000 ; 113.000 ; 113.000 ; 113.000 ;
; sw4        ; tx_div_l      ; 90.000  ; 90.000  ; 90.000  ; 90.000  ;
; sw5        ; c0_l          ; 26.000  ; 25.000  ; 25.000  ; 26.000  ;
; sw5        ; c1_l          ; 26.000  ; 25.000  ; 25.000  ; 26.000  ;
; sw5        ; data04_l      ; 25.000  ; 24.000  ; 24.000  ; 25.000  ;
; sw5        ; data05_l      ; 25.000  ; 24.000  ; 24.000  ; 25.000  ;
; sw5        ; data06_l      ; 25.000  ; 24.000  ; 24.000  ; 25.000  ;
; sw5        ; data07_l      ; 25.000  ; 24.000  ; 24.000  ; 25.000  ;
; sw5        ; data08_l      ; 25.000  ; 24.000  ; 24.000  ; 25.000  ;
; sw5        ; data09_l      ; 25.000  ; 24.000  ; 24.000  ; 25.000  ;
; sw5        ; data10_l      ; 25.000  ; 24.000  ; 24.000  ; 25.000  ;
; sw5        ; data11_l      ; 25.000  ; 24.000  ; 24.000  ; 25.000  ;
; sw5        ; int_enab      ; 55.000  ; 56.000  ; 56.000  ; 55.000  ;
; sw5        ; int_rqst_l    ; 113.000 ; 113.000 ; 113.000 ; 113.000 ;
; sw5        ; internal_io_l ; 16.000  ; 16.000  ; 16.000  ; 16.000  ;
; sw5        ; r_run_l       ; 47.000  ; 48.000  ; 48.000  ; 47.000  ;
; sw5        ; serial_out    ; 135.000 ; 135.000 ; 135.000 ; 135.000 ;
; sw5        ; skip_l        ; 113.000 ; 113.000 ; 113.000 ; 113.000 ;
; sw5        ; tx_div_l      ; 90.000  ; 90.000  ; 90.000  ; 90.000  ;
; sw6        ; c0_l          ; 26.000  ; 25.000  ; 25.000  ; 26.000  ;
; sw6        ; c1_l          ; 26.000  ; 25.000  ; 25.000  ; 26.000  ;
; sw6        ; data04_l      ; 25.000  ; 24.000  ; 24.000  ; 25.000  ;
; sw6        ; data05_l      ; 25.000  ; 24.000  ; 24.000  ; 25.000  ;
; sw6        ; data06_l      ; 25.000  ; 24.000  ; 24.000  ; 25.000  ;
; sw6        ; data07_l      ; 25.000  ; 24.000  ; 24.000  ; 25.000  ;
; sw6        ; data08_l      ; 25.000  ; 24.000  ; 24.000  ; 25.000  ;
; sw6        ; data09_l      ; 25.000  ; 24.000  ; 24.000  ; 25.000  ;
; sw6        ; data10_l      ; 25.000  ; 24.000  ; 24.000  ; 25.000  ;
; sw6        ; data11_l      ; 25.000  ; 24.000  ; 24.000  ; 25.000  ;
; sw6        ; int_enab      ; 55.000  ; 56.000  ; 56.000  ; 55.000  ;
; sw6        ; int_rqst_l    ; 113.000 ; 113.000 ; 113.000 ; 113.000 ;
; sw6        ; internal_io_l ; 16.000  ; 16.000  ; 16.000  ; 16.000  ;
; sw6        ; r_run_l       ; 47.000  ; 48.000  ; 48.000  ; 47.000  ;
; sw6        ; serial_out    ; 135.000 ; 135.000 ; 135.000 ; 135.000 ;
; sw6        ; skip_l        ; 113.000 ; 113.000 ; 113.000 ; 113.000 ;
; sw6        ; tx_div_l      ; 90.000  ; 90.000  ; 90.000  ; 90.000  ;
; tp3        ; int_enab      ; 28.000  ; 36.000  ; 36.000  ; 28.000  ;
; tp3        ; int_rqst_l    ; 85.000  ; 85.000  ; 85.000  ; 85.000  ;
; tp3        ; r_run_l       ;         ; 38.000  ; 38.000  ;         ;
; tp3        ; serial_out    ; 80.000  ; 80.000  ; 80.000  ; 80.000  ;
; tp3        ; skip_l        ; 85.000  ; 85.000  ; 85.000  ; 85.000  ;
; tp3        ; tx_div_l      ; 62.000  ;         ;         ; 62.000  ;
+------------+---------------+---------+---------+---------+---------+


+----------------------------------------------------------------+
; Minimum Propagation Delay                                      ;
+------------+---------------+--------+--------+--------+--------+
; Input Port ; Output Port   ; RR     ; RF     ; FR     ; FF     ;
+------------+---------------+--------+--------+--------+--------+
; data04_l   ; int_rqst_l    ; 59.000 ; 59.000 ; 59.000 ; 59.000 ;
; data04_l   ; serial_out    ; 54.000 ; 45.000 ; 45.000 ; 54.000 ;
; data04_l   ; skip_l        ; 59.000 ; 59.000 ; 59.000 ; 59.000 ;
; data04_l   ; tx_div_l      ; 62.000 ;        ;        ; 62.000 ;
; data05_l   ; int_rqst_l    ; 59.000 ; 59.000 ; 59.000 ; 59.000 ;
; data05_l   ; serial_out    ; 54.000 ; 45.000 ; 45.000 ; 54.000 ;
; data05_l   ; skip_l        ; 59.000 ; 59.000 ; 59.000 ; 59.000 ;
; data05_l   ; tx_div_l      ; 62.000 ;        ;        ; 62.000 ;
; data06_l   ; int_rqst_l    ; 59.000 ; 59.000 ; 59.000 ; 59.000 ;
; data06_l   ; serial_out    ; 54.000 ; 45.000 ; 45.000 ; 54.000 ;
; data06_l   ; skip_l        ; 59.000 ; 59.000 ; 59.000 ; 59.000 ;
; data06_l   ; tx_div_l      ; 62.000 ;        ;        ; 62.000 ;
; data07_l   ; int_rqst_l    ; 59.000 ; 59.000 ; 59.000 ; 59.000 ;
; data07_l   ; serial_out    ; 54.000 ; 45.000 ; 45.000 ; 54.000 ;
; data07_l   ; skip_l        ; 59.000 ; 59.000 ; 59.000 ; 59.000 ;
; data07_l   ; tx_div_l      ; 62.000 ;        ;        ; 62.000 ;
; data08_l   ; int_rqst_l    ; 59.000 ; 59.000 ; 59.000 ; 59.000 ;
; data08_l   ; serial_out    ; 54.000 ; 45.000 ; 45.000 ; 54.000 ;
; data08_l   ; skip_l        ; 59.000 ; 59.000 ; 59.000 ; 59.000 ;
; data08_l   ; tx_div_l      ; 62.000 ;        ;        ; 62.000 ;
; data09_l   ; int_rqst_l    ; 59.000 ; 59.000 ; 59.000 ; 59.000 ;
; data09_l   ; serial_out    ; 54.000 ; 45.000 ; 45.000 ; 54.000 ;
; data09_l   ; skip_l        ; 59.000 ; 59.000 ; 59.000 ; 59.000 ;
; data09_l   ; tx_div_l      ; 62.000 ;        ;        ; 62.000 ;
; data10_l   ; int_rqst_l    ; 59.000 ; 59.000 ; 59.000 ; 59.000 ;
; data10_l   ; serial_out    ; 54.000 ; 45.000 ; 45.000 ; 54.000 ;
; data10_l   ; skip_l        ; 59.000 ; 59.000 ; 59.000 ; 59.000 ;
; data10_l   ; tx_div_l      ; 62.000 ;        ;        ; 62.000 ;
; data11_l   ; int_enab      ; 36.000 ;        ;        ; 36.000 ;
; data11_l   ; int_rqst_l    ; 41.000 ;        ;        ; 41.000 ;
; data11_l   ; serial_out    ; 46.000 ;        ;        ; 46.000 ;
; data11_l   ; skip_l        ; 41.000 ;        ;        ; 41.000 ;
; initialize ; int_enab      ;        ; 19.000 ; 19.000 ;        ;
; initialize ; int_rqst_l    ; 33.000 ; 24.000 ; 24.000 ; 33.000 ;
; initialize ; r_run_l       ; 19.000 ;        ;        ; 19.000 ;
; initialize ; serial_out    ; 28.000 ; 28.000 ; 28.000 ; 28.000 ;
; initialize ; skip_l        ; 33.000 ; 24.000 ; 24.000 ; 33.000 ;
; initialize ; tx_div_l      ; 19.000 ;        ;        ; 19.000 ;
; io_pause_l ; c0_l          ; 15.000 ;        ;        ; 15.000 ;
; io_pause_l ; c1_l          ; 15.000 ;        ;        ; 15.000 ;
; io_pause_l ; data04_l      ; 24.000 ;        ;        ; 24.000 ;
; io_pause_l ; data05_l      ; 24.000 ;        ;        ; 24.000 ;
; io_pause_l ; data06_l      ; 24.000 ;        ;        ; 24.000 ;
; io_pause_l ; data07_l      ; 24.000 ;        ;        ; 24.000 ;
; io_pause_l ; data08_l      ; 24.000 ;        ;        ; 24.000 ;
; io_pause_l ; data09_l      ; 24.000 ;        ;        ; 24.000 ;
; io_pause_l ; data10_l      ; 24.000 ;        ;        ; 24.000 ;
; io_pause_l ; data11_l      ; 24.000 ;        ;        ; 24.000 ;
; io_pause_l ; int_enab      ; 28.000 ; 36.000 ; 36.000 ; 28.000 ;
; io_pause_l ; int_rqst_l    ; 33.000 ; 33.000 ; 33.000 ; 33.000 ;
; io_pause_l ; internal_io_l ; 15.000 ;        ;        ; 15.000 ;
; io_pause_l ; r_run_l       ;        ; 28.000 ; 28.000 ;        ;
; io_pause_l ; serial_out    ; 55.000 ; 54.000 ; 54.000 ; 55.000 ;
; io_pause_l ; skip_l        ; 24.000 ; 24.000 ; 24.000 ; 24.000 ;
; io_pause_l ; tx_div_l      ; 71.000 ; 79.000 ; 79.000 ; 71.000 ;
; md03_l     ; c0_l          ; 15.000 ; 15.000 ; 15.000 ; 15.000 ;
; md03_l     ; c1_l          ; 15.000 ; 15.000 ; 15.000 ; 15.000 ;
; md03_l     ; data04_l      ; 24.000 ; 24.000 ; 24.000 ; 24.000 ;
; md03_l     ; data05_l      ; 24.000 ; 24.000 ; 24.000 ; 24.000 ;
; md03_l     ; data06_l      ; 24.000 ; 24.000 ; 24.000 ; 24.000 ;
; md03_l     ; data07_l      ; 24.000 ; 24.000 ; 24.000 ; 24.000 ;
; md03_l     ; data08_l      ; 24.000 ; 24.000 ; 24.000 ; 24.000 ;
; md03_l     ; data09_l      ; 24.000 ; 24.000 ; 24.000 ; 24.000 ;
; md03_l     ; data10_l      ; 24.000 ; 24.000 ; 24.000 ; 24.000 ;
; md03_l     ; data11_l      ; 24.000 ; 24.000 ; 24.000 ; 24.000 ;
; md03_l     ; int_enab      ; 28.000 ; 28.000 ; 28.000 ; 28.000 ;
; md03_l     ; int_rqst_l    ; 33.000 ; 33.000 ; 33.000 ; 33.000 ;
; md03_l     ; internal_io_l ; 15.000 ; 15.000 ; 15.000 ; 15.000 ;
; md03_l     ; r_run_l       ; 28.000 ; 28.000 ; 28.000 ; 28.000 ;
; md03_l     ; serial_out    ; 54.000 ; 54.000 ; 54.000 ; 54.000 ;
; md03_l     ; skip_l        ; 24.000 ; 24.000 ; 24.000 ; 24.000 ;
; md03_l     ; tx_div_l      ; 71.000 ; 71.000 ; 71.000 ; 71.000 ;
; md04_l     ; c0_l          ; 15.000 ; 15.000 ; 15.000 ; 15.000 ;
; md04_l     ; c1_l          ; 15.000 ; 15.000 ; 15.000 ; 15.000 ;
; md04_l     ; data04_l      ; 25.000 ; 24.000 ; 24.000 ; 25.000 ;
; md04_l     ; data05_l      ; 25.000 ; 24.000 ; 24.000 ; 25.000 ;
; md04_l     ; data06_l      ; 25.000 ; 24.000 ; 24.000 ; 25.000 ;
; md04_l     ; data07_l      ; 25.000 ; 24.000 ; 24.000 ; 25.000 ;
; md04_l     ; data08_l      ; 25.000 ; 24.000 ; 24.000 ; 25.000 ;
; md04_l     ; data09_l      ; 25.000 ; 24.000 ; 24.000 ; 25.000 ;
; md04_l     ; data10_l      ; 25.000 ; 24.000 ; 24.000 ; 25.000 ;
; md04_l     ; data11_l      ; 25.000 ; 24.000 ; 24.000 ; 25.000 ;
; md04_l     ; int_enab      ; 29.000 ; 28.000 ; 28.000 ; 29.000 ;
; md04_l     ; int_rqst_l    ; 33.000 ; 33.000 ; 33.000 ; 33.000 ;
; md04_l     ; internal_io_l ; 15.000 ; 15.000 ; 15.000 ; 15.000 ;
; md04_l     ; r_run_l       ; 28.000 ; 28.000 ; 28.000 ; 28.000 ;
; md04_l     ; serial_out    ; 54.000 ; 54.000 ; 54.000 ; 54.000 ;
; md04_l     ; skip_l        ; 24.000 ; 24.000 ; 24.000 ; 24.000 ;
; md04_l     ; tx_div_l      ; 71.000 ; 71.000 ; 71.000 ; 71.000 ;
; md05_l     ; c0_l          ; 15.000 ; 15.000 ; 15.000 ; 15.000 ;
; md05_l     ; c1_l          ; 15.000 ; 15.000 ; 15.000 ; 15.000 ;
; md05_l     ; data04_l      ; 25.000 ; 24.000 ; 24.000 ; 25.000 ;
; md05_l     ; data05_l      ; 25.000 ; 24.000 ; 24.000 ; 25.000 ;
; md05_l     ; data06_l      ; 25.000 ; 24.000 ; 24.000 ; 25.000 ;
; md05_l     ; data07_l      ; 25.000 ; 24.000 ; 24.000 ; 25.000 ;
; md05_l     ; data08_l      ; 25.000 ; 24.000 ; 24.000 ; 25.000 ;
; md05_l     ; data09_l      ; 25.000 ; 24.000 ; 24.000 ; 25.000 ;
; md05_l     ; data10_l      ; 25.000 ; 24.000 ; 24.000 ; 25.000 ;
; md05_l     ; data11_l      ; 25.000 ; 24.000 ; 24.000 ; 25.000 ;
; md05_l     ; int_enab      ; 29.000 ; 28.000 ; 28.000 ; 29.000 ;
; md05_l     ; int_rqst_l    ; 33.000 ; 33.000 ; 33.000 ; 33.000 ;
; md05_l     ; internal_io_l ; 15.000 ; 15.000 ; 15.000 ; 15.000 ;
; md05_l     ; r_run_l       ; 28.000 ; 28.000 ; 28.000 ; 28.000 ;
; md05_l     ; serial_out    ; 54.000 ; 54.000 ; 54.000 ; 54.000 ;
; md05_l     ; skip_l        ; 24.000 ; 24.000 ; 24.000 ; 24.000 ;
; md05_l     ; tx_div_l      ; 71.000 ; 71.000 ; 71.000 ; 71.000 ;
; md06_l     ; c0_l          ; 15.000 ; 15.000 ; 15.000 ; 15.000 ;
; md06_l     ; c1_l          ; 15.000 ; 15.000 ; 15.000 ; 15.000 ;
; md06_l     ; data04_l      ; 24.000 ; 24.000 ; 24.000 ; 24.000 ;
; md06_l     ; data05_l      ; 24.000 ; 24.000 ; 24.000 ; 24.000 ;
; md06_l     ; data06_l      ; 24.000 ; 24.000 ; 24.000 ; 24.000 ;
; md06_l     ; data07_l      ; 24.000 ; 24.000 ; 24.000 ; 24.000 ;
; md06_l     ; data08_l      ; 24.000 ; 24.000 ; 24.000 ; 24.000 ;
; md06_l     ; data09_l      ; 24.000 ; 24.000 ; 24.000 ; 24.000 ;
; md06_l     ; data10_l      ; 24.000 ; 24.000 ; 24.000 ; 24.000 ;
; md06_l     ; data11_l      ; 24.000 ; 24.000 ; 24.000 ; 24.000 ;
; md06_l     ; int_enab      ; 28.000 ; 28.000 ; 28.000 ; 28.000 ;
; md06_l     ; int_rqst_l    ; 33.000 ; 33.000 ; 33.000 ; 33.000 ;
; md06_l     ; internal_io_l ; 15.000 ; 15.000 ; 15.000 ; 15.000 ;
; md06_l     ; r_run_l       ; 28.000 ; 28.000 ; 28.000 ; 28.000 ;
; md06_l     ; serial_out    ; 54.000 ; 54.000 ; 54.000 ; 54.000 ;
; md06_l     ; skip_l        ; 24.000 ; 24.000 ; 24.000 ; 24.000 ;
; md06_l     ; tx_div_l      ; 71.000 ; 71.000 ; 71.000 ; 71.000 ;
; md07_l     ; c0_l          ; 15.000 ; 15.000 ; 15.000 ; 15.000 ;
; md07_l     ; c1_l          ; 15.000 ; 15.000 ; 15.000 ; 15.000 ;
; md07_l     ; data04_l      ; 24.000 ; 24.000 ; 24.000 ; 24.000 ;
; md07_l     ; data05_l      ; 24.000 ; 24.000 ; 24.000 ; 24.000 ;
; md07_l     ; data06_l      ; 24.000 ; 24.000 ; 24.000 ; 24.000 ;
; md07_l     ; data07_l      ; 24.000 ; 24.000 ; 24.000 ; 24.000 ;
; md07_l     ; data08_l      ; 24.000 ; 24.000 ; 24.000 ; 24.000 ;
; md07_l     ; data09_l      ; 24.000 ; 24.000 ; 24.000 ; 24.000 ;
; md07_l     ; data10_l      ; 24.000 ; 24.000 ; 24.000 ; 24.000 ;
; md07_l     ; data11_l      ; 24.000 ; 24.000 ; 24.000 ; 24.000 ;
; md07_l     ; int_enab      ; 28.000 ; 28.000 ; 28.000 ; 28.000 ;
; md07_l     ; int_rqst_l    ; 33.000 ; 33.000 ; 33.000 ; 33.000 ;
; md07_l     ; internal_io_l ; 15.000 ; 15.000 ; 15.000 ; 15.000 ;
; md07_l     ; r_run_l       ; 28.000 ; 28.000 ; 28.000 ; 28.000 ;
; md07_l     ; serial_out    ; 54.000 ; 54.000 ; 54.000 ; 54.000 ;
; md07_l     ; skip_l        ; 24.000 ; 24.000 ; 24.000 ; 24.000 ;
; md07_l     ; tx_div_l      ; 71.000 ; 71.000 ; 71.000 ; 71.000 ;
; md08_l     ; c0_l          ; 16.000 ; 15.000 ; 15.000 ; 16.000 ;
; md08_l     ; c1_l          ; 16.000 ; 15.000 ; 15.000 ; 16.000 ;
; md08_l     ; data04_l      ; 24.000 ; 24.000 ; 24.000 ; 24.000 ;
; md08_l     ; data05_l      ; 24.000 ; 24.000 ; 24.000 ; 24.000 ;
; md08_l     ; data06_l      ; 24.000 ; 24.000 ; 24.000 ; 24.000 ;
; md08_l     ; data07_l      ; 24.000 ; 24.000 ; 24.000 ; 24.000 ;
; md08_l     ; data08_l      ; 24.000 ; 24.000 ; 24.000 ; 24.000 ;
; md08_l     ; data09_l      ; 24.000 ; 24.000 ; 24.000 ; 24.000 ;
; md08_l     ; data10_l      ; 24.000 ; 24.000 ; 24.000 ; 24.000 ;
; md08_l     ; data11_l      ; 24.000 ; 24.000 ; 24.000 ; 24.000 ;
; md08_l     ; int_enab      ; 28.000 ; 28.000 ; 28.000 ; 28.000 ;
; md08_l     ; int_rqst_l    ; 33.000 ; 33.000 ; 33.000 ; 33.000 ;
; md08_l     ; internal_io_l ; 16.000 ; 15.000 ; 15.000 ; 16.000 ;
; md08_l     ; r_run_l       ; 28.000 ; 29.000 ; 29.000 ; 28.000 ;
; md08_l     ; serial_out    ; 54.000 ; 54.000 ; 54.000 ; 54.000 ;
; md08_l     ; skip_l        ; 24.000 ; 24.000 ; 24.000 ; 24.000 ;
; md08_l     ; tx_div_l      ; 71.000 ; 71.000 ; 71.000 ; 71.000 ;
; md09_l     ; c0_l          ;        ; 16.000 ; 16.000 ;        ;
; md09_l     ; c1_l          ;        ; 16.000 ; 16.000 ;        ;
; md09_l     ; data04_l      ;        ; 15.000 ; 15.000 ;        ;
; md09_l     ; data05_l      ;        ; 15.000 ; 15.000 ;        ;
; md09_l     ; data06_l      ;        ; 15.000 ; 15.000 ;        ;
; md09_l     ; data07_l      ;        ; 15.000 ; 15.000 ;        ;
; md09_l     ; data08_l      ;        ; 15.000 ; 15.000 ;        ;
; md09_l     ; data09_l      ;        ; 15.000 ; 15.000 ;        ;
; md09_l     ; data10_l      ;        ; 15.000 ; 15.000 ;        ;
; md09_l     ; data11_l      ;        ; 15.000 ; 15.000 ;        ;
; md09_l     ; int_enab      ; 36.000 ; 28.000 ; 28.000 ; 36.000 ;
; md09_l     ; int_rqst_l    ; 32.000 ; 33.000 ; 33.000 ; 32.000 ;
; md09_l     ; r_run_l       ; 29.000 ;        ;        ; 29.000 ;
; md09_l     ; serial_out    ; 46.000 ; 45.000 ; 45.000 ; 46.000 ;
; md09_l     ; skip_l        ; 15.000 ; 15.000 ; 15.000 ; 15.000 ;
; md09_l     ; tx_div_l      ; 62.000 ; 70.000 ; 70.000 ; 62.000 ;
; md10_l     ; c0_l          ;        ; 15.000 ; 15.000 ;        ;
; md10_l     ; c1_l          ;        ; 23.000 ; 23.000 ;        ;
; md10_l     ; int_enab      ; 28.000 ; 36.000 ; 36.000 ; 28.000 ;
; md10_l     ; int_rqst_l    ; 33.000 ; 41.000 ; 41.000 ; 33.000 ;
; md10_l     ; r_run_l       ; 28.000 ;        ;        ; 28.000 ;
; md10_l     ; skip_l        ; 24.000 ; 41.000 ; 41.000 ; 24.000 ;
; md11_l     ; c0_l          ; 15.000 ;        ;        ; 15.000 ;
; md11_l     ; c1_l          ; 15.000 ;        ;        ; 15.000 ;
; md11_l     ; data04_l      ; 24.000 ;        ;        ; 24.000 ;
; md11_l     ; data05_l      ; 24.000 ;        ;        ; 24.000 ;
; md11_l     ; data06_l      ; 24.000 ;        ;        ; 24.000 ;
; md11_l     ; data07_l      ; 24.000 ;        ;        ; 24.000 ;
; md11_l     ; data08_l      ; 24.000 ;        ;        ; 24.000 ;
; md11_l     ; data09_l      ; 24.000 ;        ;        ; 24.000 ;
; md11_l     ; data10_l      ; 24.000 ;        ;        ; 24.000 ;
; md11_l     ; data11_l      ; 24.000 ;        ;        ; 24.000 ;
; md11_l     ; int_enab      ; 36.000 ; 28.000 ; 28.000 ; 36.000 ;
; md11_l     ; int_rqst_l    ; 41.000 ; 33.000 ; 33.000 ; 41.000 ;
; md11_l     ; r_run_l       ;        ; 28.000 ; 28.000 ;        ;
; md11_l     ; serial_out    ; 54.000 ; 55.000 ; 55.000 ; 54.000 ;
; md11_l     ; skip_l        ; 34.000 ; 24.000 ; 24.000 ; 34.000 ;
; md11_l     ; tx_div_l      ; 79.000 ; 71.000 ; 71.000 ; 79.000 ;
; n_t_103x   ; int_rqst_l    ; 59.000 ; 59.000 ; 59.000 ; 59.000 ;
; n_t_103x   ; serial_out    ; 46.000 ; 45.000 ; 45.000 ; 46.000 ;
; n_t_103x   ; skip_l        ; 59.000 ; 59.000 ; 59.000 ; 59.000 ;
; n_t_103x   ; tx_div_l      ; 62.000 ;        ;        ; 62.000 ;
; power_ok   ; int_rqst_l    ; 42.000 ; 42.000 ; 42.000 ; 42.000 ;
; power_ok   ; skip_l        ; 42.000 ; 42.000 ; 42.000 ; 42.000 ;
; serial_in  ; int_rqst_l    ; 42.000 ; 42.000 ; 42.000 ; 42.000 ;
; serial_in  ; skip_l        ; 42.000 ; 42.000 ; 42.000 ; 42.000 ;
; sw2        ; int_rqst_l    ; 42.000 ; 42.000 ; 42.000 ; 42.000 ;
; sw2        ; serial_out    ; 37.000 ; 37.000 ; 37.000 ; 37.000 ;
; sw2        ; skip_l        ; 42.000 ; 42.000 ; 42.000 ; 42.000 ;
; sw2        ; tx_div_l      ; 28.000 ; 28.000 ; 28.000 ; 28.000 ;
; sw3        ; int_rqst_l    ; 42.000 ; 42.000 ; 42.000 ; 42.000 ;
; sw3        ; serial_out    ; 37.000 ; 37.000 ; 37.000 ; 37.000 ;
; sw3        ; skip_l        ; 42.000 ; 42.000 ; 42.000 ; 42.000 ;
; sw3        ; tx_div_l      ; 28.000 ; 28.000 ; 28.000 ; 28.000 ;
; sw4        ; c0_l          ; 15.000 ; 15.000 ; 15.000 ; 15.000 ;
; sw4        ; c1_l          ; 15.000 ; 15.000 ; 15.000 ; 15.000 ;
; sw4        ; data04_l      ; 24.000 ; 24.000 ; 24.000 ; 24.000 ;
; sw4        ; data05_l      ; 24.000 ; 24.000 ; 24.000 ; 24.000 ;
; sw4        ; data06_l      ; 24.000 ; 24.000 ; 24.000 ; 24.000 ;
; sw4        ; data07_l      ; 24.000 ; 24.000 ; 24.000 ; 24.000 ;
; sw4        ; data08_l      ; 24.000 ; 24.000 ; 24.000 ; 24.000 ;
; sw4        ; data09_l      ; 24.000 ; 24.000 ; 24.000 ; 24.000 ;
; sw4        ; data10_l      ; 24.000 ; 24.000 ; 24.000 ; 24.000 ;
; sw4        ; data11_l      ; 24.000 ; 24.000 ; 24.000 ; 24.000 ;
; sw4        ; int_enab      ; 28.000 ; 28.000 ; 28.000 ; 28.000 ;
; sw4        ; int_rqst_l    ; 33.000 ; 33.000 ; 33.000 ; 33.000 ;
; sw4        ; internal_io_l ; 15.000 ; 15.000 ; 15.000 ; 15.000 ;
; sw4        ; r_run_l       ; 28.000 ; 28.000 ; 28.000 ; 28.000 ;
; sw4        ; serial_out    ; 54.000 ; 54.000 ; 54.000 ; 54.000 ;
; sw4        ; skip_l        ; 24.000 ; 24.000 ; 24.000 ; 24.000 ;
; sw4        ; tx_div_l      ; 71.000 ; 71.000 ; 71.000 ; 71.000 ;
; sw5        ; c0_l          ; 15.000 ; 15.000 ; 15.000 ; 15.000 ;
; sw5        ; c1_l          ; 15.000 ; 15.000 ; 15.000 ; 15.000 ;
; sw5        ; data04_l      ; 24.000 ; 24.000 ; 24.000 ; 24.000 ;
; sw5        ; data05_l      ; 24.000 ; 24.000 ; 24.000 ; 24.000 ;
; sw5        ; data06_l      ; 24.000 ; 24.000 ; 24.000 ; 24.000 ;
; sw5        ; data07_l      ; 24.000 ; 24.000 ; 24.000 ; 24.000 ;
; sw5        ; data08_l      ; 24.000 ; 24.000 ; 24.000 ; 24.000 ;
; sw5        ; data09_l      ; 24.000 ; 24.000 ; 24.000 ; 24.000 ;
; sw5        ; data10_l      ; 24.000 ; 24.000 ; 24.000 ; 24.000 ;
; sw5        ; data11_l      ; 24.000 ; 24.000 ; 24.000 ; 24.000 ;
; sw5        ; int_enab      ; 28.000 ; 28.000 ; 28.000 ; 28.000 ;
; sw5        ; int_rqst_l    ; 33.000 ; 33.000 ; 33.000 ; 33.000 ;
; sw5        ; internal_io_l ; 15.000 ; 15.000 ; 15.000 ; 15.000 ;
; sw5        ; r_run_l       ; 28.000 ; 28.000 ; 28.000 ; 28.000 ;
; sw5        ; serial_out    ; 54.000 ; 54.000 ; 54.000 ; 54.000 ;
; sw5        ; skip_l        ; 24.000 ; 24.000 ; 24.000 ; 24.000 ;
; sw5        ; tx_div_l      ; 71.000 ; 71.000 ; 71.000 ; 71.000 ;
; sw6        ; c0_l          ; 15.000 ; 15.000 ; 15.000 ; 15.000 ;
; sw6        ; c1_l          ; 15.000 ; 15.000 ; 15.000 ; 15.000 ;
; sw6        ; data04_l      ; 24.000 ; 24.000 ; 24.000 ; 24.000 ;
; sw6        ; data05_l      ; 24.000 ; 24.000 ; 24.000 ; 24.000 ;
; sw6        ; data06_l      ; 24.000 ; 24.000 ; 24.000 ; 24.000 ;
; sw6        ; data07_l      ; 24.000 ; 24.000 ; 24.000 ; 24.000 ;
; sw6        ; data08_l      ; 24.000 ; 24.000 ; 24.000 ; 24.000 ;
; sw6        ; data09_l      ; 24.000 ; 24.000 ; 24.000 ; 24.000 ;
; sw6        ; data10_l      ; 24.000 ; 24.000 ; 24.000 ; 24.000 ;
; sw6        ; data11_l      ; 24.000 ; 24.000 ; 24.000 ; 24.000 ;
; sw6        ; int_enab      ; 28.000 ; 28.000 ; 28.000 ; 28.000 ;
; sw6        ; int_rqst_l    ; 33.000 ; 33.000 ; 33.000 ; 33.000 ;
; sw6        ; internal_io_l ; 15.000 ; 15.000 ; 15.000 ; 15.000 ;
; sw6        ; r_run_l       ; 28.000 ; 28.000 ; 28.000 ; 28.000 ;
; sw6        ; serial_out    ; 54.000 ; 54.000 ; 54.000 ; 54.000 ;
; sw6        ; skip_l        ; 24.000 ; 24.000 ; 24.000 ; 24.000 ;
; sw6        ; tx_div_l      ; 71.000 ; 71.000 ; 71.000 ; 71.000 ;
; tp3        ; int_enab      ; 19.000 ; 27.000 ; 27.000 ; 19.000 ;
; tp3        ; int_rqst_l    ; 24.000 ; 24.000 ; 24.000 ; 24.000 ;
; tp3        ; r_run_l       ;        ; 28.000 ; 28.000 ;        ;
; tp3        ; serial_out    ; 46.000 ; 45.000 ; 45.000 ; 46.000 ;
; tp3        ; skip_l        ; 24.000 ; 24.000 ; 24.000 ; 24.000 ;
; tp3        ; tx_div_l      ; 62.000 ;        ;        ; 62.000 ;
+------------+---------------+--------+--------+--------+--------+


