TimeQuest Timing Analyzer report for warv
Thu Sep 18 07:37:21 2025
Quartus II 64-Bit Version 13.0.1 Build 232 06/12/2013 Service Pack 1 SJ Web Edition


---------------------
; Table of Contents ;
---------------------
  1. Legal Notice
  2. TimeQuest Timing Analyzer Summary
  3. Parallel Compilation
  4. Clocks
  5. Fmax Summary
  6. Setup Summary
  7. Hold Summary
  8. Recovery Summary
  9. Removal Summary
 10. Minimum Pulse Width Summary
 11. Setup: 'dk14'
 12. Setup: 'clock'
 13. Setup: 'md10_low'
 14. Setup: 'md11_low'
 15. Setup: 'md3_low'
 16. Setup: 'md4_low'
 17. Setup: 'md5_low'
 18. Setup: 'md6_low'
 19. Setup: 'md7_low'
 20. Setup: 'md8_low'
 21. Setup: 'md9_low'
 22. Setup: 'pause_low'
 23. Setup: 'tp3'
 24. Setup: 'dk01'
 25. Setup: 'dk02'
 26. Setup: 'dk05'
 27. Setup: 'dk06'
 28. Setup: 'dk07'
 29. Setup: 'dk08'
 30. Setup: 'dk09'
 31. Setup: 'dk10'
 32. Setup: 'dk11'
 33. Setup: 'dk12'
 34. Setup: 'dk13'
 35. Setup: 'dk03'
 36. Hold: 'dk03'
 37. Hold: 'md10_low'
 38. Hold: 'md11_low'
 39. Hold: 'md3_low'
 40. Hold: 'md4_low'
 41. Hold: 'md5_low'
 42. Hold: 'md6_low'
 43. Hold: 'md7_low'
 44. Hold: 'md8_low'
 45. Hold: 'md9_low'
 46. Hold: 'pause_low'
 47. Hold: 'tp3'
 48. Hold: 'dk01'
 49. Hold: 'dk02'
 50. Hold: 'dk05'
 51. Hold: 'dk06'
 52. Hold: 'dk07'
 53. Hold: 'dk08'
 54. Hold: 'dk09'
 55. Hold: 'dk10'
 56. Hold: 'dk11'
 57. Hold: 'dk12'
 58. Hold: 'dk13'
 59. Hold: 'clock'
 60. Hold: 'dk14'
 61. Recovery: 'md10_low'
 62. Recovery: 'md11_low'
 63. Recovery: 'md3_low'
 64. Recovery: 'md4_low'
 65. Recovery: 'md5_low'
 66. Recovery: 'md6_low'
 67. Recovery: 'md7_low'
 68. Recovery: 'md8_low'
 69. Recovery: 'md9_low'
 70. Recovery: 'pause_low'
 71. Recovery: 'tp3'
 72. Recovery: 'clock'
 73. Recovery: 'dk01'
 74. Recovery: 'dk02'
 75. Removal: 'dk01'
 76. Removal: 'dk02'
 77. Removal: 'clock'
 78. Removal: 'md10_low'
 79. Removal: 'md11_low'
 80. Removal: 'md3_low'
 81. Removal: 'md4_low'
 82. Removal: 'md5_low'
 83. Removal: 'md6_low'
 84. Removal: 'md7_low'
 85. Removal: 'md8_low'
 86. Removal: 'md9_low'
 87. Removal: 'pause_low'
 88. Removal: 'tp3'
 89. Minimum Pulse Width: 'md10_low'
 90. Minimum Pulse Width: 'md11_low'
 91. Minimum Pulse Width: 'md3_low'
 92. Minimum Pulse Width: 'md4_low'
 93. Minimum Pulse Width: 'md5_low'
 94. Minimum Pulse Width: 'md6_low'
 95. Minimum Pulse Width: 'md7_low'
 96. Minimum Pulse Width: 'md8_low'
 97. Minimum Pulse Width: 'md9_low'
 98. Minimum Pulse Width: 'pause_low'
 99. Minimum Pulse Width: 'tp3'
100. Minimum Pulse Width: 'dk03'
101. Minimum Pulse Width: 'dk01'
102. Minimum Pulse Width: 'dk02'
103. Minimum Pulse Width: 'dk05'
104. Minimum Pulse Width: 'dk06'
105. Minimum Pulse Width: 'dk07'
106. Minimum Pulse Width: 'dk08'
107. Minimum Pulse Width: 'dk09'
108. Minimum Pulse Width: 'dk10'
109. Minimum Pulse Width: 'dk11'
110. Minimum Pulse Width: 'dk12'
111. Minimum Pulse Width: 'dk13'
112. Minimum Pulse Width: 'dk14'
113. Minimum Pulse Width: 'clock'
114. Setup Times
115. Hold Times
116. Clock to Output Times
117. Minimum Clock to Output Times
118. Propagation Delay
119. Minimum Propagation Delay
120. Setup Transfers
121. Hold Transfers
122. Recovery Transfers
123. Removal Transfers
124. Report TCCS
125. Report RSKM
126. Unconstrained Paths
127. TimeQuest Timing Analyzer Messages
128. TimeQuest Timing Analyzer Suppressed Messages



----------------
; Legal Notice ;
----------------
Copyright (C) 1991-2013 Altera Corporation
Your use of Altera Corporation's design tools, logic functions 
and other software and tools, and its AMPP partner logic 
functions, and any output files from any of the foregoing 
(including device programming or simulation files), and any 
associated documentation or information are expressly subject 
to the terms and conditions of the Altera Program License 
Subscription Agreement, Altera MegaCore Function License 
Agreement, or other applicable license agreement, including, 
without limitation, that your use is for the sole purpose of 
programming logic devices manufactured by Altera and sold by 
Altera or its authorized distributors.  Please refer to the 
applicable agreement for further details.



+----------------------------------------------------------------------------------------+
; TimeQuest Timing Analyzer Summary                                                      ;
+--------------------+-------------------------------------------------------------------+
; Quartus II Version ; Version 13.0.1 Build 232 06/12/2013 Service Pack 1 SJ Web Edition ;
; Revision Name      ; warv                                                              ;
; Device Family      ; MAX7000S                                                          ;
; Device Name        ; EPM7128SLC84-15                                                   ;
; Timing Models      ; Final                                                             ;
; Delay Model        ; Slow Model                                                        ;
; Rise/Fall Delays   ; Unavailable                                                       ;
+--------------------+-------------------------------------------------------------------+


Parallel compilation was disabled, but you have multiple processors available. Enable parallel compilation to reduce compilation time.
+-------------------------------------+
; Parallel Compilation                ;
+----------------------------+--------+
; Processors                 ; Number ;
+----------------------------+--------+
; Number detected on machine ; 2      ;
; Maximum allowed            ; 1      ;
+----------------------------+--------+


+---------------------------------------------------------------------------------------------------------------------------------------------------------------------------------------+
; Clocks                                                                                                                                                                                ;
+------------+------+--------+------------+-------+-------+------------+-----------+-------------+-------+--------+-----------+------------+----------+--------+--------+---------------+
; Clock Name ; Type ; Period ; Frequency  ; Rise  ; Fall  ; Duty Cycle ; Divide by ; Multiply by ; Phase ; Offset ; Edge List ; Edge Shift ; Inverted ; Master ; Source ; Targets       ;
+------------+------+--------+------------+-------+-------+------------+-----------+-------------+-------+--------+-----------+------------+----------+--------+--------+---------------+
; clock      ; Base ; 1.000  ; 1000.0 MHz ; 0.000 ; 0.500 ;            ;           ;             ;       ;        ;           ;            ;          ;        ;        ; { clock }     ;
; dk01       ; Base ; 1.000  ; 1000.0 MHz ; 0.000 ; 0.500 ;            ;           ;             ;       ;        ;           ;            ;          ;        ;        ; { dk01 }      ;
; dk02       ; Base ; 1.000  ; 1000.0 MHz ; 0.000 ; 0.500 ;            ;           ;             ;       ;        ;           ;            ;          ;        ;        ; { dk02 }      ;
; dk03       ; Base ; 1.000  ; 1000.0 MHz ; 0.000 ; 0.500 ;            ;           ;             ;       ;        ;           ;            ;          ;        ;        ; { dk03 }      ;
; dk05       ; Base ; 1.000  ; 1000.0 MHz ; 0.000 ; 0.500 ;            ;           ;             ;       ;        ;           ;            ;          ;        ;        ; { dk05 }      ;
; dk06       ; Base ; 1.000  ; 1000.0 MHz ; 0.000 ; 0.500 ;            ;           ;             ;       ;        ;           ;            ;          ;        ;        ; { dk06 }      ;
; dk07       ; Base ; 1.000  ; 1000.0 MHz ; 0.000 ; 0.500 ;            ;           ;             ;       ;        ;           ;            ;          ;        ;        ; { dk07 }      ;
; dk08       ; Base ; 1.000  ; 1000.0 MHz ; 0.000 ; 0.500 ;            ;           ;             ;       ;        ;           ;            ;          ;        ;        ; { dk08 }      ;
; dk09       ; Base ; 1.000  ; 1000.0 MHz ; 0.000 ; 0.500 ;            ;           ;             ;       ;        ;           ;            ;          ;        ;        ; { dk09 }      ;
; dk10       ; Base ; 1.000  ; 1000.0 MHz ; 0.000 ; 0.500 ;            ;           ;             ;       ;        ;           ;            ;          ;        ;        ; { dk10 }      ;
; dk11       ; Base ; 1.000  ; 1000.0 MHz ; 0.000 ; 0.500 ;            ;           ;             ;       ;        ;           ;            ;          ;        ;        ; { dk11 }      ;
; dk12       ; Base ; 1.000  ; 1000.0 MHz ; 0.000 ; 0.500 ;            ;           ;             ;       ;        ;           ;            ;          ;        ;        ; { dk12 }      ;
; dk13       ; Base ; 1.000  ; 1000.0 MHz ; 0.000 ; 0.500 ;            ;           ;             ;       ;        ;           ;            ;          ;        ;        ; { dk13 }      ;
; dk14       ; Base ; 1.000  ; 1000.0 MHz ; 0.000 ; 0.500 ;            ;           ;             ;       ;        ;           ;            ;          ;        ;        ; { dk14 }      ;
; md3_low    ; Base ; 1.000  ; 1000.0 MHz ; 0.000 ; 0.500 ;            ;           ;             ;       ;        ;           ;            ;          ;        ;        ; { md3_low }   ;
; md4_low    ; Base ; 1.000  ; 1000.0 MHz ; 0.000 ; 0.500 ;            ;           ;             ;       ;        ;           ;            ;          ;        ;        ; { md4_low }   ;
; md5_low    ; Base ; 1.000  ; 1000.0 MHz ; 0.000 ; 0.500 ;            ;           ;             ;       ;        ;           ;            ;          ;        ;        ; { md5_low }   ;
; md6_low    ; Base ; 1.000  ; 1000.0 MHz ; 0.000 ; 0.500 ;            ;           ;             ;       ;        ;           ;            ;          ;        ;        ; { md6_low }   ;
; md7_low    ; Base ; 1.000  ; 1000.0 MHz ; 0.000 ; 0.500 ;            ;           ;             ;       ;        ;           ;            ;          ;        ;        ; { md7_low }   ;
; md8_low    ; Base ; 1.000  ; 1000.0 MHz ; 0.000 ; 0.500 ;            ;           ;             ;       ;        ;           ;            ;          ;        ;        ; { md8_low }   ;
; md9_low    ; Base ; 1.000  ; 1000.0 MHz ; 0.000 ; 0.500 ;            ;           ;             ;       ;        ;           ;            ;          ;        ;        ; { md9_low }   ;
; md10_low   ; Base ; 1.000  ; 1000.0 MHz ; 0.000 ; 0.500 ;            ;           ;             ;       ;        ;           ;            ;          ;        ;        ; { md10_low }  ;
; md11_low   ; Base ; 1.000  ; 1000.0 MHz ; 0.000 ; 0.500 ;            ;           ;             ;       ;        ;           ;            ;          ;        ;        ; { md11_low }  ;
; pause_low  ; Base ; 1.000  ; 1000.0 MHz ; 0.000 ; 0.500 ;            ;           ;             ;       ;        ;           ;            ;          ;        ;        ; { pause_low } ;
; tp3        ; Base ; 1.000  ; 1000.0 MHz ; 0.000 ; 0.500 ;            ;           ;             ;       ;        ;           ;            ;          ;        ;        ; { tp3 }       ;
+------------+------+--------+------------+-------+-------+------------+-----------+-------------+-------+--------+-----------+------------+----------+--------+--------+---------------+


+--------------------------------------------------------------------------------------------------+
; Fmax Summary                                                                                     ;
+-----------+-----------------+------------+-------------------------------------------------------+
; Fmax      ; Restricted Fmax ; Clock Name ; Note                                                  ;
+-----------+-----------------+------------+-------------------------------------------------------+
; 76.92 MHz ; 76.92 MHz       ; dk14       ;                                                       ;
; 125.0 MHz ; 83.33 MHz       ; md10_low   ; limit due to high minimum pulse width violation (tch) ;
; 125.0 MHz ; 83.33 MHz       ; md11_low   ; limit due to high minimum pulse width violation (tch) ;
; 125.0 MHz ; 83.33 MHz       ; md3_low    ; limit due to high minimum pulse width violation (tch) ;
; 125.0 MHz ; 83.33 MHz       ; md4_low    ; limit due to high minimum pulse width violation (tch) ;
; 125.0 MHz ; 83.33 MHz       ; md5_low    ; limit due to high minimum pulse width violation (tch) ;
; 125.0 MHz ; 83.33 MHz       ; md6_low    ; limit due to high minimum pulse width violation (tch) ;
; 125.0 MHz ; 83.33 MHz       ; md7_low    ; limit due to high minimum pulse width violation (tch) ;
; 125.0 MHz ; 83.33 MHz       ; md8_low    ; limit due to high minimum pulse width violation (tch) ;
; 125.0 MHz ; 83.33 MHz       ; md9_low    ; limit due to high minimum pulse width violation (tch) ;
; 125.0 MHz ; 83.33 MHz       ; pause_low  ; limit due to high minimum pulse width violation (tch) ;
+-----------+-----------------+------------+-------------------------------------------------------+
This panel reports FMAX for every clock in the design, regardless of the user-specified clock periods.  FMAX is only computed for paths where the source and destination registers or ports are driven by the same clock.  Paths of different clocks, including generated clocks, are ignored.  For paths between a clock and its inversion, FMAX is computed as if the rising and falling edges are scaled along with FMAX, such that the duty cycle (in terms of a percentage) is maintained. Altera recommends that you always use clock constraints and other slack reports for sign-off analysis.


+-------------------------------------+
; Setup Summary                       ;
+-----------+---------+---------------+
; Clock     ; Slack   ; End Point TNS ;
+-----------+---------+---------------+
; dk14      ; -12.000 ; -12.000       ;
; clock     ; -8.500  ; -8.500        ;
; md10_low  ; -3.500  ; -21.000       ;
; md11_low  ; -3.500  ; -21.000       ;
; md3_low   ; -3.500  ; -21.000       ;
; md4_low   ; -3.500  ; -21.000       ;
; md5_low   ; -3.500  ; -21.000       ;
; md6_low   ; -3.500  ; -21.000       ;
; md7_low   ; -3.500  ; -21.000       ;
; md8_low   ; -3.500  ; -21.000       ;
; md9_low   ; -3.500  ; -21.000       ;
; pause_low ; -3.500  ; -21.000       ;
; tp3       ; -3.500  ; -21.000       ;
; dk01      ; -3.500  ; -3.500        ;
; dk02      ; -3.500  ; -3.500        ;
; dk05      ; -3.500  ; -3.500        ;
; dk06      ; -3.500  ; -3.500        ;
; dk07      ; -3.500  ; -3.500        ;
; dk08      ; -3.500  ; -3.500        ;
; dk09      ; -3.500  ; -3.500        ;
; dk10      ; -3.500  ; -3.500        ;
; dk11      ; -3.500  ; -3.500        ;
; dk12      ; -3.500  ; -3.500        ;
; dk13      ; -3.500  ; -3.500        ;
; dk03      ; 12.500  ; 0.000         ;
+-----------+---------+---------------+


+-------------------------------------+
; Hold Summary                        ;
+-----------+---------+---------------+
; Clock     ; Slack   ; End Point TNS ;
+-----------+---------+---------------+
; dk03      ; -20.000 ; -20.000       ;
; md10_low  ; -4.000  ; -24.000       ;
; md11_low  ; -4.000  ; -24.000       ;
; md3_low   ; -4.000  ; -24.000       ;
; md4_low   ; -4.000  ; -24.000       ;
; md5_low   ; -4.000  ; -24.000       ;
; md6_low   ; -4.000  ; -24.000       ;
; md7_low   ; -4.000  ; -24.000       ;
; md8_low   ; -4.000  ; -24.000       ;
; md9_low   ; -4.000  ; -24.000       ;
; pause_low ; -4.000  ; -24.000       ;
; tp3       ; -4.000  ; -24.000       ;
; dk01      ; -4.000  ; -4.000        ;
; dk02      ; -4.000  ; -4.000        ;
; dk05      ; -4.000  ; -4.000        ;
; dk06      ; -4.000  ; -4.000        ;
; dk07      ; -4.000  ; -4.000        ;
; dk08      ; -4.000  ; -4.000        ;
; dk09      ; -4.000  ; -4.000        ;
; dk10      ; -4.000  ; -4.000        ;
; dk11      ; -4.000  ; -4.000        ;
; dk12      ; -4.000  ; -4.000        ;
; dk13      ; -4.000  ; -4.000        ;
; clock     ; 1.000   ; 0.000         ;
; dk14      ; 5.000   ; 0.000         ;
+-----------+---------+---------------+


+-------------------------------------+
; Recovery Summary                    ;
+-----------+---------+---------------+
; Clock     ; Slack   ; End Point TNS ;
+-----------+---------+---------------+
; md10_low  ; -23.500 ; -141.000      ;
; md11_low  ; -23.500 ; -141.000      ;
; md3_low   ; -23.500 ; -141.000      ;
; md4_low   ; -23.500 ; -141.000      ;
; md5_low   ; -23.500 ; -141.000      ;
; md6_low   ; -23.500 ; -141.000      ;
; md7_low   ; -23.500 ; -141.000      ;
; md8_low   ; -23.500 ; -141.000      ;
; md9_low   ; -23.500 ; -141.000      ;
; pause_low ; -23.500 ; -141.000      ;
; tp3       ; -23.500 ; -141.000      ;
; clock     ; -14.500 ; -14.500       ;
; dk01      ; -9.500  ; -9.500        ;
; dk02      ; -9.500  ; -9.500        ;
+-----------+---------+---------------+


+------------------------------------+
; Removal Summary                    ;
+-----------+--------+---------------+
; Clock     ; Slack  ; End Point TNS ;
+-----------+--------+---------------+
; dk01      ; 0.000  ; 0.000         ;
; dk02      ; 0.000  ; 0.000         ;
; clock     ; 5.000  ; 0.000         ;
; md10_low  ; 16.000 ; 0.000         ;
; md11_low  ; 16.000 ; 0.000         ;
; md3_low   ; 16.000 ; 0.000         ;
; md4_low   ; 16.000 ; 0.000         ;
; md5_low   ; 16.000 ; 0.000         ;
; md6_low   ; 16.000 ; 0.000         ;
; md7_low   ; 16.000 ; 0.000         ;
; md8_low   ; 16.000 ; 0.000         ;
; md9_low   ; 16.000 ; 0.000         ;
; pause_low ; 16.000 ; 0.000         ;
; tp3       ; 16.000 ; 0.000         ;
+-----------+--------+---------------+


+------------------------------------+
; Minimum Pulse Width Summary        ;
+-----------+--------+---------------+
; Clock     ; Slack  ; End Point TNS ;
+-----------+--------+---------------+
; md10_low  ; -5.500 ; -66.000       ;
; md11_low  ; -5.500 ; -66.000       ;
; md3_low   ; -5.500 ; -66.000       ;
; md4_low   ; -5.500 ; -66.000       ;
; md5_low   ; -5.500 ; -66.000       ;
; md6_low   ; -5.500 ; -66.000       ;
; md7_low   ; -5.500 ; -66.000       ;
; md8_low   ; -5.500 ; -66.000       ;
; md9_low   ; -5.500 ; -66.000       ;
; pause_low ; -5.500 ; -66.000       ;
; tp3       ; -5.500 ; -66.000       ;
; dk03      ; -5.500 ; -22.000       ;
; dk01      ; -5.500 ; -11.000       ;
; dk02      ; -5.500 ; -11.000       ;
; dk05      ; -5.500 ; -11.000       ;
; dk06      ; -5.500 ; -11.000       ;
; dk07      ; -5.500 ; -11.000       ;
; dk08      ; -5.500 ; -11.000       ;
; dk09      ; -5.500 ; -11.000       ;
; dk10      ; -5.500 ; -11.000       ;
; dk11      ; -5.500 ; -11.000       ;
; dk12      ; -5.500 ; -11.000       ;
; dk13      ; -5.500 ; -11.000       ;
; dk14      ; -5.500 ; -11.000       ;
; clock     ; -4.500 ; -9.000        ;
+-----------+--------+---------------+


+-----------------------------------------------------------------------------------------------------+
; Setup: 'dk14'                                                                                       ;
+---------+-----------+---------+--------------+-------------+--------------+------------+------------+
; Slack   ; From Node ; To Node ; Launch Clock ; Latch Clock ; Relationship ; Clock Skew ; Data Delay ;
+---------+-----------+---------+--------------+-------------+--------------+------------+------------+
; -12.000 ; dk15      ; dk15    ; dk14         ; dk14        ; 1.000        ; 0.000      ; 9.000      ;
+---------+-----------+---------+--------------+-------------+--------------+------------+------------+


+----------------------------------------------------------------------------------------------------+
; Setup: 'clock'                                                                                     ;
+--------+-----------+---------+--------------+-------------+--------------+------------+------------+
; Slack  ; From Node ; To Node ; Launch Clock ; Latch Clock ; Relationship ; Clock Skew ; Data Delay ;
+--------+-----------+---------+--------------+-------------+--------------+------------+------------+
; -8.500 ; dk01      ; dk01    ; dk01         ; clock       ; 0.500        ; 3.000      ; 9.000      ;
; -8.000 ; dk01      ; dk01    ; dk01         ; clock       ; 1.000        ; 3.000      ; 9.000      ;
+--------+-----------+---------+--------------+-------------+--------------+------------+------------+


+-------------------------------------------------------------------------------------------------------+
; Setup: 'md10_low'                                                                                     ;
+--------+-----------+------------+--------------+-------------+--------------+------------+------------+
; Slack  ; From Node ; To Node    ; Launch Clock ; Latch Clock ; Relationship ; Clock Skew ; Data Delay ;
+--------+-----------+------------+--------------+-------------+--------------+------------+------------+
; -3.500 ; md10_low  ; write_thru ; md10_low     ; md10_low    ; 0.500        ; 10.000     ; 10.000     ;
; -3.500 ; md10_low  ; store      ; md10_low     ; md10_low    ; 0.500        ; 10.000     ; 10.000     ;
; -3.500 ; md10_low  ; color      ; md10_low     ; md10_low    ; 0.500        ; 10.000     ; 10.000     ;
; -3.500 ; md10_low  ; chan       ; md10_low     ; md10_low    ; 0.500        ; 10.000     ; 10.000     ;
; -3.500 ; md10_low  ; int_en     ; md10_low     ; md10_low    ; 0.500        ; 10.000     ; 10.000     ;
; -3.500 ; md10_low  ; erase      ; md10_low     ; md10_low    ; 0.500        ; 10.000     ; 10.000     ;
; -3.500 ; md11_low  ; write_thru ; md11_low     ; md10_low    ; 0.500        ; 10.000     ; 10.000     ;
; -3.500 ; md11_low  ; store      ; md11_low     ; md10_low    ; 0.500        ; 10.000     ; 10.000     ;
; -3.500 ; md11_low  ; color      ; md11_low     ; md10_low    ; 0.500        ; 10.000     ; 10.000     ;
; -3.500 ; md11_low  ; chan       ; md11_low     ; md10_low    ; 0.500        ; 10.000     ; 10.000     ;
; -3.500 ; md11_low  ; int_en     ; md11_low     ; md10_low    ; 0.500        ; 10.000     ; 10.000     ;
; -3.500 ; md11_low  ; erase      ; md11_low     ; md10_low    ; 0.500        ; 10.000     ; 10.000     ;
; -3.500 ; pause_low ; write_thru ; pause_low    ; md10_low    ; 0.500        ; 10.000     ; 10.000     ;
; -3.500 ; pause_low ; store      ; pause_low    ; md10_low    ; 0.500        ; 10.000     ; 10.000     ;
; -3.500 ; pause_low ; color      ; pause_low    ; md10_low    ; 0.500        ; 10.000     ; 10.000     ;
; -3.500 ; pause_low ; chan       ; pause_low    ; md10_low    ; 0.500        ; 10.000     ; 10.000     ;
; -3.500 ; pause_low ; int_en     ; pause_low    ; md10_low    ; 0.500        ; 10.000     ; 10.000     ;
; -3.500 ; pause_low ; erase      ; pause_low    ; md10_low    ; 0.500        ; 10.000     ; 10.000     ;
; -3.500 ; md4_low   ; write_thru ; md4_low      ; md10_low    ; 0.500        ; 10.000     ; 10.000     ;
; -3.500 ; md4_low   ; store      ; md4_low      ; md10_low    ; 0.500        ; 10.000     ; 10.000     ;
; -3.500 ; md4_low   ; color      ; md4_low      ; md10_low    ; 0.500        ; 10.000     ; 10.000     ;
; -3.500 ; md4_low   ; chan       ; md4_low      ; md10_low    ; 0.500        ; 10.000     ; 10.000     ;
; -3.500 ; md4_low   ; int_en     ; md4_low      ; md10_low    ; 0.500        ; 10.000     ; 10.000     ;
; -3.500 ; md4_low   ; erase      ; md4_low      ; md10_low    ; 0.500        ; 10.000     ; 10.000     ;
; -3.500 ; md3_low   ; write_thru ; md3_low      ; md10_low    ; 0.500        ; 10.000     ; 10.000     ;
; -3.500 ; md3_low   ; store      ; md3_low      ; md10_low    ; 0.500        ; 10.000     ; 10.000     ;
; -3.500 ; md3_low   ; color      ; md3_low      ; md10_low    ; 0.500        ; 10.000     ; 10.000     ;
; -3.500 ; md3_low   ; chan       ; md3_low      ; md10_low    ; 0.500        ; 10.000     ; 10.000     ;
; -3.500 ; md3_low   ; int_en     ; md3_low      ; md10_low    ; 0.500        ; 10.000     ; 10.000     ;
; -3.500 ; md3_low   ; erase      ; md3_low      ; md10_low    ; 0.500        ; 10.000     ; 10.000     ;
; -3.500 ; md7_low   ; write_thru ; md7_low      ; md10_low    ; 0.500        ; 10.000     ; 10.000     ;
; -3.500 ; md7_low   ; store      ; md7_low      ; md10_low    ; 0.500        ; 10.000     ; 10.000     ;
; -3.500 ; md7_low   ; color      ; md7_low      ; md10_low    ; 0.500        ; 10.000     ; 10.000     ;
; -3.500 ; md7_low   ; chan       ; md7_low      ; md10_low    ; 0.500        ; 10.000     ; 10.000     ;
; -3.500 ; md7_low   ; int_en     ; md7_low      ; md10_low    ; 0.500        ; 10.000     ; 10.000     ;
; -3.500 ; md7_low   ; erase      ; md7_low      ; md10_low    ; 0.500        ; 10.000     ; 10.000     ;
; -3.500 ; md6_low   ; write_thru ; md6_low      ; md10_low    ; 0.500        ; 10.000     ; 10.000     ;
; -3.500 ; md6_low   ; store      ; md6_low      ; md10_low    ; 0.500        ; 10.000     ; 10.000     ;
; -3.500 ; md6_low   ; color      ; md6_low      ; md10_low    ; 0.500        ; 10.000     ; 10.000     ;
; -3.500 ; md6_low   ; chan       ; md6_low      ; md10_low    ; 0.500        ; 10.000     ; 10.000     ;
; -3.500 ; md6_low   ; int_en     ; md6_low      ; md10_low    ; 0.500        ; 10.000     ; 10.000     ;
; -3.500 ; md6_low   ; erase      ; md6_low      ; md10_low    ; 0.500        ; 10.000     ; 10.000     ;
; -3.500 ; md8_low   ; write_thru ; md8_low      ; md10_low    ; 0.500        ; 10.000     ; 10.000     ;
; -3.500 ; md8_low   ; store      ; md8_low      ; md10_low    ; 0.500        ; 10.000     ; 10.000     ;
; -3.500 ; md8_low   ; color      ; md8_low      ; md10_low    ; 0.500        ; 10.000     ; 10.000     ;
; -3.500 ; md8_low   ; chan       ; md8_low      ; md10_low    ; 0.500        ; 10.000     ; 10.000     ;
; -3.500 ; md8_low   ; int_en     ; md8_low      ; md10_low    ; 0.500        ; 10.000     ; 10.000     ;
; -3.500 ; md8_low   ; erase      ; md8_low      ; md10_low    ; 0.500        ; 10.000     ; 10.000     ;
; -3.500 ; md5_low   ; write_thru ; md5_low      ; md10_low    ; 0.500        ; 10.000     ; 10.000     ;
; -3.500 ; md5_low   ; store      ; md5_low      ; md10_low    ; 0.500        ; 10.000     ; 10.000     ;
; -3.500 ; md5_low   ; color      ; md5_low      ; md10_low    ; 0.500        ; 10.000     ; 10.000     ;
; -3.500 ; md5_low   ; chan       ; md5_low      ; md10_low    ; 0.500        ; 10.000     ; 10.000     ;
; -3.500 ; md5_low   ; int_en     ; md5_low      ; md10_low    ; 0.500        ; 10.000     ; 10.000     ;
; -3.500 ; md5_low   ; erase      ; md5_low      ; md10_low    ; 0.500        ; 10.000     ; 10.000     ;
; -3.500 ; md9_low   ; write_thru ; md9_low      ; md10_low    ; 0.500        ; 10.000     ; 10.000     ;
; -3.500 ; md9_low   ; store      ; md9_low      ; md10_low    ; 0.500        ; 10.000     ; 10.000     ;
; -3.500 ; md9_low   ; color      ; md9_low      ; md10_low    ; 0.500        ; 10.000     ; 10.000     ;
; -3.500 ; md9_low   ; chan       ; md9_low      ; md10_low    ; 0.500        ; 10.000     ; 10.000     ;
; -3.500 ; md9_low   ; int_en     ; md9_low      ; md10_low    ; 0.500        ; 10.000     ; 10.000     ;
; -3.500 ; md9_low   ; erase      ; md9_low      ; md10_low    ; 0.500        ; 10.000     ; 10.000     ;
; -3.000 ; md10_low  ; write_thru ; md10_low     ; md10_low    ; 1.000        ; 10.000     ; 10.000     ;
; -3.000 ; md10_low  ; store      ; md10_low     ; md10_low    ; 1.000        ; 10.000     ; 10.000     ;
; -3.000 ; md10_low  ; color      ; md10_low     ; md10_low    ; 1.000        ; 10.000     ; 10.000     ;
; -3.000 ; md10_low  ; chan       ; md10_low     ; md10_low    ; 1.000        ; 10.000     ; 10.000     ;
; -3.000 ; md10_low  ; int_en     ; md10_low     ; md10_low    ; 1.000        ; 10.000     ; 10.000     ;
; -3.000 ; md10_low  ; erase      ; md10_low     ; md10_low    ; 1.000        ; 10.000     ; 10.000     ;
; -3.000 ; md11_low  ; write_thru ; md11_low     ; md10_low    ; 1.000        ; 10.000     ; 10.000     ;
; -3.000 ; md11_low  ; store      ; md11_low     ; md10_low    ; 1.000        ; 10.000     ; 10.000     ;
; -3.000 ; md11_low  ; color      ; md11_low     ; md10_low    ; 1.000        ; 10.000     ; 10.000     ;
; -3.000 ; md11_low  ; chan       ; md11_low     ; md10_low    ; 1.000        ; 10.000     ; 10.000     ;
; -3.000 ; md11_low  ; int_en     ; md11_low     ; md10_low    ; 1.000        ; 10.000     ; 10.000     ;
; -3.000 ; md11_low  ; erase      ; md11_low     ; md10_low    ; 1.000        ; 10.000     ; 10.000     ;
; -3.000 ; pause_low ; write_thru ; pause_low    ; md10_low    ; 1.000        ; 10.000     ; 10.000     ;
; -3.000 ; pause_low ; store      ; pause_low    ; md10_low    ; 1.000        ; 10.000     ; 10.000     ;
; -3.000 ; pause_low ; color      ; pause_low    ; md10_low    ; 1.000        ; 10.000     ; 10.000     ;
; -3.000 ; pause_low ; chan       ; pause_low    ; md10_low    ; 1.000        ; 10.000     ; 10.000     ;
; -3.000 ; pause_low ; int_en     ; pause_low    ; md10_low    ; 1.000        ; 10.000     ; 10.000     ;
; -3.000 ; pause_low ; erase      ; pause_low    ; md10_low    ; 1.000        ; 10.000     ; 10.000     ;
; -3.000 ; md4_low   ; write_thru ; md4_low      ; md10_low    ; 1.000        ; 10.000     ; 10.000     ;
; -3.000 ; md4_low   ; store      ; md4_low      ; md10_low    ; 1.000        ; 10.000     ; 10.000     ;
; -3.000 ; md4_low   ; color      ; md4_low      ; md10_low    ; 1.000        ; 10.000     ; 10.000     ;
; -3.000 ; md4_low   ; chan       ; md4_low      ; md10_low    ; 1.000        ; 10.000     ; 10.000     ;
; -3.000 ; md4_low   ; int_en     ; md4_low      ; md10_low    ; 1.000        ; 10.000     ; 10.000     ;
; -3.000 ; md4_low   ; erase      ; md4_low      ; md10_low    ; 1.000        ; 10.000     ; 10.000     ;
; -3.000 ; md3_low   ; write_thru ; md3_low      ; md10_low    ; 1.000        ; 10.000     ; 10.000     ;
; -3.000 ; md3_low   ; store      ; md3_low      ; md10_low    ; 1.000        ; 10.000     ; 10.000     ;
; -3.000 ; md3_low   ; color      ; md3_low      ; md10_low    ; 1.000        ; 10.000     ; 10.000     ;
; -3.000 ; md3_low   ; chan       ; md3_low      ; md10_low    ; 1.000        ; 10.000     ; 10.000     ;
; -3.000 ; md3_low   ; int_en     ; md3_low      ; md10_low    ; 1.000        ; 10.000     ; 10.000     ;
; -3.000 ; md3_low   ; erase      ; md3_low      ; md10_low    ; 1.000        ; 10.000     ; 10.000     ;
; -3.000 ; md7_low   ; write_thru ; md7_low      ; md10_low    ; 1.000        ; 10.000     ; 10.000     ;
; -3.000 ; md7_low   ; store      ; md7_low      ; md10_low    ; 1.000        ; 10.000     ; 10.000     ;
; -3.000 ; md7_low   ; color      ; md7_low      ; md10_low    ; 1.000        ; 10.000     ; 10.000     ;
; -3.000 ; md7_low   ; chan       ; md7_low      ; md10_low    ; 1.000        ; 10.000     ; 10.000     ;
; -3.000 ; md7_low   ; int_en     ; md7_low      ; md10_low    ; 1.000        ; 10.000     ; 10.000     ;
; -3.000 ; md7_low   ; erase      ; md7_low      ; md10_low    ; 1.000        ; 10.000     ; 10.000     ;
; -3.000 ; md6_low   ; write_thru ; md6_low      ; md10_low    ; 1.000        ; 10.000     ; 10.000     ;
; -3.000 ; md6_low   ; store      ; md6_low      ; md10_low    ; 1.000        ; 10.000     ; 10.000     ;
; -3.000 ; md6_low   ; color      ; md6_low      ; md10_low    ; 1.000        ; 10.000     ; 10.000     ;
; -3.000 ; md6_low   ; chan       ; md6_low      ; md10_low    ; 1.000        ; 10.000     ; 10.000     ;
+--------+-----------+------------+--------------+-------------+--------------+------------+------------+


+-------------------------------------------------------------------------------------------------------+
; Setup: 'md11_low'                                                                                     ;
+--------+-----------+------------+--------------+-------------+--------------+------------+------------+
; Slack  ; From Node ; To Node    ; Launch Clock ; Latch Clock ; Relationship ; Clock Skew ; Data Delay ;
+--------+-----------+------------+--------------+-------------+--------------+------------+------------+
; -3.500 ; md10_low  ; write_thru ; md10_low     ; md11_low    ; 0.500        ; 10.000     ; 10.000     ;
; -3.500 ; md10_low  ; store      ; md10_low     ; md11_low    ; 0.500        ; 10.000     ; 10.000     ;
; -3.500 ; md10_low  ; color      ; md10_low     ; md11_low    ; 0.500        ; 10.000     ; 10.000     ;
; -3.500 ; md10_low  ; chan       ; md10_low     ; md11_low    ; 0.500        ; 10.000     ; 10.000     ;
; -3.500 ; md10_low  ; int_en     ; md10_low     ; md11_low    ; 0.500        ; 10.000     ; 10.000     ;
; -3.500 ; md10_low  ; erase      ; md10_low     ; md11_low    ; 0.500        ; 10.000     ; 10.000     ;
; -3.500 ; md11_low  ; write_thru ; md11_low     ; md11_low    ; 0.500        ; 10.000     ; 10.000     ;
; -3.500 ; md11_low  ; store      ; md11_low     ; md11_low    ; 0.500        ; 10.000     ; 10.000     ;
; -3.500 ; md11_low  ; color      ; md11_low     ; md11_low    ; 0.500        ; 10.000     ; 10.000     ;
; -3.500 ; md11_low  ; chan       ; md11_low     ; md11_low    ; 0.500        ; 10.000     ; 10.000     ;
; -3.500 ; md11_low  ; int_en     ; md11_low     ; md11_low    ; 0.500        ; 10.000     ; 10.000     ;
; -3.500 ; md11_low  ; erase      ; md11_low     ; md11_low    ; 0.500        ; 10.000     ; 10.000     ;
; -3.500 ; pause_low ; write_thru ; pause_low    ; md11_low    ; 0.500        ; 10.000     ; 10.000     ;
; -3.500 ; pause_low ; store      ; pause_low    ; md11_low    ; 0.500        ; 10.000     ; 10.000     ;
; -3.500 ; pause_low ; color      ; pause_low    ; md11_low    ; 0.500        ; 10.000     ; 10.000     ;
; -3.500 ; pause_low ; chan       ; pause_low    ; md11_low    ; 0.500        ; 10.000     ; 10.000     ;
; -3.500 ; pause_low ; int_en     ; pause_low    ; md11_low    ; 0.500        ; 10.000     ; 10.000     ;
; -3.500 ; pause_low ; erase      ; pause_low    ; md11_low    ; 0.500        ; 10.000     ; 10.000     ;
; -3.500 ; md4_low   ; write_thru ; md4_low      ; md11_low    ; 0.500        ; 10.000     ; 10.000     ;
; -3.500 ; md4_low   ; store      ; md4_low      ; md11_low    ; 0.500        ; 10.000     ; 10.000     ;
; -3.500 ; md4_low   ; color      ; md4_low      ; md11_low    ; 0.500        ; 10.000     ; 10.000     ;
; -3.500 ; md4_low   ; chan       ; md4_low      ; md11_low    ; 0.500        ; 10.000     ; 10.000     ;
; -3.500 ; md4_low   ; int_en     ; md4_low      ; md11_low    ; 0.500        ; 10.000     ; 10.000     ;
; -3.500 ; md4_low   ; erase      ; md4_low      ; md11_low    ; 0.500        ; 10.000     ; 10.000     ;
; -3.500 ; md3_low   ; write_thru ; md3_low      ; md11_low    ; 0.500        ; 10.000     ; 10.000     ;
; -3.500 ; md3_low   ; store      ; md3_low      ; md11_low    ; 0.500        ; 10.000     ; 10.000     ;
; -3.500 ; md3_low   ; color      ; md3_low      ; md11_low    ; 0.500        ; 10.000     ; 10.000     ;
; -3.500 ; md3_low   ; chan       ; md3_low      ; md11_low    ; 0.500        ; 10.000     ; 10.000     ;
; -3.500 ; md3_low   ; int_en     ; md3_low      ; md11_low    ; 0.500        ; 10.000     ; 10.000     ;
; -3.500 ; md3_low   ; erase      ; md3_low      ; md11_low    ; 0.500        ; 10.000     ; 10.000     ;
; -3.500 ; md7_low   ; write_thru ; md7_low      ; md11_low    ; 0.500        ; 10.000     ; 10.000     ;
; -3.500 ; md7_low   ; store      ; md7_low      ; md11_low    ; 0.500        ; 10.000     ; 10.000     ;
; -3.500 ; md7_low   ; color      ; md7_low      ; md11_low    ; 0.500        ; 10.000     ; 10.000     ;
; -3.500 ; md7_low   ; chan       ; md7_low      ; md11_low    ; 0.500        ; 10.000     ; 10.000     ;
; -3.500 ; md7_low   ; int_en     ; md7_low      ; md11_low    ; 0.500        ; 10.000     ; 10.000     ;
; -3.500 ; md7_low   ; erase      ; md7_low      ; md11_low    ; 0.500        ; 10.000     ; 10.000     ;
; -3.500 ; md6_low   ; write_thru ; md6_low      ; md11_low    ; 0.500        ; 10.000     ; 10.000     ;
; -3.500 ; md6_low   ; store      ; md6_low      ; md11_low    ; 0.500        ; 10.000     ; 10.000     ;
; -3.500 ; md6_low   ; color      ; md6_low      ; md11_low    ; 0.500        ; 10.000     ; 10.000     ;
; -3.500 ; md6_low   ; chan       ; md6_low      ; md11_low    ; 0.500        ; 10.000     ; 10.000     ;
; -3.500 ; md6_low   ; int_en     ; md6_low      ; md11_low    ; 0.500        ; 10.000     ; 10.000     ;
; -3.500 ; md6_low   ; erase      ; md6_low      ; md11_low    ; 0.500        ; 10.000     ; 10.000     ;
; -3.500 ; md8_low   ; write_thru ; md8_low      ; md11_low    ; 0.500        ; 10.000     ; 10.000     ;
; -3.500 ; md8_low   ; store      ; md8_low      ; md11_low    ; 0.500        ; 10.000     ; 10.000     ;
; -3.500 ; md8_low   ; color      ; md8_low      ; md11_low    ; 0.500        ; 10.000     ; 10.000     ;
; -3.500 ; md8_low   ; chan       ; md8_low      ; md11_low    ; 0.500        ; 10.000     ; 10.000     ;
; -3.500 ; md8_low   ; int_en     ; md8_low      ; md11_low    ; 0.500        ; 10.000     ; 10.000     ;
; -3.500 ; md8_low   ; erase      ; md8_low      ; md11_low    ; 0.500        ; 10.000     ; 10.000     ;
; -3.500 ; md5_low   ; write_thru ; md5_low      ; md11_low    ; 0.500        ; 10.000     ; 10.000     ;
; -3.500 ; md5_low   ; store      ; md5_low      ; md11_low    ; 0.500        ; 10.000     ; 10.000     ;
; -3.500 ; md5_low   ; color      ; md5_low      ; md11_low    ; 0.500        ; 10.000     ; 10.000     ;
; -3.500 ; md5_low   ; chan       ; md5_low      ; md11_low    ; 0.500        ; 10.000     ; 10.000     ;
; -3.500 ; md5_low   ; int_en     ; md5_low      ; md11_low    ; 0.500        ; 10.000     ; 10.000     ;
; -3.500 ; md5_low   ; erase      ; md5_low      ; md11_low    ; 0.500        ; 10.000     ; 10.000     ;
; -3.500 ; md9_low   ; write_thru ; md9_low      ; md11_low    ; 0.500        ; 10.000     ; 10.000     ;
; -3.500 ; md9_low   ; store      ; md9_low      ; md11_low    ; 0.500        ; 10.000     ; 10.000     ;
; -3.500 ; md9_low   ; color      ; md9_low      ; md11_low    ; 0.500        ; 10.000     ; 10.000     ;
; -3.500 ; md9_low   ; chan       ; md9_low      ; md11_low    ; 0.500        ; 10.000     ; 10.000     ;
; -3.500 ; md9_low   ; int_en     ; md9_low      ; md11_low    ; 0.500        ; 10.000     ; 10.000     ;
; -3.500 ; md9_low   ; erase      ; md9_low      ; md11_low    ; 0.500        ; 10.000     ; 10.000     ;
; -3.000 ; md10_low  ; write_thru ; md10_low     ; md11_low    ; 1.000        ; 10.000     ; 10.000     ;
; -3.000 ; md10_low  ; store      ; md10_low     ; md11_low    ; 1.000        ; 10.000     ; 10.000     ;
; -3.000 ; md10_low  ; color      ; md10_low     ; md11_low    ; 1.000        ; 10.000     ; 10.000     ;
; -3.000 ; md10_low  ; chan       ; md10_low     ; md11_low    ; 1.000        ; 10.000     ; 10.000     ;
; -3.000 ; md10_low  ; int_en     ; md10_low     ; md11_low    ; 1.000        ; 10.000     ; 10.000     ;
; -3.000 ; md10_low  ; erase      ; md10_low     ; md11_low    ; 1.000        ; 10.000     ; 10.000     ;
; -3.000 ; md11_low  ; write_thru ; md11_low     ; md11_low    ; 1.000        ; 10.000     ; 10.000     ;
; -3.000 ; md11_low  ; store      ; md11_low     ; md11_low    ; 1.000        ; 10.000     ; 10.000     ;
; -3.000 ; md11_low  ; color      ; md11_low     ; md11_low    ; 1.000        ; 10.000     ; 10.000     ;
; -3.000 ; md11_low  ; chan       ; md11_low     ; md11_low    ; 1.000        ; 10.000     ; 10.000     ;
; -3.000 ; md11_low  ; int_en     ; md11_low     ; md11_low    ; 1.000        ; 10.000     ; 10.000     ;
; -3.000 ; md11_low  ; erase      ; md11_low     ; md11_low    ; 1.000        ; 10.000     ; 10.000     ;
; -3.000 ; pause_low ; write_thru ; pause_low    ; md11_low    ; 1.000        ; 10.000     ; 10.000     ;
; -3.000 ; pause_low ; store      ; pause_low    ; md11_low    ; 1.000        ; 10.000     ; 10.000     ;
; -3.000 ; pause_low ; color      ; pause_low    ; md11_low    ; 1.000        ; 10.000     ; 10.000     ;
; -3.000 ; pause_low ; chan       ; pause_low    ; md11_low    ; 1.000        ; 10.000     ; 10.000     ;
; -3.000 ; pause_low ; int_en     ; pause_low    ; md11_low    ; 1.000        ; 10.000     ; 10.000     ;
; -3.000 ; pause_low ; erase      ; pause_low    ; md11_low    ; 1.000        ; 10.000     ; 10.000     ;
; -3.000 ; md4_low   ; write_thru ; md4_low      ; md11_low    ; 1.000        ; 10.000     ; 10.000     ;
; -3.000 ; md4_low   ; store      ; md4_low      ; md11_low    ; 1.000        ; 10.000     ; 10.000     ;
; -3.000 ; md4_low   ; color      ; md4_low      ; md11_low    ; 1.000        ; 10.000     ; 10.000     ;
; -3.000 ; md4_low   ; chan       ; md4_low      ; md11_low    ; 1.000        ; 10.000     ; 10.000     ;
; -3.000 ; md4_low   ; int_en     ; md4_low      ; md11_low    ; 1.000        ; 10.000     ; 10.000     ;
; -3.000 ; md4_low   ; erase      ; md4_low      ; md11_low    ; 1.000        ; 10.000     ; 10.000     ;
; -3.000 ; md3_low   ; write_thru ; md3_low      ; md11_low    ; 1.000        ; 10.000     ; 10.000     ;
; -3.000 ; md3_low   ; store      ; md3_low      ; md11_low    ; 1.000        ; 10.000     ; 10.000     ;
; -3.000 ; md3_low   ; color      ; md3_low      ; md11_low    ; 1.000        ; 10.000     ; 10.000     ;
; -3.000 ; md3_low   ; chan       ; md3_low      ; md11_low    ; 1.000        ; 10.000     ; 10.000     ;
; -3.000 ; md3_low   ; int_en     ; md3_low      ; md11_low    ; 1.000        ; 10.000     ; 10.000     ;
; -3.000 ; md3_low   ; erase      ; md3_low      ; md11_low    ; 1.000        ; 10.000     ; 10.000     ;
; -3.000 ; md7_low   ; write_thru ; md7_low      ; md11_low    ; 1.000        ; 10.000     ; 10.000     ;
; -3.000 ; md7_low   ; store      ; md7_low      ; md11_low    ; 1.000        ; 10.000     ; 10.000     ;
; -3.000 ; md7_low   ; color      ; md7_low      ; md11_low    ; 1.000        ; 10.000     ; 10.000     ;
; -3.000 ; md7_low   ; chan       ; md7_low      ; md11_low    ; 1.000        ; 10.000     ; 10.000     ;
; -3.000 ; md7_low   ; int_en     ; md7_low      ; md11_low    ; 1.000        ; 10.000     ; 10.000     ;
; -3.000 ; md7_low   ; erase      ; md7_low      ; md11_low    ; 1.000        ; 10.000     ; 10.000     ;
; -3.000 ; md6_low   ; write_thru ; md6_low      ; md11_low    ; 1.000        ; 10.000     ; 10.000     ;
; -3.000 ; md6_low   ; store      ; md6_low      ; md11_low    ; 1.000        ; 10.000     ; 10.000     ;
; -3.000 ; md6_low   ; color      ; md6_low      ; md11_low    ; 1.000        ; 10.000     ; 10.000     ;
; -3.000 ; md6_low   ; chan       ; md6_low      ; md11_low    ; 1.000        ; 10.000     ; 10.000     ;
+--------+-----------+------------+--------------+-------------+--------------+------------+------------+


+-------------------------------------------------------------------------------------------------------+
; Setup: 'md3_low'                                                                                      ;
+--------+-----------+------------+--------------+-------------+--------------+------------+------------+
; Slack  ; From Node ; To Node    ; Launch Clock ; Latch Clock ; Relationship ; Clock Skew ; Data Delay ;
+--------+-----------+------------+--------------+-------------+--------------+------------+------------+
; -3.500 ; md10_low  ; write_thru ; md10_low     ; md3_low     ; 0.500        ; 10.000     ; 10.000     ;
; -3.500 ; md10_low  ; store      ; md10_low     ; md3_low     ; 0.500        ; 10.000     ; 10.000     ;
; -3.500 ; md10_low  ; color      ; md10_low     ; md3_low     ; 0.500        ; 10.000     ; 10.000     ;
; -3.500 ; md10_low  ; chan       ; md10_low     ; md3_low     ; 0.500        ; 10.000     ; 10.000     ;
; -3.500 ; md10_low  ; int_en     ; md10_low     ; md3_low     ; 0.500        ; 10.000     ; 10.000     ;
; -3.500 ; md10_low  ; erase      ; md10_low     ; md3_low     ; 0.500        ; 10.000     ; 10.000     ;
; -3.500 ; md11_low  ; write_thru ; md11_low     ; md3_low     ; 0.500        ; 10.000     ; 10.000     ;
; -3.500 ; md11_low  ; store      ; md11_low     ; md3_low     ; 0.500        ; 10.000     ; 10.000     ;
; -3.500 ; md11_low  ; color      ; md11_low     ; md3_low     ; 0.500        ; 10.000     ; 10.000     ;
; -3.500 ; md11_low  ; chan       ; md11_low     ; md3_low     ; 0.500        ; 10.000     ; 10.000     ;
; -3.500 ; md11_low  ; int_en     ; md11_low     ; md3_low     ; 0.500        ; 10.000     ; 10.000     ;
; -3.500 ; md11_low  ; erase      ; md11_low     ; md3_low     ; 0.500        ; 10.000     ; 10.000     ;
; -3.500 ; pause_low ; write_thru ; pause_low    ; md3_low     ; 0.500        ; 10.000     ; 10.000     ;
; -3.500 ; pause_low ; store      ; pause_low    ; md3_low     ; 0.500        ; 10.000     ; 10.000     ;
; -3.500 ; pause_low ; color      ; pause_low    ; md3_low     ; 0.500        ; 10.000     ; 10.000     ;
; -3.500 ; pause_low ; chan       ; pause_low    ; md3_low     ; 0.500        ; 10.000     ; 10.000     ;
; -3.500 ; pause_low ; int_en     ; pause_low    ; md3_low     ; 0.500        ; 10.000     ; 10.000     ;
; -3.500 ; pause_low ; erase      ; pause_low    ; md3_low     ; 0.500        ; 10.000     ; 10.000     ;
; -3.500 ; md4_low   ; write_thru ; md4_low      ; md3_low     ; 0.500        ; 10.000     ; 10.000     ;
; -3.500 ; md4_low   ; store      ; md4_low      ; md3_low     ; 0.500        ; 10.000     ; 10.000     ;
; -3.500 ; md4_low   ; color      ; md4_low      ; md3_low     ; 0.500        ; 10.000     ; 10.000     ;
; -3.500 ; md4_low   ; chan       ; md4_low      ; md3_low     ; 0.500        ; 10.000     ; 10.000     ;
; -3.500 ; md4_low   ; int_en     ; md4_low      ; md3_low     ; 0.500        ; 10.000     ; 10.000     ;
; -3.500 ; md4_low   ; erase      ; md4_low      ; md3_low     ; 0.500        ; 10.000     ; 10.000     ;
; -3.500 ; md3_low   ; write_thru ; md3_low      ; md3_low     ; 0.500        ; 10.000     ; 10.000     ;
; -3.500 ; md3_low   ; store      ; md3_low      ; md3_low     ; 0.500        ; 10.000     ; 10.000     ;
; -3.500 ; md3_low   ; color      ; md3_low      ; md3_low     ; 0.500        ; 10.000     ; 10.000     ;
; -3.500 ; md3_low   ; chan       ; md3_low      ; md3_low     ; 0.500        ; 10.000     ; 10.000     ;
; -3.500 ; md3_low   ; int_en     ; md3_low      ; md3_low     ; 0.500        ; 10.000     ; 10.000     ;
; -3.500 ; md3_low   ; erase      ; md3_low      ; md3_low     ; 0.500        ; 10.000     ; 10.000     ;
; -3.500 ; md7_low   ; write_thru ; md7_low      ; md3_low     ; 0.500        ; 10.000     ; 10.000     ;
; -3.500 ; md7_low   ; store      ; md7_low      ; md3_low     ; 0.500        ; 10.000     ; 10.000     ;
; -3.500 ; md7_low   ; color      ; md7_low      ; md3_low     ; 0.500        ; 10.000     ; 10.000     ;
; -3.500 ; md7_low   ; chan       ; md7_low      ; md3_low     ; 0.500        ; 10.000     ; 10.000     ;
; -3.500 ; md7_low   ; int_en     ; md7_low      ; md3_low     ; 0.500        ; 10.000     ; 10.000     ;
; -3.500 ; md7_low   ; erase      ; md7_low      ; md3_low     ; 0.500        ; 10.000     ; 10.000     ;
; -3.500 ; md6_low   ; write_thru ; md6_low      ; md3_low     ; 0.500        ; 10.000     ; 10.000     ;
; -3.500 ; md6_low   ; store      ; md6_low      ; md3_low     ; 0.500        ; 10.000     ; 10.000     ;
; -3.500 ; md6_low   ; color      ; md6_low      ; md3_low     ; 0.500        ; 10.000     ; 10.000     ;
; -3.500 ; md6_low   ; chan       ; md6_low      ; md3_low     ; 0.500        ; 10.000     ; 10.000     ;
; -3.500 ; md6_low   ; int_en     ; md6_low      ; md3_low     ; 0.500        ; 10.000     ; 10.000     ;
; -3.500 ; md6_low   ; erase      ; md6_low      ; md3_low     ; 0.500        ; 10.000     ; 10.000     ;
; -3.500 ; md8_low   ; write_thru ; md8_low      ; md3_low     ; 0.500        ; 10.000     ; 10.000     ;
; -3.500 ; md8_low   ; store      ; md8_low      ; md3_low     ; 0.500        ; 10.000     ; 10.000     ;
; -3.500 ; md8_low   ; color      ; md8_low      ; md3_low     ; 0.500        ; 10.000     ; 10.000     ;
; -3.500 ; md8_low   ; chan       ; md8_low      ; md3_low     ; 0.500        ; 10.000     ; 10.000     ;
; -3.500 ; md8_low   ; int_en     ; md8_low      ; md3_low     ; 0.500        ; 10.000     ; 10.000     ;
; -3.500 ; md8_low   ; erase      ; md8_low      ; md3_low     ; 0.500        ; 10.000     ; 10.000     ;
; -3.500 ; md5_low   ; write_thru ; md5_low      ; md3_low     ; 0.500        ; 10.000     ; 10.000     ;
; -3.500 ; md5_low   ; store      ; md5_low      ; md3_low     ; 0.500        ; 10.000     ; 10.000     ;
; -3.500 ; md5_low   ; color      ; md5_low      ; md3_low     ; 0.500        ; 10.000     ; 10.000     ;
; -3.500 ; md5_low   ; chan       ; md5_low      ; md3_low     ; 0.500        ; 10.000     ; 10.000     ;
; -3.500 ; md5_low   ; int_en     ; md5_low      ; md3_low     ; 0.500        ; 10.000     ; 10.000     ;
; -3.500 ; md5_low   ; erase      ; md5_low      ; md3_low     ; 0.500        ; 10.000     ; 10.000     ;
; -3.500 ; md9_low   ; write_thru ; md9_low      ; md3_low     ; 0.500        ; 10.000     ; 10.000     ;
; -3.500 ; md9_low   ; store      ; md9_low      ; md3_low     ; 0.500        ; 10.000     ; 10.000     ;
; -3.500 ; md9_low   ; color      ; md9_low      ; md3_low     ; 0.500        ; 10.000     ; 10.000     ;
; -3.500 ; md9_low   ; chan       ; md9_low      ; md3_low     ; 0.500        ; 10.000     ; 10.000     ;
; -3.500 ; md9_low   ; int_en     ; md9_low      ; md3_low     ; 0.500        ; 10.000     ; 10.000     ;
; -3.500 ; md9_low   ; erase      ; md9_low      ; md3_low     ; 0.500        ; 10.000     ; 10.000     ;
; -3.000 ; md10_low  ; write_thru ; md10_low     ; md3_low     ; 1.000        ; 10.000     ; 10.000     ;
; -3.000 ; md10_low  ; store      ; md10_low     ; md3_low     ; 1.000        ; 10.000     ; 10.000     ;
; -3.000 ; md10_low  ; color      ; md10_low     ; md3_low     ; 1.000        ; 10.000     ; 10.000     ;
; -3.000 ; md10_low  ; chan       ; md10_low     ; md3_low     ; 1.000        ; 10.000     ; 10.000     ;
; -3.000 ; md10_low  ; int_en     ; md10_low     ; md3_low     ; 1.000        ; 10.000     ; 10.000     ;
; -3.000 ; md10_low  ; erase      ; md10_low     ; md3_low     ; 1.000        ; 10.000     ; 10.000     ;
; -3.000 ; md11_low  ; write_thru ; md11_low     ; md3_low     ; 1.000        ; 10.000     ; 10.000     ;
; -3.000 ; md11_low  ; store      ; md11_low     ; md3_low     ; 1.000        ; 10.000     ; 10.000     ;
; -3.000 ; md11_low  ; color      ; md11_low     ; md3_low     ; 1.000        ; 10.000     ; 10.000     ;
; -3.000 ; md11_low  ; chan       ; md11_low     ; md3_low     ; 1.000        ; 10.000     ; 10.000     ;
; -3.000 ; md11_low  ; int_en     ; md11_low     ; md3_low     ; 1.000        ; 10.000     ; 10.000     ;
; -3.000 ; md11_low  ; erase      ; md11_low     ; md3_low     ; 1.000        ; 10.000     ; 10.000     ;
; -3.000 ; pause_low ; write_thru ; pause_low    ; md3_low     ; 1.000        ; 10.000     ; 10.000     ;
; -3.000 ; pause_low ; store      ; pause_low    ; md3_low     ; 1.000        ; 10.000     ; 10.000     ;
; -3.000 ; pause_low ; color      ; pause_low    ; md3_low     ; 1.000        ; 10.000     ; 10.000     ;
; -3.000 ; pause_low ; chan       ; pause_low    ; md3_low     ; 1.000        ; 10.000     ; 10.000     ;
; -3.000 ; pause_low ; int_en     ; pause_low    ; md3_low     ; 1.000        ; 10.000     ; 10.000     ;
; -3.000 ; pause_low ; erase      ; pause_low    ; md3_low     ; 1.000        ; 10.000     ; 10.000     ;
; -3.000 ; md4_low   ; write_thru ; md4_low      ; md3_low     ; 1.000        ; 10.000     ; 10.000     ;
; -3.000 ; md4_low   ; store      ; md4_low      ; md3_low     ; 1.000        ; 10.000     ; 10.000     ;
; -3.000 ; md4_low   ; color      ; md4_low      ; md3_low     ; 1.000        ; 10.000     ; 10.000     ;
; -3.000 ; md4_low   ; chan       ; md4_low      ; md3_low     ; 1.000        ; 10.000     ; 10.000     ;
; -3.000 ; md4_low   ; int_en     ; md4_low      ; md3_low     ; 1.000        ; 10.000     ; 10.000     ;
; -3.000 ; md4_low   ; erase      ; md4_low      ; md3_low     ; 1.000        ; 10.000     ; 10.000     ;
; -3.000 ; md3_low   ; write_thru ; md3_low      ; md3_low     ; 1.000        ; 10.000     ; 10.000     ;
; -3.000 ; md3_low   ; store      ; md3_low      ; md3_low     ; 1.000        ; 10.000     ; 10.000     ;
; -3.000 ; md3_low   ; color      ; md3_low      ; md3_low     ; 1.000        ; 10.000     ; 10.000     ;
; -3.000 ; md3_low   ; chan       ; md3_low      ; md3_low     ; 1.000        ; 10.000     ; 10.000     ;
; -3.000 ; md3_low   ; int_en     ; md3_low      ; md3_low     ; 1.000        ; 10.000     ; 10.000     ;
; -3.000 ; md3_low   ; erase      ; md3_low      ; md3_low     ; 1.000        ; 10.000     ; 10.000     ;
; -3.000 ; md7_low   ; write_thru ; md7_low      ; md3_low     ; 1.000        ; 10.000     ; 10.000     ;
; -3.000 ; md7_low   ; store      ; md7_low      ; md3_low     ; 1.000        ; 10.000     ; 10.000     ;
; -3.000 ; md7_low   ; color      ; md7_low      ; md3_low     ; 1.000        ; 10.000     ; 10.000     ;
; -3.000 ; md7_low   ; chan       ; md7_low      ; md3_low     ; 1.000        ; 10.000     ; 10.000     ;
; -3.000 ; md7_low   ; int_en     ; md7_low      ; md3_low     ; 1.000        ; 10.000     ; 10.000     ;
; -3.000 ; md7_low   ; erase      ; md7_low      ; md3_low     ; 1.000        ; 10.000     ; 10.000     ;
; -3.000 ; md6_low   ; write_thru ; md6_low      ; md3_low     ; 1.000        ; 10.000     ; 10.000     ;
; -3.000 ; md6_low   ; store      ; md6_low      ; md3_low     ; 1.000        ; 10.000     ; 10.000     ;
; -3.000 ; md6_low   ; color      ; md6_low      ; md3_low     ; 1.000        ; 10.000     ; 10.000     ;
; -3.000 ; md6_low   ; chan       ; md6_low      ; md3_low     ; 1.000        ; 10.000     ; 10.000     ;
+--------+-----------+------------+--------------+-------------+--------------+------------+------------+


+-------------------------------------------------------------------------------------------------------+
; Setup: 'md4_low'                                                                                      ;
+--------+-----------+------------+--------------+-------------+--------------+------------+------------+
; Slack  ; From Node ; To Node    ; Launch Clock ; Latch Clock ; Relationship ; Clock Skew ; Data Delay ;
+--------+-----------+------------+--------------+-------------+--------------+------------+------------+
; -3.500 ; md10_low  ; write_thru ; md10_low     ; md4_low     ; 0.500        ; 10.000     ; 10.000     ;
; -3.500 ; md10_low  ; store      ; md10_low     ; md4_low     ; 0.500        ; 10.000     ; 10.000     ;
; -3.500 ; md10_low  ; color      ; md10_low     ; md4_low     ; 0.500        ; 10.000     ; 10.000     ;
; -3.500 ; md10_low  ; chan       ; md10_low     ; md4_low     ; 0.500        ; 10.000     ; 10.000     ;
; -3.500 ; md10_low  ; int_en     ; md10_low     ; md4_low     ; 0.500        ; 10.000     ; 10.000     ;
; -3.500 ; md10_low  ; erase      ; md10_low     ; md4_low     ; 0.500        ; 10.000     ; 10.000     ;
; -3.500 ; md11_low  ; write_thru ; md11_low     ; md4_low     ; 0.500        ; 10.000     ; 10.000     ;
; -3.500 ; md11_low  ; store      ; md11_low     ; md4_low     ; 0.500        ; 10.000     ; 10.000     ;
; -3.500 ; md11_low  ; color      ; md11_low     ; md4_low     ; 0.500        ; 10.000     ; 10.000     ;
; -3.500 ; md11_low  ; chan       ; md11_low     ; md4_low     ; 0.500        ; 10.000     ; 10.000     ;
; -3.500 ; md11_low  ; int_en     ; md11_low     ; md4_low     ; 0.500        ; 10.000     ; 10.000     ;
; -3.500 ; md11_low  ; erase      ; md11_low     ; md4_low     ; 0.500        ; 10.000     ; 10.000     ;
; -3.500 ; pause_low ; write_thru ; pause_low    ; md4_low     ; 0.500        ; 10.000     ; 10.000     ;
; -3.500 ; pause_low ; store      ; pause_low    ; md4_low     ; 0.500        ; 10.000     ; 10.000     ;
; -3.500 ; pause_low ; color      ; pause_low    ; md4_low     ; 0.500        ; 10.000     ; 10.000     ;
; -3.500 ; pause_low ; chan       ; pause_low    ; md4_low     ; 0.500        ; 10.000     ; 10.000     ;
; -3.500 ; pause_low ; int_en     ; pause_low    ; md4_low     ; 0.500        ; 10.000     ; 10.000     ;
; -3.500 ; pause_low ; erase      ; pause_low    ; md4_low     ; 0.500        ; 10.000     ; 10.000     ;
; -3.500 ; md4_low   ; write_thru ; md4_low      ; md4_low     ; 0.500        ; 10.000     ; 10.000     ;
; -3.500 ; md4_low   ; store      ; md4_low      ; md4_low     ; 0.500        ; 10.000     ; 10.000     ;
; -3.500 ; md4_low   ; color      ; md4_low      ; md4_low     ; 0.500        ; 10.000     ; 10.000     ;
; -3.500 ; md4_low   ; chan       ; md4_low      ; md4_low     ; 0.500        ; 10.000     ; 10.000     ;
; -3.500 ; md4_low   ; int_en     ; md4_low      ; md4_low     ; 0.500        ; 10.000     ; 10.000     ;
; -3.500 ; md4_low   ; erase      ; md4_low      ; md4_low     ; 0.500        ; 10.000     ; 10.000     ;
; -3.500 ; md3_low   ; write_thru ; md3_low      ; md4_low     ; 0.500        ; 10.000     ; 10.000     ;
; -3.500 ; md3_low   ; store      ; md3_low      ; md4_low     ; 0.500        ; 10.000     ; 10.000     ;
; -3.500 ; md3_low   ; color      ; md3_low      ; md4_low     ; 0.500        ; 10.000     ; 10.000     ;
; -3.500 ; md3_low   ; chan       ; md3_low      ; md4_low     ; 0.500        ; 10.000     ; 10.000     ;
; -3.500 ; md3_low   ; int_en     ; md3_low      ; md4_low     ; 0.500        ; 10.000     ; 10.000     ;
; -3.500 ; md3_low   ; erase      ; md3_low      ; md4_low     ; 0.500        ; 10.000     ; 10.000     ;
; -3.500 ; md7_low   ; write_thru ; md7_low      ; md4_low     ; 0.500        ; 10.000     ; 10.000     ;
; -3.500 ; md7_low   ; store      ; md7_low      ; md4_low     ; 0.500        ; 10.000     ; 10.000     ;
; -3.500 ; md7_low   ; color      ; md7_low      ; md4_low     ; 0.500        ; 10.000     ; 10.000     ;
; -3.500 ; md7_low   ; chan       ; md7_low      ; md4_low     ; 0.500        ; 10.000     ; 10.000     ;
; -3.500 ; md7_low   ; int_en     ; md7_low      ; md4_low     ; 0.500        ; 10.000     ; 10.000     ;
; -3.500 ; md7_low   ; erase      ; md7_low      ; md4_low     ; 0.500        ; 10.000     ; 10.000     ;
; -3.500 ; md6_low   ; write_thru ; md6_low      ; md4_low     ; 0.500        ; 10.000     ; 10.000     ;
; -3.500 ; md6_low   ; store      ; md6_low      ; md4_low     ; 0.500        ; 10.000     ; 10.000     ;
; -3.500 ; md6_low   ; color      ; md6_low      ; md4_low     ; 0.500        ; 10.000     ; 10.000     ;
; -3.500 ; md6_low   ; chan       ; md6_low      ; md4_low     ; 0.500        ; 10.000     ; 10.000     ;
; -3.500 ; md6_low   ; int_en     ; md6_low      ; md4_low     ; 0.500        ; 10.000     ; 10.000     ;
; -3.500 ; md6_low   ; erase      ; md6_low      ; md4_low     ; 0.500        ; 10.000     ; 10.000     ;
; -3.500 ; md8_low   ; write_thru ; md8_low      ; md4_low     ; 0.500        ; 10.000     ; 10.000     ;
; -3.500 ; md8_low   ; store      ; md8_low      ; md4_low     ; 0.500        ; 10.000     ; 10.000     ;
; -3.500 ; md8_low   ; color      ; md8_low      ; md4_low     ; 0.500        ; 10.000     ; 10.000     ;
; -3.500 ; md8_low   ; chan       ; md8_low      ; md4_low     ; 0.500        ; 10.000     ; 10.000     ;
; -3.500 ; md8_low   ; int_en     ; md8_low      ; md4_low     ; 0.500        ; 10.000     ; 10.000     ;
; -3.500 ; md8_low   ; erase      ; md8_low      ; md4_low     ; 0.500        ; 10.000     ; 10.000     ;
; -3.500 ; md5_low   ; write_thru ; md5_low      ; md4_low     ; 0.500        ; 10.000     ; 10.000     ;
; -3.500 ; md5_low   ; store      ; md5_low      ; md4_low     ; 0.500        ; 10.000     ; 10.000     ;
; -3.500 ; md5_low   ; color      ; md5_low      ; md4_low     ; 0.500        ; 10.000     ; 10.000     ;
; -3.500 ; md5_low   ; chan       ; md5_low      ; md4_low     ; 0.500        ; 10.000     ; 10.000     ;
; -3.500 ; md5_low   ; int_en     ; md5_low      ; md4_low     ; 0.500        ; 10.000     ; 10.000     ;
; -3.500 ; md5_low   ; erase      ; md5_low      ; md4_low     ; 0.500        ; 10.000     ; 10.000     ;
; -3.500 ; md9_low   ; write_thru ; md9_low      ; md4_low     ; 0.500        ; 10.000     ; 10.000     ;
; -3.500 ; md9_low   ; store      ; md9_low      ; md4_low     ; 0.500        ; 10.000     ; 10.000     ;
; -3.500 ; md9_low   ; color      ; md9_low      ; md4_low     ; 0.500        ; 10.000     ; 10.000     ;
; -3.500 ; md9_low   ; chan       ; md9_low      ; md4_low     ; 0.500        ; 10.000     ; 10.000     ;
; -3.500 ; md9_low   ; int_en     ; md9_low      ; md4_low     ; 0.500        ; 10.000     ; 10.000     ;
; -3.500 ; md9_low   ; erase      ; md9_low      ; md4_low     ; 0.500        ; 10.000     ; 10.000     ;
; -3.000 ; md10_low  ; write_thru ; md10_low     ; md4_low     ; 1.000        ; 10.000     ; 10.000     ;
; -3.000 ; md10_low  ; store      ; md10_low     ; md4_low     ; 1.000        ; 10.000     ; 10.000     ;
; -3.000 ; md10_low  ; color      ; md10_low     ; md4_low     ; 1.000        ; 10.000     ; 10.000     ;
; -3.000 ; md10_low  ; chan       ; md10_low     ; md4_low     ; 1.000        ; 10.000     ; 10.000     ;
; -3.000 ; md10_low  ; int_en     ; md10_low     ; md4_low     ; 1.000        ; 10.000     ; 10.000     ;
; -3.000 ; md10_low  ; erase      ; md10_low     ; md4_low     ; 1.000        ; 10.000     ; 10.000     ;
; -3.000 ; md11_low  ; write_thru ; md11_low     ; md4_low     ; 1.000        ; 10.000     ; 10.000     ;
; -3.000 ; md11_low  ; store      ; md11_low     ; md4_low     ; 1.000        ; 10.000     ; 10.000     ;
; -3.000 ; md11_low  ; color      ; md11_low     ; md4_low     ; 1.000        ; 10.000     ; 10.000     ;
; -3.000 ; md11_low  ; chan       ; md11_low     ; md4_low     ; 1.000        ; 10.000     ; 10.000     ;
; -3.000 ; md11_low  ; int_en     ; md11_low     ; md4_low     ; 1.000        ; 10.000     ; 10.000     ;
; -3.000 ; md11_low  ; erase      ; md11_low     ; md4_low     ; 1.000        ; 10.000     ; 10.000     ;
; -3.000 ; pause_low ; write_thru ; pause_low    ; md4_low     ; 1.000        ; 10.000     ; 10.000     ;
; -3.000 ; pause_low ; store      ; pause_low    ; md4_low     ; 1.000        ; 10.000     ; 10.000     ;
; -3.000 ; pause_low ; color      ; pause_low    ; md4_low     ; 1.000        ; 10.000     ; 10.000     ;
; -3.000 ; pause_low ; chan       ; pause_low    ; md4_low     ; 1.000        ; 10.000     ; 10.000     ;
; -3.000 ; pause_low ; int_en     ; pause_low    ; md4_low     ; 1.000        ; 10.000     ; 10.000     ;
; -3.000 ; pause_low ; erase      ; pause_low    ; md4_low     ; 1.000        ; 10.000     ; 10.000     ;
; -3.000 ; md4_low   ; write_thru ; md4_low      ; md4_low     ; 1.000        ; 10.000     ; 10.000     ;
; -3.000 ; md4_low   ; store      ; md4_low      ; md4_low     ; 1.000        ; 10.000     ; 10.000     ;
; -3.000 ; md4_low   ; color      ; md4_low      ; md4_low     ; 1.000        ; 10.000     ; 10.000     ;
; -3.000 ; md4_low   ; chan       ; md4_low      ; md4_low     ; 1.000        ; 10.000     ; 10.000     ;
; -3.000 ; md4_low   ; int_en     ; md4_low      ; md4_low     ; 1.000        ; 10.000     ; 10.000     ;
; -3.000 ; md4_low   ; erase      ; md4_low      ; md4_low     ; 1.000        ; 10.000     ; 10.000     ;
; -3.000 ; md3_low   ; write_thru ; md3_low      ; md4_low     ; 1.000        ; 10.000     ; 10.000     ;
; -3.000 ; md3_low   ; store      ; md3_low      ; md4_low     ; 1.000        ; 10.000     ; 10.000     ;
; -3.000 ; md3_low   ; color      ; md3_low      ; md4_low     ; 1.000        ; 10.000     ; 10.000     ;
; -3.000 ; md3_low   ; chan       ; md3_low      ; md4_low     ; 1.000        ; 10.000     ; 10.000     ;
; -3.000 ; md3_low   ; int_en     ; md3_low      ; md4_low     ; 1.000        ; 10.000     ; 10.000     ;
; -3.000 ; md3_low   ; erase      ; md3_low      ; md4_low     ; 1.000        ; 10.000     ; 10.000     ;
; -3.000 ; md7_low   ; write_thru ; md7_low      ; md4_low     ; 1.000        ; 10.000     ; 10.000     ;
; -3.000 ; md7_low   ; store      ; md7_low      ; md4_low     ; 1.000        ; 10.000     ; 10.000     ;
; -3.000 ; md7_low   ; color      ; md7_low      ; md4_low     ; 1.000        ; 10.000     ; 10.000     ;
; -3.000 ; md7_low   ; chan       ; md7_low      ; md4_low     ; 1.000        ; 10.000     ; 10.000     ;
; -3.000 ; md7_low   ; int_en     ; md7_low      ; md4_low     ; 1.000        ; 10.000     ; 10.000     ;
; -3.000 ; md7_low   ; erase      ; md7_low      ; md4_low     ; 1.000        ; 10.000     ; 10.000     ;
; -3.000 ; md6_low   ; write_thru ; md6_low      ; md4_low     ; 1.000        ; 10.000     ; 10.000     ;
; -3.000 ; md6_low   ; store      ; md6_low      ; md4_low     ; 1.000        ; 10.000     ; 10.000     ;
; -3.000 ; md6_low   ; color      ; md6_low      ; md4_low     ; 1.000        ; 10.000     ; 10.000     ;
; -3.000 ; md6_low   ; chan       ; md6_low      ; md4_low     ; 1.000        ; 10.000     ; 10.000     ;
+--------+-----------+------------+--------------+-------------+--------------+------------+------------+


+-------------------------------------------------------------------------------------------------------+
; Setup: 'md5_low'                                                                                      ;
+--------+-----------+------------+--------------+-------------+--------------+------------+------------+
; Slack  ; From Node ; To Node    ; Launch Clock ; Latch Clock ; Relationship ; Clock Skew ; Data Delay ;
+--------+-----------+------------+--------------+-------------+--------------+------------+------------+
; -3.500 ; md10_low  ; write_thru ; md10_low     ; md5_low     ; 0.500        ; 10.000     ; 10.000     ;
; -3.500 ; md10_low  ; store      ; md10_low     ; md5_low     ; 0.500        ; 10.000     ; 10.000     ;
; -3.500 ; md10_low  ; color      ; md10_low     ; md5_low     ; 0.500        ; 10.000     ; 10.000     ;
; -3.500 ; md10_low  ; chan       ; md10_low     ; md5_low     ; 0.500        ; 10.000     ; 10.000     ;
; -3.500 ; md10_low  ; int_en     ; md10_low     ; md5_low     ; 0.500        ; 10.000     ; 10.000     ;
; -3.500 ; md10_low  ; erase      ; md10_low     ; md5_low     ; 0.500        ; 10.000     ; 10.000     ;
; -3.500 ; md11_low  ; write_thru ; md11_low     ; md5_low     ; 0.500        ; 10.000     ; 10.000     ;
; -3.500 ; md11_low  ; store      ; md11_low     ; md5_low     ; 0.500        ; 10.000     ; 10.000     ;
; -3.500 ; md11_low  ; color      ; md11_low     ; md5_low     ; 0.500        ; 10.000     ; 10.000     ;
; -3.500 ; md11_low  ; chan       ; md11_low     ; md5_low     ; 0.500        ; 10.000     ; 10.000     ;
; -3.500 ; md11_low  ; int_en     ; md11_low     ; md5_low     ; 0.500        ; 10.000     ; 10.000     ;
; -3.500 ; md11_low  ; erase      ; md11_low     ; md5_low     ; 0.500        ; 10.000     ; 10.000     ;
; -3.500 ; pause_low ; write_thru ; pause_low    ; md5_low     ; 0.500        ; 10.000     ; 10.000     ;
; -3.500 ; pause_low ; store      ; pause_low    ; md5_low     ; 0.500        ; 10.000     ; 10.000     ;
; -3.500 ; pause_low ; color      ; pause_low    ; md5_low     ; 0.500        ; 10.000     ; 10.000     ;
; -3.500 ; pause_low ; chan       ; pause_low    ; md5_low     ; 0.500        ; 10.000     ; 10.000     ;
; -3.500 ; pause_low ; int_en     ; pause_low    ; md5_low     ; 0.500        ; 10.000     ; 10.000     ;
; -3.500 ; pause_low ; erase      ; pause_low    ; md5_low     ; 0.500        ; 10.000     ; 10.000     ;
; -3.500 ; md4_low   ; write_thru ; md4_low      ; md5_low     ; 0.500        ; 10.000     ; 10.000     ;
; -3.500 ; md4_low   ; store      ; md4_low      ; md5_low     ; 0.500        ; 10.000     ; 10.000     ;
; -3.500 ; md4_low   ; color      ; md4_low      ; md5_low     ; 0.500        ; 10.000     ; 10.000     ;
; -3.500 ; md4_low   ; chan       ; md4_low      ; md5_low     ; 0.500        ; 10.000     ; 10.000     ;
; -3.500 ; md4_low   ; int_en     ; md4_low      ; md5_low     ; 0.500        ; 10.000     ; 10.000     ;
; -3.500 ; md4_low   ; erase      ; md4_low      ; md5_low     ; 0.500        ; 10.000     ; 10.000     ;
; -3.500 ; md3_low   ; write_thru ; md3_low      ; md5_low     ; 0.500        ; 10.000     ; 10.000     ;
; -3.500 ; md3_low   ; store      ; md3_low      ; md5_low     ; 0.500        ; 10.000     ; 10.000     ;
; -3.500 ; md3_low   ; color      ; md3_low      ; md5_low     ; 0.500        ; 10.000     ; 10.000     ;
; -3.500 ; md3_low   ; chan       ; md3_low      ; md5_low     ; 0.500        ; 10.000     ; 10.000     ;
; -3.500 ; md3_low   ; int_en     ; md3_low      ; md5_low     ; 0.500        ; 10.000     ; 10.000     ;
; -3.500 ; md3_low   ; erase      ; md3_low      ; md5_low     ; 0.500        ; 10.000     ; 10.000     ;
; -3.500 ; md7_low   ; write_thru ; md7_low      ; md5_low     ; 0.500        ; 10.000     ; 10.000     ;
; -3.500 ; md7_low   ; store      ; md7_low      ; md5_low     ; 0.500        ; 10.000     ; 10.000     ;
; -3.500 ; md7_low   ; color      ; md7_low      ; md5_low     ; 0.500        ; 10.000     ; 10.000     ;
; -3.500 ; md7_low   ; chan       ; md7_low      ; md5_low     ; 0.500        ; 10.000     ; 10.000     ;
; -3.500 ; md7_low   ; int_en     ; md7_low      ; md5_low     ; 0.500        ; 10.000     ; 10.000     ;
; -3.500 ; md7_low   ; erase      ; md7_low      ; md5_low     ; 0.500        ; 10.000     ; 10.000     ;
; -3.500 ; md6_low   ; write_thru ; md6_low      ; md5_low     ; 0.500        ; 10.000     ; 10.000     ;
; -3.500 ; md6_low   ; store      ; md6_low      ; md5_low     ; 0.500        ; 10.000     ; 10.000     ;
; -3.500 ; md6_low   ; color      ; md6_low      ; md5_low     ; 0.500        ; 10.000     ; 10.000     ;
; -3.500 ; md6_low   ; chan       ; md6_low      ; md5_low     ; 0.500        ; 10.000     ; 10.000     ;
; -3.500 ; md6_low   ; int_en     ; md6_low      ; md5_low     ; 0.500        ; 10.000     ; 10.000     ;
; -3.500 ; md6_low   ; erase      ; md6_low      ; md5_low     ; 0.500        ; 10.000     ; 10.000     ;
; -3.500 ; md8_low   ; write_thru ; md8_low      ; md5_low     ; 0.500        ; 10.000     ; 10.000     ;
; -3.500 ; md8_low   ; store      ; md8_low      ; md5_low     ; 0.500        ; 10.000     ; 10.000     ;
; -3.500 ; md8_low   ; color      ; md8_low      ; md5_low     ; 0.500        ; 10.000     ; 10.000     ;
; -3.500 ; md8_low   ; chan       ; md8_low      ; md5_low     ; 0.500        ; 10.000     ; 10.000     ;
; -3.500 ; md8_low   ; int_en     ; md8_low      ; md5_low     ; 0.500        ; 10.000     ; 10.000     ;
; -3.500 ; md8_low   ; erase      ; md8_low      ; md5_low     ; 0.500        ; 10.000     ; 10.000     ;
; -3.500 ; md5_low   ; write_thru ; md5_low      ; md5_low     ; 0.500        ; 10.000     ; 10.000     ;
; -3.500 ; md5_low   ; store      ; md5_low      ; md5_low     ; 0.500        ; 10.000     ; 10.000     ;
; -3.500 ; md5_low   ; color      ; md5_low      ; md5_low     ; 0.500        ; 10.000     ; 10.000     ;
; -3.500 ; md5_low   ; chan       ; md5_low      ; md5_low     ; 0.500        ; 10.000     ; 10.000     ;
; -3.500 ; md5_low   ; int_en     ; md5_low      ; md5_low     ; 0.500        ; 10.000     ; 10.000     ;
; -3.500 ; md5_low   ; erase      ; md5_low      ; md5_low     ; 0.500        ; 10.000     ; 10.000     ;
; -3.500 ; md9_low   ; write_thru ; md9_low      ; md5_low     ; 0.500        ; 10.000     ; 10.000     ;
; -3.500 ; md9_low   ; store      ; md9_low      ; md5_low     ; 0.500        ; 10.000     ; 10.000     ;
; -3.500 ; md9_low   ; color      ; md9_low      ; md5_low     ; 0.500        ; 10.000     ; 10.000     ;
; -3.500 ; md9_low   ; chan       ; md9_low      ; md5_low     ; 0.500        ; 10.000     ; 10.000     ;
; -3.500 ; md9_low   ; int_en     ; md9_low      ; md5_low     ; 0.500        ; 10.000     ; 10.000     ;
; -3.500 ; md9_low   ; erase      ; md9_low      ; md5_low     ; 0.500        ; 10.000     ; 10.000     ;
; -3.000 ; md10_low  ; write_thru ; md10_low     ; md5_low     ; 1.000        ; 10.000     ; 10.000     ;
; -3.000 ; md10_low  ; store      ; md10_low     ; md5_low     ; 1.000        ; 10.000     ; 10.000     ;
; -3.000 ; md10_low  ; color      ; md10_low     ; md5_low     ; 1.000        ; 10.000     ; 10.000     ;
; -3.000 ; md10_low  ; chan       ; md10_low     ; md5_low     ; 1.000        ; 10.000     ; 10.000     ;
; -3.000 ; md10_low  ; int_en     ; md10_low     ; md5_low     ; 1.000        ; 10.000     ; 10.000     ;
; -3.000 ; md10_low  ; erase      ; md10_low     ; md5_low     ; 1.000        ; 10.000     ; 10.000     ;
; -3.000 ; md11_low  ; write_thru ; md11_low     ; md5_low     ; 1.000        ; 10.000     ; 10.000     ;
; -3.000 ; md11_low  ; store      ; md11_low     ; md5_low     ; 1.000        ; 10.000     ; 10.000     ;
; -3.000 ; md11_low  ; color      ; md11_low     ; md5_low     ; 1.000        ; 10.000     ; 10.000     ;
; -3.000 ; md11_low  ; chan       ; md11_low     ; md5_low     ; 1.000        ; 10.000     ; 10.000     ;
; -3.000 ; md11_low  ; int_en     ; md11_low     ; md5_low     ; 1.000        ; 10.000     ; 10.000     ;
; -3.000 ; md11_low  ; erase      ; md11_low     ; md5_low     ; 1.000        ; 10.000     ; 10.000     ;
; -3.000 ; pause_low ; write_thru ; pause_low    ; md5_low     ; 1.000        ; 10.000     ; 10.000     ;
; -3.000 ; pause_low ; store      ; pause_low    ; md5_low     ; 1.000        ; 10.000     ; 10.000     ;
; -3.000 ; pause_low ; color      ; pause_low    ; md5_low     ; 1.000        ; 10.000     ; 10.000     ;
; -3.000 ; pause_low ; chan       ; pause_low    ; md5_low     ; 1.000        ; 10.000     ; 10.000     ;
; -3.000 ; pause_low ; int_en     ; pause_low    ; md5_low     ; 1.000        ; 10.000     ; 10.000     ;
; -3.000 ; pause_low ; erase      ; pause_low    ; md5_low     ; 1.000        ; 10.000     ; 10.000     ;
; -3.000 ; md4_low   ; write_thru ; md4_low      ; md5_low     ; 1.000        ; 10.000     ; 10.000     ;
; -3.000 ; md4_low   ; store      ; md4_low      ; md5_low     ; 1.000        ; 10.000     ; 10.000     ;
; -3.000 ; md4_low   ; color      ; md4_low      ; md5_low     ; 1.000        ; 10.000     ; 10.000     ;
; -3.000 ; md4_low   ; chan       ; md4_low      ; md5_low     ; 1.000        ; 10.000     ; 10.000     ;
; -3.000 ; md4_low   ; int_en     ; md4_low      ; md5_low     ; 1.000        ; 10.000     ; 10.000     ;
; -3.000 ; md4_low   ; erase      ; md4_low      ; md5_low     ; 1.000        ; 10.000     ; 10.000     ;
; -3.000 ; md3_low   ; write_thru ; md3_low      ; md5_low     ; 1.000        ; 10.000     ; 10.000     ;
; -3.000 ; md3_low   ; store      ; md3_low      ; md5_low     ; 1.000        ; 10.000     ; 10.000     ;
; -3.000 ; md3_low   ; color      ; md3_low      ; md5_low     ; 1.000        ; 10.000     ; 10.000     ;
; -3.000 ; md3_low   ; chan       ; md3_low      ; md5_low     ; 1.000        ; 10.000     ; 10.000     ;
; -3.000 ; md3_low   ; int_en     ; md3_low      ; md5_low     ; 1.000        ; 10.000     ; 10.000     ;
; -3.000 ; md3_low   ; erase      ; md3_low      ; md5_low     ; 1.000        ; 10.000     ; 10.000     ;
; -3.000 ; md7_low   ; write_thru ; md7_low      ; md5_low     ; 1.000        ; 10.000     ; 10.000     ;
; -3.000 ; md7_low   ; store      ; md7_low      ; md5_low     ; 1.000        ; 10.000     ; 10.000     ;
; -3.000 ; md7_low   ; color      ; md7_low      ; md5_low     ; 1.000        ; 10.000     ; 10.000     ;
; -3.000 ; md7_low   ; chan       ; md7_low      ; md5_low     ; 1.000        ; 10.000     ; 10.000     ;
; -3.000 ; md7_low   ; int_en     ; md7_low      ; md5_low     ; 1.000        ; 10.000     ; 10.000     ;
; -3.000 ; md7_low   ; erase      ; md7_low      ; md5_low     ; 1.000        ; 10.000     ; 10.000     ;
; -3.000 ; md6_low   ; write_thru ; md6_low      ; md5_low     ; 1.000        ; 10.000     ; 10.000     ;
; -3.000 ; md6_low   ; store      ; md6_low      ; md5_low     ; 1.000        ; 10.000     ; 10.000     ;
; -3.000 ; md6_low   ; color      ; md6_low      ; md5_low     ; 1.000        ; 10.000     ; 10.000     ;
; -3.000 ; md6_low   ; chan       ; md6_low      ; md5_low     ; 1.000        ; 10.000     ; 10.000     ;
+--------+-----------+------------+--------------+-------------+--------------+------------+------------+


+-------------------------------------------------------------------------------------------------------+
; Setup: 'md6_low'                                                                                      ;
+--------+-----------+------------+--------------+-------------+--------------+------------+------------+
; Slack  ; From Node ; To Node    ; Launch Clock ; Latch Clock ; Relationship ; Clock Skew ; Data Delay ;
+--------+-----------+------------+--------------+-------------+--------------+------------+------------+
; -3.500 ; md10_low  ; write_thru ; md10_low     ; md6_low     ; 0.500        ; 10.000     ; 10.000     ;
; -3.500 ; md10_low  ; store      ; md10_low     ; md6_low     ; 0.500        ; 10.000     ; 10.000     ;
; -3.500 ; md10_low  ; color      ; md10_low     ; md6_low     ; 0.500        ; 10.000     ; 10.000     ;
; -3.500 ; md10_low  ; chan       ; md10_low     ; md6_low     ; 0.500        ; 10.000     ; 10.000     ;
; -3.500 ; md10_low  ; int_en     ; md10_low     ; md6_low     ; 0.500        ; 10.000     ; 10.000     ;
; -3.500 ; md10_low  ; erase      ; md10_low     ; md6_low     ; 0.500        ; 10.000     ; 10.000     ;
; -3.500 ; md11_low  ; write_thru ; md11_low     ; md6_low     ; 0.500        ; 10.000     ; 10.000     ;
; -3.500 ; md11_low  ; store      ; md11_low     ; md6_low     ; 0.500        ; 10.000     ; 10.000     ;
; -3.500 ; md11_low  ; color      ; md11_low     ; md6_low     ; 0.500        ; 10.000     ; 10.000     ;
; -3.500 ; md11_low  ; chan       ; md11_low     ; md6_low     ; 0.500        ; 10.000     ; 10.000     ;
; -3.500 ; md11_low  ; int_en     ; md11_low     ; md6_low     ; 0.500        ; 10.000     ; 10.000     ;
; -3.500 ; md11_low  ; erase      ; md11_low     ; md6_low     ; 0.500        ; 10.000     ; 10.000     ;
; -3.500 ; pause_low ; write_thru ; pause_low    ; md6_low     ; 0.500        ; 10.000     ; 10.000     ;
; -3.500 ; pause_low ; store      ; pause_low    ; md6_low     ; 0.500        ; 10.000     ; 10.000     ;
; -3.500 ; pause_low ; color      ; pause_low    ; md6_low     ; 0.500        ; 10.000     ; 10.000     ;
; -3.500 ; pause_low ; chan       ; pause_low    ; md6_low     ; 0.500        ; 10.000     ; 10.000     ;
; -3.500 ; pause_low ; int_en     ; pause_low    ; md6_low     ; 0.500        ; 10.000     ; 10.000     ;
; -3.500 ; pause_low ; erase      ; pause_low    ; md6_low     ; 0.500        ; 10.000     ; 10.000     ;
; -3.500 ; md4_low   ; write_thru ; md4_low      ; md6_low     ; 0.500        ; 10.000     ; 10.000     ;
; -3.500 ; md4_low   ; store      ; md4_low      ; md6_low     ; 0.500        ; 10.000     ; 10.000     ;
; -3.500 ; md4_low   ; color      ; md4_low      ; md6_low     ; 0.500        ; 10.000     ; 10.000     ;
; -3.500 ; md4_low   ; chan       ; md4_low      ; md6_low     ; 0.500        ; 10.000     ; 10.000     ;
; -3.500 ; md4_low   ; int_en     ; md4_low      ; md6_low     ; 0.500        ; 10.000     ; 10.000     ;
; -3.500 ; md4_low   ; erase      ; md4_low      ; md6_low     ; 0.500        ; 10.000     ; 10.000     ;
; -3.500 ; md3_low   ; write_thru ; md3_low      ; md6_low     ; 0.500        ; 10.000     ; 10.000     ;
; -3.500 ; md3_low   ; store      ; md3_low      ; md6_low     ; 0.500        ; 10.000     ; 10.000     ;
; -3.500 ; md3_low   ; color      ; md3_low      ; md6_low     ; 0.500        ; 10.000     ; 10.000     ;
; -3.500 ; md3_low   ; chan       ; md3_low      ; md6_low     ; 0.500        ; 10.000     ; 10.000     ;
; -3.500 ; md3_low   ; int_en     ; md3_low      ; md6_low     ; 0.500        ; 10.000     ; 10.000     ;
; -3.500 ; md3_low   ; erase      ; md3_low      ; md6_low     ; 0.500        ; 10.000     ; 10.000     ;
; -3.500 ; md7_low   ; write_thru ; md7_low      ; md6_low     ; 0.500        ; 10.000     ; 10.000     ;
; -3.500 ; md7_low   ; store      ; md7_low      ; md6_low     ; 0.500        ; 10.000     ; 10.000     ;
; -3.500 ; md7_low   ; color      ; md7_low      ; md6_low     ; 0.500        ; 10.000     ; 10.000     ;
; -3.500 ; md7_low   ; chan       ; md7_low      ; md6_low     ; 0.500        ; 10.000     ; 10.000     ;
; -3.500 ; md7_low   ; int_en     ; md7_low      ; md6_low     ; 0.500        ; 10.000     ; 10.000     ;
; -3.500 ; md7_low   ; erase      ; md7_low      ; md6_low     ; 0.500        ; 10.000     ; 10.000     ;
; -3.500 ; md6_low   ; write_thru ; md6_low      ; md6_low     ; 0.500        ; 10.000     ; 10.000     ;
; -3.500 ; md6_low   ; store      ; md6_low      ; md6_low     ; 0.500        ; 10.000     ; 10.000     ;
; -3.500 ; md6_low   ; color      ; md6_low      ; md6_low     ; 0.500        ; 10.000     ; 10.000     ;
; -3.500 ; md6_low   ; chan       ; md6_low      ; md6_low     ; 0.500        ; 10.000     ; 10.000     ;
; -3.500 ; md6_low   ; int_en     ; md6_low      ; md6_low     ; 0.500        ; 10.000     ; 10.000     ;
; -3.500 ; md6_low   ; erase      ; md6_low      ; md6_low     ; 0.500        ; 10.000     ; 10.000     ;
; -3.500 ; md8_low   ; write_thru ; md8_low      ; md6_low     ; 0.500        ; 10.000     ; 10.000     ;
; -3.500 ; md8_low   ; store      ; md8_low      ; md6_low     ; 0.500        ; 10.000     ; 10.000     ;
; -3.500 ; md8_low   ; color      ; md8_low      ; md6_low     ; 0.500        ; 10.000     ; 10.000     ;
; -3.500 ; md8_low   ; chan       ; md8_low      ; md6_low     ; 0.500        ; 10.000     ; 10.000     ;
; -3.500 ; md8_low   ; int_en     ; md8_low      ; md6_low     ; 0.500        ; 10.000     ; 10.000     ;
; -3.500 ; md8_low   ; erase      ; md8_low      ; md6_low     ; 0.500        ; 10.000     ; 10.000     ;
; -3.500 ; md5_low   ; write_thru ; md5_low      ; md6_low     ; 0.500        ; 10.000     ; 10.000     ;
; -3.500 ; md5_low   ; store      ; md5_low      ; md6_low     ; 0.500        ; 10.000     ; 10.000     ;
; -3.500 ; md5_low   ; color      ; md5_low      ; md6_low     ; 0.500        ; 10.000     ; 10.000     ;
; -3.500 ; md5_low   ; chan       ; md5_low      ; md6_low     ; 0.500        ; 10.000     ; 10.000     ;
; -3.500 ; md5_low   ; int_en     ; md5_low      ; md6_low     ; 0.500        ; 10.000     ; 10.000     ;
; -3.500 ; md5_low   ; erase      ; md5_low      ; md6_low     ; 0.500        ; 10.000     ; 10.000     ;
; -3.500 ; md9_low   ; write_thru ; md9_low      ; md6_low     ; 0.500        ; 10.000     ; 10.000     ;
; -3.500 ; md9_low   ; store      ; md9_low      ; md6_low     ; 0.500        ; 10.000     ; 10.000     ;
; -3.500 ; md9_low   ; color      ; md9_low      ; md6_low     ; 0.500        ; 10.000     ; 10.000     ;
; -3.500 ; md9_low   ; chan       ; md9_low      ; md6_low     ; 0.500        ; 10.000     ; 10.000     ;
; -3.500 ; md9_low   ; int_en     ; md9_low      ; md6_low     ; 0.500        ; 10.000     ; 10.000     ;
; -3.500 ; md9_low   ; erase      ; md9_low      ; md6_low     ; 0.500        ; 10.000     ; 10.000     ;
; -3.000 ; md10_low  ; write_thru ; md10_low     ; md6_low     ; 1.000        ; 10.000     ; 10.000     ;
; -3.000 ; md10_low  ; store      ; md10_low     ; md6_low     ; 1.000        ; 10.000     ; 10.000     ;
; -3.000 ; md10_low  ; color      ; md10_low     ; md6_low     ; 1.000        ; 10.000     ; 10.000     ;
; -3.000 ; md10_low  ; chan       ; md10_low     ; md6_low     ; 1.000        ; 10.000     ; 10.000     ;
; -3.000 ; md10_low  ; int_en     ; md10_low     ; md6_low     ; 1.000        ; 10.000     ; 10.000     ;
; -3.000 ; md10_low  ; erase      ; md10_low     ; md6_low     ; 1.000        ; 10.000     ; 10.000     ;
; -3.000 ; md11_low  ; write_thru ; md11_low     ; md6_low     ; 1.000        ; 10.000     ; 10.000     ;
; -3.000 ; md11_low  ; store      ; md11_low     ; md6_low     ; 1.000        ; 10.000     ; 10.000     ;
; -3.000 ; md11_low  ; color      ; md11_low     ; md6_low     ; 1.000        ; 10.000     ; 10.000     ;
; -3.000 ; md11_low  ; chan       ; md11_low     ; md6_low     ; 1.000        ; 10.000     ; 10.000     ;
; -3.000 ; md11_low  ; int_en     ; md11_low     ; md6_low     ; 1.000        ; 10.000     ; 10.000     ;
; -3.000 ; md11_low  ; erase      ; md11_low     ; md6_low     ; 1.000        ; 10.000     ; 10.000     ;
; -3.000 ; pause_low ; write_thru ; pause_low    ; md6_low     ; 1.000        ; 10.000     ; 10.000     ;
; -3.000 ; pause_low ; store      ; pause_low    ; md6_low     ; 1.000        ; 10.000     ; 10.000     ;
; -3.000 ; pause_low ; color      ; pause_low    ; md6_low     ; 1.000        ; 10.000     ; 10.000     ;
; -3.000 ; pause_low ; chan       ; pause_low    ; md6_low     ; 1.000        ; 10.000     ; 10.000     ;
; -3.000 ; pause_low ; int_en     ; pause_low    ; md6_low     ; 1.000        ; 10.000     ; 10.000     ;
; -3.000 ; pause_low ; erase      ; pause_low    ; md6_low     ; 1.000        ; 10.000     ; 10.000     ;
; -3.000 ; md4_low   ; write_thru ; md4_low      ; md6_low     ; 1.000        ; 10.000     ; 10.000     ;
; -3.000 ; md4_low   ; store      ; md4_low      ; md6_low     ; 1.000        ; 10.000     ; 10.000     ;
; -3.000 ; md4_low   ; color      ; md4_low      ; md6_low     ; 1.000        ; 10.000     ; 10.000     ;
; -3.000 ; md4_low   ; chan       ; md4_low      ; md6_low     ; 1.000        ; 10.000     ; 10.000     ;
; -3.000 ; md4_low   ; int_en     ; md4_low      ; md6_low     ; 1.000        ; 10.000     ; 10.000     ;
; -3.000 ; md4_low   ; erase      ; md4_low      ; md6_low     ; 1.000        ; 10.000     ; 10.000     ;
; -3.000 ; md3_low   ; write_thru ; md3_low      ; md6_low     ; 1.000        ; 10.000     ; 10.000     ;
; -3.000 ; md3_low   ; store      ; md3_low      ; md6_low     ; 1.000        ; 10.000     ; 10.000     ;
; -3.000 ; md3_low   ; color      ; md3_low      ; md6_low     ; 1.000        ; 10.000     ; 10.000     ;
; -3.000 ; md3_low   ; chan       ; md3_low      ; md6_low     ; 1.000        ; 10.000     ; 10.000     ;
; -3.000 ; md3_low   ; int_en     ; md3_low      ; md6_low     ; 1.000        ; 10.000     ; 10.000     ;
; -3.000 ; md3_low   ; erase      ; md3_low      ; md6_low     ; 1.000        ; 10.000     ; 10.000     ;
; -3.000 ; md7_low   ; write_thru ; md7_low      ; md6_low     ; 1.000        ; 10.000     ; 10.000     ;
; -3.000 ; md7_low   ; store      ; md7_low      ; md6_low     ; 1.000        ; 10.000     ; 10.000     ;
; -3.000 ; md7_low   ; color      ; md7_low      ; md6_low     ; 1.000        ; 10.000     ; 10.000     ;
; -3.000 ; md7_low   ; chan       ; md7_low      ; md6_low     ; 1.000        ; 10.000     ; 10.000     ;
; -3.000 ; md7_low   ; int_en     ; md7_low      ; md6_low     ; 1.000        ; 10.000     ; 10.000     ;
; -3.000 ; md7_low   ; erase      ; md7_low      ; md6_low     ; 1.000        ; 10.000     ; 10.000     ;
; -3.000 ; md6_low   ; write_thru ; md6_low      ; md6_low     ; 1.000        ; 10.000     ; 10.000     ;
; -3.000 ; md6_low   ; store      ; md6_low      ; md6_low     ; 1.000        ; 10.000     ; 10.000     ;
; -3.000 ; md6_low   ; color      ; md6_low      ; md6_low     ; 1.000        ; 10.000     ; 10.000     ;
; -3.000 ; md6_low   ; chan       ; md6_low      ; md6_low     ; 1.000        ; 10.000     ; 10.000     ;
+--------+-----------+------------+--------------+-------------+--------------+------------+------------+


+-------------------------------------------------------------------------------------------------------+
; Setup: 'md7_low'                                                                                      ;
+--------+-----------+------------+--------------+-------------+--------------+------------+------------+
; Slack  ; From Node ; To Node    ; Launch Clock ; Latch Clock ; Relationship ; Clock Skew ; Data Delay ;
+--------+-----------+------------+--------------+-------------+--------------+------------+------------+
; -3.500 ; md10_low  ; write_thru ; md10_low     ; md7_low     ; 0.500        ; 10.000     ; 10.000     ;
; -3.500 ; md10_low  ; store      ; md10_low     ; md7_low     ; 0.500        ; 10.000     ; 10.000     ;
; -3.500 ; md10_low  ; color      ; md10_low     ; md7_low     ; 0.500        ; 10.000     ; 10.000     ;
; -3.500 ; md10_low  ; chan       ; md10_low     ; md7_low     ; 0.500        ; 10.000     ; 10.000     ;
; -3.500 ; md10_low  ; int_en     ; md10_low     ; md7_low     ; 0.500        ; 10.000     ; 10.000     ;
; -3.500 ; md10_low  ; erase      ; md10_low     ; md7_low     ; 0.500        ; 10.000     ; 10.000     ;
; -3.500 ; md11_low  ; write_thru ; md11_low     ; md7_low     ; 0.500        ; 10.000     ; 10.000     ;
; -3.500 ; md11_low  ; store      ; md11_low     ; md7_low     ; 0.500        ; 10.000     ; 10.000     ;
; -3.500 ; md11_low  ; color      ; md11_low     ; md7_low     ; 0.500        ; 10.000     ; 10.000     ;
; -3.500 ; md11_low  ; chan       ; md11_low     ; md7_low     ; 0.500        ; 10.000     ; 10.000     ;
; -3.500 ; md11_low  ; int_en     ; md11_low     ; md7_low     ; 0.500        ; 10.000     ; 10.000     ;
; -3.500 ; md11_low  ; erase      ; md11_low     ; md7_low     ; 0.500        ; 10.000     ; 10.000     ;
; -3.500 ; pause_low ; write_thru ; pause_low    ; md7_low     ; 0.500        ; 10.000     ; 10.000     ;
; -3.500 ; pause_low ; store      ; pause_low    ; md7_low     ; 0.500        ; 10.000     ; 10.000     ;
; -3.500 ; pause_low ; color      ; pause_low    ; md7_low     ; 0.500        ; 10.000     ; 10.000     ;
; -3.500 ; pause_low ; chan       ; pause_low    ; md7_low     ; 0.500        ; 10.000     ; 10.000     ;
; -3.500 ; pause_low ; int_en     ; pause_low    ; md7_low     ; 0.500        ; 10.000     ; 10.000     ;
; -3.500 ; pause_low ; erase      ; pause_low    ; md7_low     ; 0.500        ; 10.000     ; 10.000     ;
; -3.500 ; md4_low   ; write_thru ; md4_low      ; md7_low     ; 0.500        ; 10.000     ; 10.000     ;
; -3.500 ; md4_low   ; store      ; md4_low      ; md7_low     ; 0.500        ; 10.000     ; 10.000     ;
; -3.500 ; md4_low   ; color      ; md4_low      ; md7_low     ; 0.500        ; 10.000     ; 10.000     ;
; -3.500 ; md4_low   ; chan       ; md4_low      ; md7_low     ; 0.500        ; 10.000     ; 10.000     ;
; -3.500 ; md4_low   ; int_en     ; md4_low      ; md7_low     ; 0.500        ; 10.000     ; 10.000     ;
; -3.500 ; md4_low   ; erase      ; md4_low      ; md7_low     ; 0.500        ; 10.000     ; 10.000     ;
; -3.500 ; md3_low   ; write_thru ; md3_low      ; md7_low     ; 0.500        ; 10.000     ; 10.000     ;
; -3.500 ; md3_low   ; store      ; md3_low      ; md7_low     ; 0.500        ; 10.000     ; 10.000     ;
; -3.500 ; md3_low   ; color      ; md3_low      ; md7_low     ; 0.500        ; 10.000     ; 10.000     ;
; -3.500 ; md3_low   ; chan       ; md3_low      ; md7_low     ; 0.500        ; 10.000     ; 10.000     ;
; -3.500 ; md3_low   ; int_en     ; md3_low      ; md7_low     ; 0.500        ; 10.000     ; 10.000     ;
; -3.500 ; md3_low   ; erase      ; md3_low      ; md7_low     ; 0.500        ; 10.000     ; 10.000     ;
; -3.500 ; md7_low   ; write_thru ; md7_low      ; md7_low     ; 0.500        ; 10.000     ; 10.000     ;
; -3.500 ; md7_low   ; store      ; md7_low      ; md7_low     ; 0.500        ; 10.000     ; 10.000     ;
; -3.500 ; md7_low   ; color      ; md7_low      ; md7_low     ; 0.500        ; 10.000     ; 10.000     ;
; -3.500 ; md7_low   ; chan       ; md7_low      ; md7_low     ; 0.500        ; 10.000     ; 10.000     ;
; -3.500 ; md7_low   ; int_en     ; md7_low      ; md7_low     ; 0.500        ; 10.000     ; 10.000     ;
; -3.500 ; md7_low   ; erase      ; md7_low      ; md7_low     ; 0.500        ; 10.000     ; 10.000     ;
; -3.500 ; md6_low   ; write_thru ; md6_low      ; md7_low     ; 0.500        ; 10.000     ; 10.000     ;
; -3.500 ; md6_low   ; store      ; md6_low      ; md7_low     ; 0.500        ; 10.000     ; 10.000     ;
; -3.500 ; md6_low   ; color      ; md6_low      ; md7_low     ; 0.500        ; 10.000     ; 10.000     ;
; -3.500 ; md6_low   ; chan       ; md6_low      ; md7_low     ; 0.500        ; 10.000     ; 10.000     ;
; -3.500 ; md6_low   ; int_en     ; md6_low      ; md7_low     ; 0.500        ; 10.000     ; 10.000     ;
; -3.500 ; md6_low   ; erase      ; md6_low      ; md7_low     ; 0.500        ; 10.000     ; 10.000     ;
; -3.500 ; md8_low   ; write_thru ; md8_low      ; md7_low     ; 0.500        ; 10.000     ; 10.000     ;
; -3.500 ; md8_low   ; store      ; md8_low      ; md7_low     ; 0.500        ; 10.000     ; 10.000     ;
; -3.500 ; md8_low   ; color      ; md8_low      ; md7_low     ; 0.500        ; 10.000     ; 10.000     ;
; -3.500 ; md8_low   ; chan       ; md8_low      ; md7_low     ; 0.500        ; 10.000     ; 10.000     ;
; -3.500 ; md8_low   ; int_en     ; md8_low      ; md7_low     ; 0.500        ; 10.000     ; 10.000     ;
; -3.500 ; md8_low   ; erase      ; md8_low      ; md7_low     ; 0.500        ; 10.000     ; 10.000     ;
; -3.500 ; md5_low   ; write_thru ; md5_low      ; md7_low     ; 0.500        ; 10.000     ; 10.000     ;
; -3.500 ; md5_low   ; store      ; md5_low      ; md7_low     ; 0.500        ; 10.000     ; 10.000     ;
; -3.500 ; md5_low   ; color      ; md5_low      ; md7_low     ; 0.500        ; 10.000     ; 10.000     ;
; -3.500 ; md5_low   ; chan       ; md5_low      ; md7_low     ; 0.500        ; 10.000     ; 10.000     ;
; -3.500 ; md5_low   ; int_en     ; md5_low      ; md7_low     ; 0.500        ; 10.000     ; 10.000     ;
; -3.500 ; md5_low   ; erase      ; md5_low      ; md7_low     ; 0.500        ; 10.000     ; 10.000     ;
; -3.500 ; md9_low   ; write_thru ; md9_low      ; md7_low     ; 0.500        ; 10.000     ; 10.000     ;
; -3.500 ; md9_low   ; store      ; md9_low      ; md7_low     ; 0.500        ; 10.000     ; 10.000     ;
; -3.500 ; md9_low   ; color      ; md9_low      ; md7_low     ; 0.500        ; 10.000     ; 10.000     ;
; -3.500 ; md9_low   ; chan       ; md9_low      ; md7_low     ; 0.500        ; 10.000     ; 10.000     ;
; -3.500 ; md9_low   ; int_en     ; md9_low      ; md7_low     ; 0.500        ; 10.000     ; 10.000     ;
; -3.500 ; md9_low   ; erase      ; md9_low      ; md7_low     ; 0.500        ; 10.000     ; 10.000     ;
; -3.000 ; md10_low  ; write_thru ; md10_low     ; md7_low     ; 1.000        ; 10.000     ; 10.000     ;
; -3.000 ; md10_low  ; store      ; md10_low     ; md7_low     ; 1.000        ; 10.000     ; 10.000     ;
; -3.000 ; md10_low  ; color      ; md10_low     ; md7_low     ; 1.000        ; 10.000     ; 10.000     ;
; -3.000 ; md10_low  ; chan       ; md10_low     ; md7_low     ; 1.000        ; 10.000     ; 10.000     ;
; -3.000 ; md10_low  ; int_en     ; md10_low     ; md7_low     ; 1.000        ; 10.000     ; 10.000     ;
; -3.000 ; md10_low  ; erase      ; md10_low     ; md7_low     ; 1.000        ; 10.000     ; 10.000     ;
; -3.000 ; md11_low  ; write_thru ; md11_low     ; md7_low     ; 1.000        ; 10.000     ; 10.000     ;
; -3.000 ; md11_low  ; store      ; md11_low     ; md7_low     ; 1.000        ; 10.000     ; 10.000     ;
; -3.000 ; md11_low  ; color      ; md11_low     ; md7_low     ; 1.000        ; 10.000     ; 10.000     ;
; -3.000 ; md11_low  ; chan       ; md11_low     ; md7_low     ; 1.000        ; 10.000     ; 10.000     ;
; -3.000 ; md11_low  ; int_en     ; md11_low     ; md7_low     ; 1.000        ; 10.000     ; 10.000     ;
; -3.000 ; md11_low  ; erase      ; md11_low     ; md7_low     ; 1.000        ; 10.000     ; 10.000     ;
; -3.000 ; pause_low ; write_thru ; pause_low    ; md7_low     ; 1.000        ; 10.000     ; 10.000     ;
; -3.000 ; pause_low ; store      ; pause_low    ; md7_low     ; 1.000        ; 10.000     ; 10.000     ;
; -3.000 ; pause_low ; color      ; pause_low    ; md7_low     ; 1.000        ; 10.000     ; 10.000     ;
; -3.000 ; pause_low ; chan       ; pause_low    ; md7_low     ; 1.000        ; 10.000     ; 10.000     ;
; -3.000 ; pause_low ; int_en     ; pause_low    ; md7_low     ; 1.000        ; 10.000     ; 10.000     ;
; -3.000 ; pause_low ; erase      ; pause_low    ; md7_low     ; 1.000        ; 10.000     ; 10.000     ;
; -3.000 ; md4_low   ; write_thru ; md4_low      ; md7_low     ; 1.000        ; 10.000     ; 10.000     ;
; -3.000 ; md4_low   ; store      ; md4_low      ; md7_low     ; 1.000        ; 10.000     ; 10.000     ;
; -3.000 ; md4_low   ; color      ; md4_low      ; md7_low     ; 1.000        ; 10.000     ; 10.000     ;
; -3.000 ; md4_low   ; chan       ; md4_low      ; md7_low     ; 1.000        ; 10.000     ; 10.000     ;
; -3.000 ; md4_low   ; int_en     ; md4_low      ; md7_low     ; 1.000        ; 10.000     ; 10.000     ;
; -3.000 ; md4_low   ; erase      ; md4_low      ; md7_low     ; 1.000        ; 10.000     ; 10.000     ;
; -3.000 ; md3_low   ; write_thru ; md3_low      ; md7_low     ; 1.000        ; 10.000     ; 10.000     ;
; -3.000 ; md3_low   ; store      ; md3_low      ; md7_low     ; 1.000        ; 10.000     ; 10.000     ;
; -3.000 ; md3_low   ; color      ; md3_low      ; md7_low     ; 1.000        ; 10.000     ; 10.000     ;
; -3.000 ; md3_low   ; chan       ; md3_low      ; md7_low     ; 1.000        ; 10.000     ; 10.000     ;
; -3.000 ; md3_low   ; int_en     ; md3_low      ; md7_low     ; 1.000        ; 10.000     ; 10.000     ;
; -3.000 ; md3_low   ; erase      ; md3_low      ; md7_low     ; 1.000        ; 10.000     ; 10.000     ;
; -3.000 ; md7_low   ; write_thru ; md7_low      ; md7_low     ; 1.000        ; 10.000     ; 10.000     ;
; -3.000 ; md7_low   ; store      ; md7_low      ; md7_low     ; 1.000        ; 10.000     ; 10.000     ;
; -3.000 ; md7_low   ; color      ; md7_low      ; md7_low     ; 1.000        ; 10.000     ; 10.000     ;
; -3.000 ; md7_low   ; chan       ; md7_low      ; md7_low     ; 1.000        ; 10.000     ; 10.000     ;
; -3.000 ; md7_low   ; int_en     ; md7_low      ; md7_low     ; 1.000        ; 10.000     ; 10.000     ;
; -3.000 ; md7_low   ; erase      ; md7_low      ; md7_low     ; 1.000        ; 10.000     ; 10.000     ;
; -3.000 ; md6_low   ; write_thru ; md6_low      ; md7_low     ; 1.000        ; 10.000     ; 10.000     ;
; -3.000 ; md6_low   ; store      ; md6_low      ; md7_low     ; 1.000        ; 10.000     ; 10.000     ;
; -3.000 ; md6_low   ; color      ; md6_low      ; md7_low     ; 1.000        ; 10.000     ; 10.000     ;
; -3.000 ; md6_low   ; chan       ; md6_low      ; md7_low     ; 1.000        ; 10.000     ; 10.000     ;
+--------+-----------+------------+--------------+-------------+--------------+------------+------------+


+-------------------------------------------------------------------------------------------------------+
; Setup: 'md8_low'                                                                                      ;
+--------+-----------+------------+--------------+-------------+--------------+------------+------------+
; Slack  ; From Node ; To Node    ; Launch Clock ; Latch Clock ; Relationship ; Clock Skew ; Data Delay ;
+--------+-----------+------------+--------------+-------------+--------------+------------+------------+
; -3.500 ; md10_low  ; write_thru ; md10_low     ; md8_low     ; 0.500        ; 10.000     ; 10.000     ;
; -3.500 ; md10_low  ; store      ; md10_low     ; md8_low     ; 0.500        ; 10.000     ; 10.000     ;
; -3.500 ; md10_low  ; color      ; md10_low     ; md8_low     ; 0.500        ; 10.000     ; 10.000     ;
; -3.500 ; md10_low  ; chan       ; md10_low     ; md8_low     ; 0.500        ; 10.000     ; 10.000     ;
; -3.500 ; md10_low  ; int_en     ; md10_low     ; md8_low     ; 0.500        ; 10.000     ; 10.000     ;
; -3.500 ; md10_low  ; erase      ; md10_low     ; md8_low     ; 0.500        ; 10.000     ; 10.000     ;
; -3.500 ; md11_low  ; write_thru ; md11_low     ; md8_low     ; 0.500        ; 10.000     ; 10.000     ;
; -3.500 ; md11_low  ; store      ; md11_low     ; md8_low     ; 0.500        ; 10.000     ; 10.000     ;
; -3.500 ; md11_low  ; color      ; md11_low     ; md8_low     ; 0.500        ; 10.000     ; 10.000     ;
; -3.500 ; md11_low  ; chan       ; md11_low     ; md8_low     ; 0.500        ; 10.000     ; 10.000     ;
; -3.500 ; md11_low  ; int_en     ; md11_low     ; md8_low     ; 0.500        ; 10.000     ; 10.000     ;
; -3.500 ; md11_low  ; erase      ; md11_low     ; md8_low     ; 0.500        ; 10.000     ; 10.000     ;
; -3.500 ; pause_low ; write_thru ; pause_low    ; md8_low     ; 0.500        ; 10.000     ; 10.000     ;
; -3.500 ; pause_low ; store      ; pause_low    ; md8_low     ; 0.500        ; 10.000     ; 10.000     ;
; -3.500 ; pause_low ; color      ; pause_low    ; md8_low     ; 0.500        ; 10.000     ; 10.000     ;
; -3.500 ; pause_low ; chan       ; pause_low    ; md8_low     ; 0.500        ; 10.000     ; 10.000     ;
; -3.500 ; pause_low ; int_en     ; pause_low    ; md8_low     ; 0.500        ; 10.000     ; 10.000     ;
; -3.500 ; pause_low ; erase      ; pause_low    ; md8_low     ; 0.500        ; 10.000     ; 10.000     ;
; -3.500 ; md4_low   ; write_thru ; md4_low      ; md8_low     ; 0.500        ; 10.000     ; 10.000     ;
; -3.500 ; md4_low   ; store      ; md4_low      ; md8_low     ; 0.500        ; 10.000     ; 10.000     ;
; -3.500 ; md4_low   ; color      ; md4_low      ; md8_low     ; 0.500        ; 10.000     ; 10.000     ;
; -3.500 ; md4_low   ; chan       ; md4_low      ; md8_low     ; 0.500        ; 10.000     ; 10.000     ;
; -3.500 ; md4_low   ; int_en     ; md4_low      ; md8_low     ; 0.500        ; 10.000     ; 10.000     ;
; -3.500 ; md4_low   ; erase      ; md4_low      ; md8_low     ; 0.500        ; 10.000     ; 10.000     ;
; -3.500 ; md3_low   ; write_thru ; md3_low      ; md8_low     ; 0.500        ; 10.000     ; 10.000     ;
; -3.500 ; md3_low   ; store      ; md3_low      ; md8_low     ; 0.500        ; 10.000     ; 10.000     ;
; -3.500 ; md3_low   ; color      ; md3_low      ; md8_low     ; 0.500        ; 10.000     ; 10.000     ;
; -3.500 ; md3_low   ; chan       ; md3_low      ; md8_low     ; 0.500        ; 10.000     ; 10.000     ;
; -3.500 ; md3_low   ; int_en     ; md3_low      ; md8_low     ; 0.500        ; 10.000     ; 10.000     ;
; -3.500 ; md3_low   ; erase      ; md3_low      ; md8_low     ; 0.500        ; 10.000     ; 10.000     ;
; -3.500 ; md7_low   ; write_thru ; md7_low      ; md8_low     ; 0.500        ; 10.000     ; 10.000     ;
; -3.500 ; md7_low   ; store      ; md7_low      ; md8_low     ; 0.500        ; 10.000     ; 10.000     ;
; -3.500 ; md7_low   ; color      ; md7_low      ; md8_low     ; 0.500        ; 10.000     ; 10.000     ;
; -3.500 ; md7_low   ; chan       ; md7_low      ; md8_low     ; 0.500        ; 10.000     ; 10.000     ;
; -3.500 ; md7_low   ; int_en     ; md7_low      ; md8_low     ; 0.500        ; 10.000     ; 10.000     ;
; -3.500 ; md7_low   ; erase      ; md7_low      ; md8_low     ; 0.500        ; 10.000     ; 10.000     ;
; -3.500 ; md6_low   ; write_thru ; md6_low      ; md8_low     ; 0.500        ; 10.000     ; 10.000     ;
; -3.500 ; md6_low   ; store      ; md6_low      ; md8_low     ; 0.500        ; 10.000     ; 10.000     ;
; -3.500 ; md6_low   ; color      ; md6_low      ; md8_low     ; 0.500        ; 10.000     ; 10.000     ;
; -3.500 ; md6_low   ; chan       ; md6_low      ; md8_low     ; 0.500        ; 10.000     ; 10.000     ;
; -3.500 ; md6_low   ; int_en     ; md6_low      ; md8_low     ; 0.500        ; 10.000     ; 10.000     ;
; -3.500 ; md6_low   ; erase      ; md6_low      ; md8_low     ; 0.500        ; 10.000     ; 10.000     ;
; -3.500 ; md8_low   ; write_thru ; md8_low      ; md8_low     ; 0.500        ; 10.000     ; 10.000     ;
; -3.500 ; md8_low   ; store      ; md8_low      ; md8_low     ; 0.500        ; 10.000     ; 10.000     ;
; -3.500 ; md8_low   ; color      ; md8_low      ; md8_low     ; 0.500        ; 10.000     ; 10.000     ;
; -3.500 ; md8_low   ; chan       ; md8_low      ; md8_low     ; 0.500        ; 10.000     ; 10.000     ;
; -3.500 ; md8_low   ; int_en     ; md8_low      ; md8_low     ; 0.500        ; 10.000     ; 10.000     ;
; -3.500 ; md8_low   ; erase      ; md8_low      ; md8_low     ; 0.500        ; 10.000     ; 10.000     ;
; -3.500 ; md5_low   ; write_thru ; md5_low      ; md8_low     ; 0.500        ; 10.000     ; 10.000     ;
; -3.500 ; md5_low   ; store      ; md5_low      ; md8_low     ; 0.500        ; 10.000     ; 10.000     ;
; -3.500 ; md5_low   ; color      ; md5_low      ; md8_low     ; 0.500        ; 10.000     ; 10.000     ;
; -3.500 ; md5_low   ; chan       ; md5_low      ; md8_low     ; 0.500        ; 10.000     ; 10.000     ;
; -3.500 ; md5_low   ; int_en     ; md5_low      ; md8_low     ; 0.500        ; 10.000     ; 10.000     ;
; -3.500 ; md5_low   ; erase      ; md5_low      ; md8_low     ; 0.500        ; 10.000     ; 10.000     ;
; -3.500 ; md9_low   ; write_thru ; md9_low      ; md8_low     ; 0.500        ; 10.000     ; 10.000     ;
; -3.500 ; md9_low   ; store      ; md9_low      ; md8_low     ; 0.500        ; 10.000     ; 10.000     ;
; -3.500 ; md9_low   ; color      ; md9_low      ; md8_low     ; 0.500        ; 10.000     ; 10.000     ;
; -3.500 ; md9_low   ; chan       ; md9_low      ; md8_low     ; 0.500        ; 10.000     ; 10.000     ;
; -3.500 ; md9_low   ; int_en     ; md9_low      ; md8_low     ; 0.500        ; 10.000     ; 10.000     ;
; -3.500 ; md9_low   ; erase      ; md9_low      ; md8_low     ; 0.500        ; 10.000     ; 10.000     ;
; -3.000 ; md10_low  ; write_thru ; md10_low     ; md8_low     ; 1.000        ; 10.000     ; 10.000     ;
; -3.000 ; md10_low  ; store      ; md10_low     ; md8_low     ; 1.000        ; 10.000     ; 10.000     ;
; -3.000 ; md10_low  ; color      ; md10_low     ; md8_low     ; 1.000        ; 10.000     ; 10.000     ;
; -3.000 ; md10_low  ; chan       ; md10_low     ; md8_low     ; 1.000        ; 10.000     ; 10.000     ;
; -3.000 ; md10_low  ; int_en     ; md10_low     ; md8_low     ; 1.000        ; 10.000     ; 10.000     ;
; -3.000 ; md10_low  ; erase      ; md10_low     ; md8_low     ; 1.000        ; 10.000     ; 10.000     ;
; -3.000 ; md11_low  ; write_thru ; md11_low     ; md8_low     ; 1.000        ; 10.000     ; 10.000     ;
; -3.000 ; md11_low  ; store      ; md11_low     ; md8_low     ; 1.000        ; 10.000     ; 10.000     ;
; -3.000 ; md11_low  ; color      ; md11_low     ; md8_low     ; 1.000        ; 10.000     ; 10.000     ;
; -3.000 ; md11_low  ; chan       ; md11_low     ; md8_low     ; 1.000        ; 10.000     ; 10.000     ;
; -3.000 ; md11_low  ; int_en     ; md11_low     ; md8_low     ; 1.000        ; 10.000     ; 10.000     ;
; -3.000 ; md11_low  ; erase      ; md11_low     ; md8_low     ; 1.000        ; 10.000     ; 10.000     ;
; -3.000 ; pause_low ; write_thru ; pause_low    ; md8_low     ; 1.000        ; 10.000     ; 10.000     ;
; -3.000 ; pause_low ; store      ; pause_low    ; md8_low     ; 1.000        ; 10.000     ; 10.000     ;
; -3.000 ; pause_low ; color      ; pause_low    ; md8_low     ; 1.000        ; 10.000     ; 10.000     ;
; -3.000 ; pause_low ; chan       ; pause_low    ; md8_low     ; 1.000        ; 10.000     ; 10.000     ;
; -3.000 ; pause_low ; int_en     ; pause_low    ; md8_low     ; 1.000        ; 10.000     ; 10.000     ;
; -3.000 ; pause_low ; erase      ; pause_low    ; md8_low     ; 1.000        ; 10.000     ; 10.000     ;
; -3.000 ; md4_low   ; write_thru ; md4_low      ; md8_low     ; 1.000        ; 10.000     ; 10.000     ;
; -3.000 ; md4_low   ; store      ; md4_low      ; md8_low     ; 1.000        ; 10.000     ; 10.000     ;
; -3.000 ; md4_low   ; color      ; md4_low      ; md8_low     ; 1.000        ; 10.000     ; 10.000     ;
; -3.000 ; md4_low   ; chan       ; md4_low      ; md8_low     ; 1.000        ; 10.000     ; 10.000     ;
; -3.000 ; md4_low   ; int_en     ; md4_low      ; md8_low     ; 1.000        ; 10.000     ; 10.000     ;
; -3.000 ; md4_low   ; erase      ; md4_low      ; md8_low     ; 1.000        ; 10.000     ; 10.000     ;
; -3.000 ; md3_low   ; write_thru ; md3_low      ; md8_low     ; 1.000        ; 10.000     ; 10.000     ;
; -3.000 ; md3_low   ; store      ; md3_low      ; md8_low     ; 1.000        ; 10.000     ; 10.000     ;
; -3.000 ; md3_low   ; color      ; md3_low      ; md8_low     ; 1.000        ; 10.000     ; 10.000     ;
; -3.000 ; md3_low   ; chan       ; md3_low      ; md8_low     ; 1.000        ; 10.000     ; 10.000     ;
; -3.000 ; md3_low   ; int_en     ; md3_low      ; md8_low     ; 1.000        ; 10.000     ; 10.000     ;
; -3.000 ; md3_low   ; erase      ; md3_low      ; md8_low     ; 1.000        ; 10.000     ; 10.000     ;
; -3.000 ; md7_low   ; write_thru ; md7_low      ; md8_low     ; 1.000        ; 10.000     ; 10.000     ;
; -3.000 ; md7_low   ; store      ; md7_low      ; md8_low     ; 1.000        ; 10.000     ; 10.000     ;
; -3.000 ; md7_low   ; color      ; md7_low      ; md8_low     ; 1.000        ; 10.000     ; 10.000     ;
; -3.000 ; md7_low   ; chan       ; md7_low      ; md8_low     ; 1.000        ; 10.000     ; 10.000     ;
; -3.000 ; md7_low   ; int_en     ; md7_low      ; md8_low     ; 1.000        ; 10.000     ; 10.000     ;
; -3.000 ; md7_low   ; erase      ; md7_low      ; md8_low     ; 1.000        ; 10.000     ; 10.000     ;
; -3.000 ; md6_low   ; write_thru ; md6_low      ; md8_low     ; 1.000        ; 10.000     ; 10.000     ;
; -3.000 ; md6_low   ; store      ; md6_low      ; md8_low     ; 1.000        ; 10.000     ; 10.000     ;
; -3.000 ; md6_low   ; color      ; md6_low      ; md8_low     ; 1.000        ; 10.000     ; 10.000     ;
; -3.000 ; md6_low   ; chan       ; md6_low      ; md8_low     ; 1.000        ; 10.000     ; 10.000     ;
+--------+-----------+------------+--------------+-------------+--------------+------------+------------+


+-------------------------------------------------------------------------------------------------------+
; Setup: 'md9_low'                                                                                      ;
+--------+-----------+------------+--------------+-------------+--------------+------------+------------+
; Slack  ; From Node ; To Node    ; Launch Clock ; Latch Clock ; Relationship ; Clock Skew ; Data Delay ;
+--------+-----------+------------+--------------+-------------+--------------+------------+------------+
; -3.500 ; md10_low  ; write_thru ; md10_low     ; md9_low     ; 0.500        ; 10.000     ; 10.000     ;
; -3.500 ; md10_low  ; store      ; md10_low     ; md9_low     ; 0.500        ; 10.000     ; 10.000     ;
; -3.500 ; md10_low  ; color      ; md10_low     ; md9_low     ; 0.500        ; 10.000     ; 10.000     ;
; -3.500 ; md10_low  ; chan       ; md10_low     ; md9_low     ; 0.500        ; 10.000     ; 10.000     ;
; -3.500 ; md10_low  ; int_en     ; md10_low     ; md9_low     ; 0.500        ; 10.000     ; 10.000     ;
; -3.500 ; md10_low  ; erase      ; md10_low     ; md9_low     ; 0.500        ; 10.000     ; 10.000     ;
; -3.500 ; md11_low  ; write_thru ; md11_low     ; md9_low     ; 0.500        ; 10.000     ; 10.000     ;
; -3.500 ; md11_low  ; store      ; md11_low     ; md9_low     ; 0.500        ; 10.000     ; 10.000     ;
; -3.500 ; md11_low  ; color      ; md11_low     ; md9_low     ; 0.500        ; 10.000     ; 10.000     ;
; -3.500 ; md11_low  ; chan       ; md11_low     ; md9_low     ; 0.500        ; 10.000     ; 10.000     ;
; -3.500 ; md11_low  ; int_en     ; md11_low     ; md9_low     ; 0.500        ; 10.000     ; 10.000     ;
; -3.500 ; md11_low  ; erase      ; md11_low     ; md9_low     ; 0.500        ; 10.000     ; 10.000     ;
; -3.500 ; pause_low ; write_thru ; pause_low    ; md9_low     ; 0.500        ; 10.000     ; 10.000     ;
; -3.500 ; pause_low ; store      ; pause_low    ; md9_low     ; 0.500        ; 10.000     ; 10.000     ;
; -3.500 ; pause_low ; color      ; pause_low    ; md9_low     ; 0.500        ; 10.000     ; 10.000     ;
; -3.500 ; pause_low ; chan       ; pause_low    ; md9_low     ; 0.500        ; 10.000     ; 10.000     ;
; -3.500 ; pause_low ; int_en     ; pause_low    ; md9_low     ; 0.500        ; 10.000     ; 10.000     ;
; -3.500 ; pause_low ; erase      ; pause_low    ; md9_low     ; 0.500        ; 10.000     ; 10.000     ;
; -3.500 ; md4_low   ; write_thru ; md4_low      ; md9_low     ; 0.500        ; 10.000     ; 10.000     ;
; -3.500 ; md4_low   ; store      ; md4_low      ; md9_low     ; 0.500        ; 10.000     ; 10.000     ;
; -3.500 ; md4_low   ; color      ; md4_low      ; md9_low     ; 0.500        ; 10.000     ; 10.000     ;
; -3.500 ; md4_low   ; chan       ; md4_low      ; md9_low     ; 0.500        ; 10.000     ; 10.000     ;
; -3.500 ; md4_low   ; int_en     ; md4_low      ; md9_low     ; 0.500        ; 10.000     ; 10.000     ;
; -3.500 ; md4_low   ; erase      ; md4_low      ; md9_low     ; 0.500        ; 10.000     ; 10.000     ;
; -3.500 ; md3_low   ; write_thru ; md3_low      ; md9_low     ; 0.500        ; 10.000     ; 10.000     ;
; -3.500 ; md3_low   ; store      ; md3_low      ; md9_low     ; 0.500        ; 10.000     ; 10.000     ;
; -3.500 ; md3_low   ; color      ; md3_low      ; md9_low     ; 0.500        ; 10.000     ; 10.000     ;
; -3.500 ; md3_low   ; chan       ; md3_low      ; md9_low     ; 0.500        ; 10.000     ; 10.000     ;
; -3.500 ; md3_low   ; int_en     ; md3_low      ; md9_low     ; 0.500        ; 10.000     ; 10.000     ;
; -3.500 ; md3_low   ; erase      ; md3_low      ; md9_low     ; 0.500        ; 10.000     ; 10.000     ;
; -3.500 ; md7_low   ; write_thru ; md7_low      ; md9_low     ; 0.500        ; 10.000     ; 10.000     ;
; -3.500 ; md7_low   ; store      ; md7_low      ; md9_low     ; 0.500        ; 10.000     ; 10.000     ;
; -3.500 ; md7_low   ; color      ; md7_low      ; md9_low     ; 0.500        ; 10.000     ; 10.000     ;
; -3.500 ; md7_low   ; chan       ; md7_low      ; md9_low     ; 0.500        ; 10.000     ; 10.000     ;
; -3.500 ; md7_low   ; int_en     ; md7_low      ; md9_low     ; 0.500        ; 10.000     ; 10.000     ;
; -3.500 ; md7_low   ; erase      ; md7_low      ; md9_low     ; 0.500        ; 10.000     ; 10.000     ;
; -3.500 ; md6_low   ; write_thru ; md6_low      ; md9_low     ; 0.500        ; 10.000     ; 10.000     ;
; -3.500 ; md6_low   ; store      ; md6_low      ; md9_low     ; 0.500        ; 10.000     ; 10.000     ;
; -3.500 ; md6_low   ; color      ; md6_low      ; md9_low     ; 0.500        ; 10.000     ; 10.000     ;
; -3.500 ; md6_low   ; chan       ; md6_low      ; md9_low     ; 0.500        ; 10.000     ; 10.000     ;
; -3.500 ; md6_low   ; int_en     ; md6_low      ; md9_low     ; 0.500        ; 10.000     ; 10.000     ;
; -3.500 ; md6_low   ; erase      ; md6_low      ; md9_low     ; 0.500        ; 10.000     ; 10.000     ;
; -3.500 ; md8_low   ; write_thru ; md8_low      ; md9_low     ; 0.500        ; 10.000     ; 10.000     ;
; -3.500 ; md8_low   ; store      ; md8_low      ; md9_low     ; 0.500        ; 10.000     ; 10.000     ;
; -3.500 ; md8_low   ; color      ; md8_low      ; md9_low     ; 0.500        ; 10.000     ; 10.000     ;
; -3.500 ; md8_low   ; chan       ; md8_low      ; md9_low     ; 0.500        ; 10.000     ; 10.000     ;
; -3.500 ; md8_low   ; int_en     ; md8_low      ; md9_low     ; 0.500        ; 10.000     ; 10.000     ;
; -3.500 ; md8_low   ; erase      ; md8_low      ; md9_low     ; 0.500        ; 10.000     ; 10.000     ;
; -3.500 ; md5_low   ; write_thru ; md5_low      ; md9_low     ; 0.500        ; 10.000     ; 10.000     ;
; -3.500 ; md5_low   ; store      ; md5_low      ; md9_low     ; 0.500        ; 10.000     ; 10.000     ;
; -3.500 ; md5_low   ; color      ; md5_low      ; md9_low     ; 0.500        ; 10.000     ; 10.000     ;
; -3.500 ; md5_low   ; chan       ; md5_low      ; md9_low     ; 0.500        ; 10.000     ; 10.000     ;
; -3.500 ; md5_low   ; int_en     ; md5_low      ; md9_low     ; 0.500        ; 10.000     ; 10.000     ;
; -3.500 ; md5_low   ; erase      ; md5_low      ; md9_low     ; 0.500        ; 10.000     ; 10.000     ;
; -3.500 ; md9_low   ; write_thru ; md9_low      ; md9_low     ; 0.500        ; 10.000     ; 10.000     ;
; -3.500 ; md9_low   ; store      ; md9_low      ; md9_low     ; 0.500        ; 10.000     ; 10.000     ;
; -3.500 ; md9_low   ; color      ; md9_low      ; md9_low     ; 0.500        ; 10.000     ; 10.000     ;
; -3.500 ; md9_low   ; chan       ; md9_low      ; md9_low     ; 0.500        ; 10.000     ; 10.000     ;
; -3.500 ; md9_low   ; int_en     ; md9_low      ; md9_low     ; 0.500        ; 10.000     ; 10.000     ;
; -3.500 ; md9_low   ; erase      ; md9_low      ; md9_low     ; 0.500        ; 10.000     ; 10.000     ;
; -3.000 ; md10_low  ; write_thru ; md10_low     ; md9_low     ; 1.000        ; 10.000     ; 10.000     ;
; -3.000 ; md10_low  ; store      ; md10_low     ; md9_low     ; 1.000        ; 10.000     ; 10.000     ;
; -3.000 ; md10_low  ; color      ; md10_low     ; md9_low     ; 1.000        ; 10.000     ; 10.000     ;
; -3.000 ; md10_low  ; chan       ; md10_low     ; md9_low     ; 1.000        ; 10.000     ; 10.000     ;
; -3.000 ; md10_low  ; int_en     ; md10_low     ; md9_low     ; 1.000        ; 10.000     ; 10.000     ;
; -3.000 ; md10_low  ; erase      ; md10_low     ; md9_low     ; 1.000        ; 10.000     ; 10.000     ;
; -3.000 ; md11_low  ; write_thru ; md11_low     ; md9_low     ; 1.000        ; 10.000     ; 10.000     ;
; -3.000 ; md11_low  ; store      ; md11_low     ; md9_low     ; 1.000        ; 10.000     ; 10.000     ;
; -3.000 ; md11_low  ; color      ; md11_low     ; md9_low     ; 1.000        ; 10.000     ; 10.000     ;
; -3.000 ; md11_low  ; chan       ; md11_low     ; md9_low     ; 1.000        ; 10.000     ; 10.000     ;
; -3.000 ; md11_low  ; int_en     ; md11_low     ; md9_low     ; 1.000        ; 10.000     ; 10.000     ;
; -3.000 ; md11_low  ; erase      ; md11_low     ; md9_low     ; 1.000        ; 10.000     ; 10.000     ;
; -3.000 ; pause_low ; write_thru ; pause_low    ; md9_low     ; 1.000        ; 10.000     ; 10.000     ;
; -3.000 ; pause_low ; store      ; pause_low    ; md9_low     ; 1.000        ; 10.000     ; 10.000     ;
; -3.000 ; pause_low ; color      ; pause_low    ; md9_low     ; 1.000        ; 10.000     ; 10.000     ;
; -3.000 ; pause_low ; chan       ; pause_low    ; md9_low     ; 1.000        ; 10.000     ; 10.000     ;
; -3.000 ; pause_low ; int_en     ; pause_low    ; md9_low     ; 1.000        ; 10.000     ; 10.000     ;
; -3.000 ; pause_low ; erase      ; pause_low    ; md9_low     ; 1.000        ; 10.000     ; 10.000     ;
; -3.000 ; md4_low   ; write_thru ; md4_low      ; md9_low     ; 1.000        ; 10.000     ; 10.000     ;
; -3.000 ; md4_low   ; store      ; md4_low      ; md9_low     ; 1.000        ; 10.000     ; 10.000     ;
; -3.000 ; md4_low   ; color      ; md4_low      ; md9_low     ; 1.000        ; 10.000     ; 10.000     ;
; -3.000 ; md4_low   ; chan       ; md4_low      ; md9_low     ; 1.000        ; 10.000     ; 10.000     ;
; -3.000 ; md4_low   ; int_en     ; md4_low      ; md9_low     ; 1.000        ; 10.000     ; 10.000     ;
; -3.000 ; md4_low   ; erase      ; md4_low      ; md9_low     ; 1.000        ; 10.000     ; 10.000     ;
; -3.000 ; md3_low   ; write_thru ; md3_low      ; md9_low     ; 1.000        ; 10.000     ; 10.000     ;
; -3.000 ; md3_low   ; store      ; md3_low      ; md9_low     ; 1.000        ; 10.000     ; 10.000     ;
; -3.000 ; md3_low   ; color      ; md3_low      ; md9_low     ; 1.000        ; 10.000     ; 10.000     ;
; -3.000 ; md3_low   ; chan       ; md3_low      ; md9_low     ; 1.000        ; 10.000     ; 10.000     ;
; -3.000 ; md3_low   ; int_en     ; md3_low      ; md9_low     ; 1.000        ; 10.000     ; 10.000     ;
; -3.000 ; md3_low   ; erase      ; md3_low      ; md9_low     ; 1.000        ; 10.000     ; 10.000     ;
; -3.000 ; md7_low   ; write_thru ; md7_low      ; md9_low     ; 1.000        ; 10.000     ; 10.000     ;
; -3.000 ; md7_low   ; store      ; md7_low      ; md9_low     ; 1.000        ; 10.000     ; 10.000     ;
; -3.000 ; md7_low   ; color      ; md7_low      ; md9_low     ; 1.000        ; 10.000     ; 10.000     ;
; -3.000 ; md7_low   ; chan       ; md7_low      ; md9_low     ; 1.000        ; 10.000     ; 10.000     ;
; -3.000 ; md7_low   ; int_en     ; md7_low      ; md9_low     ; 1.000        ; 10.000     ; 10.000     ;
; -3.000 ; md7_low   ; erase      ; md7_low      ; md9_low     ; 1.000        ; 10.000     ; 10.000     ;
; -3.000 ; md6_low   ; write_thru ; md6_low      ; md9_low     ; 1.000        ; 10.000     ; 10.000     ;
; -3.000 ; md6_low   ; store      ; md6_low      ; md9_low     ; 1.000        ; 10.000     ; 10.000     ;
; -3.000 ; md6_low   ; color      ; md6_low      ; md9_low     ; 1.000        ; 10.000     ; 10.000     ;
; -3.000 ; md6_low   ; chan       ; md6_low      ; md9_low     ; 1.000        ; 10.000     ; 10.000     ;
+--------+-----------+------------+--------------+-------------+--------------+------------+------------+


+-------------------------------------------------------------------------------------------------------+
; Setup: 'pause_low'                                                                                    ;
+--------+-----------+------------+--------------+-------------+--------------+------------+------------+
; Slack  ; From Node ; To Node    ; Launch Clock ; Latch Clock ; Relationship ; Clock Skew ; Data Delay ;
+--------+-----------+------------+--------------+-------------+--------------+------------+------------+
; -3.500 ; md10_low  ; write_thru ; md10_low     ; pause_low   ; 0.500        ; 10.000     ; 10.000     ;
; -3.500 ; md10_low  ; store      ; md10_low     ; pause_low   ; 0.500        ; 10.000     ; 10.000     ;
; -3.500 ; md10_low  ; color      ; md10_low     ; pause_low   ; 0.500        ; 10.000     ; 10.000     ;
; -3.500 ; md10_low  ; chan       ; md10_low     ; pause_low   ; 0.500        ; 10.000     ; 10.000     ;
; -3.500 ; md10_low  ; int_en     ; md10_low     ; pause_low   ; 0.500        ; 10.000     ; 10.000     ;
; -3.500 ; md10_low  ; erase      ; md10_low     ; pause_low   ; 0.500        ; 10.000     ; 10.000     ;
; -3.500 ; md11_low  ; write_thru ; md11_low     ; pause_low   ; 0.500        ; 10.000     ; 10.000     ;
; -3.500 ; md11_low  ; store      ; md11_low     ; pause_low   ; 0.500        ; 10.000     ; 10.000     ;
; -3.500 ; md11_low  ; color      ; md11_low     ; pause_low   ; 0.500        ; 10.000     ; 10.000     ;
; -3.500 ; md11_low  ; chan       ; md11_low     ; pause_low   ; 0.500        ; 10.000     ; 10.000     ;
; -3.500 ; md11_low  ; int_en     ; md11_low     ; pause_low   ; 0.500        ; 10.000     ; 10.000     ;
; -3.500 ; md11_low  ; erase      ; md11_low     ; pause_low   ; 0.500        ; 10.000     ; 10.000     ;
; -3.500 ; pause_low ; write_thru ; pause_low    ; pause_low   ; 0.500        ; 10.000     ; 10.000     ;
; -3.500 ; pause_low ; store      ; pause_low    ; pause_low   ; 0.500        ; 10.000     ; 10.000     ;
; -3.500 ; pause_low ; color      ; pause_low    ; pause_low   ; 0.500        ; 10.000     ; 10.000     ;
; -3.500 ; pause_low ; chan       ; pause_low    ; pause_low   ; 0.500        ; 10.000     ; 10.000     ;
; -3.500 ; pause_low ; int_en     ; pause_low    ; pause_low   ; 0.500        ; 10.000     ; 10.000     ;
; -3.500 ; pause_low ; erase      ; pause_low    ; pause_low   ; 0.500        ; 10.000     ; 10.000     ;
; -3.500 ; md4_low   ; write_thru ; md4_low      ; pause_low   ; 0.500        ; 10.000     ; 10.000     ;
; -3.500 ; md4_low   ; store      ; md4_low      ; pause_low   ; 0.500        ; 10.000     ; 10.000     ;
; -3.500 ; md4_low   ; color      ; md4_low      ; pause_low   ; 0.500        ; 10.000     ; 10.000     ;
; -3.500 ; md4_low   ; chan       ; md4_low      ; pause_low   ; 0.500        ; 10.000     ; 10.000     ;
; -3.500 ; md4_low   ; int_en     ; md4_low      ; pause_low   ; 0.500        ; 10.000     ; 10.000     ;
; -3.500 ; md4_low   ; erase      ; md4_low      ; pause_low   ; 0.500        ; 10.000     ; 10.000     ;
; -3.500 ; md3_low   ; write_thru ; md3_low      ; pause_low   ; 0.500        ; 10.000     ; 10.000     ;
; -3.500 ; md3_low   ; store      ; md3_low      ; pause_low   ; 0.500        ; 10.000     ; 10.000     ;
; -3.500 ; md3_low   ; color      ; md3_low      ; pause_low   ; 0.500        ; 10.000     ; 10.000     ;
; -3.500 ; md3_low   ; chan       ; md3_low      ; pause_low   ; 0.500        ; 10.000     ; 10.000     ;
; -3.500 ; md3_low   ; int_en     ; md3_low      ; pause_low   ; 0.500        ; 10.000     ; 10.000     ;
; -3.500 ; md3_low   ; erase      ; md3_low      ; pause_low   ; 0.500        ; 10.000     ; 10.000     ;
; -3.500 ; md7_low   ; write_thru ; md7_low      ; pause_low   ; 0.500        ; 10.000     ; 10.000     ;
; -3.500 ; md7_low   ; store      ; md7_low      ; pause_low   ; 0.500        ; 10.000     ; 10.000     ;
; -3.500 ; md7_low   ; color      ; md7_low      ; pause_low   ; 0.500        ; 10.000     ; 10.000     ;
; -3.500 ; md7_low   ; chan       ; md7_low      ; pause_low   ; 0.500        ; 10.000     ; 10.000     ;
; -3.500 ; md7_low   ; int_en     ; md7_low      ; pause_low   ; 0.500        ; 10.000     ; 10.000     ;
; -3.500 ; md7_low   ; erase      ; md7_low      ; pause_low   ; 0.500        ; 10.000     ; 10.000     ;
; -3.500 ; md6_low   ; write_thru ; md6_low      ; pause_low   ; 0.500        ; 10.000     ; 10.000     ;
; -3.500 ; md6_low   ; store      ; md6_low      ; pause_low   ; 0.500        ; 10.000     ; 10.000     ;
; -3.500 ; md6_low   ; color      ; md6_low      ; pause_low   ; 0.500        ; 10.000     ; 10.000     ;
; -3.500 ; md6_low   ; chan       ; md6_low      ; pause_low   ; 0.500        ; 10.000     ; 10.000     ;
; -3.500 ; md6_low   ; int_en     ; md6_low      ; pause_low   ; 0.500        ; 10.000     ; 10.000     ;
; -3.500 ; md6_low   ; erase      ; md6_low      ; pause_low   ; 0.500        ; 10.000     ; 10.000     ;
; -3.500 ; md8_low   ; write_thru ; md8_low      ; pause_low   ; 0.500        ; 10.000     ; 10.000     ;
; -3.500 ; md8_low   ; store      ; md8_low      ; pause_low   ; 0.500        ; 10.000     ; 10.000     ;
; -3.500 ; md8_low   ; color      ; md8_low      ; pause_low   ; 0.500        ; 10.000     ; 10.000     ;
; -3.500 ; md8_low   ; chan       ; md8_low      ; pause_low   ; 0.500        ; 10.000     ; 10.000     ;
; -3.500 ; md8_low   ; int_en     ; md8_low      ; pause_low   ; 0.500        ; 10.000     ; 10.000     ;
; -3.500 ; md8_low   ; erase      ; md8_low      ; pause_low   ; 0.500        ; 10.000     ; 10.000     ;
; -3.500 ; md5_low   ; write_thru ; md5_low      ; pause_low   ; 0.500        ; 10.000     ; 10.000     ;
; -3.500 ; md5_low   ; store      ; md5_low      ; pause_low   ; 0.500        ; 10.000     ; 10.000     ;
; -3.500 ; md5_low   ; color      ; md5_low      ; pause_low   ; 0.500        ; 10.000     ; 10.000     ;
; -3.500 ; md5_low   ; chan       ; md5_low      ; pause_low   ; 0.500        ; 10.000     ; 10.000     ;
; -3.500 ; md5_low   ; int_en     ; md5_low      ; pause_low   ; 0.500        ; 10.000     ; 10.000     ;
; -3.500 ; md5_low   ; erase      ; md5_low      ; pause_low   ; 0.500        ; 10.000     ; 10.000     ;
; -3.500 ; md9_low   ; write_thru ; md9_low      ; pause_low   ; 0.500        ; 10.000     ; 10.000     ;
; -3.500 ; md9_low   ; store      ; md9_low      ; pause_low   ; 0.500        ; 10.000     ; 10.000     ;
; -3.500 ; md9_low   ; color      ; md9_low      ; pause_low   ; 0.500        ; 10.000     ; 10.000     ;
; -3.500 ; md9_low   ; chan       ; md9_low      ; pause_low   ; 0.500        ; 10.000     ; 10.000     ;
; -3.500 ; md9_low   ; int_en     ; md9_low      ; pause_low   ; 0.500        ; 10.000     ; 10.000     ;
; -3.500 ; md9_low   ; erase      ; md9_low      ; pause_low   ; 0.500        ; 10.000     ; 10.000     ;
; -3.000 ; md10_low  ; write_thru ; md10_low     ; pause_low   ; 1.000        ; 10.000     ; 10.000     ;
; -3.000 ; md10_low  ; store      ; md10_low     ; pause_low   ; 1.000        ; 10.000     ; 10.000     ;
; -3.000 ; md10_low  ; color      ; md10_low     ; pause_low   ; 1.000        ; 10.000     ; 10.000     ;
; -3.000 ; md10_low  ; chan       ; md10_low     ; pause_low   ; 1.000        ; 10.000     ; 10.000     ;
; -3.000 ; md10_low  ; int_en     ; md10_low     ; pause_low   ; 1.000        ; 10.000     ; 10.000     ;
; -3.000 ; md10_low  ; erase      ; md10_low     ; pause_low   ; 1.000        ; 10.000     ; 10.000     ;
; -3.000 ; md11_low  ; write_thru ; md11_low     ; pause_low   ; 1.000        ; 10.000     ; 10.000     ;
; -3.000 ; md11_low  ; store      ; md11_low     ; pause_low   ; 1.000        ; 10.000     ; 10.000     ;
; -3.000 ; md11_low  ; color      ; md11_low     ; pause_low   ; 1.000        ; 10.000     ; 10.000     ;
; -3.000 ; md11_low  ; chan       ; md11_low     ; pause_low   ; 1.000        ; 10.000     ; 10.000     ;
; -3.000 ; md11_low  ; int_en     ; md11_low     ; pause_low   ; 1.000        ; 10.000     ; 10.000     ;
; -3.000 ; md11_low  ; erase      ; md11_low     ; pause_low   ; 1.000        ; 10.000     ; 10.000     ;
; -3.000 ; pause_low ; write_thru ; pause_low    ; pause_low   ; 1.000        ; 10.000     ; 10.000     ;
; -3.000 ; pause_low ; store      ; pause_low    ; pause_low   ; 1.000        ; 10.000     ; 10.000     ;
; -3.000 ; pause_low ; color      ; pause_low    ; pause_low   ; 1.000        ; 10.000     ; 10.000     ;
; -3.000 ; pause_low ; chan       ; pause_low    ; pause_low   ; 1.000        ; 10.000     ; 10.000     ;
; -3.000 ; pause_low ; int_en     ; pause_low    ; pause_low   ; 1.000        ; 10.000     ; 10.000     ;
; -3.000 ; pause_low ; erase      ; pause_low    ; pause_low   ; 1.000        ; 10.000     ; 10.000     ;
; -3.000 ; md4_low   ; write_thru ; md4_low      ; pause_low   ; 1.000        ; 10.000     ; 10.000     ;
; -3.000 ; md4_low   ; store      ; md4_low      ; pause_low   ; 1.000        ; 10.000     ; 10.000     ;
; -3.000 ; md4_low   ; color      ; md4_low      ; pause_low   ; 1.000        ; 10.000     ; 10.000     ;
; -3.000 ; md4_low   ; chan       ; md4_low      ; pause_low   ; 1.000        ; 10.000     ; 10.000     ;
; -3.000 ; md4_low   ; int_en     ; md4_low      ; pause_low   ; 1.000        ; 10.000     ; 10.000     ;
; -3.000 ; md4_low   ; erase      ; md4_low      ; pause_low   ; 1.000        ; 10.000     ; 10.000     ;
; -3.000 ; md3_low   ; write_thru ; md3_low      ; pause_low   ; 1.000        ; 10.000     ; 10.000     ;
; -3.000 ; md3_low   ; store      ; md3_low      ; pause_low   ; 1.000        ; 10.000     ; 10.000     ;
; -3.000 ; md3_low   ; color      ; md3_low      ; pause_low   ; 1.000        ; 10.000     ; 10.000     ;
; -3.000 ; md3_low   ; chan       ; md3_low      ; pause_low   ; 1.000        ; 10.000     ; 10.000     ;
; -3.000 ; md3_low   ; int_en     ; md3_low      ; pause_low   ; 1.000        ; 10.000     ; 10.000     ;
; -3.000 ; md3_low   ; erase      ; md3_low      ; pause_low   ; 1.000        ; 10.000     ; 10.000     ;
; -3.000 ; md7_low   ; write_thru ; md7_low      ; pause_low   ; 1.000        ; 10.000     ; 10.000     ;
; -3.000 ; md7_low   ; store      ; md7_low      ; pause_low   ; 1.000        ; 10.000     ; 10.000     ;
; -3.000 ; md7_low   ; color      ; md7_low      ; pause_low   ; 1.000        ; 10.000     ; 10.000     ;
; -3.000 ; md7_low   ; chan       ; md7_low      ; pause_low   ; 1.000        ; 10.000     ; 10.000     ;
; -3.000 ; md7_low   ; int_en     ; md7_low      ; pause_low   ; 1.000        ; 10.000     ; 10.000     ;
; -3.000 ; md7_low   ; erase      ; md7_low      ; pause_low   ; 1.000        ; 10.000     ; 10.000     ;
; -3.000 ; md6_low   ; write_thru ; md6_low      ; pause_low   ; 1.000        ; 10.000     ; 10.000     ;
; -3.000 ; md6_low   ; store      ; md6_low      ; pause_low   ; 1.000        ; 10.000     ; 10.000     ;
; -3.000 ; md6_low   ; color      ; md6_low      ; pause_low   ; 1.000        ; 10.000     ; 10.000     ;
; -3.000 ; md6_low   ; chan       ; md6_low      ; pause_low   ; 1.000        ; 10.000     ; 10.000     ;
+--------+-----------+------------+--------------+-------------+--------------+------------+------------+


+-------------------------------------------------------------------------------------------------------+
; Setup: 'tp3'                                                                                          ;
+--------+-----------+------------+--------------+-------------+--------------+------------+------------+
; Slack  ; From Node ; To Node    ; Launch Clock ; Latch Clock ; Relationship ; Clock Skew ; Data Delay ;
+--------+-----------+------------+--------------+-------------+--------------+------------+------------+
; -3.500 ; md10_low  ; write_thru ; md10_low     ; tp3         ; 0.500        ; 10.000     ; 10.000     ;
; -3.500 ; md10_low  ; store      ; md10_low     ; tp3         ; 0.500        ; 10.000     ; 10.000     ;
; -3.500 ; md10_low  ; color      ; md10_low     ; tp3         ; 0.500        ; 10.000     ; 10.000     ;
; -3.500 ; md10_low  ; chan       ; md10_low     ; tp3         ; 0.500        ; 10.000     ; 10.000     ;
; -3.500 ; md10_low  ; int_en     ; md10_low     ; tp3         ; 0.500        ; 10.000     ; 10.000     ;
; -3.500 ; md10_low  ; erase      ; md10_low     ; tp3         ; 0.500        ; 10.000     ; 10.000     ;
; -3.500 ; md11_low  ; write_thru ; md11_low     ; tp3         ; 0.500        ; 10.000     ; 10.000     ;
; -3.500 ; md11_low  ; store      ; md11_low     ; tp3         ; 0.500        ; 10.000     ; 10.000     ;
; -3.500 ; md11_low  ; color      ; md11_low     ; tp3         ; 0.500        ; 10.000     ; 10.000     ;
; -3.500 ; md11_low  ; chan       ; md11_low     ; tp3         ; 0.500        ; 10.000     ; 10.000     ;
; -3.500 ; md11_low  ; int_en     ; md11_low     ; tp3         ; 0.500        ; 10.000     ; 10.000     ;
; -3.500 ; md11_low  ; erase      ; md11_low     ; tp3         ; 0.500        ; 10.000     ; 10.000     ;
; -3.500 ; pause_low ; write_thru ; pause_low    ; tp3         ; 0.500        ; 10.000     ; 10.000     ;
; -3.500 ; pause_low ; store      ; pause_low    ; tp3         ; 0.500        ; 10.000     ; 10.000     ;
; -3.500 ; pause_low ; color      ; pause_low    ; tp3         ; 0.500        ; 10.000     ; 10.000     ;
; -3.500 ; pause_low ; chan       ; pause_low    ; tp3         ; 0.500        ; 10.000     ; 10.000     ;
; -3.500 ; pause_low ; int_en     ; pause_low    ; tp3         ; 0.500        ; 10.000     ; 10.000     ;
; -3.500 ; pause_low ; erase      ; pause_low    ; tp3         ; 0.500        ; 10.000     ; 10.000     ;
; -3.500 ; md4_low   ; write_thru ; md4_low      ; tp3         ; 0.500        ; 10.000     ; 10.000     ;
; -3.500 ; md4_low   ; store      ; md4_low      ; tp3         ; 0.500        ; 10.000     ; 10.000     ;
; -3.500 ; md4_low   ; color      ; md4_low      ; tp3         ; 0.500        ; 10.000     ; 10.000     ;
; -3.500 ; md4_low   ; chan       ; md4_low      ; tp3         ; 0.500        ; 10.000     ; 10.000     ;
; -3.500 ; md4_low   ; int_en     ; md4_low      ; tp3         ; 0.500        ; 10.000     ; 10.000     ;
; -3.500 ; md4_low   ; erase      ; md4_low      ; tp3         ; 0.500        ; 10.000     ; 10.000     ;
; -3.500 ; md3_low   ; write_thru ; md3_low      ; tp3         ; 0.500        ; 10.000     ; 10.000     ;
; -3.500 ; md3_low   ; store      ; md3_low      ; tp3         ; 0.500        ; 10.000     ; 10.000     ;
; -3.500 ; md3_low   ; color      ; md3_low      ; tp3         ; 0.500        ; 10.000     ; 10.000     ;
; -3.500 ; md3_low   ; chan       ; md3_low      ; tp3         ; 0.500        ; 10.000     ; 10.000     ;
; -3.500 ; md3_low   ; int_en     ; md3_low      ; tp3         ; 0.500        ; 10.000     ; 10.000     ;
; -3.500 ; md3_low   ; erase      ; md3_low      ; tp3         ; 0.500        ; 10.000     ; 10.000     ;
; -3.500 ; md7_low   ; write_thru ; md7_low      ; tp3         ; 0.500        ; 10.000     ; 10.000     ;
; -3.500 ; md7_low   ; store      ; md7_low      ; tp3         ; 0.500        ; 10.000     ; 10.000     ;
; -3.500 ; md7_low   ; color      ; md7_low      ; tp3         ; 0.500        ; 10.000     ; 10.000     ;
; -3.500 ; md7_low   ; chan       ; md7_low      ; tp3         ; 0.500        ; 10.000     ; 10.000     ;
; -3.500 ; md7_low   ; int_en     ; md7_low      ; tp3         ; 0.500        ; 10.000     ; 10.000     ;
; -3.500 ; md7_low   ; erase      ; md7_low      ; tp3         ; 0.500        ; 10.000     ; 10.000     ;
; -3.500 ; md6_low   ; write_thru ; md6_low      ; tp3         ; 0.500        ; 10.000     ; 10.000     ;
; -3.500 ; md6_low   ; store      ; md6_low      ; tp3         ; 0.500        ; 10.000     ; 10.000     ;
; -3.500 ; md6_low   ; color      ; md6_low      ; tp3         ; 0.500        ; 10.000     ; 10.000     ;
; -3.500 ; md6_low   ; chan       ; md6_low      ; tp3         ; 0.500        ; 10.000     ; 10.000     ;
; -3.500 ; md6_low   ; int_en     ; md6_low      ; tp3         ; 0.500        ; 10.000     ; 10.000     ;
; -3.500 ; md6_low   ; erase      ; md6_low      ; tp3         ; 0.500        ; 10.000     ; 10.000     ;
; -3.500 ; md8_low   ; write_thru ; md8_low      ; tp3         ; 0.500        ; 10.000     ; 10.000     ;
; -3.500 ; md8_low   ; store      ; md8_low      ; tp3         ; 0.500        ; 10.000     ; 10.000     ;
; -3.500 ; md8_low   ; color      ; md8_low      ; tp3         ; 0.500        ; 10.000     ; 10.000     ;
; -3.500 ; md8_low   ; chan       ; md8_low      ; tp3         ; 0.500        ; 10.000     ; 10.000     ;
; -3.500 ; md8_low   ; int_en     ; md8_low      ; tp3         ; 0.500        ; 10.000     ; 10.000     ;
; -3.500 ; md8_low   ; erase      ; md8_low      ; tp3         ; 0.500        ; 10.000     ; 10.000     ;
; -3.500 ; md5_low   ; write_thru ; md5_low      ; tp3         ; 0.500        ; 10.000     ; 10.000     ;
; -3.500 ; md5_low   ; store      ; md5_low      ; tp3         ; 0.500        ; 10.000     ; 10.000     ;
; -3.500 ; md5_low   ; color      ; md5_low      ; tp3         ; 0.500        ; 10.000     ; 10.000     ;
; -3.500 ; md5_low   ; chan       ; md5_low      ; tp3         ; 0.500        ; 10.000     ; 10.000     ;
; -3.500 ; md5_low   ; int_en     ; md5_low      ; tp3         ; 0.500        ; 10.000     ; 10.000     ;
; -3.500 ; md5_low   ; erase      ; md5_low      ; tp3         ; 0.500        ; 10.000     ; 10.000     ;
; -3.500 ; md9_low   ; write_thru ; md9_low      ; tp3         ; 0.500        ; 10.000     ; 10.000     ;
; -3.500 ; md9_low   ; store      ; md9_low      ; tp3         ; 0.500        ; 10.000     ; 10.000     ;
; -3.500 ; md9_low   ; color      ; md9_low      ; tp3         ; 0.500        ; 10.000     ; 10.000     ;
; -3.500 ; md9_low   ; chan       ; md9_low      ; tp3         ; 0.500        ; 10.000     ; 10.000     ;
; -3.500 ; md9_low   ; int_en     ; md9_low      ; tp3         ; 0.500        ; 10.000     ; 10.000     ;
; -3.500 ; md9_low   ; erase      ; md9_low      ; tp3         ; 0.500        ; 10.000     ; 10.000     ;
; -3.000 ; md10_low  ; write_thru ; md10_low     ; tp3         ; 1.000        ; 10.000     ; 10.000     ;
; -3.000 ; md10_low  ; store      ; md10_low     ; tp3         ; 1.000        ; 10.000     ; 10.000     ;
; -3.000 ; md10_low  ; color      ; md10_low     ; tp3         ; 1.000        ; 10.000     ; 10.000     ;
; -3.000 ; md10_low  ; chan       ; md10_low     ; tp3         ; 1.000        ; 10.000     ; 10.000     ;
; -3.000 ; md10_low  ; int_en     ; md10_low     ; tp3         ; 1.000        ; 10.000     ; 10.000     ;
; -3.000 ; md10_low  ; erase      ; md10_low     ; tp3         ; 1.000        ; 10.000     ; 10.000     ;
; -3.000 ; md11_low  ; write_thru ; md11_low     ; tp3         ; 1.000        ; 10.000     ; 10.000     ;
; -3.000 ; md11_low  ; store      ; md11_low     ; tp3         ; 1.000        ; 10.000     ; 10.000     ;
; -3.000 ; md11_low  ; color      ; md11_low     ; tp3         ; 1.000        ; 10.000     ; 10.000     ;
; -3.000 ; md11_low  ; chan       ; md11_low     ; tp3         ; 1.000        ; 10.000     ; 10.000     ;
; -3.000 ; md11_low  ; int_en     ; md11_low     ; tp3         ; 1.000        ; 10.000     ; 10.000     ;
; -3.000 ; md11_low  ; erase      ; md11_low     ; tp3         ; 1.000        ; 10.000     ; 10.000     ;
; -3.000 ; pause_low ; write_thru ; pause_low    ; tp3         ; 1.000        ; 10.000     ; 10.000     ;
; -3.000 ; pause_low ; store      ; pause_low    ; tp3         ; 1.000        ; 10.000     ; 10.000     ;
; -3.000 ; pause_low ; color      ; pause_low    ; tp3         ; 1.000        ; 10.000     ; 10.000     ;
; -3.000 ; pause_low ; chan       ; pause_low    ; tp3         ; 1.000        ; 10.000     ; 10.000     ;
; -3.000 ; pause_low ; int_en     ; pause_low    ; tp3         ; 1.000        ; 10.000     ; 10.000     ;
; -3.000 ; pause_low ; erase      ; pause_low    ; tp3         ; 1.000        ; 10.000     ; 10.000     ;
; -3.000 ; md4_low   ; write_thru ; md4_low      ; tp3         ; 1.000        ; 10.000     ; 10.000     ;
; -3.000 ; md4_low   ; store      ; md4_low      ; tp3         ; 1.000        ; 10.000     ; 10.000     ;
; -3.000 ; md4_low   ; color      ; md4_low      ; tp3         ; 1.000        ; 10.000     ; 10.000     ;
; -3.000 ; md4_low   ; chan       ; md4_low      ; tp3         ; 1.000        ; 10.000     ; 10.000     ;
; -3.000 ; md4_low   ; int_en     ; md4_low      ; tp3         ; 1.000        ; 10.000     ; 10.000     ;
; -3.000 ; md4_low   ; erase      ; md4_low      ; tp3         ; 1.000        ; 10.000     ; 10.000     ;
; -3.000 ; md3_low   ; write_thru ; md3_low      ; tp3         ; 1.000        ; 10.000     ; 10.000     ;
; -3.000 ; md3_low   ; store      ; md3_low      ; tp3         ; 1.000        ; 10.000     ; 10.000     ;
; -3.000 ; md3_low   ; color      ; md3_low      ; tp3         ; 1.000        ; 10.000     ; 10.000     ;
; -3.000 ; md3_low   ; chan       ; md3_low      ; tp3         ; 1.000        ; 10.000     ; 10.000     ;
; -3.000 ; md3_low   ; int_en     ; md3_low      ; tp3         ; 1.000        ; 10.000     ; 10.000     ;
; -3.000 ; md3_low   ; erase      ; md3_low      ; tp3         ; 1.000        ; 10.000     ; 10.000     ;
; -3.000 ; md7_low   ; write_thru ; md7_low      ; tp3         ; 1.000        ; 10.000     ; 10.000     ;
; -3.000 ; md7_low   ; store      ; md7_low      ; tp3         ; 1.000        ; 10.000     ; 10.000     ;
; -3.000 ; md7_low   ; color      ; md7_low      ; tp3         ; 1.000        ; 10.000     ; 10.000     ;
; -3.000 ; md7_low   ; chan       ; md7_low      ; tp3         ; 1.000        ; 10.000     ; 10.000     ;
; -3.000 ; md7_low   ; int_en     ; md7_low      ; tp3         ; 1.000        ; 10.000     ; 10.000     ;
; -3.000 ; md7_low   ; erase      ; md7_low      ; tp3         ; 1.000        ; 10.000     ; 10.000     ;
; -3.000 ; md6_low   ; write_thru ; md6_low      ; tp3         ; 1.000        ; 10.000     ; 10.000     ;
; -3.000 ; md6_low   ; store      ; md6_low      ; tp3         ; 1.000        ; 10.000     ; 10.000     ;
; -3.000 ; md6_low   ; color      ; md6_low      ; tp3         ; 1.000        ; 10.000     ; 10.000     ;
; -3.000 ; md6_low   ; chan       ; md6_low      ; tp3         ; 1.000        ; 10.000     ; 10.000     ;
+--------+-----------+------------+--------------+-------------+--------------+------------+------------+


+----------------------------------------------------------------------------------------------------+
; Setup: 'dk01'                                                                                      ;
+--------+-----------+---------+--------------+-------------+--------------+------------+------------+
; Slack  ; From Node ; To Node ; Launch Clock ; Latch Clock ; Relationship ; Clock Skew ; Data Delay ;
+--------+-----------+---------+--------------+-------------+--------------+------------+------------+
; -3.500 ; dk02      ; dk02    ; dk02         ; dk01        ; 0.500        ; 8.000      ; 9.000      ;
; -3.000 ; dk02      ; dk02    ; dk02         ; dk01        ; 1.000        ; 8.000      ; 9.000      ;
+--------+-----------+---------+--------------+-------------+--------------+------------+------------+


+----------------------------------------------------------------------------------------------------+
; Setup: 'dk02'                                                                                      ;
+--------+-----------+---------+--------------+-------------+--------------+------------+------------+
; Slack  ; From Node ; To Node ; Launch Clock ; Latch Clock ; Relationship ; Clock Skew ; Data Delay ;
+--------+-----------+---------+--------------+-------------+--------------+------------+------------+
; -3.500 ; dk03      ; dk03    ; dk03         ; dk02        ; 0.500        ; 8.000      ; 9.000      ;
; -3.000 ; dk03      ; dk03    ; dk03         ; dk02        ; 1.000        ; 8.000      ; 9.000      ;
+--------+-----------+---------+--------------+-------------+--------------+------------+------------+


+----------------------------------------------------------------------------------------------------+
; Setup: 'dk05'                                                                                      ;
+--------+-----------+---------+--------------+-------------+--------------+------------+------------+
; Slack  ; From Node ; To Node ; Launch Clock ; Latch Clock ; Relationship ; Clock Skew ; Data Delay ;
+--------+-----------+---------+--------------+-------------+--------------+------------+------------+
; -3.500 ; dk06      ; dk06    ; dk06         ; dk05        ; 0.500        ; 8.000      ; 9.000      ;
; -3.000 ; dk06      ; dk06    ; dk06         ; dk05        ; 1.000        ; 8.000      ; 9.000      ;
+--------+-----------+---------+--------------+-------------+--------------+------------+------------+


+----------------------------------------------------------------------------------------------------+
; Setup: 'dk06'                                                                                      ;
+--------+-----------+---------+--------------+-------------+--------------+------------+------------+
; Slack  ; From Node ; To Node ; Launch Clock ; Latch Clock ; Relationship ; Clock Skew ; Data Delay ;
+--------+-----------+---------+--------------+-------------+--------------+------------+------------+
; -3.500 ; dk07      ; dk07    ; dk07         ; dk06        ; 0.500        ; 8.000      ; 9.000      ;
; -3.000 ; dk07      ; dk07    ; dk07         ; dk06        ; 1.000        ; 8.000      ; 9.000      ;
+--------+-----------+---------+--------------+-------------+--------------+------------+------------+


+----------------------------------------------------------------------------------------------------+
; Setup: 'dk07'                                                                                      ;
+--------+-----------+---------+--------------+-------------+--------------+------------+------------+
; Slack  ; From Node ; To Node ; Launch Clock ; Latch Clock ; Relationship ; Clock Skew ; Data Delay ;
+--------+-----------+---------+--------------+-------------+--------------+------------+------------+
; -3.500 ; dk08      ; dk08    ; dk08         ; dk07        ; 0.500        ; 8.000      ; 9.000      ;
; -3.000 ; dk08      ; dk08    ; dk08         ; dk07        ; 1.000        ; 8.000      ; 9.000      ;
+--------+-----------+---------+--------------+-------------+--------------+------------+------------+


+----------------------------------------------------------------------------------------------------+
; Setup: 'dk08'                                                                                      ;
+--------+-----------+---------+--------------+-------------+--------------+------------+------------+
; Slack  ; From Node ; To Node ; Launch Clock ; Latch Clock ; Relationship ; Clock Skew ; Data Delay ;
+--------+-----------+---------+--------------+-------------+--------------+------------+------------+
; -3.500 ; dk09      ; dk09    ; dk09         ; dk08        ; 0.500        ; 8.000      ; 9.000      ;
; -3.000 ; dk09      ; dk09    ; dk09         ; dk08        ; 1.000        ; 8.000      ; 9.000      ;
+--------+-----------+---------+--------------+-------------+--------------+------------+------------+


+----------------------------------------------------------------------------------------------------+
; Setup: 'dk09'                                                                                      ;
+--------+-----------+---------+--------------+-------------+--------------+------------+------------+
; Slack  ; From Node ; To Node ; Launch Clock ; Latch Clock ; Relationship ; Clock Skew ; Data Delay ;
+--------+-----------+---------+--------------+-------------+--------------+------------+------------+
; -3.500 ; dk10      ; dk10    ; dk10         ; dk09        ; 0.500        ; 8.000      ; 9.000      ;
; -3.000 ; dk10      ; dk10    ; dk10         ; dk09        ; 1.000        ; 8.000      ; 9.000      ;
+--------+-----------+---------+--------------+-------------+--------------+------------+------------+


+----------------------------------------------------------------------------------------------------+
; Setup: 'dk10'                                                                                      ;
+--------+-----------+---------+--------------+-------------+--------------+------------+------------+
; Slack  ; From Node ; To Node ; Launch Clock ; Latch Clock ; Relationship ; Clock Skew ; Data Delay ;
+--------+-----------+---------+--------------+-------------+--------------+------------+------------+
; -3.500 ; dk11      ; dk11    ; dk11         ; dk10        ; 0.500        ; 8.000      ; 9.000      ;
; -3.000 ; dk11      ; dk11    ; dk11         ; dk10        ; 1.000        ; 8.000      ; 9.000      ;
+--------+-----------+---------+--------------+-------------+--------------+------------+------------+


+----------------------------------------------------------------------------------------------------+
; Setup: 'dk11'                                                                                      ;
+--------+-----------+---------+--------------+-------------+--------------+------------+------------+
; Slack  ; From Node ; To Node ; Launch Clock ; Latch Clock ; Relationship ; Clock Skew ; Data Delay ;
+--------+-----------+---------+--------------+-------------+--------------+------------+------------+
; -3.500 ; dk12      ; dk12    ; dk12         ; dk11        ; 0.500        ; 8.000      ; 9.000      ;
; -3.000 ; dk12      ; dk12    ; dk12         ; dk11        ; 1.000        ; 8.000      ; 9.000      ;
+--------+-----------+---------+--------------+-------------+--------------+------------+------------+


+----------------------------------------------------------------------------------------------------+
; Setup: 'dk12'                                                                                      ;
+--------+-----------+---------+--------------+-------------+--------------+------------+------------+
; Slack  ; From Node ; To Node ; Launch Clock ; Latch Clock ; Relationship ; Clock Skew ; Data Delay ;
+--------+-----------+---------+--------------+-------------+--------------+------------+------------+
; -3.500 ; dk13      ; dk13    ; dk13         ; dk12        ; 0.500        ; 8.000      ; 9.000      ;
; -3.000 ; dk13      ; dk13    ; dk13         ; dk12        ; 1.000        ; 8.000      ; 9.000      ;
+--------+-----------+---------+--------------+-------------+--------------+------------+------------+


+----------------------------------------------------------------------------------------------------+
; Setup: 'dk13'                                                                                      ;
+--------+-----------+---------+--------------+-------------+--------------+------------+------------+
; Slack  ; From Node ; To Node ; Launch Clock ; Latch Clock ; Relationship ; Clock Skew ; Data Delay ;
+--------+-----------+---------+--------------+-------------+--------------+------------+------------+
; -3.500 ; dk14      ; dk14    ; dk14         ; dk13        ; 0.500        ; 8.000      ; 9.000      ;
; -3.000 ; dk14      ; dk14    ; dk14         ; dk13        ; 1.000        ; 8.000      ; 9.000      ;
+--------+-----------+---------+--------------+-------------+--------------+------------+------------+


+----------------------------------------------------------------------------------------------------+
; Setup: 'dk03'                                                                                      ;
+--------+-----------+---------+--------------+-------------+--------------+------------+------------+
; Slack  ; From Node ; To Node ; Launch Clock ; Latch Clock ; Relationship ; Clock Skew ; Data Delay ;
+--------+-----------+---------+--------------+-------------+--------------+------------+------------+
; 12.500 ; dk05      ; dk05    ; dk05         ; dk03        ; 0.500        ; 24.000     ; 9.000      ;
; 12.500 ; dk05      ; dk05    ; dk05         ; dk03        ; 0.500        ; 24.000     ; 9.000      ;
; 13.000 ; dk05      ; dk05    ; dk05         ; dk03        ; 1.000        ; 24.000     ; 9.000      ;
; 13.000 ; dk05      ; dk05    ; dk05         ; dk03        ; 1.000        ; 24.000     ; 9.000      ;
+--------+-----------+---------+--------------+-------------+--------------+------------+------------+


+-----------------------------------------------------------------------------------------------------+
; Hold: 'dk03'                                                                                        ;
+---------+-----------+---------+--------------+-------------+--------------+------------+------------+
; Slack   ; From Node ; To Node ; Launch Clock ; Latch Clock ; Relationship ; Clock Skew ; Data Delay ;
+---------+-----------+---------+--------------+-------------+--------------+------------+------------+
; -20.000 ; dk05      ; dk05    ; dk05         ; dk03        ; 0.000        ; 24.000     ; 9.000      ;
; -20.000 ; dk05      ; dk05    ; dk05         ; dk03        ; 0.000        ; 24.000     ; 9.000      ;
; -19.500 ; dk05      ; dk05    ; dk05         ; dk03        ; -0.500       ; 24.000     ; 9.000      ;
; -19.500 ; dk05      ; dk05    ; dk05         ; dk03        ; -0.500       ; 24.000     ; 9.000      ;
+---------+-----------+---------+--------------+-------------+--------------+------------+------------+


+-------------------------------------------------------------------------------------------------------+
; Hold: 'md10_low'                                                                                      ;
+--------+-----------+------------+--------------+-------------+--------------+------------+------------+
; Slack  ; From Node ; To Node    ; Launch Clock ; Latch Clock ; Relationship ; Clock Skew ; Data Delay ;
+--------+-----------+------------+--------------+-------------+--------------+------------+------------+
; -4.000 ; md10_low  ; write_thru ; md10_low     ; md10_low    ; 0.000        ; 10.000     ; 10.000     ;
; -4.000 ; md10_low  ; store      ; md10_low     ; md10_low    ; 0.000        ; 10.000     ; 10.000     ;
; -4.000 ; md10_low  ; color      ; md10_low     ; md10_low    ; 0.000        ; 10.000     ; 10.000     ;
; -4.000 ; md10_low  ; chan       ; md10_low     ; md10_low    ; 0.000        ; 10.000     ; 10.000     ;
; -4.000 ; md10_low  ; int_en     ; md10_low     ; md10_low    ; 0.000        ; 10.000     ; 10.000     ;
; -4.000 ; md10_low  ; erase      ; md10_low     ; md10_low    ; 0.000        ; 10.000     ; 10.000     ;
; -4.000 ; md11_low  ; write_thru ; md11_low     ; md10_low    ; 0.000        ; 10.000     ; 10.000     ;
; -4.000 ; md11_low  ; store      ; md11_low     ; md10_low    ; 0.000        ; 10.000     ; 10.000     ;
; -4.000 ; md11_low  ; color      ; md11_low     ; md10_low    ; 0.000        ; 10.000     ; 10.000     ;
; -4.000 ; md11_low  ; chan       ; md11_low     ; md10_low    ; 0.000        ; 10.000     ; 10.000     ;
; -4.000 ; md11_low  ; int_en     ; md11_low     ; md10_low    ; 0.000        ; 10.000     ; 10.000     ;
; -4.000 ; md11_low  ; erase      ; md11_low     ; md10_low    ; 0.000        ; 10.000     ; 10.000     ;
; -4.000 ; pause_low ; write_thru ; pause_low    ; md10_low    ; 0.000        ; 10.000     ; 10.000     ;
; -4.000 ; pause_low ; store      ; pause_low    ; md10_low    ; 0.000        ; 10.000     ; 10.000     ;
; -4.000 ; pause_low ; color      ; pause_low    ; md10_low    ; 0.000        ; 10.000     ; 10.000     ;
; -4.000 ; pause_low ; chan       ; pause_low    ; md10_low    ; 0.000        ; 10.000     ; 10.000     ;
; -4.000 ; pause_low ; int_en     ; pause_low    ; md10_low    ; 0.000        ; 10.000     ; 10.000     ;
; -4.000 ; pause_low ; erase      ; pause_low    ; md10_low    ; 0.000        ; 10.000     ; 10.000     ;
; -4.000 ; md4_low   ; write_thru ; md4_low      ; md10_low    ; 0.000        ; 10.000     ; 10.000     ;
; -4.000 ; md4_low   ; store      ; md4_low      ; md10_low    ; 0.000        ; 10.000     ; 10.000     ;
; -4.000 ; md4_low   ; color      ; md4_low      ; md10_low    ; 0.000        ; 10.000     ; 10.000     ;
; -4.000 ; md4_low   ; chan       ; md4_low      ; md10_low    ; 0.000        ; 10.000     ; 10.000     ;
; -4.000 ; md4_low   ; int_en     ; md4_low      ; md10_low    ; 0.000        ; 10.000     ; 10.000     ;
; -4.000 ; md4_low   ; erase      ; md4_low      ; md10_low    ; 0.000        ; 10.000     ; 10.000     ;
; -4.000 ; md3_low   ; write_thru ; md3_low      ; md10_low    ; 0.000        ; 10.000     ; 10.000     ;
; -4.000 ; md3_low   ; store      ; md3_low      ; md10_low    ; 0.000        ; 10.000     ; 10.000     ;
; -4.000 ; md3_low   ; color      ; md3_low      ; md10_low    ; 0.000        ; 10.000     ; 10.000     ;
; -4.000 ; md3_low   ; chan       ; md3_low      ; md10_low    ; 0.000        ; 10.000     ; 10.000     ;
; -4.000 ; md3_low   ; int_en     ; md3_low      ; md10_low    ; 0.000        ; 10.000     ; 10.000     ;
; -4.000 ; md3_low   ; erase      ; md3_low      ; md10_low    ; 0.000        ; 10.000     ; 10.000     ;
; -4.000 ; md7_low   ; write_thru ; md7_low      ; md10_low    ; 0.000        ; 10.000     ; 10.000     ;
; -4.000 ; md7_low   ; store      ; md7_low      ; md10_low    ; 0.000        ; 10.000     ; 10.000     ;
; -4.000 ; md7_low   ; color      ; md7_low      ; md10_low    ; 0.000        ; 10.000     ; 10.000     ;
; -4.000 ; md7_low   ; chan       ; md7_low      ; md10_low    ; 0.000        ; 10.000     ; 10.000     ;
; -4.000 ; md7_low   ; int_en     ; md7_low      ; md10_low    ; 0.000        ; 10.000     ; 10.000     ;
; -4.000 ; md7_low   ; erase      ; md7_low      ; md10_low    ; 0.000        ; 10.000     ; 10.000     ;
; -4.000 ; md6_low   ; write_thru ; md6_low      ; md10_low    ; 0.000        ; 10.000     ; 10.000     ;
; -4.000 ; md6_low   ; store      ; md6_low      ; md10_low    ; 0.000        ; 10.000     ; 10.000     ;
; -4.000 ; md6_low   ; color      ; md6_low      ; md10_low    ; 0.000        ; 10.000     ; 10.000     ;
; -4.000 ; md6_low   ; chan       ; md6_low      ; md10_low    ; 0.000        ; 10.000     ; 10.000     ;
; -4.000 ; md6_low   ; int_en     ; md6_low      ; md10_low    ; 0.000        ; 10.000     ; 10.000     ;
; -4.000 ; md6_low   ; erase      ; md6_low      ; md10_low    ; 0.000        ; 10.000     ; 10.000     ;
; -4.000 ; md8_low   ; write_thru ; md8_low      ; md10_low    ; 0.000        ; 10.000     ; 10.000     ;
; -4.000 ; md8_low   ; store      ; md8_low      ; md10_low    ; 0.000        ; 10.000     ; 10.000     ;
; -4.000 ; md8_low   ; color      ; md8_low      ; md10_low    ; 0.000        ; 10.000     ; 10.000     ;
; -4.000 ; md8_low   ; chan       ; md8_low      ; md10_low    ; 0.000        ; 10.000     ; 10.000     ;
; -4.000 ; md8_low   ; int_en     ; md8_low      ; md10_low    ; 0.000        ; 10.000     ; 10.000     ;
; -4.000 ; md8_low   ; erase      ; md8_low      ; md10_low    ; 0.000        ; 10.000     ; 10.000     ;
; -4.000 ; md5_low   ; write_thru ; md5_low      ; md10_low    ; 0.000        ; 10.000     ; 10.000     ;
; -4.000 ; md5_low   ; store      ; md5_low      ; md10_low    ; 0.000        ; 10.000     ; 10.000     ;
; -4.000 ; md5_low   ; color      ; md5_low      ; md10_low    ; 0.000        ; 10.000     ; 10.000     ;
; -4.000 ; md5_low   ; chan       ; md5_low      ; md10_low    ; 0.000        ; 10.000     ; 10.000     ;
; -4.000 ; md5_low   ; int_en     ; md5_low      ; md10_low    ; 0.000        ; 10.000     ; 10.000     ;
; -4.000 ; md5_low   ; erase      ; md5_low      ; md10_low    ; 0.000        ; 10.000     ; 10.000     ;
; -4.000 ; md9_low   ; write_thru ; md9_low      ; md10_low    ; 0.000        ; 10.000     ; 10.000     ;
; -4.000 ; md9_low   ; store      ; md9_low      ; md10_low    ; 0.000        ; 10.000     ; 10.000     ;
; -4.000 ; md9_low   ; color      ; md9_low      ; md10_low    ; 0.000        ; 10.000     ; 10.000     ;
; -4.000 ; md9_low   ; chan       ; md9_low      ; md10_low    ; 0.000        ; 10.000     ; 10.000     ;
; -4.000 ; md9_low   ; int_en     ; md9_low      ; md10_low    ; 0.000        ; 10.000     ; 10.000     ;
; -4.000 ; md9_low   ; erase      ; md9_low      ; md10_low    ; 0.000        ; 10.000     ; 10.000     ;
; -3.500 ; md10_low  ; write_thru ; md10_low     ; md10_low    ; -0.500       ; 10.000     ; 10.000     ;
; -3.500 ; md10_low  ; store      ; md10_low     ; md10_low    ; -0.500       ; 10.000     ; 10.000     ;
; -3.500 ; md10_low  ; color      ; md10_low     ; md10_low    ; -0.500       ; 10.000     ; 10.000     ;
; -3.500 ; md10_low  ; chan       ; md10_low     ; md10_low    ; -0.500       ; 10.000     ; 10.000     ;
; -3.500 ; md10_low  ; int_en     ; md10_low     ; md10_low    ; -0.500       ; 10.000     ; 10.000     ;
; -3.500 ; md10_low  ; erase      ; md10_low     ; md10_low    ; -0.500       ; 10.000     ; 10.000     ;
; -3.500 ; md11_low  ; write_thru ; md11_low     ; md10_low    ; -0.500       ; 10.000     ; 10.000     ;
; -3.500 ; md11_low  ; store      ; md11_low     ; md10_low    ; -0.500       ; 10.000     ; 10.000     ;
; -3.500 ; md11_low  ; color      ; md11_low     ; md10_low    ; -0.500       ; 10.000     ; 10.000     ;
; -3.500 ; md11_low  ; chan       ; md11_low     ; md10_low    ; -0.500       ; 10.000     ; 10.000     ;
; -3.500 ; md11_low  ; int_en     ; md11_low     ; md10_low    ; -0.500       ; 10.000     ; 10.000     ;
; -3.500 ; md11_low  ; erase      ; md11_low     ; md10_low    ; -0.500       ; 10.000     ; 10.000     ;
; -3.500 ; pause_low ; write_thru ; pause_low    ; md10_low    ; -0.500       ; 10.000     ; 10.000     ;
; -3.500 ; pause_low ; store      ; pause_low    ; md10_low    ; -0.500       ; 10.000     ; 10.000     ;
; -3.500 ; pause_low ; color      ; pause_low    ; md10_low    ; -0.500       ; 10.000     ; 10.000     ;
; -3.500 ; pause_low ; chan       ; pause_low    ; md10_low    ; -0.500       ; 10.000     ; 10.000     ;
; -3.500 ; pause_low ; int_en     ; pause_low    ; md10_low    ; -0.500       ; 10.000     ; 10.000     ;
; -3.500 ; pause_low ; erase      ; pause_low    ; md10_low    ; -0.500       ; 10.000     ; 10.000     ;
; -3.500 ; md4_low   ; write_thru ; md4_low      ; md10_low    ; -0.500       ; 10.000     ; 10.000     ;
; -3.500 ; md4_low   ; store      ; md4_low      ; md10_low    ; -0.500       ; 10.000     ; 10.000     ;
; -3.500 ; md4_low   ; color      ; md4_low      ; md10_low    ; -0.500       ; 10.000     ; 10.000     ;
; -3.500 ; md4_low   ; chan       ; md4_low      ; md10_low    ; -0.500       ; 10.000     ; 10.000     ;
; -3.500 ; md4_low   ; int_en     ; md4_low      ; md10_low    ; -0.500       ; 10.000     ; 10.000     ;
; -3.500 ; md4_low   ; erase      ; md4_low      ; md10_low    ; -0.500       ; 10.000     ; 10.000     ;
; -3.500 ; md3_low   ; write_thru ; md3_low      ; md10_low    ; -0.500       ; 10.000     ; 10.000     ;
; -3.500 ; md3_low   ; store      ; md3_low      ; md10_low    ; -0.500       ; 10.000     ; 10.000     ;
; -3.500 ; md3_low   ; color      ; md3_low      ; md10_low    ; -0.500       ; 10.000     ; 10.000     ;
; -3.500 ; md3_low   ; chan       ; md3_low      ; md10_low    ; -0.500       ; 10.000     ; 10.000     ;
; -3.500 ; md3_low   ; int_en     ; md3_low      ; md10_low    ; -0.500       ; 10.000     ; 10.000     ;
; -3.500 ; md3_low   ; erase      ; md3_low      ; md10_low    ; -0.500       ; 10.000     ; 10.000     ;
; -3.500 ; md7_low   ; write_thru ; md7_low      ; md10_low    ; -0.500       ; 10.000     ; 10.000     ;
; -3.500 ; md7_low   ; store      ; md7_low      ; md10_low    ; -0.500       ; 10.000     ; 10.000     ;
; -3.500 ; md7_low   ; color      ; md7_low      ; md10_low    ; -0.500       ; 10.000     ; 10.000     ;
; -3.500 ; md7_low   ; chan       ; md7_low      ; md10_low    ; -0.500       ; 10.000     ; 10.000     ;
; -3.500 ; md7_low   ; int_en     ; md7_low      ; md10_low    ; -0.500       ; 10.000     ; 10.000     ;
; -3.500 ; md7_low   ; erase      ; md7_low      ; md10_low    ; -0.500       ; 10.000     ; 10.000     ;
; -3.500 ; md6_low   ; write_thru ; md6_low      ; md10_low    ; -0.500       ; 10.000     ; 10.000     ;
; -3.500 ; md6_low   ; store      ; md6_low      ; md10_low    ; -0.500       ; 10.000     ; 10.000     ;
; -3.500 ; md6_low   ; color      ; md6_low      ; md10_low    ; -0.500       ; 10.000     ; 10.000     ;
; -3.500 ; md6_low   ; chan       ; md6_low      ; md10_low    ; -0.500       ; 10.000     ; 10.000     ;
+--------+-----------+------------+--------------+-------------+--------------+------------+------------+


+-------------------------------------------------------------------------------------------------------+
; Hold: 'md11_low'                                                                                      ;
+--------+-----------+------------+--------------+-------------+--------------+------------+------------+
; Slack  ; From Node ; To Node    ; Launch Clock ; Latch Clock ; Relationship ; Clock Skew ; Data Delay ;
+--------+-----------+------------+--------------+-------------+--------------+------------+------------+
; -4.000 ; md10_low  ; write_thru ; md10_low     ; md11_low    ; 0.000        ; 10.000     ; 10.000     ;
; -4.000 ; md10_low  ; store      ; md10_low     ; md11_low    ; 0.000        ; 10.000     ; 10.000     ;
; -4.000 ; md10_low  ; color      ; md10_low     ; md11_low    ; 0.000        ; 10.000     ; 10.000     ;
; -4.000 ; md10_low  ; chan       ; md10_low     ; md11_low    ; 0.000        ; 10.000     ; 10.000     ;
; -4.000 ; md10_low  ; int_en     ; md10_low     ; md11_low    ; 0.000        ; 10.000     ; 10.000     ;
; -4.000 ; md10_low  ; erase      ; md10_low     ; md11_low    ; 0.000        ; 10.000     ; 10.000     ;
; -4.000 ; md11_low  ; write_thru ; md11_low     ; md11_low    ; 0.000        ; 10.000     ; 10.000     ;
; -4.000 ; md11_low  ; store      ; md11_low     ; md11_low    ; 0.000        ; 10.000     ; 10.000     ;
; -4.000 ; md11_low  ; color      ; md11_low     ; md11_low    ; 0.000        ; 10.000     ; 10.000     ;
; -4.000 ; md11_low  ; chan       ; md11_low     ; md11_low    ; 0.000        ; 10.000     ; 10.000     ;
; -4.000 ; md11_low  ; int_en     ; md11_low     ; md11_low    ; 0.000        ; 10.000     ; 10.000     ;
; -4.000 ; md11_low  ; erase      ; md11_low     ; md11_low    ; 0.000        ; 10.000     ; 10.000     ;
; -4.000 ; pause_low ; write_thru ; pause_low    ; md11_low    ; 0.000        ; 10.000     ; 10.000     ;
; -4.000 ; pause_low ; store      ; pause_low    ; md11_low    ; 0.000        ; 10.000     ; 10.000     ;
; -4.000 ; pause_low ; color      ; pause_low    ; md11_low    ; 0.000        ; 10.000     ; 10.000     ;
; -4.000 ; pause_low ; chan       ; pause_low    ; md11_low    ; 0.000        ; 10.000     ; 10.000     ;
; -4.000 ; pause_low ; int_en     ; pause_low    ; md11_low    ; 0.000        ; 10.000     ; 10.000     ;
; -4.000 ; pause_low ; erase      ; pause_low    ; md11_low    ; 0.000        ; 10.000     ; 10.000     ;
; -4.000 ; md4_low   ; write_thru ; md4_low      ; md11_low    ; 0.000        ; 10.000     ; 10.000     ;
; -4.000 ; md4_low   ; store      ; md4_low      ; md11_low    ; 0.000        ; 10.000     ; 10.000     ;
; -4.000 ; md4_low   ; color      ; md4_low      ; md11_low    ; 0.000        ; 10.000     ; 10.000     ;
; -4.000 ; md4_low   ; chan       ; md4_low      ; md11_low    ; 0.000        ; 10.000     ; 10.000     ;
; -4.000 ; md4_low   ; int_en     ; md4_low      ; md11_low    ; 0.000        ; 10.000     ; 10.000     ;
; -4.000 ; md4_low   ; erase      ; md4_low      ; md11_low    ; 0.000        ; 10.000     ; 10.000     ;
; -4.000 ; md3_low   ; write_thru ; md3_low      ; md11_low    ; 0.000        ; 10.000     ; 10.000     ;
; -4.000 ; md3_low   ; store      ; md3_low      ; md11_low    ; 0.000        ; 10.000     ; 10.000     ;
; -4.000 ; md3_low   ; color      ; md3_low      ; md11_low    ; 0.000        ; 10.000     ; 10.000     ;
; -4.000 ; md3_low   ; chan       ; md3_low      ; md11_low    ; 0.000        ; 10.000     ; 10.000     ;
; -4.000 ; md3_low   ; int_en     ; md3_low      ; md11_low    ; 0.000        ; 10.000     ; 10.000     ;
; -4.000 ; md3_low   ; erase      ; md3_low      ; md11_low    ; 0.000        ; 10.000     ; 10.000     ;
; -4.000 ; md7_low   ; write_thru ; md7_low      ; md11_low    ; 0.000        ; 10.000     ; 10.000     ;
; -4.000 ; md7_low   ; store      ; md7_low      ; md11_low    ; 0.000        ; 10.000     ; 10.000     ;
; -4.000 ; md7_low   ; color      ; md7_low      ; md11_low    ; 0.000        ; 10.000     ; 10.000     ;
; -4.000 ; md7_low   ; chan       ; md7_low      ; md11_low    ; 0.000        ; 10.000     ; 10.000     ;
; -4.000 ; md7_low   ; int_en     ; md7_low      ; md11_low    ; 0.000        ; 10.000     ; 10.000     ;
; -4.000 ; md7_low   ; erase      ; md7_low      ; md11_low    ; 0.000        ; 10.000     ; 10.000     ;
; -4.000 ; md6_low   ; write_thru ; md6_low      ; md11_low    ; 0.000        ; 10.000     ; 10.000     ;
; -4.000 ; md6_low   ; store      ; md6_low      ; md11_low    ; 0.000        ; 10.000     ; 10.000     ;
; -4.000 ; md6_low   ; color      ; md6_low      ; md11_low    ; 0.000        ; 10.000     ; 10.000     ;
; -4.000 ; md6_low   ; chan       ; md6_low      ; md11_low    ; 0.000        ; 10.000     ; 10.000     ;
; -4.000 ; md6_low   ; int_en     ; md6_low      ; md11_low    ; 0.000        ; 10.000     ; 10.000     ;
; -4.000 ; md6_low   ; erase      ; md6_low      ; md11_low    ; 0.000        ; 10.000     ; 10.000     ;
; -4.000 ; md8_low   ; write_thru ; md8_low      ; md11_low    ; 0.000        ; 10.000     ; 10.000     ;
; -4.000 ; md8_low   ; store      ; md8_low      ; md11_low    ; 0.000        ; 10.000     ; 10.000     ;
; -4.000 ; md8_low   ; color      ; md8_low      ; md11_low    ; 0.000        ; 10.000     ; 10.000     ;
; -4.000 ; md8_low   ; chan       ; md8_low      ; md11_low    ; 0.000        ; 10.000     ; 10.000     ;
; -4.000 ; md8_low   ; int_en     ; md8_low      ; md11_low    ; 0.000        ; 10.000     ; 10.000     ;
; -4.000 ; md8_low   ; erase      ; md8_low      ; md11_low    ; 0.000        ; 10.000     ; 10.000     ;
; -4.000 ; md5_low   ; write_thru ; md5_low      ; md11_low    ; 0.000        ; 10.000     ; 10.000     ;
; -4.000 ; md5_low   ; store      ; md5_low      ; md11_low    ; 0.000        ; 10.000     ; 10.000     ;
; -4.000 ; md5_low   ; color      ; md5_low      ; md11_low    ; 0.000        ; 10.000     ; 10.000     ;
; -4.000 ; md5_low   ; chan       ; md5_low      ; md11_low    ; 0.000        ; 10.000     ; 10.000     ;
; -4.000 ; md5_low   ; int_en     ; md5_low      ; md11_low    ; 0.000        ; 10.000     ; 10.000     ;
; -4.000 ; md5_low   ; erase      ; md5_low      ; md11_low    ; 0.000        ; 10.000     ; 10.000     ;
; -4.000 ; md9_low   ; write_thru ; md9_low      ; md11_low    ; 0.000        ; 10.000     ; 10.000     ;
; -4.000 ; md9_low   ; store      ; md9_low      ; md11_low    ; 0.000        ; 10.000     ; 10.000     ;
; -4.000 ; md9_low   ; color      ; md9_low      ; md11_low    ; 0.000        ; 10.000     ; 10.000     ;
; -4.000 ; md9_low   ; chan       ; md9_low      ; md11_low    ; 0.000        ; 10.000     ; 10.000     ;
; -4.000 ; md9_low   ; int_en     ; md9_low      ; md11_low    ; 0.000        ; 10.000     ; 10.000     ;
; -4.000 ; md9_low   ; erase      ; md9_low      ; md11_low    ; 0.000        ; 10.000     ; 10.000     ;
; -3.500 ; md10_low  ; write_thru ; md10_low     ; md11_low    ; -0.500       ; 10.000     ; 10.000     ;
; -3.500 ; md10_low  ; store      ; md10_low     ; md11_low    ; -0.500       ; 10.000     ; 10.000     ;
; -3.500 ; md10_low  ; color      ; md10_low     ; md11_low    ; -0.500       ; 10.000     ; 10.000     ;
; -3.500 ; md10_low  ; chan       ; md10_low     ; md11_low    ; -0.500       ; 10.000     ; 10.000     ;
; -3.500 ; md10_low  ; int_en     ; md10_low     ; md11_low    ; -0.500       ; 10.000     ; 10.000     ;
; -3.500 ; md10_low  ; erase      ; md10_low     ; md11_low    ; -0.500       ; 10.000     ; 10.000     ;
; -3.500 ; md11_low  ; write_thru ; md11_low     ; md11_low    ; -0.500       ; 10.000     ; 10.000     ;
; -3.500 ; md11_low  ; store      ; md11_low     ; md11_low    ; -0.500       ; 10.000     ; 10.000     ;
; -3.500 ; md11_low  ; color      ; md11_low     ; md11_low    ; -0.500       ; 10.000     ; 10.000     ;
; -3.500 ; md11_low  ; chan       ; md11_low     ; md11_low    ; -0.500       ; 10.000     ; 10.000     ;
; -3.500 ; md11_low  ; int_en     ; md11_low     ; md11_low    ; -0.500       ; 10.000     ; 10.000     ;
; -3.500 ; md11_low  ; erase      ; md11_low     ; md11_low    ; -0.500       ; 10.000     ; 10.000     ;
; -3.500 ; pause_low ; write_thru ; pause_low    ; md11_low    ; -0.500       ; 10.000     ; 10.000     ;
; -3.500 ; pause_low ; store      ; pause_low    ; md11_low    ; -0.500       ; 10.000     ; 10.000     ;
; -3.500 ; pause_low ; color      ; pause_low    ; md11_low    ; -0.500       ; 10.000     ; 10.000     ;
; -3.500 ; pause_low ; chan       ; pause_low    ; md11_low    ; -0.500       ; 10.000     ; 10.000     ;
; -3.500 ; pause_low ; int_en     ; pause_low    ; md11_low    ; -0.500       ; 10.000     ; 10.000     ;
; -3.500 ; pause_low ; erase      ; pause_low    ; md11_low    ; -0.500       ; 10.000     ; 10.000     ;
; -3.500 ; md4_low   ; write_thru ; md4_low      ; md11_low    ; -0.500       ; 10.000     ; 10.000     ;
; -3.500 ; md4_low   ; store      ; md4_low      ; md11_low    ; -0.500       ; 10.000     ; 10.000     ;
; -3.500 ; md4_low   ; color      ; md4_low      ; md11_low    ; -0.500       ; 10.000     ; 10.000     ;
; -3.500 ; md4_low   ; chan       ; md4_low      ; md11_low    ; -0.500       ; 10.000     ; 10.000     ;
; -3.500 ; md4_low   ; int_en     ; md4_low      ; md11_low    ; -0.500       ; 10.000     ; 10.000     ;
; -3.500 ; md4_low   ; erase      ; md4_low      ; md11_low    ; -0.500       ; 10.000     ; 10.000     ;
; -3.500 ; md3_low   ; write_thru ; md3_low      ; md11_low    ; -0.500       ; 10.000     ; 10.000     ;
; -3.500 ; md3_low   ; store      ; md3_low      ; md11_low    ; -0.500       ; 10.000     ; 10.000     ;
; -3.500 ; md3_low   ; color      ; md3_low      ; md11_low    ; -0.500       ; 10.000     ; 10.000     ;
; -3.500 ; md3_low   ; chan       ; md3_low      ; md11_low    ; -0.500       ; 10.000     ; 10.000     ;
; -3.500 ; md3_low   ; int_en     ; md3_low      ; md11_low    ; -0.500       ; 10.000     ; 10.000     ;
; -3.500 ; md3_low   ; erase      ; md3_low      ; md11_low    ; -0.500       ; 10.000     ; 10.000     ;
; -3.500 ; md7_low   ; write_thru ; md7_low      ; md11_low    ; -0.500       ; 10.000     ; 10.000     ;
; -3.500 ; md7_low   ; store      ; md7_low      ; md11_low    ; -0.500       ; 10.000     ; 10.000     ;
; -3.500 ; md7_low   ; color      ; md7_low      ; md11_low    ; -0.500       ; 10.000     ; 10.000     ;
; -3.500 ; md7_low   ; chan       ; md7_low      ; md11_low    ; -0.500       ; 10.000     ; 10.000     ;
; -3.500 ; md7_low   ; int_en     ; md7_low      ; md11_low    ; -0.500       ; 10.000     ; 10.000     ;
; -3.500 ; md7_low   ; erase      ; md7_low      ; md11_low    ; -0.500       ; 10.000     ; 10.000     ;
; -3.500 ; md6_low   ; write_thru ; md6_low      ; md11_low    ; -0.500       ; 10.000     ; 10.000     ;
; -3.500 ; md6_low   ; store      ; md6_low      ; md11_low    ; -0.500       ; 10.000     ; 10.000     ;
; -3.500 ; md6_low   ; color      ; md6_low      ; md11_low    ; -0.500       ; 10.000     ; 10.000     ;
; -3.500 ; md6_low   ; chan       ; md6_low      ; md11_low    ; -0.500       ; 10.000     ; 10.000     ;
+--------+-----------+------------+--------------+-------------+--------------+------------+------------+


+-------------------------------------------------------------------------------------------------------+
; Hold: 'md3_low'                                                                                       ;
+--------+-----------+------------+--------------+-------------+--------------+------------+------------+
; Slack  ; From Node ; To Node    ; Launch Clock ; Latch Clock ; Relationship ; Clock Skew ; Data Delay ;
+--------+-----------+------------+--------------+-------------+--------------+------------+------------+
; -4.000 ; md10_low  ; write_thru ; md10_low     ; md3_low     ; 0.000        ; 10.000     ; 10.000     ;
; -4.000 ; md10_low  ; store      ; md10_low     ; md3_low     ; 0.000        ; 10.000     ; 10.000     ;
; -4.000 ; md10_low  ; color      ; md10_low     ; md3_low     ; 0.000        ; 10.000     ; 10.000     ;
; -4.000 ; md10_low  ; chan       ; md10_low     ; md3_low     ; 0.000        ; 10.000     ; 10.000     ;
; -4.000 ; md10_low  ; int_en     ; md10_low     ; md3_low     ; 0.000        ; 10.000     ; 10.000     ;
; -4.000 ; md10_low  ; erase      ; md10_low     ; md3_low     ; 0.000        ; 10.000     ; 10.000     ;
; -4.000 ; md11_low  ; write_thru ; md11_low     ; md3_low     ; 0.000        ; 10.000     ; 10.000     ;
; -4.000 ; md11_low  ; store      ; md11_low     ; md3_low     ; 0.000        ; 10.000     ; 10.000     ;
; -4.000 ; md11_low  ; color      ; md11_low     ; md3_low     ; 0.000        ; 10.000     ; 10.000     ;
; -4.000 ; md11_low  ; chan       ; md11_low     ; md3_low     ; 0.000        ; 10.000     ; 10.000     ;
; -4.000 ; md11_low  ; int_en     ; md11_low     ; md3_low     ; 0.000        ; 10.000     ; 10.000     ;
; -4.000 ; md11_low  ; erase      ; md11_low     ; md3_low     ; 0.000        ; 10.000     ; 10.000     ;
; -4.000 ; pause_low ; write_thru ; pause_low    ; md3_low     ; 0.000        ; 10.000     ; 10.000     ;
; -4.000 ; pause_low ; store      ; pause_low    ; md3_low     ; 0.000        ; 10.000     ; 10.000     ;
; -4.000 ; pause_low ; color      ; pause_low    ; md3_low     ; 0.000        ; 10.000     ; 10.000     ;
; -4.000 ; pause_low ; chan       ; pause_low    ; md3_low     ; 0.000        ; 10.000     ; 10.000     ;
; -4.000 ; pause_low ; int_en     ; pause_low    ; md3_low     ; 0.000        ; 10.000     ; 10.000     ;
; -4.000 ; pause_low ; erase      ; pause_low    ; md3_low     ; 0.000        ; 10.000     ; 10.000     ;
; -4.000 ; md4_low   ; write_thru ; md4_low      ; md3_low     ; 0.000        ; 10.000     ; 10.000     ;
; -4.000 ; md4_low   ; store      ; md4_low      ; md3_low     ; 0.000        ; 10.000     ; 10.000     ;
; -4.000 ; md4_low   ; color      ; md4_low      ; md3_low     ; 0.000        ; 10.000     ; 10.000     ;
; -4.000 ; md4_low   ; chan       ; md4_low      ; md3_low     ; 0.000        ; 10.000     ; 10.000     ;
; -4.000 ; md4_low   ; int_en     ; md4_low      ; md3_low     ; 0.000        ; 10.000     ; 10.000     ;
; -4.000 ; md4_low   ; erase      ; md4_low      ; md3_low     ; 0.000        ; 10.000     ; 10.000     ;
; -4.000 ; md3_low   ; write_thru ; md3_low      ; md3_low     ; 0.000        ; 10.000     ; 10.000     ;
; -4.000 ; md3_low   ; store      ; md3_low      ; md3_low     ; 0.000        ; 10.000     ; 10.000     ;
; -4.000 ; md3_low   ; color      ; md3_low      ; md3_low     ; 0.000        ; 10.000     ; 10.000     ;
; -4.000 ; md3_low   ; chan       ; md3_low      ; md3_low     ; 0.000        ; 10.000     ; 10.000     ;
; -4.000 ; md3_low   ; int_en     ; md3_low      ; md3_low     ; 0.000        ; 10.000     ; 10.000     ;
; -4.000 ; md3_low   ; erase      ; md3_low      ; md3_low     ; 0.000        ; 10.000     ; 10.000     ;
; -4.000 ; md7_low   ; write_thru ; md7_low      ; md3_low     ; 0.000        ; 10.000     ; 10.000     ;
; -4.000 ; md7_low   ; store      ; md7_low      ; md3_low     ; 0.000        ; 10.000     ; 10.000     ;
; -4.000 ; md7_low   ; color      ; md7_low      ; md3_low     ; 0.000        ; 10.000     ; 10.000     ;
; -4.000 ; md7_low   ; chan       ; md7_low      ; md3_low     ; 0.000        ; 10.000     ; 10.000     ;
; -4.000 ; md7_low   ; int_en     ; md7_low      ; md3_low     ; 0.000        ; 10.000     ; 10.000     ;
; -4.000 ; md7_low   ; erase      ; md7_low      ; md3_low     ; 0.000        ; 10.000     ; 10.000     ;
; -4.000 ; md6_low   ; write_thru ; md6_low      ; md3_low     ; 0.000        ; 10.000     ; 10.000     ;
; -4.000 ; md6_low   ; store      ; md6_low      ; md3_low     ; 0.000        ; 10.000     ; 10.000     ;
; -4.000 ; md6_low   ; color      ; md6_low      ; md3_low     ; 0.000        ; 10.000     ; 10.000     ;
; -4.000 ; md6_low   ; chan       ; md6_low      ; md3_low     ; 0.000        ; 10.000     ; 10.000     ;
; -4.000 ; md6_low   ; int_en     ; md6_low      ; md3_low     ; 0.000        ; 10.000     ; 10.000     ;
; -4.000 ; md6_low   ; erase      ; md6_low      ; md3_low     ; 0.000        ; 10.000     ; 10.000     ;
; -4.000 ; md8_low   ; write_thru ; md8_low      ; md3_low     ; 0.000        ; 10.000     ; 10.000     ;
; -4.000 ; md8_low   ; store      ; md8_low      ; md3_low     ; 0.000        ; 10.000     ; 10.000     ;
; -4.000 ; md8_low   ; color      ; md8_low      ; md3_low     ; 0.000        ; 10.000     ; 10.000     ;
; -4.000 ; md8_low   ; chan       ; md8_low      ; md3_low     ; 0.000        ; 10.000     ; 10.000     ;
; -4.000 ; md8_low   ; int_en     ; md8_low      ; md3_low     ; 0.000        ; 10.000     ; 10.000     ;
; -4.000 ; md8_low   ; erase      ; md8_low      ; md3_low     ; 0.000        ; 10.000     ; 10.000     ;
; -4.000 ; md5_low   ; write_thru ; md5_low      ; md3_low     ; 0.000        ; 10.000     ; 10.000     ;
; -4.000 ; md5_low   ; store      ; md5_low      ; md3_low     ; 0.000        ; 10.000     ; 10.000     ;
; -4.000 ; md5_low   ; color      ; md5_low      ; md3_low     ; 0.000        ; 10.000     ; 10.000     ;
; -4.000 ; md5_low   ; chan       ; md5_low      ; md3_low     ; 0.000        ; 10.000     ; 10.000     ;
; -4.000 ; md5_low   ; int_en     ; md5_low      ; md3_low     ; 0.000        ; 10.000     ; 10.000     ;
; -4.000 ; md5_low   ; erase      ; md5_low      ; md3_low     ; 0.000        ; 10.000     ; 10.000     ;
; -4.000 ; md9_low   ; write_thru ; md9_low      ; md3_low     ; 0.000        ; 10.000     ; 10.000     ;
; -4.000 ; md9_low   ; store      ; md9_low      ; md3_low     ; 0.000        ; 10.000     ; 10.000     ;
; -4.000 ; md9_low   ; color      ; md9_low      ; md3_low     ; 0.000        ; 10.000     ; 10.000     ;
; -4.000 ; md9_low   ; chan       ; md9_low      ; md3_low     ; 0.000        ; 10.000     ; 10.000     ;
; -4.000 ; md9_low   ; int_en     ; md9_low      ; md3_low     ; 0.000        ; 10.000     ; 10.000     ;
; -4.000 ; md9_low   ; erase      ; md9_low      ; md3_low     ; 0.000        ; 10.000     ; 10.000     ;
; -3.500 ; md10_low  ; write_thru ; md10_low     ; md3_low     ; -0.500       ; 10.000     ; 10.000     ;
; -3.500 ; md10_low  ; store      ; md10_low     ; md3_low     ; -0.500       ; 10.000     ; 10.000     ;
; -3.500 ; md10_low  ; color      ; md10_low     ; md3_low     ; -0.500       ; 10.000     ; 10.000     ;
; -3.500 ; md10_low  ; chan       ; md10_low     ; md3_low     ; -0.500       ; 10.000     ; 10.000     ;
; -3.500 ; md10_low  ; int_en     ; md10_low     ; md3_low     ; -0.500       ; 10.000     ; 10.000     ;
; -3.500 ; md10_low  ; erase      ; md10_low     ; md3_low     ; -0.500       ; 10.000     ; 10.000     ;
; -3.500 ; md11_low  ; write_thru ; md11_low     ; md3_low     ; -0.500       ; 10.000     ; 10.000     ;
; -3.500 ; md11_low  ; store      ; md11_low     ; md3_low     ; -0.500       ; 10.000     ; 10.000     ;
; -3.500 ; md11_low  ; color      ; md11_low     ; md3_low     ; -0.500       ; 10.000     ; 10.000     ;
; -3.500 ; md11_low  ; chan       ; md11_low     ; md3_low     ; -0.500       ; 10.000     ; 10.000     ;
; -3.500 ; md11_low  ; int_en     ; md11_low     ; md3_low     ; -0.500       ; 10.000     ; 10.000     ;
; -3.500 ; md11_low  ; erase      ; md11_low     ; md3_low     ; -0.500       ; 10.000     ; 10.000     ;
; -3.500 ; pause_low ; write_thru ; pause_low    ; md3_low     ; -0.500       ; 10.000     ; 10.000     ;
; -3.500 ; pause_low ; store      ; pause_low    ; md3_low     ; -0.500       ; 10.000     ; 10.000     ;
; -3.500 ; pause_low ; color      ; pause_low    ; md3_low     ; -0.500       ; 10.000     ; 10.000     ;
; -3.500 ; pause_low ; chan       ; pause_low    ; md3_low     ; -0.500       ; 10.000     ; 10.000     ;
; -3.500 ; pause_low ; int_en     ; pause_low    ; md3_low     ; -0.500       ; 10.000     ; 10.000     ;
; -3.500 ; pause_low ; erase      ; pause_low    ; md3_low     ; -0.500       ; 10.000     ; 10.000     ;
; -3.500 ; md4_low   ; write_thru ; md4_low      ; md3_low     ; -0.500       ; 10.000     ; 10.000     ;
; -3.500 ; md4_low   ; store      ; md4_low      ; md3_low     ; -0.500       ; 10.000     ; 10.000     ;
; -3.500 ; md4_low   ; color      ; md4_low      ; md3_low     ; -0.500       ; 10.000     ; 10.000     ;
; -3.500 ; md4_low   ; chan       ; md4_low      ; md3_low     ; -0.500       ; 10.000     ; 10.000     ;
; -3.500 ; md4_low   ; int_en     ; md4_low      ; md3_low     ; -0.500       ; 10.000     ; 10.000     ;
; -3.500 ; md4_low   ; erase      ; md4_low      ; md3_low     ; -0.500       ; 10.000     ; 10.000     ;
; -3.500 ; md3_low   ; write_thru ; md3_low      ; md3_low     ; -0.500       ; 10.000     ; 10.000     ;
; -3.500 ; md3_low   ; store      ; md3_low      ; md3_low     ; -0.500       ; 10.000     ; 10.000     ;
; -3.500 ; md3_low   ; color      ; md3_low      ; md3_low     ; -0.500       ; 10.000     ; 10.000     ;
; -3.500 ; md3_low   ; chan       ; md3_low      ; md3_low     ; -0.500       ; 10.000     ; 10.000     ;
; -3.500 ; md3_low   ; int_en     ; md3_low      ; md3_low     ; -0.500       ; 10.000     ; 10.000     ;
; -3.500 ; md3_low   ; erase      ; md3_low      ; md3_low     ; -0.500       ; 10.000     ; 10.000     ;
; -3.500 ; md7_low   ; write_thru ; md7_low      ; md3_low     ; -0.500       ; 10.000     ; 10.000     ;
; -3.500 ; md7_low   ; store      ; md7_low      ; md3_low     ; -0.500       ; 10.000     ; 10.000     ;
; -3.500 ; md7_low   ; color      ; md7_low      ; md3_low     ; -0.500       ; 10.000     ; 10.000     ;
; -3.500 ; md7_low   ; chan       ; md7_low      ; md3_low     ; -0.500       ; 10.000     ; 10.000     ;
; -3.500 ; md7_low   ; int_en     ; md7_low      ; md3_low     ; -0.500       ; 10.000     ; 10.000     ;
; -3.500 ; md7_low   ; erase      ; md7_low      ; md3_low     ; -0.500       ; 10.000     ; 10.000     ;
; -3.500 ; md6_low   ; write_thru ; md6_low      ; md3_low     ; -0.500       ; 10.000     ; 10.000     ;
; -3.500 ; md6_low   ; store      ; md6_low      ; md3_low     ; -0.500       ; 10.000     ; 10.000     ;
; -3.500 ; md6_low   ; color      ; md6_low      ; md3_low     ; -0.500       ; 10.000     ; 10.000     ;
; -3.500 ; md6_low   ; chan       ; md6_low      ; md3_low     ; -0.500       ; 10.000     ; 10.000     ;
+--------+-----------+------------+--------------+-------------+--------------+------------+------------+


+-------------------------------------------------------------------------------------------------------+
; Hold: 'md4_low'                                                                                       ;
+--------+-----------+------------+--------------+-------------+--------------+------------+------------+
; Slack  ; From Node ; To Node    ; Launch Clock ; Latch Clock ; Relationship ; Clock Skew ; Data Delay ;
+--------+-----------+------------+--------------+-------------+--------------+------------+------------+
; -4.000 ; md10_low  ; write_thru ; md10_low     ; md4_low     ; 0.000        ; 10.000     ; 10.000     ;
; -4.000 ; md10_low  ; store      ; md10_low     ; md4_low     ; 0.000        ; 10.000     ; 10.000     ;
; -4.000 ; md10_low  ; color      ; md10_low     ; md4_low     ; 0.000        ; 10.000     ; 10.000     ;
; -4.000 ; md10_low  ; chan       ; md10_low     ; md4_low     ; 0.000        ; 10.000     ; 10.000     ;
; -4.000 ; md10_low  ; int_en     ; md10_low     ; md4_low     ; 0.000        ; 10.000     ; 10.000     ;
; -4.000 ; md10_low  ; erase      ; md10_low     ; md4_low     ; 0.000        ; 10.000     ; 10.000     ;
; -4.000 ; md11_low  ; write_thru ; md11_low     ; md4_low     ; 0.000        ; 10.000     ; 10.000     ;
; -4.000 ; md11_low  ; store      ; md11_low     ; md4_low     ; 0.000        ; 10.000     ; 10.000     ;
; -4.000 ; md11_low  ; color      ; md11_low     ; md4_low     ; 0.000        ; 10.000     ; 10.000     ;
; -4.000 ; md11_low  ; chan       ; md11_low     ; md4_low     ; 0.000        ; 10.000     ; 10.000     ;
; -4.000 ; md11_low  ; int_en     ; md11_low     ; md4_low     ; 0.000        ; 10.000     ; 10.000     ;
; -4.000 ; md11_low  ; erase      ; md11_low     ; md4_low     ; 0.000        ; 10.000     ; 10.000     ;
; -4.000 ; pause_low ; write_thru ; pause_low    ; md4_low     ; 0.000        ; 10.000     ; 10.000     ;
; -4.000 ; pause_low ; store      ; pause_low    ; md4_low     ; 0.000        ; 10.000     ; 10.000     ;
; -4.000 ; pause_low ; color      ; pause_low    ; md4_low     ; 0.000        ; 10.000     ; 10.000     ;
; -4.000 ; pause_low ; chan       ; pause_low    ; md4_low     ; 0.000        ; 10.000     ; 10.000     ;
; -4.000 ; pause_low ; int_en     ; pause_low    ; md4_low     ; 0.000        ; 10.000     ; 10.000     ;
; -4.000 ; pause_low ; erase      ; pause_low    ; md4_low     ; 0.000        ; 10.000     ; 10.000     ;
; -4.000 ; md4_low   ; write_thru ; md4_low      ; md4_low     ; 0.000        ; 10.000     ; 10.000     ;
; -4.000 ; md4_low   ; store      ; md4_low      ; md4_low     ; 0.000        ; 10.000     ; 10.000     ;
; -4.000 ; md4_low   ; color      ; md4_low      ; md4_low     ; 0.000        ; 10.000     ; 10.000     ;
; -4.000 ; md4_low   ; chan       ; md4_low      ; md4_low     ; 0.000        ; 10.000     ; 10.000     ;
; -4.000 ; md4_low   ; int_en     ; md4_low      ; md4_low     ; 0.000        ; 10.000     ; 10.000     ;
; -4.000 ; md4_low   ; erase      ; md4_low      ; md4_low     ; 0.000        ; 10.000     ; 10.000     ;
; -4.000 ; md3_low   ; write_thru ; md3_low      ; md4_low     ; 0.000        ; 10.000     ; 10.000     ;
; -4.000 ; md3_low   ; store      ; md3_low      ; md4_low     ; 0.000        ; 10.000     ; 10.000     ;
; -4.000 ; md3_low   ; color      ; md3_low      ; md4_low     ; 0.000        ; 10.000     ; 10.000     ;
; -4.000 ; md3_low   ; chan       ; md3_low      ; md4_low     ; 0.000        ; 10.000     ; 10.000     ;
; -4.000 ; md3_low   ; int_en     ; md3_low      ; md4_low     ; 0.000        ; 10.000     ; 10.000     ;
; -4.000 ; md3_low   ; erase      ; md3_low      ; md4_low     ; 0.000        ; 10.000     ; 10.000     ;
; -4.000 ; md7_low   ; write_thru ; md7_low      ; md4_low     ; 0.000        ; 10.000     ; 10.000     ;
; -4.000 ; md7_low   ; store      ; md7_low      ; md4_low     ; 0.000        ; 10.000     ; 10.000     ;
; -4.000 ; md7_low   ; color      ; md7_low      ; md4_low     ; 0.000        ; 10.000     ; 10.000     ;
; -4.000 ; md7_low   ; chan       ; md7_low      ; md4_low     ; 0.000        ; 10.000     ; 10.000     ;
; -4.000 ; md7_low   ; int_en     ; md7_low      ; md4_low     ; 0.000        ; 10.000     ; 10.000     ;
; -4.000 ; md7_low   ; erase      ; md7_low      ; md4_low     ; 0.000        ; 10.000     ; 10.000     ;
; -4.000 ; md6_low   ; write_thru ; md6_low      ; md4_low     ; 0.000        ; 10.000     ; 10.000     ;
; -4.000 ; md6_low   ; store      ; md6_low      ; md4_low     ; 0.000        ; 10.000     ; 10.000     ;
; -4.000 ; md6_low   ; color      ; md6_low      ; md4_low     ; 0.000        ; 10.000     ; 10.000     ;
; -4.000 ; md6_low   ; chan       ; md6_low      ; md4_low     ; 0.000        ; 10.000     ; 10.000     ;
; -4.000 ; md6_low   ; int_en     ; md6_low      ; md4_low     ; 0.000        ; 10.000     ; 10.000     ;
; -4.000 ; md6_low   ; erase      ; md6_low      ; md4_low     ; 0.000        ; 10.000     ; 10.000     ;
; -4.000 ; md8_low   ; write_thru ; md8_low      ; md4_low     ; 0.000        ; 10.000     ; 10.000     ;
; -4.000 ; md8_low   ; store      ; md8_low      ; md4_low     ; 0.000        ; 10.000     ; 10.000     ;
; -4.000 ; md8_low   ; color      ; md8_low      ; md4_low     ; 0.000        ; 10.000     ; 10.000     ;
; -4.000 ; md8_low   ; chan       ; md8_low      ; md4_low     ; 0.000        ; 10.000     ; 10.000     ;
; -4.000 ; md8_low   ; int_en     ; md8_low      ; md4_low     ; 0.000        ; 10.000     ; 10.000     ;
; -4.000 ; md8_low   ; erase      ; md8_low      ; md4_low     ; 0.000        ; 10.000     ; 10.000     ;
; -4.000 ; md5_low   ; write_thru ; md5_low      ; md4_low     ; 0.000        ; 10.000     ; 10.000     ;
; -4.000 ; md5_low   ; store      ; md5_low      ; md4_low     ; 0.000        ; 10.000     ; 10.000     ;
; -4.000 ; md5_low   ; color      ; md5_low      ; md4_low     ; 0.000        ; 10.000     ; 10.000     ;
; -4.000 ; md5_low   ; chan       ; md5_low      ; md4_low     ; 0.000        ; 10.000     ; 10.000     ;
; -4.000 ; md5_low   ; int_en     ; md5_low      ; md4_low     ; 0.000        ; 10.000     ; 10.000     ;
; -4.000 ; md5_low   ; erase      ; md5_low      ; md4_low     ; 0.000        ; 10.000     ; 10.000     ;
; -4.000 ; md9_low   ; write_thru ; md9_low      ; md4_low     ; 0.000        ; 10.000     ; 10.000     ;
; -4.000 ; md9_low   ; store      ; md9_low      ; md4_low     ; 0.000        ; 10.000     ; 10.000     ;
; -4.000 ; md9_low   ; color      ; md9_low      ; md4_low     ; 0.000        ; 10.000     ; 10.000     ;
; -4.000 ; md9_low   ; chan       ; md9_low      ; md4_low     ; 0.000        ; 10.000     ; 10.000     ;
; -4.000 ; md9_low   ; int_en     ; md9_low      ; md4_low     ; 0.000        ; 10.000     ; 10.000     ;
; -4.000 ; md9_low   ; erase      ; md9_low      ; md4_low     ; 0.000        ; 10.000     ; 10.000     ;
; -3.500 ; md10_low  ; write_thru ; md10_low     ; md4_low     ; -0.500       ; 10.000     ; 10.000     ;
; -3.500 ; md10_low  ; store      ; md10_low     ; md4_low     ; -0.500       ; 10.000     ; 10.000     ;
; -3.500 ; md10_low  ; color      ; md10_low     ; md4_low     ; -0.500       ; 10.000     ; 10.000     ;
; -3.500 ; md10_low  ; chan       ; md10_low     ; md4_low     ; -0.500       ; 10.000     ; 10.000     ;
; -3.500 ; md10_low  ; int_en     ; md10_low     ; md4_low     ; -0.500       ; 10.000     ; 10.000     ;
; -3.500 ; md10_low  ; erase      ; md10_low     ; md4_low     ; -0.500       ; 10.000     ; 10.000     ;
; -3.500 ; md11_low  ; write_thru ; md11_low     ; md4_low     ; -0.500       ; 10.000     ; 10.000     ;
; -3.500 ; md11_low  ; store      ; md11_low     ; md4_low     ; -0.500       ; 10.000     ; 10.000     ;
; -3.500 ; md11_low  ; color      ; md11_low     ; md4_low     ; -0.500       ; 10.000     ; 10.000     ;
; -3.500 ; md11_low  ; chan       ; md11_low     ; md4_low     ; -0.500       ; 10.000     ; 10.000     ;
; -3.500 ; md11_low  ; int_en     ; md11_low     ; md4_low     ; -0.500       ; 10.000     ; 10.000     ;
; -3.500 ; md11_low  ; erase      ; md11_low     ; md4_low     ; -0.500       ; 10.000     ; 10.000     ;
; -3.500 ; pause_low ; write_thru ; pause_low    ; md4_low     ; -0.500       ; 10.000     ; 10.000     ;
; -3.500 ; pause_low ; store      ; pause_low    ; md4_low     ; -0.500       ; 10.000     ; 10.000     ;
; -3.500 ; pause_low ; color      ; pause_low    ; md4_low     ; -0.500       ; 10.000     ; 10.000     ;
; -3.500 ; pause_low ; chan       ; pause_low    ; md4_low     ; -0.500       ; 10.000     ; 10.000     ;
; -3.500 ; pause_low ; int_en     ; pause_low    ; md4_low     ; -0.500       ; 10.000     ; 10.000     ;
; -3.500 ; pause_low ; erase      ; pause_low    ; md4_low     ; -0.500       ; 10.000     ; 10.000     ;
; -3.500 ; md4_low   ; write_thru ; md4_low      ; md4_low     ; -0.500       ; 10.000     ; 10.000     ;
; -3.500 ; md4_low   ; store      ; md4_low      ; md4_low     ; -0.500       ; 10.000     ; 10.000     ;
; -3.500 ; md4_low   ; color      ; md4_low      ; md4_low     ; -0.500       ; 10.000     ; 10.000     ;
; -3.500 ; md4_low   ; chan       ; md4_low      ; md4_low     ; -0.500       ; 10.000     ; 10.000     ;
; -3.500 ; md4_low   ; int_en     ; md4_low      ; md4_low     ; -0.500       ; 10.000     ; 10.000     ;
; -3.500 ; md4_low   ; erase      ; md4_low      ; md4_low     ; -0.500       ; 10.000     ; 10.000     ;
; -3.500 ; md3_low   ; write_thru ; md3_low      ; md4_low     ; -0.500       ; 10.000     ; 10.000     ;
; -3.500 ; md3_low   ; store      ; md3_low      ; md4_low     ; -0.500       ; 10.000     ; 10.000     ;
; -3.500 ; md3_low   ; color      ; md3_low      ; md4_low     ; -0.500       ; 10.000     ; 10.000     ;
; -3.500 ; md3_low   ; chan       ; md3_low      ; md4_low     ; -0.500       ; 10.000     ; 10.000     ;
; -3.500 ; md3_low   ; int_en     ; md3_low      ; md4_low     ; -0.500       ; 10.000     ; 10.000     ;
; -3.500 ; md3_low   ; erase      ; md3_low      ; md4_low     ; -0.500       ; 10.000     ; 10.000     ;
; -3.500 ; md7_low   ; write_thru ; md7_low      ; md4_low     ; -0.500       ; 10.000     ; 10.000     ;
; -3.500 ; md7_low   ; store      ; md7_low      ; md4_low     ; -0.500       ; 10.000     ; 10.000     ;
; -3.500 ; md7_low   ; color      ; md7_low      ; md4_low     ; -0.500       ; 10.000     ; 10.000     ;
; -3.500 ; md7_low   ; chan       ; md7_low      ; md4_low     ; -0.500       ; 10.000     ; 10.000     ;
; -3.500 ; md7_low   ; int_en     ; md7_low      ; md4_low     ; -0.500       ; 10.000     ; 10.000     ;
; -3.500 ; md7_low   ; erase      ; md7_low      ; md4_low     ; -0.500       ; 10.000     ; 10.000     ;
; -3.500 ; md6_low   ; write_thru ; md6_low      ; md4_low     ; -0.500       ; 10.000     ; 10.000     ;
; -3.500 ; md6_low   ; store      ; md6_low      ; md4_low     ; -0.500       ; 10.000     ; 10.000     ;
; -3.500 ; md6_low   ; color      ; md6_low      ; md4_low     ; -0.500       ; 10.000     ; 10.000     ;
; -3.500 ; md6_low   ; chan       ; md6_low      ; md4_low     ; -0.500       ; 10.000     ; 10.000     ;
+--------+-----------+------------+--------------+-------------+--------------+------------+------------+


+-------------------------------------------------------------------------------------------------------+
; Hold: 'md5_low'                                                                                       ;
+--------+-----------+------------+--------------+-------------+--------------+------------+------------+
; Slack  ; From Node ; To Node    ; Launch Clock ; Latch Clock ; Relationship ; Clock Skew ; Data Delay ;
+--------+-----------+------------+--------------+-------------+--------------+------------+------------+
; -4.000 ; md10_low  ; write_thru ; md10_low     ; md5_low     ; 0.000        ; 10.000     ; 10.000     ;
; -4.000 ; md10_low  ; store      ; md10_low     ; md5_low     ; 0.000        ; 10.000     ; 10.000     ;
; -4.000 ; md10_low  ; color      ; md10_low     ; md5_low     ; 0.000        ; 10.000     ; 10.000     ;
; -4.000 ; md10_low  ; chan       ; md10_low     ; md5_low     ; 0.000        ; 10.000     ; 10.000     ;
; -4.000 ; md10_low  ; int_en     ; md10_low     ; md5_low     ; 0.000        ; 10.000     ; 10.000     ;
; -4.000 ; md10_low  ; erase      ; md10_low     ; md5_low     ; 0.000        ; 10.000     ; 10.000     ;
; -4.000 ; md11_low  ; write_thru ; md11_low     ; md5_low     ; 0.000        ; 10.000     ; 10.000     ;
; -4.000 ; md11_low  ; store      ; md11_low     ; md5_low     ; 0.000        ; 10.000     ; 10.000     ;
; -4.000 ; md11_low  ; color      ; md11_low     ; md5_low     ; 0.000        ; 10.000     ; 10.000     ;
; -4.000 ; md11_low  ; chan       ; md11_low     ; md5_low     ; 0.000        ; 10.000     ; 10.000     ;
; -4.000 ; md11_low  ; int_en     ; md11_low     ; md5_low     ; 0.000        ; 10.000     ; 10.000     ;
; -4.000 ; md11_low  ; erase      ; md11_low     ; md5_low     ; 0.000        ; 10.000     ; 10.000     ;
; -4.000 ; pause_low ; write_thru ; pause_low    ; md5_low     ; 0.000        ; 10.000     ; 10.000     ;
; -4.000 ; pause_low ; store      ; pause_low    ; md5_low     ; 0.000        ; 10.000     ; 10.000     ;
; -4.000 ; pause_low ; color      ; pause_low    ; md5_low     ; 0.000        ; 10.000     ; 10.000     ;
; -4.000 ; pause_low ; chan       ; pause_low    ; md5_low     ; 0.000        ; 10.000     ; 10.000     ;
; -4.000 ; pause_low ; int_en     ; pause_low    ; md5_low     ; 0.000        ; 10.000     ; 10.000     ;
; -4.000 ; pause_low ; erase      ; pause_low    ; md5_low     ; 0.000        ; 10.000     ; 10.000     ;
; -4.000 ; md4_low   ; write_thru ; md4_low      ; md5_low     ; 0.000        ; 10.000     ; 10.000     ;
; -4.000 ; md4_low   ; store      ; md4_low      ; md5_low     ; 0.000        ; 10.000     ; 10.000     ;
; -4.000 ; md4_low   ; color      ; md4_low      ; md5_low     ; 0.000        ; 10.000     ; 10.000     ;
; -4.000 ; md4_low   ; chan       ; md4_low      ; md5_low     ; 0.000        ; 10.000     ; 10.000     ;
; -4.000 ; md4_low   ; int_en     ; md4_low      ; md5_low     ; 0.000        ; 10.000     ; 10.000     ;
; -4.000 ; md4_low   ; erase      ; md4_low      ; md5_low     ; 0.000        ; 10.000     ; 10.000     ;
; -4.000 ; md3_low   ; write_thru ; md3_low      ; md5_low     ; 0.000        ; 10.000     ; 10.000     ;
; -4.000 ; md3_low   ; store      ; md3_low      ; md5_low     ; 0.000        ; 10.000     ; 10.000     ;
; -4.000 ; md3_low   ; color      ; md3_low      ; md5_low     ; 0.000        ; 10.000     ; 10.000     ;
; -4.000 ; md3_low   ; chan       ; md3_low      ; md5_low     ; 0.000        ; 10.000     ; 10.000     ;
; -4.000 ; md3_low   ; int_en     ; md3_low      ; md5_low     ; 0.000        ; 10.000     ; 10.000     ;
; -4.000 ; md3_low   ; erase      ; md3_low      ; md5_low     ; 0.000        ; 10.000     ; 10.000     ;
; -4.000 ; md7_low   ; write_thru ; md7_low      ; md5_low     ; 0.000        ; 10.000     ; 10.000     ;
; -4.000 ; md7_low   ; store      ; md7_low      ; md5_low     ; 0.000        ; 10.000     ; 10.000     ;
; -4.000 ; md7_low   ; color      ; md7_low      ; md5_low     ; 0.000        ; 10.000     ; 10.000     ;
; -4.000 ; md7_low   ; chan       ; md7_low      ; md5_low     ; 0.000        ; 10.000     ; 10.000     ;
; -4.000 ; md7_low   ; int_en     ; md7_low      ; md5_low     ; 0.000        ; 10.000     ; 10.000     ;
; -4.000 ; md7_low   ; erase      ; md7_low      ; md5_low     ; 0.000        ; 10.000     ; 10.000     ;
; -4.000 ; md6_low   ; write_thru ; md6_low      ; md5_low     ; 0.000        ; 10.000     ; 10.000     ;
; -4.000 ; md6_low   ; store      ; md6_low      ; md5_low     ; 0.000        ; 10.000     ; 10.000     ;
; -4.000 ; md6_low   ; color      ; md6_low      ; md5_low     ; 0.000        ; 10.000     ; 10.000     ;
; -4.000 ; md6_low   ; chan       ; md6_low      ; md5_low     ; 0.000        ; 10.000     ; 10.000     ;
; -4.000 ; md6_low   ; int_en     ; md6_low      ; md5_low     ; 0.000        ; 10.000     ; 10.000     ;
; -4.000 ; md6_low   ; erase      ; md6_low      ; md5_low     ; 0.000        ; 10.000     ; 10.000     ;
; -4.000 ; md8_low   ; write_thru ; md8_low      ; md5_low     ; 0.000        ; 10.000     ; 10.000     ;
; -4.000 ; md8_low   ; store      ; md8_low      ; md5_low     ; 0.000        ; 10.000     ; 10.000     ;
; -4.000 ; md8_low   ; color      ; md8_low      ; md5_low     ; 0.000        ; 10.000     ; 10.000     ;
; -4.000 ; md8_low   ; chan       ; md8_low      ; md5_low     ; 0.000        ; 10.000     ; 10.000     ;
; -4.000 ; md8_low   ; int_en     ; md8_low      ; md5_low     ; 0.000        ; 10.000     ; 10.000     ;
; -4.000 ; md8_low   ; erase      ; md8_low      ; md5_low     ; 0.000        ; 10.000     ; 10.000     ;
; -4.000 ; md5_low   ; write_thru ; md5_low      ; md5_low     ; 0.000        ; 10.000     ; 10.000     ;
; -4.000 ; md5_low   ; store      ; md5_low      ; md5_low     ; 0.000        ; 10.000     ; 10.000     ;
; -4.000 ; md5_low   ; color      ; md5_low      ; md5_low     ; 0.000        ; 10.000     ; 10.000     ;
; -4.000 ; md5_low   ; chan       ; md5_low      ; md5_low     ; 0.000        ; 10.000     ; 10.000     ;
; -4.000 ; md5_low   ; int_en     ; md5_low      ; md5_low     ; 0.000        ; 10.000     ; 10.000     ;
; -4.000 ; md5_low   ; erase      ; md5_low      ; md5_low     ; 0.000        ; 10.000     ; 10.000     ;
; -4.000 ; md9_low   ; write_thru ; md9_low      ; md5_low     ; 0.000        ; 10.000     ; 10.000     ;
; -4.000 ; md9_low   ; store      ; md9_low      ; md5_low     ; 0.000        ; 10.000     ; 10.000     ;
; -4.000 ; md9_low   ; color      ; md9_low      ; md5_low     ; 0.000        ; 10.000     ; 10.000     ;
; -4.000 ; md9_low   ; chan       ; md9_low      ; md5_low     ; 0.000        ; 10.000     ; 10.000     ;
; -4.000 ; md9_low   ; int_en     ; md9_low      ; md5_low     ; 0.000        ; 10.000     ; 10.000     ;
; -4.000 ; md9_low   ; erase      ; md9_low      ; md5_low     ; 0.000        ; 10.000     ; 10.000     ;
; -3.500 ; md10_low  ; write_thru ; md10_low     ; md5_low     ; -0.500       ; 10.000     ; 10.000     ;
; -3.500 ; md10_low  ; store      ; md10_low     ; md5_low     ; -0.500       ; 10.000     ; 10.000     ;
; -3.500 ; md10_low  ; color      ; md10_low     ; md5_low     ; -0.500       ; 10.000     ; 10.000     ;
; -3.500 ; md10_low  ; chan       ; md10_low     ; md5_low     ; -0.500       ; 10.000     ; 10.000     ;
; -3.500 ; md10_low  ; int_en     ; md10_low     ; md5_low     ; -0.500       ; 10.000     ; 10.000     ;
; -3.500 ; md10_low  ; erase      ; md10_low     ; md5_low     ; -0.500       ; 10.000     ; 10.000     ;
; -3.500 ; md11_low  ; write_thru ; md11_low     ; md5_low     ; -0.500       ; 10.000     ; 10.000     ;
; -3.500 ; md11_low  ; store      ; md11_low     ; md5_low     ; -0.500       ; 10.000     ; 10.000     ;
; -3.500 ; md11_low  ; color      ; md11_low     ; md5_low     ; -0.500       ; 10.000     ; 10.000     ;
; -3.500 ; md11_low  ; chan       ; md11_low     ; md5_low     ; -0.500       ; 10.000     ; 10.000     ;
; -3.500 ; md11_low  ; int_en     ; md11_low     ; md5_low     ; -0.500       ; 10.000     ; 10.000     ;
; -3.500 ; md11_low  ; erase      ; md11_low     ; md5_low     ; -0.500       ; 10.000     ; 10.000     ;
; -3.500 ; pause_low ; write_thru ; pause_low    ; md5_low     ; -0.500       ; 10.000     ; 10.000     ;
; -3.500 ; pause_low ; store      ; pause_low    ; md5_low     ; -0.500       ; 10.000     ; 10.000     ;
; -3.500 ; pause_low ; color      ; pause_low    ; md5_low     ; -0.500       ; 10.000     ; 10.000     ;
; -3.500 ; pause_low ; chan       ; pause_low    ; md5_low     ; -0.500       ; 10.000     ; 10.000     ;
; -3.500 ; pause_low ; int_en     ; pause_low    ; md5_low     ; -0.500       ; 10.000     ; 10.000     ;
; -3.500 ; pause_low ; erase      ; pause_low    ; md5_low     ; -0.500       ; 10.000     ; 10.000     ;
; -3.500 ; md4_low   ; write_thru ; md4_low      ; md5_low     ; -0.500       ; 10.000     ; 10.000     ;
; -3.500 ; md4_low   ; store      ; md4_low      ; md5_low     ; -0.500       ; 10.000     ; 10.000     ;
; -3.500 ; md4_low   ; color      ; md4_low      ; md5_low     ; -0.500       ; 10.000     ; 10.000     ;
; -3.500 ; md4_low   ; chan       ; md4_low      ; md5_low     ; -0.500       ; 10.000     ; 10.000     ;
; -3.500 ; md4_low   ; int_en     ; md4_low      ; md5_low     ; -0.500       ; 10.000     ; 10.000     ;
; -3.500 ; md4_low   ; erase      ; md4_low      ; md5_low     ; -0.500       ; 10.000     ; 10.000     ;
; -3.500 ; md3_low   ; write_thru ; md3_low      ; md5_low     ; -0.500       ; 10.000     ; 10.000     ;
; -3.500 ; md3_low   ; store      ; md3_low      ; md5_low     ; -0.500       ; 10.000     ; 10.000     ;
; -3.500 ; md3_low   ; color      ; md3_low      ; md5_low     ; -0.500       ; 10.000     ; 10.000     ;
; -3.500 ; md3_low   ; chan       ; md3_low      ; md5_low     ; -0.500       ; 10.000     ; 10.000     ;
; -3.500 ; md3_low   ; int_en     ; md3_low      ; md5_low     ; -0.500       ; 10.000     ; 10.000     ;
; -3.500 ; md3_low   ; erase      ; md3_low      ; md5_low     ; -0.500       ; 10.000     ; 10.000     ;
; -3.500 ; md7_low   ; write_thru ; md7_low      ; md5_low     ; -0.500       ; 10.000     ; 10.000     ;
; -3.500 ; md7_low   ; store      ; md7_low      ; md5_low     ; -0.500       ; 10.000     ; 10.000     ;
; -3.500 ; md7_low   ; color      ; md7_low      ; md5_low     ; -0.500       ; 10.000     ; 10.000     ;
; -3.500 ; md7_low   ; chan       ; md7_low      ; md5_low     ; -0.500       ; 10.000     ; 10.000     ;
; -3.500 ; md7_low   ; int_en     ; md7_low      ; md5_low     ; -0.500       ; 10.000     ; 10.000     ;
; -3.500 ; md7_low   ; erase      ; md7_low      ; md5_low     ; -0.500       ; 10.000     ; 10.000     ;
; -3.500 ; md6_low   ; write_thru ; md6_low      ; md5_low     ; -0.500       ; 10.000     ; 10.000     ;
; -3.500 ; md6_low   ; store      ; md6_low      ; md5_low     ; -0.500       ; 10.000     ; 10.000     ;
; -3.500 ; md6_low   ; color      ; md6_low      ; md5_low     ; -0.500       ; 10.000     ; 10.000     ;
; -3.500 ; md6_low   ; chan       ; md6_low      ; md5_low     ; -0.500       ; 10.000     ; 10.000     ;
+--------+-----------+------------+--------------+-------------+--------------+------------+------------+


+-------------------------------------------------------------------------------------------------------+
; Hold: 'md6_low'                                                                                       ;
+--------+-----------+------------+--------------+-------------+--------------+------------+------------+
; Slack  ; From Node ; To Node    ; Launch Clock ; Latch Clock ; Relationship ; Clock Skew ; Data Delay ;
+--------+-----------+------------+--------------+-------------+--------------+------------+------------+
; -4.000 ; md10_low  ; write_thru ; md10_low     ; md6_low     ; 0.000        ; 10.000     ; 10.000     ;
; -4.000 ; md10_low  ; store      ; md10_low     ; md6_low     ; 0.000        ; 10.000     ; 10.000     ;
; -4.000 ; md10_low  ; color      ; md10_low     ; md6_low     ; 0.000        ; 10.000     ; 10.000     ;
; -4.000 ; md10_low  ; chan       ; md10_low     ; md6_low     ; 0.000        ; 10.000     ; 10.000     ;
; -4.000 ; md10_low  ; int_en     ; md10_low     ; md6_low     ; 0.000        ; 10.000     ; 10.000     ;
; -4.000 ; md10_low  ; erase      ; md10_low     ; md6_low     ; 0.000        ; 10.000     ; 10.000     ;
; -4.000 ; md11_low  ; write_thru ; md11_low     ; md6_low     ; 0.000        ; 10.000     ; 10.000     ;
; -4.000 ; md11_low  ; store      ; md11_low     ; md6_low     ; 0.000        ; 10.000     ; 10.000     ;
; -4.000 ; md11_low  ; color      ; md11_low     ; md6_low     ; 0.000        ; 10.000     ; 10.000     ;
; -4.000 ; md11_low  ; chan       ; md11_low     ; md6_low     ; 0.000        ; 10.000     ; 10.000     ;
; -4.000 ; md11_low  ; int_en     ; md11_low     ; md6_low     ; 0.000        ; 10.000     ; 10.000     ;
; -4.000 ; md11_low  ; erase      ; md11_low     ; md6_low     ; 0.000        ; 10.000     ; 10.000     ;
; -4.000 ; pause_low ; write_thru ; pause_low    ; md6_low     ; 0.000        ; 10.000     ; 10.000     ;
; -4.000 ; pause_low ; store      ; pause_low    ; md6_low     ; 0.000        ; 10.000     ; 10.000     ;
; -4.000 ; pause_low ; color      ; pause_low    ; md6_low     ; 0.000        ; 10.000     ; 10.000     ;
; -4.000 ; pause_low ; chan       ; pause_low    ; md6_low     ; 0.000        ; 10.000     ; 10.000     ;
; -4.000 ; pause_low ; int_en     ; pause_low    ; md6_low     ; 0.000        ; 10.000     ; 10.000     ;
; -4.000 ; pause_low ; erase      ; pause_low    ; md6_low     ; 0.000        ; 10.000     ; 10.000     ;
; -4.000 ; md4_low   ; write_thru ; md4_low      ; md6_low     ; 0.000        ; 10.000     ; 10.000     ;
; -4.000 ; md4_low   ; store      ; md4_low      ; md6_low     ; 0.000        ; 10.000     ; 10.000     ;
; -4.000 ; md4_low   ; color      ; md4_low      ; md6_low     ; 0.000        ; 10.000     ; 10.000     ;
; -4.000 ; md4_low   ; chan       ; md4_low      ; md6_low     ; 0.000        ; 10.000     ; 10.000     ;
; -4.000 ; md4_low   ; int_en     ; md4_low      ; md6_low     ; 0.000        ; 10.000     ; 10.000     ;
; -4.000 ; md4_low   ; erase      ; md4_low      ; md6_low     ; 0.000        ; 10.000     ; 10.000     ;
; -4.000 ; md3_low   ; write_thru ; md3_low      ; md6_low     ; 0.000        ; 10.000     ; 10.000     ;
; -4.000 ; md3_low   ; store      ; md3_low      ; md6_low     ; 0.000        ; 10.000     ; 10.000     ;
; -4.000 ; md3_low   ; color      ; md3_low      ; md6_low     ; 0.000        ; 10.000     ; 10.000     ;
; -4.000 ; md3_low   ; chan       ; md3_low      ; md6_low     ; 0.000        ; 10.000     ; 10.000     ;
; -4.000 ; md3_low   ; int_en     ; md3_low      ; md6_low     ; 0.000        ; 10.000     ; 10.000     ;
; -4.000 ; md3_low   ; erase      ; md3_low      ; md6_low     ; 0.000        ; 10.000     ; 10.000     ;
; -4.000 ; md7_low   ; write_thru ; md7_low      ; md6_low     ; 0.000        ; 10.000     ; 10.000     ;
; -4.000 ; md7_low   ; store      ; md7_low      ; md6_low     ; 0.000        ; 10.000     ; 10.000     ;
; -4.000 ; md7_low   ; color      ; md7_low      ; md6_low     ; 0.000        ; 10.000     ; 10.000     ;
; -4.000 ; md7_low   ; chan       ; md7_low      ; md6_low     ; 0.000        ; 10.000     ; 10.000     ;
; -4.000 ; md7_low   ; int_en     ; md7_low      ; md6_low     ; 0.000        ; 10.000     ; 10.000     ;
; -4.000 ; md7_low   ; erase      ; md7_low      ; md6_low     ; 0.000        ; 10.000     ; 10.000     ;
; -4.000 ; md6_low   ; write_thru ; md6_low      ; md6_low     ; 0.000        ; 10.000     ; 10.000     ;
; -4.000 ; md6_low   ; store      ; md6_low      ; md6_low     ; 0.000        ; 10.000     ; 10.000     ;
; -4.000 ; md6_low   ; color      ; md6_low      ; md6_low     ; 0.000        ; 10.000     ; 10.000     ;
; -4.000 ; md6_low   ; chan       ; md6_low      ; md6_low     ; 0.000        ; 10.000     ; 10.000     ;
; -4.000 ; md6_low   ; int_en     ; md6_low      ; md6_low     ; 0.000        ; 10.000     ; 10.000     ;
; -4.000 ; md6_low   ; erase      ; md6_low      ; md6_low     ; 0.000        ; 10.000     ; 10.000     ;
; -4.000 ; md8_low   ; write_thru ; md8_low      ; md6_low     ; 0.000        ; 10.000     ; 10.000     ;
; -4.000 ; md8_low   ; store      ; md8_low      ; md6_low     ; 0.000        ; 10.000     ; 10.000     ;
; -4.000 ; md8_low   ; color      ; md8_low      ; md6_low     ; 0.000        ; 10.000     ; 10.000     ;
; -4.000 ; md8_low   ; chan       ; md8_low      ; md6_low     ; 0.000        ; 10.000     ; 10.000     ;
; -4.000 ; md8_low   ; int_en     ; md8_low      ; md6_low     ; 0.000        ; 10.000     ; 10.000     ;
; -4.000 ; md8_low   ; erase      ; md8_low      ; md6_low     ; 0.000        ; 10.000     ; 10.000     ;
; -4.000 ; md5_low   ; write_thru ; md5_low      ; md6_low     ; 0.000        ; 10.000     ; 10.000     ;
; -4.000 ; md5_low   ; store      ; md5_low      ; md6_low     ; 0.000        ; 10.000     ; 10.000     ;
; -4.000 ; md5_low   ; color      ; md5_low      ; md6_low     ; 0.000        ; 10.000     ; 10.000     ;
; -4.000 ; md5_low   ; chan       ; md5_low      ; md6_low     ; 0.000        ; 10.000     ; 10.000     ;
; -4.000 ; md5_low   ; int_en     ; md5_low      ; md6_low     ; 0.000        ; 10.000     ; 10.000     ;
; -4.000 ; md5_low   ; erase      ; md5_low      ; md6_low     ; 0.000        ; 10.000     ; 10.000     ;
; -4.000 ; md9_low   ; write_thru ; md9_low      ; md6_low     ; 0.000        ; 10.000     ; 10.000     ;
; -4.000 ; md9_low   ; store      ; md9_low      ; md6_low     ; 0.000        ; 10.000     ; 10.000     ;
; -4.000 ; md9_low   ; color      ; md9_low      ; md6_low     ; 0.000        ; 10.000     ; 10.000     ;
; -4.000 ; md9_low   ; chan       ; md9_low      ; md6_low     ; 0.000        ; 10.000     ; 10.000     ;
; -4.000 ; md9_low   ; int_en     ; md9_low      ; md6_low     ; 0.000        ; 10.000     ; 10.000     ;
; -4.000 ; md9_low   ; erase      ; md9_low      ; md6_low     ; 0.000        ; 10.000     ; 10.000     ;
; -3.500 ; md10_low  ; write_thru ; md10_low     ; md6_low     ; -0.500       ; 10.000     ; 10.000     ;
; -3.500 ; md10_low  ; store      ; md10_low     ; md6_low     ; -0.500       ; 10.000     ; 10.000     ;
; -3.500 ; md10_low  ; color      ; md10_low     ; md6_low     ; -0.500       ; 10.000     ; 10.000     ;
; -3.500 ; md10_low  ; chan       ; md10_low     ; md6_low     ; -0.500       ; 10.000     ; 10.000     ;
; -3.500 ; md10_low  ; int_en     ; md10_low     ; md6_low     ; -0.500       ; 10.000     ; 10.000     ;
; -3.500 ; md10_low  ; erase      ; md10_low     ; md6_low     ; -0.500       ; 10.000     ; 10.000     ;
; -3.500 ; md11_low  ; write_thru ; md11_low     ; md6_low     ; -0.500       ; 10.000     ; 10.000     ;
; -3.500 ; md11_low  ; store      ; md11_low     ; md6_low     ; -0.500       ; 10.000     ; 10.000     ;
; -3.500 ; md11_low  ; color      ; md11_low     ; md6_low     ; -0.500       ; 10.000     ; 10.000     ;
; -3.500 ; md11_low  ; chan       ; md11_low     ; md6_low     ; -0.500       ; 10.000     ; 10.000     ;
; -3.500 ; md11_low  ; int_en     ; md11_low     ; md6_low     ; -0.500       ; 10.000     ; 10.000     ;
; -3.500 ; md11_low  ; erase      ; md11_low     ; md6_low     ; -0.500       ; 10.000     ; 10.000     ;
; -3.500 ; pause_low ; write_thru ; pause_low    ; md6_low     ; -0.500       ; 10.000     ; 10.000     ;
; -3.500 ; pause_low ; store      ; pause_low    ; md6_low     ; -0.500       ; 10.000     ; 10.000     ;
; -3.500 ; pause_low ; color      ; pause_low    ; md6_low     ; -0.500       ; 10.000     ; 10.000     ;
; -3.500 ; pause_low ; chan       ; pause_low    ; md6_low     ; -0.500       ; 10.000     ; 10.000     ;
; -3.500 ; pause_low ; int_en     ; pause_low    ; md6_low     ; -0.500       ; 10.000     ; 10.000     ;
; -3.500 ; pause_low ; erase      ; pause_low    ; md6_low     ; -0.500       ; 10.000     ; 10.000     ;
; -3.500 ; md4_low   ; write_thru ; md4_low      ; md6_low     ; -0.500       ; 10.000     ; 10.000     ;
; -3.500 ; md4_low   ; store      ; md4_low      ; md6_low     ; -0.500       ; 10.000     ; 10.000     ;
; -3.500 ; md4_low   ; color      ; md4_low      ; md6_low     ; -0.500       ; 10.000     ; 10.000     ;
; -3.500 ; md4_low   ; chan       ; md4_low      ; md6_low     ; -0.500       ; 10.000     ; 10.000     ;
; -3.500 ; md4_low   ; int_en     ; md4_low      ; md6_low     ; -0.500       ; 10.000     ; 10.000     ;
; -3.500 ; md4_low   ; erase      ; md4_low      ; md6_low     ; -0.500       ; 10.000     ; 10.000     ;
; -3.500 ; md3_low   ; write_thru ; md3_low      ; md6_low     ; -0.500       ; 10.000     ; 10.000     ;
; -3.500 ; md3_low   ; store      ; md3_low      ; md6_low     ; -0.500       ; 10.000     ; 10.000     ;
; -3.500 ; md3_low   ; color      ; md3_low      ; md6_low     ; -0.500       ; 10.000     ; 10.000     ;
; -3.500 ; md3_low   ; chan       ; md3_low      ; md6_low     ; -0.500       ; 10.000     ; 10.000     ;
; -3.500 ; md3_low   ; int_en     ; md3_low      ; md6_low     ; -0.500       ; 10.000     ; 10.000     ;
; -3.500 ; md3_low   ; erase      ; md3_low      ; md6_low     ; -0.500       ; 10.000     ; 10.000     ;
; -3.500 ; md7_low   ; write_thru ; md7_low      ; md6_low     ; -0.500       ; 10.000     ; 10.000     ;
; -3.500 ; md7_low   ; store      ; md7_low      ; md6_low     ; -0.500       ; 10.000     ; 10.000     ;
; -3.500 ; md7_low   ; color      ; md7_low      ; md6_low     ; -0.500       ; 10.000     ; 10.000     ;
; -3.500 ; md7_low   ; chan       ; md7_low      ; md6_low     ; -0.500       ; 10.000     ; 10.000     ;
; -3.500 ; md7_low   ; int_en     ; md7_low      ; md6_low     ; -0.500       ; 10.000     ; 10.000     ;
; -3.500 ; md7_low   ; erase      ; md7_low      ; md6_low     ; -0.500       ; 10.000     ; 10.000     ;
; -3.500 ; md6_low   ; write_thru ; md6_low      ; md6_low     ; -0.500       ; 10.000     ; 10.000     ;
; -3.500 ; md6_low   ; store      ; md6_low      ; md6_low     ; -0.500       ; 10.000     ; 10.000     ;
; -3.500 ; md6_low   ; color      ; md6_low      ; md6_low     ; -0.500       ; 10.000     ; 10.000     ;
; -3.500 ; md6_low   ; chan       ; md6_low      ; md6_low     ; -0.500       ; 10.000     ; 10.000     ;
+--------+-----------+------------+--------------+-------------+--------------+------------+------------+


+-------------------------------------------------------------------------------------------------------+
; Hold: 'md7_low'                                                                                       ;
+--------+-----------+------------+--------------+-------------+--------------+------------+------------+
; Slack  ; From Node ; To Node    ; Launch Clock ; Latch Clock ; Relationship ; Clock Skew ; Data Delay ;
+--------+-----------+------------+--------------+-------------+--------------+------------+------------+
; -4.000 ; md10_low  ; write_thru ; md10_low     ; md7_low     ; 0.000        ; 10.000     ; 10.000     ;
; -4.000 ; md10_low  ; store      ; md10_low     ; md7_low     ; 0.000        ; 10.000     ; 10.000     ;
; -4.000 ; md10_low  ; color      ; md10_low     ; md7_low     ; 0.000        ; 10.000     ; 10.000     ;
; -4.000 ; md10_low  ; chan       ; md10_low     ; md7_low     ; 0.000        ; 10.000     ; 10.000     ;
; -4.000 ; md10_low  ; int_en     ; md10_low     ; md7_low     ; 0.000        ; 10.000     ; 10.000     ;
; -4.000 ; md10_low  ; erase      ; md10_low     ; md7_low     ; 0.000        ; 10.000     ; 10.000     ;
; -4.000 ; md11_low  ; write_thru ; md11_low     ; md7_low     ; 0.000        ; 10.000     ; 10.000     ;
; -4.000 ; md11_low  ; store      ; md11_low     ; md7_low     ; 0.000        ; 10.000     ; 10.000     ;
; -4.000 ; md11_low  ; color      ; md11_low     ; md7_low     ; 0.000        ; 10.000     ; 10.000     ;
; -4.000 ; md11_low  ; chan       ; md11_low     ; md7_low     ; 0.000        ; 10.000     ; 10.000     ;
; -4.000 ; md11_low  ; int_en     ; md11_low     ; md7_low     ; 0.000        ; 10.000     ; 10.000     ;
; -4.000 ; md11_low  ; erase      ; md11_low     ; md7_low     ; 0.000        ; 10.000     ; 10.000     ;
; -4.000 ; pause_low ; write_thru ; pause_low    ; md7_low     ; 0.000        ; 10.000     ; 10.000     ;
; -4.000 ; pause_low ; store      ; pause_low    ; md7_low     ; 0.000        ; 10.000     ; 10.000     ;
; -4.000 ; pause_low ; color      ; pause_low    ; md7_low     ; 0.000        ; 10.000     ; 10.000     ;
; -4.000 ; pause_low ; chan       ; pause_low    ; md7_low     ; 0.000        ; 10.000     ; 10.000     ;
; -4.000 ; pause_low ; int_en     ; pause_low    ; md7_low     ; 0.000        ; 10.000     ; 10.000     ;
; -4.000 ; pause_low ; erase      ; pause_low    ; md7_low     ; 0.000        ; 10.000     ; 10.000     ;
; -4.000 ; md4_low   ; write_thru ; md4_low      ; md7_low     ; 0.000        ; 10.000     ; 10.000     ;
; -4.000 ; md4_low   ; store      ; md4_low      ; md7_low     ; 0.000        ; 10.000     ; 10.000     ;
; -4.000 ; md4_low   ; color      ; md4_low      ; md7_low     ; 0.000        ; 10.000     ; 10.000     ;
; -4.000 ; md4_low   ; chan       ; md4_low      ; md7_low     ; 0.000        ; 10.000     ; 10.000     ;
; -4.000 ; md4_low   ; int_en     ; md4_low      ; md7_low     ; 0.000        ; 10.000     ; 10.000     ;
; -4.000 ; md4_low   ; erase      ; md4_low      ; md7_low     ; 0.000        ; 10.000     ; 10.000     ;
; -4.000 ; md3_low   ; write_thru ; md3_low      ; md7_low     ; 0.000        ; 10.000     ; 10.000     ;
; -4.000 ; md3_low   ; store      ; md3_low      ; md7_low     ; 0.000        ; 10.000     ; 10.000     ;
; -4.000 ; md3_low   ; color      ; md3_low      ; md7_low     ; 0.000        ; 10.000     ; 10.000     ;
; -4.000 ; md3_low   ; chan       ; md3_low      ; md7_low     ; 0.000        ; 10.000     ; 10.000     ;
; -4.000 ; md3_low   ; int_en     ; md3_low      ; md7_low     ; 0.000        ; 10.000     ; 10.000     ;
; -4.000 ; md3_low   ; erase      ; md3_low      ; md7_low     ; 0.000        ; 10.000     ; 10.000     ;
; -4.000 ; md7_low   ; write_thru ; md7_low      ; md7_low     ; 0.000        ; 10.000     ; 10.000     ;
; -4.000 ; md7_low   ; store      ; md7_low      ; md7_low     ; 0.000        ; 10.000     ; 10.000     ;
; -4.000 ; md7_low   ; color      ; md7_low      ; md7_low     ; 0.000        ; 10.000     ; 10.000     ;
; -4.000 ; md7_low   ; chan       ; md7_low      ; md7_low     ; 0.000        ; 10.000     ; 10.000     ;
; -4.000 ; md7_low   ; int_en     ; md7_low      ; md7_low     ; 0.000        ; 10.000     ; 10.000     ;
; -4.000 ; md7_low   ; erase      ; md7_low      ; md7_low     ; 0.000        ; 10.000     ; 10.000     ;
; -4.000 ; md6_low   ; write_thru ; md6_low      ; md7_low     ; 0.000        ; 10.000     ; 10.000     ;
; -4.000 ; md6_low   ; store      ; md6_low      ; md7_low     ; 0.000        ; 10.000     ; 10.000     ;
; -4.000 ; md6_low   ; color      ; md6_low      ; md7_low     ; 0.000        ; 10.000     ; 10.000     ;
; -4.000 ; md6_low   ; chan       ; md6_low      ; md7_low     ; 0.000        ; 10.000     ; 10.000     ;
; -4.000 ; md6_low   ; int_en     ; md6_low      ; md7_low     ; 0.000        ; 10.000     ; 10.000     ;
; -4.000 ; md6_low   ; erase      ; md6_low      ; md7_low     ; 0.000        ; 10.000     ; 10.000     ;
; -4.000 ; md8_low   ; write_thru ; md8_low      ; md7_low     ; 0.000        ; 10.000     ; 10.000     ;
; -4.000 ; md8_low   ; store      ; md8_low      ; md7_low     ; 0.000        ; 10.000     ; 10.000     ;
; -4.000 ; md8_low   ; color      ; md8_low      ; md7_low     ; 0.000        ; 10.000     ; 10.000     ;
; -4.000 ; md8_low   ; chan       ; md8_low      ; md7_low     ; 0.000        ; 10.000     ; 10.000     ;
; -4.000 ; md8_low   ; int_en     ; md8_low      ; md7_low     ; 0.000        ; 10.000     ; 10.000     ;
; -4.000 ; md8_low   ; erase      ; md8_low      ; md7_low     ; 0.000        ; 10.000     ; 10.000     ;
; -4.000 ; md5_low   ; write_thru ; md5_low      ; md7_low     ; 0.000        ; 10.000     ; 10.000     ;
; -4.000 ; md5_low   ; store      ; md5_low      ; md7_low     ; 0.000        ; 10.000     ; 10.000     ;
; -4.000 ; md5_low   ; color      ; md5_low      ; md7_low     ; 0.000        ; 10.000     ; 10.000     ;
; -4.000 ; md5_low   ; chan       ; md5_low      ; md7_low     ; 0.000        ; 10.000     ; 10.000     ;
; -4.000 ; md5_low   ; int_en     ; md5_low      ; md7_low     ; 0.000        ; 10.000     ; 10.000     ;
; -4.000 ; md5_low   ; erase      ; md5_low      ; md7_low     ; 0.000        ; 10.000     ; 10.000     ;
; -4.000 ; md9_low   ; write_thru ; md9_low      ; md7_low     ; 0.000        ; 10.000     ; 10.000     ;
; -4.000 ; md9_low   ; store      ; md9_low      ; md7_low     ; 0.000        ; 10.000     ; 10.000     ;
; -4.000 ; md9_low   ; color      ; md9_low      ; md7_low     ; 0.000        ; 10.000     ; 10.000     ;
; -4.000 ; md9_low   ; chan       ; md9_low      ; md7_low     ; 0.000        ; 10.000     ; 10.000     ;
; -4.000 ; md9_low   ; int_en     ; md9_low      ; md7_low     ; 0.000        ; 10.000     ; 10.000     ;
; -4.000 ; md9_low   ; erase      ; md9_low      ; md7_low     ; 0.000        ; 10.000     ; 10.000     ;
; -3.500 ; md10_low  ; write_thru ; md10_low     ; md7_low     ; -0.500       ; 10.000     ; 10.000     ;
; -3.500 ; md10_low  ; store      ; md10_low     ; md7_low     ; -0.500       ; 10.000     ; 10.000     ;
; -3.500 ; md10_low  ; color      ; md10_low     ; md7_low     ; -0.500       ; 10.000     ; 10.000     ;
; -3.500 ; md10_low  ; chan       ; md10_low     ; md7_low     ; -0.500       ; 10.000     ; 10.000     ;
; -3.500 ; md10_low  ; int_en     ; md10_low     ; md7_low     ; -0.500       ; 10.000     ; 10.000     ;
; -3.500 ; md10_low  ; erase      ; md10_low     ; md7_low     ; -0.500       ; 10.000     ; 10.000     ;
; -3.500 ; md11_low  ; write_thru ; md11_low     ; md7_low     ; -0.500       ; 10.000     ; 10.000     ;
; -3.500 ; md11_low  ; store      ; md11_low     ; md7_low     ; -0.500       ; 10.000     ; 10.000     ;
; -3.500 ; md11_low  ; color      ; md11_low     ; md7_low     ; -0.500       ; 10.000     ; 10.000     ;
; -3.500 ; md11_low  ; chan       ; md11_low     ; md7_low     ; -0.500       ; 10.000     ; 10.000     ;
; -3.500 ; md11_low  ; int_en     ; md11_low     ; md7_low     ; -0.500       ; 10.000     ; 10.000     ;
; -3.500 ; md11_low  ; erase      ; md11_low     ; md7_low     ; -0.500       ; 10.000     ; 10.000     ;
; -3.500 ; pause_low ; write_thru ; pause_low    ; md7_low     ; -0.500       ; 10.000     ; 10.000     ;
; -3.500 ; pause_low ; store      ; pause_low    ; md7_low     ; -0.500       ; 10.000     ; 10.000     ;
; -3.500 ; pause_low ; color      ; pause_low    ; md7_low     ; -0.500       ; 10.000     ; 10.000     ;
; -3.500 ; pause_low ; chan       ; pause_low    ; md7_low     ; -0.500       ; 10.000     ; 10.000     ;
; -3.500 ; pause_low ; int_en     ; pause_low    ; md7_low     ; -0.500       ; 10.000     ; 10.000     ;
; -3.500 ; pause_low ; erase      ; pause_low    ; md7_low     ; -0.500       ; 10.000     ; 10.000     ;
; -3.500 ; md4_low   ; write_thru ; md4_low      ; md7_low     ; -0.500       ; 10.000     ; 10.000     ;
; -3.500 ; md4_low   ; store      ; md4_low      ; md7_low     ; -0.500       ; 10.000     ; 10.000     ;
; -3.500 ; md4_low   ; color      ; md4_low      ; md7_low     ; -0.500       ; 10.000     ; 10.000     ;
; -3.500 ; md4_low   ; chan       ; md4_low      ; md7_low     ; -0.500       ; 10.000     ; 10.000     ;
; -3.500 ; md4_low   ; int_en     ; md4_low      ; md7_low     ; -0.500       ; 10.000     ; 10.000     ;
; -3.500 ; md4_low   ; erase      ; md4_low      ; md7_low     ; -0.500       ; 10.000     ; 10.000     ;
; -3.500 ; md3_low   ; write_thru ; md3_low      ; md7_low     ; -0.500       ; 10.000     ; 10.000     ;
; -3.500 ; md3_low   ; store      ; md3_low      ; md7_low     ; -0.500       ; 10.000     ; 10.000     ;
; -3.500 ; md3_low   ; color      ; md3_low      ; md7_low     ; -0.500       ; 10.000     ; 10.000     ;
; -3.500 ; md3_low   ; chan       ; md3_low      ; md7_low     ; -0.500       ; 10.000     ; 10.000     ;
; -3.500 ; md3_low   ; int_en     ; md3_low      ; md7_low     ; -0.500       ; 10.000     ; 10.000     ;
; -3.500 ; md3_low   ; erase      ; md3_low      ; md7_low     ; -0.500       ; 10.000     ; 10.000     ;
; -3.500 ; md7_low   ; write_thru ; md7_low      ; md7_low     ; -0.500       ; 10.000     ; 10.000     ;
; -3.500 ; md7_low   ; store      ; md7_low      ; md7_low     ; -0.500       ; 10.000     ; 10.000     ;
; -3.500 ; md7_low   ; color      ; md7_low      ; md7_low     ; -0.500       ; 10.000     ; 10.000     ;
; -3.500 ; md7_low   ; chan       ; md7_low      ; md7_low     ; -0.500       ; 10.000     ; 10.000     ;
; -3.500 ; md7_low   ; int_en     ; md7_low      ; md7_low     ; -0.500       ; 10.000     ; 10.000     ;
; -3.500 ; md7_low   ; erase      ; md7_low      ; md7_low     ; -0.500       ; 10.000     ; 10.000     ;
; -3.500 ; md6_low   ; write_thru ; md6_low      ; md7_low     ; -0.500       ; 10.000     ; 10.000     ;
; -3.500 ; md6_low   ; store      ; md6_low      ; md7_low     ; -0.500       ; 10.000     ; 10.000     ;
; -3.500 ; md6_low   ; color      ; md6_low      ; md7_low     ; -0.500       ; 10.000     ; 10.000     ;
; -3.500 ; md6_low   ; chan       ; md6_low      ; md7_low     ; -0.500       ; 10.000     ; 10.000     ;
+--------+-----------+------------+--------------+-------------+--------------+------------+------------+


+-------------------------------------------------------------------------------------------------------+
; Hold: 'md8_low'                                                                                       ;
+--------+-----------+------------+--------------+-------------+--------------+------------+------------+
; Slack  ; From Node ; To Node    ; Launch Clock ; Latch Clock ; Relationship ; Clock Skew ; Data Delay ;
+--------+-----------+------------+--------------+-------------+--------------+------------+------------+
; -4.000 ; md10_low  ; write_thru ; md10_low     ; md8_low     ; 0.000        ; 10.000     ; 10.000     ;
; -4.000 ; md10_low  ; store      ; md10_low     ; md8_low     ; 0.000        ; 10.000     ; 10.000     ;
; -4.000 ; md10_low  ; color      ; md10_low     ; md8_low     ; 0.000        ; 10.000     ; 10.000     ;
; -4.000 ; md10_low  ; chan       ; md10_low     ; md8_low     ; 0.000        ; 10.000     ; 10.000     ;
; -4.000 ; md10_low  ; int_en     ; md10_low     ; md8_low     ; 0.000        ; 10.000     ; 10.000     ;
; -4.000 ; md10_low  ; erase      ; md10_low     ; md8_low     ; 0.000        ; 10.000     ; 10.000     ;
; -4.000 ; md11_low  ; write_thru ; md11_low     ; md8_low     ; 0.000        ; 10.000     ; 10.000     ;
; -4.000 ; md11_low  ; store      ; md11_low     ; md8_low     ; 0.000        ; 10.000     ; 10.000     ;
; -4.000 ; md11_low  ; color      ; md11_low     ; md8_low     ; 0.000        ; 10.000     ; 10.000     ;
; -4.000 ; md11_low  ; chan       ; md11_low     ; md8_low     ; 0.000        ; 10.000     ; 10.000     ;
; -4.000 ; md11_low  ; int_en     ; md11_low     ; md8_low     ; 0.000        ; 10.000     ; 10.000     ;
; -4.000 ; md11_low  ; erase      ; md11_low     ; md8_low     ; 0.000        ; 10.000     ; 10.000     ;
; -4.000 ; pause_low ; write_thru ; pause_low    ; md8_low     ; 0.000        ; 10.000     ; 10.000     ;
; -4.000 ; pause_low ; store      ; pause_low    ; md8_low     ; 0.000        ; 10.000     ; 10.000     ;
; -4.000 ; pause_low ; color      ; pause_low    ; md8_low     ; 0.000        ; 10.000     ; 10.000     ;
; -4.000 ; pause_low ; chan       ; pause_low    ; md8_low     ; 0.000        ; 10.000     ; 10.000     ;
; -4.000 ; pause_low ; int_en     ; pause_low    ; md8_low     ; 0.000        ; 10.000     ; 10.000     ;
; -4.000 ; pause_low ; erase      ; pause_low    ; md8_low     ; 0.000        ; 10.000     ; 10.000     ;
; -4.000 ; md4_low   ; write_thru ; md4_low      ; md8_low     ; 0.000        ; 10.000     ; 10.000     ;
; -4.000 ; md4_low   ; store      ; md4_low      ; md8_low     ; 0.000        ; 10.000     ; 10.000     ;
; -4.000 ; md4_low   ; color      ; md4_low      ; md8_low     ; 0.000        ; 10.000     ; 10.000     ;
; -4.000 ; md4_low   ; chan       ; md4_low      ; md8_low     ; 0.000        ; 10.000     ; 10.000     ;
; -4.000 ; md4_low   ; int_en     ; md4_low      ; md8_low     ; 0.000        ; 10.000     ; 10.000     ;
; -4.000 ; md4_low   ; erase      ; md4_low      ; md8_low     ; 0.000        ; 10.000     ; 10.000     ;
; -4.000 ; md3_low   ; write_thru ; md3_low      ; md8_low     ; 0.000        ; 10.000     ; 10.000     ;
; -4.000 ; md3_low   ; store      ; md3_low      ; md8_low     ; 0.000        ; 10.000     ; 10.000     ;
; -4.000 ; md3_low   ; color      ; md3_low      ; md8_low     ; 0.000        ; 10.000     ; 10.000     ;
; -4.000 ; md3_low   ; chan       ; md3_low      ; md8_low     ; 0.000        ; 10.000     ; 10.000     ;
; -4.000 ; md3_low   ; int_en     ; md3_low      ; md8_low     ; 0.000        ; 10.000     ; 10.000     ;
; -4.000 ; md3_low   ; erase      ; md3_low      ; md8_low     ; 0.000        ; 10.000     ; 10.000     ;
; -4.000 ; md7_low   ; write_thru ; md7_low      ; md8_low     ; 0.000        ; 10.000     ; 10.000     ;
; -4.000 ; md7_low   ; store      ; md7_low      ; md8_low     ; 0.000        ; 10.000     ; 10.000     ;
; -4.000 ; md7_low   ; color      ; md7_low      ; md8_low     ; 0.000        ; 10.000     ; 10.000     ;
; -4.000 ; md7_low   ; chan       ; md7_low      ; md8_low     ; 0.000        ; 10.000     ; 10.000     ;
; -4.000 ; md7_low   ; int_en     ; md7_low      ; md8_low     ; 0.000        ; 10.000     ; 10.000     ;
; -4.000 ; md7_low   ; erase      ; md7_low      ; md8_low     ; 0.000        ; 10.000     ; 10.000     ;
; -4.000 ; md6_low   ; write_thru ; md6_low      ; md8_low     ; 0.000        ; 10.000     ; 10.000     ;
; -4.000 ; md6_low   ; store      ; md6_low      ; md8_low     ; 0.000        ; 10.000     ; 10.000     ;
; -4.000 ; md6_low   ; color      ; md6_low      ; md8_low     ; 0.000        ; 10.000     ; 10.000     ;
; -4.000 ; md6_low   ; chan       ; md6_low      ; md8_low     ; 0.000        ; 10.000     ; 10.000     ;
; -4.000 ; md6_low   ; int_en     ; md6_low      ; md8_low     ; 0.000        ; 10.000     ; 10.000     ;
; -4.000 ; md6_low   ; erase      ; md6_low      ; md8_low     ; 0.000        ; 10.000     ; 10.000     ;
; -4.000 ; md8_low   ; write_thru ; md8_low      ; md8_low     ; 0.000        ; 10.000     ; 10.000     ;
; -4.000 ; md8_low   ; store      ; md8_low      ; md8_low     ; 0.000        ; 10.000     ; 10.000     ;
; -4.000 ; md8_low   ; color      ; md8_low      ; md8_low     ; 0.000        ; 10.000     ; 10.000     ;
; -4.000 ; md8_low   ; chan       ; md8_low      ; md8_low     ; 0.000        ; 10.000     ; 10.000     ;
; -4.000 ; md8_low   ; int_en     ; md8_low      ; md8_low     ; 0.000        ; 10.000     ; 10.000     ;
; -4.000 ; md8_low   ; erase      ; md8_low      ; md8_low     ; 0.000        ; 10.000     ; 10.000     ;
; -4.000 ; md5_low   ; write_thru ; md5_low      ; md8_low     ; 0.000        ; 10.000     ; 10.000     ;
; -4.000 ; md5_low   ; store      ; md5_low      ; md8_low     ; 0.000        ; 10.000     ; 10.000     ;
; -4.000 ; md5_low   ; color      ; md5_low      ; md8_low     ; 0.000        ; 10.000     ; 10.000     ;
; -4.000 ; md5_low   ; chan       ; md5_low      ; md8_low     ; 0.000        ; 10.000     ; 10.000     ;
; -4.000 ; md5_low   ; int_en     ; md5_low      ; md8_low     ; 0.000        ; 10.000     ; 10.000     ;
; -4.000 ; md5_low   ; erase      ; md5_low      ; md8_low     ; 0.000        ; 10.000     ; 10.000     ;
; -4.000 ; md9_low   ; write_thru ; md9_low      ; md8_low     ; 0.000        ; 10.000     ; 10.000     ;
; -4.000 ; md9_low   ; store      ; md9_low      ; md8_low     ; 0.000        ; 10.000     ; 10.000     ;
; -4.000 ; md9_low   ; color      ; md9_low      ; md8_low     ; 0.000        ; 10.000     ; 10.000     ;
; -4.000 ; md9_low   ; chan       ; md9_low      ; md8_low     ; 0.000        ; 10.000     ; 10.000     ;
; -4.000 ; md9_low   ; int_en     ; md9_low      ; md8_low     ; 0.000        ; 10.000     ; 10.000     ;
; -4.000 ; md9_low   ; erase      ; md9_low      ; md8_low     ; 0.000        ; 10.000     ; 10.000     ;
; -3.500 ; md10_low  ; write_thru ; md10_low     ; md8_low     ; -0.500       ; 10.000     ; 10.000     ;
; -3.500 ; md10_low  ; store      ; md10_low     ; md8_low     ; -0.500       ; 10.000     ; 10.000     ;
; -3.500 ; md10_low  ; color      ; md10_low     ; md8_low     ; -0.500       ; 10.000     ; 10.000     ;
; -3.500 ; md10_low  ; chan       ; md10_low     ; md8_low     ; -0.500       ; 10.000     ; 10.000     ;
; -3.500 ; md10_low  ; int_en     ; md10_low     ; md8_low     ; -0.500       ; 10.000     ; 10.000     ;
; -3.500 ; md10_low  ; erase      ; md10_low     ; md8_low     ; -0.500       ; 10.000     ; 10.000     ;
; -3.500 ; md11_low  ; write_thru ; md11_low     ; md8_low     ; -0.500       ; 10.000     ; 10.000     ;
; -3.500 ; md11_low  ; store      ; md11_low     ; md8_low     ; -0.500       ; 10.000     ; 10.000     ;
; -3.500 ; md11_low  ; color      ; md11_low     ; md8_low     ; -0.500       ; 10.000     ; 10.000     ;
; -3.500 ; md11_low  ; chan       ; md11_low     ; md8_low     ; -0.500       ; 10.000     ; 10.000     ;
; -3.500 ; md11_low  ; int_en     ; md11_low     ; md8_low     ; -0.500       ; 10.000     ; 10.000     ;
; -3.500 ; md11_low  ; erase      ; md11_low     ; md8_low     ; -0.500       ; 10.000     ; 10.000     ;
; -3.500 ; pause_low ; write_thru ; pause_low    ; md8_low     ; -0.500       ; 10.000     ; 10.000     ;
; -3.500 ; pause_low ; store      ; pause_low    ; md8_low     ; -0.500       ; 10.000     ; 10.000     ;
; -3.500 ; pause_low ; color      ; pause_low    ; md8_low     ; -0.500       ; 10.000     ; 10.000     ;
; -3.500 ; pause_low ; chan       ; pause_low    ; md8_low     ; -0.500       ; 10.000     ; 10.000     ;
; -3.500 ; pause_low ; int_en     ; pause_low    ; md8_low     ; -0.500       ; 10.000     ; 10.000     ;
; -3.500 ; pause_low ; erase      ; pause_low    ; md8_low     ; -0.500       ; 10.000     ; 10.000     ;
; -3.500 ; md4_low   ; write_thru ; md4_low      ; md8_low     ; -0.500       ; 10.000     ; 10.000     ;
; -3.500 ; md4_low   ; store      ; md4_low      ; md8_low     ; -0.500       ; 10.000     ; 10.000     ;
; -3.500 ; md4_low   ; color      ; md4_low      ; md8_low     ; -0.500       ; 10.000     ; 10.000     ;
; -3.500 ; md4_low   ; chan       ; md4_low      ; md8_low     ; -0.500       ; 10.000     ; 10.000     ;
; -3.500 ; md4_low   ; int_en     ; md4_low      ; md8_low     ; -0.500       ; 10.000     ; 10.000     ;
; -3.500 ; md4_low   ; erase      ; md4_low      ; md8_low     ; -0.500       ; 10.000     ; 10.000     ;
; -3.500 ; md3_low   ; write_thru ; md3_low      ; md8_low     ; -0.500       ; 10.000     ; 10.000     ;
; -3.500 ; md3_low   ; store      ; md3_low      ; md8_low     ; -0.500       ; 10.000     ; 10.000     ;
; -3.500 ; md3_low   ; color      ; md3_low      ; md8_low     ; -0.500       ; 10.000     ; 10.000     ;
; -3.500 ; md3_low   ; chan       ; md3_low      ; md8_low     ; -0.500       ; 10.000     ; 10.000     ;
; -3.500 ; md3_low   ; int_en     ; md3_low      ; md8_low     ; -0.500       ; 10.000     ; 10.000     ;
; -3.500 ; md3_low   ; erase      ; md3_low      ; md8_low     ; -0.500       ; 10.000     ; 10.000     ;
; -3.500 ; md7_low   ; write_thru ; md7_low      ; md8_low     ; -0.500       ; 10.000     ; 10.000     ;
; -3.500 ; md7_low   ; store      ; md7_low      ; md8_low     ; -0.500       ; 10.000     ; 10.000     ;
; -3.500 ; md7_low   ; color      ; md7_low      ; md8_low     ; -0.500       ; 10.000     ; 10.000     ;
; -3.500 ; md7_low   ; chan       ; md7_low      ; md8_low     ; -0.500       ; 10.000     ; 10.000     ;
; -3.500 ; md7_low   ; int_en     ; md7_low      ; md8_low     ; -0.500       ; 10.000     ; 10.000     ;
; -3.500 ; md7_low   ; erase      ; md7_low      ; md8_low     ; -0.500       ; 10.000     ; 10.000     ;
; -3.500 ; md6_low   ; write_thru ; md6_low      ; md8_low     ; -0.500       ; 10.000     ; 10.000     ;
; -3.500 ; md6_low   ; store      ; md6_low      ; md8_low     ; -0.500       ; 10.000     ; 10.000     ;
; -3.500 ; md6_low   ; color      ; md6_low      ; md8_low     ; -0.500       ; 10.000     ; 10.000     ;
; -3.500 ; md6_low   ; chan       ; md6_low      ; md8_low     ; -0.500       ; 10.000     ; 10.000     ;
+--------+-----------+------------+--------------+-------------+--------------+------------+------------+


+-------------------------------------------------------------------------------------------------------+
; Hold: 'md9_low'                                                                                       ;
+--------+-----------+------------+--------------+-------------+--------------+------------+------------+
; Slack  ; From Node ; To Node    ; Launch Clock ; Latch Clock ; Relationship ; Clock Skew ; Data Delay ;
+--------+-----------+------------+--------------+-------------+--------------+------------+------------+
; -4.000 ; md10_low  ; write_thru ; md10_low     ; md9_low     ; 0.000        ; 10.000     ; 10.000     ;
; -4.000 ; md10_low  ; store      ; md10_low     ; md9_low     ; 0.000        ; 10.000     ; 10.000     ;
; -4.000 ; md10_low  ; color      ; md10_low     ; md9_low     ; 0.000        ; 10.000     ; 10.000     ;
; -4.000 ; md10_low  ; chan       ; md10_low     ; md9_low     ; 0.000        ; 10.000     ; 10.000     ;
; -4.000 ; md10_low  ; int_en     ; md10_low     ; md9_low     ; 0.000        ; 10.000     ; 10.000     ;
; -4.000 ; md10_low  ; erase      ; md10_low     ; md9_low     ; 0.000        ; 10.000     ; 10.000     ;
; -4.000 ; md11_low  ; write_thru ; md11_low     ; md9_low     ; 0.000        ; 10.000     ; 10.000     ;
; -4.000 ; md11_low  ; store      ; md11_low     ; md9_low     ; 0.000        ; 10.000     ; 10.000     ;
; -4.000 ; md11_low  ; color      ; md11_low     ; md9_low     ; 0.000        ; 10.000     ; 10.000     ;
; -4.000 ; md11_low  ; chan       ; md11_low     ; md9_low     ; 0.000        ; 10.000     ; 10.000     ;
; -4.000 ; md11_low  ; int_en     ; md11_low     ; md9_low     ; 0.000        ; 10.000     ; 10.000     ;
; -4.000 ; md11_low  ; erase      ; md11_low     ; md9_low     ; 0.000        ; 10.000     ; 10.000     ;
; -4.000 ; pause_low ; write_thru ; pause_low    ; md9_low     ; 0.000        ; 10.000     ; 10.000     ;
; -4.000 ; pause_low ; store      ; pause_low    ; md9_low     ; 0.000        ; 10.000     ; 10.000     ;
; -4.000 ; pause_low ; color      ; pause_low    ; md9_low     ; 0.000        ; 10.000     ; 10.000     ;
; -4.000 ; pause_low ; chan       ; pause_low    ; md9_low     ; 0.000        ; 10.000     ; 10.000     ;
; -4.000 ; pause_low ; int_en     ; pause_low    ; md9_low     ; 0.000        ; 10.000     ; 10.000     ;
; -4.000 ; pause_low ; erase      ; pause_low    ; md9_low     ; 0.000        ; 10.000     ; 10.000     ;
; -4.000 ; md4_low   ; write_thru ; md4_low      ; md9_low     ; 0.000        ; 10.000     ; 10.000     ;
; -4.000 ; md4_low   ; store      ; md4_low      ; md9_low     ; 0.000        ; 10.000     ; 10.000     ;
; -4.000 ; md4_low   ; color      ; md4_low      ; md9_low     ; 0.000        ; 10.000     ; 10.000     ;
; -4.000 ; md4_low   ; chan       ; md4_low      ; md9_low     ; 0.000        ; 10.000     ; 10.000     ;
; -4.000 ; md4_low   ; int_en     ; md4_low      ; md9_low     ; 0.000        ; 10.000     ; 10.000     ;
; -4.000 ; md4_low   ; erase      ; md4_low      ; md9_low     ; 0.000        ; 10.000     ; 10.000     ;
; -4.000 ; md3_low   ; write_thru ; md3_low      ; md9_low     ; 0.000        ; 10.000     ; 10.000     ;
; -4.000 ; md3_low   ; store      ; md3_low      ; md9_low     ; 0.000        ; 10.000     ; 10.000     ;
; -4.000 ; md3_low   ; color      ; md3_low      ; md9_low     ; 0.000        ; 10.000     ; 10.000     ;
; -4.000 ; md3_low   ; chan       ; md3_low      ; md9_low     ; 0.000        ; 10.000     ; 10.000     ;
; -4.000 ; md3_low   ; int_en     ; md3_low      ; md9_low     ; 0.000        ; 10.000     ; 10.000     ;
; -4.000 ; md3_low   ; erase      ; md3_low      ; md9_low     ; 0.000        ; 10.000     ; 10.000     ;
; -4.000 ; md7_low   ; write_thru ; md7_low      ; md9_low     ; 0.000        ; 10.000     ; 10.000     ;
; -4.000 ; md7_low   ; store      ; md7_low      ; md9_low     ; 0.000        ; 10.000     ; 10.000     ;
; -4.000 ; md7_low   ; color      ; md7_low      ; md9_low     ; 0.000        ; 10.000     ; 10.000     ;
; -4.000 ; md7_low   ; chan       ; md7_low      ; md9_low     ; 0.000        ; 10.000     ; 10.000     ;
; -4.000 ; md7_low   ; int_en     ; md7_low      ; md9_low     ; 0.000        ; 10.000     ; 10.000     ;
; -4.000 ; md7_low   ; erase      ; md7_low      ; md9_low     ; 0.000        ; 10.000     ; 10.000     ;
; -4.000 ; md6_low   ; write_thru ; md6_low      ; md9_low     ; 0.000        ; 10.000     ; 10.000     ;
; -4.000 ; md6_low   ; store      ; md6_low      ; md9_low     ; 0.000        ; 10.000     ; 10.000     ;
; -4.000 ; md6_low   ; color      ; md6_low      ; md9_low     ; 0.000        ; 10.000     ; 10.000     ;
; -4.000 ; md6_low   ; chan       ; md6_low      ; md9_low     ; 0.000        ; 10.000     ; 10.000     ;
; -4.000 ; md6_low   ; int_en     ; md6_low      ; md9_low     ; 0.000        ; 10.000     ; 10.000     ;
; -4.000 ; md6_low   ; erase      ; md6_low      ; md9_low     ; 0.000        ; 10.000     ; 10.000     ;
; -4.000 ; md8_low   ; write_thru ; md8_low      ; md9_low     ; 0.000        ; 10.000     ; 10.000     ;
; -4.000 ; md8_low   ; store      ; md8_low      ; md9_low     ; 0.000        ; 10.000     ; 10.000     ;
; -4.000 ; md8_low   ; color      ; md8_low      ; md9_low     ; 0.000        ; 10.000     ; 10.000     ;
; -4.000 ; md8_low   ; chan       ; md8_low      ; md9_low     ; 0.000        ; 10.000     ; 10.000     ;
; -4.000 ; md8_low   ; int_en     ; md8_low      ; md9_low     ; 0.000        ; 10.000     ; 10.000     ;
; -4.000 ; md8_low   ; erase      ; md8_low      ; md9_low     ; 0.000        ; 10.000     ; 10.000     ;
; -4.000 ; md5_low   ; write_thru ; md5_low      ; md9_low     ; 0.000        ; 10.000     ; 10.000     ;
; -4.000 ; md5_low   ; store      ; md5_low      ; md9_low     ; 0.000        ; 10.000     ; 10.000     ;
; -4.000 ; md5_low   ; color      ; md5_low      ; md9_low     ; 0.000        ; 10.000     ; 10.000     ;
; -4.000 ; md5_low   ; chan       ; md5_low      ; md9_low     ; 0.000        ; 10.000     ; 10.000     ;
; -4.000 ; md5_low   ; int_en     ; md5_low      ; md9_low     ; 0.000        ; 10.000     ; 10.000     ;
; -4.000 ; md5_low   ; erase      ; md5_low      ; md9_low     ; 0.000        ; 10.000     ; 10.000     ;
; -4.000 ; md9_low   ; write_thru ; md9_low      ; md9_low     ; 0.000        ; 10.000     ; 10.000     ;
; -4.000 ; md9_low   ; store      ; md9_low      ; md9_low     ; 0.000        ; 10.000     ; 10.000     ;
; -4.000 ; md9_low   ; color      ; md9_low      ; md9_low     ; 0.000        ; 10.000     ; 10.000     ;
; -4.000 ; md9_low   ; chan       ; md9_low      ; md9_low     ; 0.000        ; 10.000     ; 10.000     ;
; -4.000 ; md9_low   ; int_en     ; md9_low      ; md9_low     ; 0.000        ; 10.000     ; 10.000     ;
; -4.000 ; md9_low   ; erase      ; md9_low      ; md9_low     ; 0.000        ; 10.000     ; 10.000     ;
; -3.500 ; md10_low  ; write_thru ; md10_low     ; md9_low     ; -0.500       ; 10.000     ; 10.000     ;
; -3.500 ; md10_low  ; store      ; md10_low     ; md9_low     ; -0.500       ; 10.000     ; 10.000     ;
; -3.500 ; md10_low  ; color      ; md10_low     ; md9_low     ; -0.500       ; 10.000     ; 10.000     ;
; -3.500 ; md10_low  ; chan       ; md10_low     ; md9_low     ; -0.500       ; 10.000     ; 10.000     ;
; -3.500 ; md10_low  ; int_en     ; md10_low     ; md9_low     ; -0.500       ; 10.000     ; 10.000     ;
; -3.500 ; md10_low  ; erase      ; md10_low     ; md9_low     ; -0.500       ; 10.000     ; 10.000     ;
; -3.500 ; md11_low  ; write_thru ; md11_low     ; md9_low     ; -0.500       ; 10.000     ; 10.000     ;
; -3.500 ; md11_low  ; store      ; md11_low     ; md9_low     ; -0.500       ; 10.000     ; 10.000     ;
; -3.500 ; md11_low  ; color      ; md11_low     ; md9_low     ; -0.500       ; 10.000     ; 10.000     ;
; -3.500 ; md11_low  ; chan       ; md11_low     ; md9_low     ; -0.500       ; 10.000     ; 10.000     ;
; -3.500 ; md11_low  ; int_en     ; md11_low     ; md9_low     ; -0.500       ; 10.000     ; 10.000     ;
; -3.500 ; md11_low  ; erase      ; md11_low     ; md9_low     ; -0.500       ; 10.000     ; 10.000     ;
; -3.500 ; pause_low ; write_thru ; pause_low    ; md9_low     ; -0.500       ; 10.000     ; 10.000     ;
; -3.500 ; pause_low ; store      ; pause_low    ; md9_low     ; -0.500       ; 10.000     ; 10.000     ;
; -3.500 ; pause_low ; color      ; pause_low    ; md9_low     ; -0.500       ; 10.000     ; 10.000     ;
; -3.500 ; pause_low ; chan       ; pause_low    ; md9_low     ; -0.500       ; 10.000     ; 10.000     ;
; -3.500 ; pause_low ; int_en     ; pause_low    ; md9_low     ; -0.500       ; 10.000     ; 10.000     ;
; -3.500 ; pause_low ; erase      ; pause_low    ; md9_low     ; -0.500       ; 10.000     ; 10.000     ;
; -3.500 ; md4_low   ; write_thru ; md4_low      ; md9_low     ; -0.500       ; 10.000     ; 10.000     ;
; -3.500 ; md4_low   ; store      ; md4_low      ; md9_low     ; -0.500       ; 10.000     ; 10.000     ;
; -3.500 ; md4_low   ; color      ; md4_low      ; md9_low     ; -0.500       ; 10.000     ; 10.000     ;
; -3.500 ; md4_low   ; chan       ; md4_low      ; md9_low     ; -0.500       ; 10.000     ; 10.000     ;
; -3.500 ; md4_low   ; int_en     ; md4_low      ; md9_low     ; -0.500       ; 10.000     ; 10.000     ;
; -3.500 ; md4_low   ; erase      ; md4_low      ; md9_low     ; -0.500       ; 10.000     ; 10.000     ;
; -3.500 ; md3_low   ; write_thru ; md3_low      ; md9_low     ; -0.500       ; 10.000     ; 10.000     ;
; -3.500 ; md3_low   ; store      ; md3_low      ; md9_low     ; -0.500       ; 10.000     ; 10.000     ;
; -3.500 ; md3_low   ; color      ; md3_low      ; md9_low     ; -0.500       ; 10.000     ; 10.000     ;
; -3.500 ; md3_low   ; chan       ; md3_low      ; md9_low     ; -0.500       ; 10.000     ; 10.000     ;
; -3.500 ; md3_low   ; int_en     ; md3_low      ; md9_low     ; -0.500       ; 10.000     ; 10.000     ;
; -3.500 ; md3_low   ; erase      ; md3_low      ; md9_low     ; -0.500       ; 10.000     ; 10.000     ;
; -3.500 ; md7_low   ; write_thru ; md7_low      ; md9_low     ; -0.500       ; 10.000     ; 10.000     ;
; -3.500 ; md7_low   ; store      ; md7_low      ; md9_low     ; -0.500       ; 10.000     ; 10.000     ;
; -3.500 ; md7_low   ; color      ; md7_low      ; md9_low     ; -0.500       ; 10.000     ; 10.000     ;
; -3.500 ; md7_low   ; chan       ; md7_low      ; md9_low     ; -0.500       ; 10.000     ; 10.000     ;
; -3.500 ; md7_low   ; int_en     ; md7_low      ; md9_low     ; -0.500       ; 10.000     ; 10.000     ;
; -3.500 ; md7_low   ; erase      ; md7_low      ; md9_low     ; -0.500       ; 10.000     ; 10.000     ;
; -3.500 ; md6_low   ; write_thru ; md6_low      ; md9_low     ; -0.500       ; 10.000     ; 10.000     ;
; -3.500 ; md6_low   ; store      ; md6_low      ; md9_low     ; -0.500       ; 10.000     ; 10.000     ;
; -3.500 ; md6_low   ; color      ; md6_low      ; md9_low     ; -0.500       ; 10.000     ; 10.000     ;
; -3.500 ; md6_low   ; chan       ; md6_low      ; md9_low     ; -0.500       ; 10.000     ; 10.000     ;
+--------+-----------+------------+--------------+-------------+--------------+------------+------------+


+-------------------------------------------------------------------------------------------------------+
; Hold: 'pause_low'                                                                                     ;
+--------+-----------+------------+--------------+-------------+--------------+------------+------------+
; Slack  ; From Node ; To Node    ; Launch Clock ; Latch Clock ; Relationship ; Clock Skew ; Data Delay ;
+--------+-----------+------------+--------------+-------------+--------------+------------+------------+
; -4.000 ; md10_low  ; write_thru ; md10_low     ; pause_low   ; 0.000        ; 10.000     ; 10.000     ;
; -4.000 ; md10_low  ; store      ; md10_low     ; pause_low   ; 0.000        ; 10.000     ; 10.000     ;
; -4.000 ; md10_low  ; color      ; md10_low     ; pause_low   ; 0.000        ; 10.000     ; 10.000     ;
; -4.000 ; md10_low  ; chan       ; md10_low     ; pause_low   ; 0.000        ; 10.000     ; 10.000     ;
; -4.000 ; md10_low  ; int_en     ; md10_low     ; pause_low   ; 0.000        ; 10.000     ; 10.000     ;
; -4.000 ; md10_low  ; erase      ; md10_low     ; pause_low   ; 0.000        ; 10.000     ; 10.000     ;
; -4.000 ; md11_low  ; write_thru ; md11_low     ; pause_low   ; 0.000        ; 10.000     ; 10.000     ;
; -4.000 ; md11_low  ; store      ; md11_low     ; pause_low   ; 0.000        ; 10.000     ; 10.000     ;
; -4.000 ; md11_low  ; color      ; md11_low     ; pause_low   ; 0.000        ; 10.000     ; 10.000     ;
; -4.000 ; md11_low  ; chan       ; md11_low     ; pause_low   ; 0.000        ; 10.000     ; 10.000     ;
; -4.000 ; md11_low  ; int_en     ; md11_low     ; pause_low   ; 0.000        ; 10.000     ; 10.000     ;
; -4.000 ; md11_low  ; erase      ; md11_low     ; pause_low   ; 0.000        ; 10.000     ; 10.000     ;
; -4.000 ; pause_low ; write_thru ; pause_low    ; pause_low   ; 0.000        ; 10.000     ; 10.000     ;
; -4.000 ; pause_low ; store      ; pause_low    ; pause_low   ; 0.000        ; 10.000     ; 10.000     ;
; -4.000 ; pause_low ; color      ; pause_low    ; pause_low   ; 0.000        ; 10.000     ; 10.000     ;
; -4.000 ; pause_low ; chan       ; pause_low    ; pause_low   ; 0.000        ; 10.000     ; 10.000     ;
; -4.000 ; pause_low ; int_en     ; pause_low    ; pause_low   ; 0.000        ; 10.000     ; 10.000     ;
; -4.000 ; pause_low ; erase      ; pause_low    ; pause_low   ; 0.000        ; 10.000     ; 10.000     ;
; -4.000 ; md4_low   ; write_thru ; md4_low      ; pause_low   ; 0.000        ; 10.000     ; 10.000     ;
; -4.000 ; md4_low   ; store      ; md4_low      ; pause_low   ; 0.000        ; 10.000     ; 10.000     ;
; -4.000 ; md4_low   ; color      ; md4_low      ; pause_low   ; 0.000        ; 10.000     ; 10.000     ;
; -4.000 ; md4_low   ; chan       ; md4_low      ; pause_low   ; 0.000        ; 10.000     ; 10.000     ;
; -4.000 ; md4_low   ; int_en     ; md4_low      ; pause_low   ; 0.000        ; 10.000     ; 10.000     ;
; -4.000 ; md4_low   ; erase      ; md4_low      ; pause_low   ; 0.000        ; 10.000     ; 10.000     ;
; -4.000 ; md3_low   ; write_thru ; md3_low      ; pause_low   ; 0.000        ; 10.000     ; 10.000     ;
; -4.000 ; md3_low   ; store      ; md3_low      ; pause_low   ; 0.000        ; 10.000     ; 10.000     ;
; -4.000 ; md3_low   ; color      ; md3_low      ; pause_low   ; 0.000        ; 10.000     ; 10.000     ;
; -4.000 ; md3_low   ; chan       ; md3_low      ; pause_low   ; 0.000        ; 10.000     ; 10.000     ;
; -4.000 ; md3_low   ; int_en     ; md3_low      ; pause_low   ; 0.000        ; 10.000     ; 10.000     ;
; -4.000 ; md3_low   ; erase      ; md3_low      ; pause_low   ; 0.000        ; 10.000     ; 10.000     ;
; -4.000 ; md7_low   ; write_thru ; md7_low      ; pause_low   ; 0.000        ; 10.000     ; 10.000     ;
; -4.000 ; md7_low   ; store      ; md7_low      ; pause_low   ; 0.000        ; 10.000     ; 10.000     ;
; -4.000 ; md7_low   ; color      ; md7_low      ; pause_low   ; 0.000        ; 10.000     ; 10.000     ;
; -4.000 ; md7_low   ; chan       ; md7_low      ; pause_low   ; 0.000        ; 10.000     ; 10.000     ;
; -4.000 ; md7_low   ; int_en     ; md7_low      ; pause_low   ; 0.000        ; 10.000     ; 10.000     ;
; -4.000 ; md7_low   ; erase      ; md7_low      ; pause_low   ; 0.000        ; 10.000     ; 10.000     ;
; -4.000 ; md6_low   ; write_thru ; md6_low      ; pause_low   ; 0.000        ; 10.000     ; 10.000     ;
; -4.000 ; md6_low   ; store      ; md6_low      ; pause_low   ; 0.000        ; 10.000     ; 10.000     ;
; -4.000 ; md6_low   ; color      ; md6_low      ; pause_low   ; 0.000        ; 10.000     ; 10.000     ;
; -4.000 ; md6_low   ; chan       ; md6_low      ; pause_low   ; 0.000        ; 10.000     ; 10.000     ;
; -4.000 ; md6_low   ; int_en     ; md6_low      ; pause_low   ; 0.000        ; 10.000     ; 10.000     ;
; -4.000 ; md6_low   ; erase      ; md6_low      ; pause_low   ; 0.000        ; 10.000     ; 10.000     ;
; -4.000 ; md8_low   ; write_thru ; md8_low      ; pause_low   ; 0.000        ; 10.000     ; 10.000     ;
; -4.000 ; md8_low   ; store      ; md8_low      ; pause_low   ; 0.000        ; 10.000     ; 10.000     ;
; -4.000 ; md8_low   ; color      ; md8_low      ; pause_low   ; 0.000        ; 10.000     ; 10.000     ;
; -4.000 ; md8_low   ; chan       ; md8_low      ; pause_low   ; 0.000        ; 10.000     ; 10.000     ;
; -4.000 ; md8_low   ; int_en     ; md8_low      ; pause_low   ; 0.000        ; 10.000     ; 10.000     ;
; -4.000 ; md8_low   ; erase      ; md8_low      ; pause_low   ; 0.000        ; 10.000     ; 10.000     ;
; -4.000 ; md5_low   ; write_thru ; md5_low      ; pause_low   ; 0.000        ; 10.000     ; 10.000     ;
; -4.000 ; md5_low   ; store      ; md5_low      ; pause_low   ; 0.000        ; 10.000     ; 10.000     ;
; -4.000 ; md5_low   ; color      ; md5_low      ; pause_low   ; 0.000        ; 10.000     ; 10.000     ;
; -4.000 ; md5_low   ; chan       ; md5_low      ; pause_low   ; 0.000        ; 10.000     ; 10.000     ;
; -4.000 ; md5_low   ; int_en     ; md5_low      ; pause_low   ; 0.000        ; 10.000     ; 10.000     ;
; -4.000 ; md5_low   ; erase      ; md5_low      ; pause_low   ; 0.000        ; 10.000     ; 10.000     ;
; -4.000 ; md9_low   ; write_thru ; md9_low      ; pause_low   ; 0.000        ; 10.000     ; 10.000     ;
; -4.000 ; md9_low   ; store      ; md9_low      ; pause_low   ; 0.000        ; 10.000     ; 10.000     ;
; -4.000 ; md9_low   ; color      ; md9_low      ; pause_low   ; 0.000        ; 10.000     ; 10.000     ;
; -4.000 ; md9_low   ; chan       ; md9_low      ; pause_low   ; 0.000        ; 10.000     ; 10.000     ;
; -4.000 ; md9_low   ; int_en     ; md9_low      ; pause_low   ; 0.000        ; 10.000     ; 10.000     ;
; -4.000 ; md9_low   ; erase      ; md9_low      ; pause_low   ; 0.000        ; 10.000     ; 10.000     ;
; -3.500 ; md10_low  ; write_thru ; md10_low     ; pause_low   ; -0.500       ; 10.000     ; 10.000     ;
; -3.500 ; md10_low  ; store      ; md10_low     ; pause_low   ; -0.500       ; 10.000     ; 10.000     ;
; -3.500 ; md10_low  ; color      ; md10_low     ; pause_low   ; -0.500       ; 10.000     ; 10.000     ;
; -3.500 ; md10_low  ; chan       ; md10_low     ; pause_low   ; -0.500       ; 10.000     ; 10.000     ;
; -3.500 ; md10_low  ; int_en     ; md10_low     ; pause_low   ; -0.500       ; 10.000     ; 10.000     ;
; -3.500 ; md10_low  ; erase      ; md10_low     ; pause_low   ; -0.500       ; 10.000     ; 10.000     ;
; -3.500 ; md11_low  ; write_thru ; md11_low     ; pause_low   ; -0.500       ; 10.000     ; 10.000     ;
; -3.500 ; md11_low  ; store      ; md11_low     ; pause_low   ; -0.500       ; 10.000     ; 10.000     ;
; -3.500 ; md11_low  ; color      ; md11_low     ; pause_low   ; -0.500       ; 10.000     ; 10.000     ;
; -3.500 ; md11_low  ; chan       ; md11_low     ; pause_low   ; -0.500       ; 10.000     ; 10.000     ;
; -3.500 ; md11_low  ; int_en     ; md11_low     ; pause_low   ; -0.500       ; 10.000     ; 10.000     ;
; -3.500 ; md11_low  ; erase      ; md11_low     ; pause_low   ; -0.500       ; 10.000     ; 10.000     ;
; -3.500 ; pause_low ; write_thru ; pause_low    ; pause_low   ; -0.500       ; 10.000     ; 10.000     ;
; -3.500 ; pause_low ; store      ; pause_low    ; pause_low   ; -0.500       ; 10.000     ; 10.000     ;
; -3.500 ; pause_low ; color      ; pause_low    ; pause_low   ; -0.500       ; 10.000     ; 10.000     ;
; -3.500 ; pause_low ; chan       ; pause_low    ; pause_low   ; -0.500       ; 10.000     ; 10.000     ;
; -3.500 ; pause_low ; int_en     ; pause_low    ; pause_low   ; -0.500       ; 10.000     ; 10.000     ;
; -3.500 ; pause_low ; erase      ; pause_low    ; pause_low   ; -0.500       ; 10.000     ; 10.000     ;
; -3.500 ; md4_low   ; write_thru ; md4_low      ; pause_low   ; -0.500       ; 10.000     ; 10.000     ;
; -3.500 ; md4_low   ; store      ; md4_low      ; pause_low   ; -0.500       ; 10.000     ; 10.000     ;
; -3.500 ; md4_low   ; color      ; md4_low      ; pause_low   ; -0.500       ; 10.000     ; 10.000     ;
; -3.500 ; md4_low   ; chan       ; md4_low      ; pause_low   ; -0.500       ; 10.000     ; 10.000     ;
; -3.500 ; md4_low   ; int_en     ; md4_low      ; pause_low   ; -0.500       ; 10.000     ; 10.000     ;
; -3.500 ; md4_low   ; erase      ; md4_low      ; pause_low   ; -0.500       ; 10.000     ; 10.000     ;
; -3.500 ; md3_low   ; write_thru ; md3_low      ; pause_low   ; -0.500       ; 10.000     ; 10.000     ;
; -3.500 ; md3_low   ; store      ; md3_low      ; pause_low   ; -0.500       ; 10.000     ; 10.000     ;
; -3.500 ; md3_low   ; color      ; md3_low      ; pause_low   ; -0.500       ; 10.000     ; 10.000     ;
; -3.500 ; md3_low   ; chan       ; md3_low      ; pause_low   ; -0.500       ; 10.000     ; 10.000     ;
; -3.500 ; md3_low   ; int_en     ; md3_low      ; pause_low   ; -0.500       ; 10.000     ; 10.000     ;
; -3.500 ; md3_low   ; erase      ; md3_low      ; pause_low   ; -0.500       ; 10.000     ; 10.000     ;
; -3.500 ; md7_low   ; write_thru ; md7_low      ; pause_low   ; -0.500       ; 10.000     ; 10.000     ;
; -3.500 ; md7_low   ; store      ; md7_low      ; pause_low   ; -0.500       ; 10.000     ; 10.000     ;
; -3.500 ; md7_low   ; color      ; md7_low      ; pause_low   ; -0.500       ; 10.000     ; 10.000     ;
; -3.500 ; md7_low   ; chan       ; md7_low      ; pause_low   ; -0.500       ; 10.000     ; 10.000     ;
; -3.500 ; md7_low   ; int_en     ; md7_low      ; pause_low   ; -0.500       ; 10.000     ; 10.000     ;
; -3.500 ; md7_low   ; erase      ; md7_low      ; pause_low   ; -0.500       ; 10.000     ; 10.000     ;
; -3.500 ; md6_low   ; write_thru ; md6_low      ; pause_low   ; -0.500       ; 10.000     ; 10.000     ;
; -3.500 ; md6_low   ; store      ; md6_low      ; pause_low   ; -0.500       ; 10.000     ; 10.000     ;
; -3.500 ; md6_low   ; color      ; md6_low      ; pause_low   ; -0.500       ; 10.000     ; 10.000     ;
; -3.500 ; md6_low   ; chan       ; md6_low      ; pause_low   ; -0.500       ; 10.000     ; 10.000     ;
+--------+-----------+------------+--------------+-------------+--------------+------------+------------+


+-------------------------------------------------------------------------------------------------------+
; Hold: 'tp3'                                                                                           ;
+--------+-----------+------------+--------------+-------------+--------------+------------+------------+
; Slack  ; From Node ; To Node    ; Launch Clock ; Latch Clock ; Relationship ; Clock Skew ; Data Delay ;
+--------+-----------+------------+--------------+-------------+--------------+------------+------------+
; -4.000 ; md10_low  ; write_thru ; md10_low     ; tp3         ; 0.000        ; 10.000     ; 10.000     ;
; -4.000 ; md10_low  ; store      ; md10_low     ; tp3         ; 0.000        ; 10.000     ; 10.000     ;
; -4.000 ; md10_low  ; color      ; md10_low     ; tp3         ; 0.000        ; 10.000     ; 10.000     ;
; -4.000 ; md10_low  ; chan       ; md10_low     ; tp3         ; 0.000        ; 10.000     ; 10.000     ;
; -4.000 ; md10_low  ; int_en     ; md10_low     ; tp3         ; 0.000        ; 10.000     ; 10.000     ;
; -4.000 ; md10_low  ; erase      ; md10_low     ; tp3         ; 0.000        ; 10.000     ; 10.000     ;
; -4.000 ; md11_low  ; write_thru ; md11_low     ; tp3         ; 0.000        ; 10.000     ; 10.000     ;
; -4.000 ; md11_low  ; store      ; md11_low     ; tp3         ; 0.000        ; 10.000     ; 10.000     ;
; -4.000 ; md11_low  ; color      ; md11_low     ; tp3         ; 0.000        ; 10.000     ; 10.000     ;
; -4.000 ; md11_low  ; chan       ; md11_low     ; tp3         ; 0.000        ; 10.000     ; 10.000     ;
; -4.000 ; md11_low  ; int_en     ; md11_low     ; tp3         ; 0.000        ; 10.000     ; 10.000     ;
; -4.000 ; md11_low  ; erase      ; md11_low     ; tp3         ; 0.000        ; 10.000     ; 10.000     ;
; -4.000 ; pause_low ; write_thru ; pause_low    ; tp3         ; 0.000        ; 10.000     ; 10.000     ;
; -4.000 ; pause_low ; store      ; pause_low    ; tp3         ; 0.000        ; 10.000     ; 10.000     ;
; -4.000 ; pause_low ; color      ; pause_low    ; tp3         ; 0.000        ; 10.000     ; 10.000     ;
; -4.000 ; pause_low ; chan       ; pause_low    ; tp3         ; 0.000        ; 10.000     ; 10.000     ;
; -4.000 ; pause_low ; int_en     ; pause_low    ; tp3         ; 0.000        ; 10.000     ; 10.000     ;
; -4.000 ; pause_low ; erase      ; pause_low    ; tp3         ; 0.000        ; 10.000     ; 10.000     ;
; -4.000 ; md4_low   ; write_thru ; md4_low      ; tp3         ; 0.000        ; 10.000     ; 10.000     ;
; -4.000 ; md4_low   ; store      ; md4_low      ; tp3         ; 0.000        ; 10.000     ; 10.000     ;
; -4.000 ; md4_low   ; color      ; md4_low      ; tp3         ; 0.000        ; 10.000     ; 10.000     ;
; -4.000 ; md4_low   ; chan       ; md4_low      ; tp3         ; 0.000        ; 10.000     ; 10.000     ;
; -4.000 ; md4_low   ; int_en     ; md4_low      ; tp3         ; 0.000        ; 10.000     ; 10.000     ;
; -4.000 ; md4_low   ; erase      ; md4_low      ; tp3         ; 0.000        ; 10.000     ; 10.000     ;
; -4.000 ; md3_low   ; write_thru ; md3_low      ; tp3         ; 0.000        ; 10.000     ; 10.000     ;
; -4.000 ; md3_low   ; store      ; md3_low      ; tp3         ; 0.000        ; 10.000     ; 10.000     ;
; -4.000 ; md3_low   ; color      ; md3_low      ; tp3         ; 0.000        ; 10.000     ; 10.000     ;
; -4.000 ; md3_low   ; chan       ; md3_low      ; tp3         ; 0.000        ; 10.000     ; 10.000     ;
; -4.000 ; md3_low   ; int_en     ; md3_low      ; tp3         ; 0.000        ; 10.000     ; 10.000     ;
; -4.000 ; md3_low   ; erase      ; md3_low      ; tp3         ; 0.000        ; 10.000     ; 10.000     ;
; -4.000 ; md7_low   ; write_thru ; md7_low      ; tp3         ; 0.000        ; 10.000     ; 10.000     ;
; -4.000 ; md7_low   ; store      ; md7_low      ; tp3         ; 0.000        ; 10.000     ; 10.000     ;
; -4.000 ; md7_low   ; color      ; md7_low      ; tp3         ; 0.000        ; 10.000     ; 10.000     ;
; -4.000 ; md7_low   ; chan       ; md7_low      ; tp3         ; 0.000        ; 10.000     ; 10.000     ;
; -4.000 ; md7_low   ; int_en     ; md7_low      ; tp3         ; 0.000        ; 10.000     ; 10.000     ;
; -4.000 ; md7_low   ; erase      ; md7_low      ; tp3         ; 0.000        ; 10.000     ; 10.000     ;
; -4.000 ; md6_low   ; write_thru ; md6_low      ; tp3         ; 0.000        ; 10.000     ; 10.000     ;
; -4.000 ; md6_low   ; store      ; md6_low      ; tp3         ; 0.000        ; 10.000     ; 10.000     ;
; -4.000 ; md6_low   ; color      ; md6_low      ; tp3         ; 0.000        ; 10.000     ; 10.000     ;
; -4.000 ; md6_low   ; chan       ; md6_low      ; tp3         ; 0.000        ; 10.000     ; 10.000     ;
; -4.000 ; md6_low   ; int_en     ; md6_low      ; tp3         ; 0.000        ; 10.000     ; 10.000     ;
; -4.000 ; md6_low   ; erase      ; md6_low      ; tp3         ; 0.000        ; 10.000     ; 10.000     ;
; -4.000 ; md8_low   ; write_thru ; md8_low      ; tp3         ; 0.000        ; 10.000     ; 10.000     ;
; -4.000 ; md8_low   ; store      ; md8_low      ; tp3         ; 0.000        ; 10.000     ; 10.000     ;
; -4.000 ; md8_low   ; color      ; md8_low      ; tp3         ; 0.000        ; 10.000     ; 10.000     ;
; -4.000 ; md8_low   ; chan       ; md8_low      ; tp3         ; 0.000        ; 10.000     ; 10.000     ;
; -4.000 ; md8_low   ; int_en     ; md8_low      ; tp3         ; 0.000        ; 10.000     ; 10.000     ;
; -4.000 ; md8_low   ; erase      ; md8_low      ; tp3         ; 0.000        ; 10.000     ; 10.000     ;
; -4.000 ; md5_low   ; write_thru ; md5_low      ; tp3         ; 0.000        ; 10.000     ; 10.000     ;
; -4.000 ; md5_low   ; store      ; md5_low      ; tp3         ; 0.000        ; 10.000     ; 10.000     ;
; -4.000 ; md5_low   ; color      ; md5_low      ; tp3         ; 0.000        ; 10.000     ; 10.000     ;
; -4.000 ; md5_low   ; chan       ; md5_low      ; tp3         ; 0.000        ; 10.000     ; 10.000     ;
; -4.000 ; md5_low   ; int_en     ; md5_low      ; tp3         ; 0.000        ; 10.000     ; 10.000     ;
; -4.000 ; md5_low   ; erase      ; md5_low      ; tp3         ; 0.000        ; 10.000     ; 10.000     ;
; -4.000 ; md9_low   ; write_thru ; md9_low      ; tp3         ; 0.000        ; 10.000     ; 10.000     ;
; -4.000 ; md9_low   ; store      ; md9_low      ; tp3         ; 0.000        ; 10.000     ; 10.000     ;
; -4.000 ; md9_low   ; color      ; md9_low      ; tp3         ; 0.000        ; 10.000     ; 10.000     ;
; -4.000 ; md9_low   ; chan       ; md9_low      ; tp3         ; 0.000        ; 10.000     ; 10.000     ;
; -4.000 ; md9_low   ; int_en     ; md9_low      ; tp3         ; 0.000        ; 10.000     ; 10.000     ;
; -4.000 ; md9_low   ; erase      ; md9_low      ; tp3         ; 0.000        ; 10.000     ; 10.000     ;
; -3.500 ; md10_low  ; write_thru ; md10_low     ; tp3         ; -0.500       ; 10.000     ; 10.000     ;
; -3.500 ; md10_low  ; store      ; md10_low     ; tp3         ; -0.500       ; 10.000     ; 10.000     ;
; -3.500 ; md10_low  ; color      ; md10_low     ; tp3         ; -0.500       ; 10.000     ; 10.000     ;
; -3.500 ; md10_low  ; chan       ; md10_low     ; tp3         ; -0.500       ; 10.000     ; 10.000     ;
; -3.500 ; md10_low  ; int_en     ; md10_low     ; tp3         ; -0.500       ; 10.000     ; 10.000     ;
; -3.500 ; md10_low  ; erase      ; md10_low     ; tp3         ; -0.500       ; 10.000     ; 10.000     ;
; -3.500 ; md11_low  ; write_thru ; md11_low     ; tp3         ; -0.500       ; 10.000     ; 10.000     ;
; -3.500 ; md11_low  ; store      ; md11_low     ; tp3         ; -0.500       ; 10.000     ; 10.000     ;
; -3.500 ; md11_low  ; color      ; md11_low     ; tp3         ; -0.500       ; 10.000     ; 10.000     ;
; -3.500 ; md11_low  ; chan       ; md11_low     ; tp3         ; -0.500       ; 10.000     ; 10.000     ;
; -3.500 ; md11_low  ; int_en     ; md11_low     ; tp3         ; -0.500       ; 10.000     ; 10.000     ;
; -3.500 ; md11_low  ; erase      ; md11_low     ; tp3         ; -0.500       ; 10.000     ; 10.000     ;
; -3.500 ; pause_low ; write_thru ; pause_low    ; tp3         ; -0.500       ; 10.000     ; 10.000     ;
; -3.500 ; pause_low ; store      ; pause_low    ; tp3         ; -0.500       ; 10.000     ; 10.000     ;
; -3.500 ; pause_low ; color      ; pause_low    ; tp3         ; -0.500       ; 10.000     ; 10.000     ;
; -3.500 ; pause_low ; chan       ; pause_low    ; tp3         ; -0.500       ; 10.000     ; 10.000     ;
; -3.500 ; pause_low ; int_en     ; pause_low    ; tp3         ; -0.500       ; 10.000     ; 10.000     ;
; -3.500 ; pause_low ; erase      ; pause_low    ; tp3         ; -0.500       ; 10.000     ; 10.000     ;
; -3.500 ; md4_low   ; write_thru ; md4_low      ; tp3         ; -0.500       ; 10.000     ; 10.000     ;
; -3.500 ; md4_low   ; store      ; md4_low      ; tp3         ; -0.500       ; 10.000     ; 10.000     ;
; -3.500 ; md4_low   ; color      ; md4_low      ; tp3         ; -0.500       ; 10.000     ; 10.000     ;
; -3.500 ; md4_low   ; chan       ; md4_low      ; tp3         ; -0.500       ; 10.000     ; 10.000     ;
; -3.500 ; md4_low   ; int_en     ; md4_low      ; tp3         ; -0.500       ; 10.000     ; 10.000     ;
; -3.500 ; md4_low   ; erase      ; md4_low      ; tp3         ; -0.500       ; 10.000     ; 10.000     ;
; -3.500 ; md3_low   ; write_thru ; md3_low      ; tp3         ; -0.500       ; 10.000     ; 10.000     ;
; -3.500 ; md3_low   ; store      ; md3_low      ; tp3         ; -0.500       ; 10.000     ; 10.000     ;
; -3.500 ; md3_low   ; color      ; md3_low      ; tp3         ; -0.500       ; 10.000     ; 10.000     ;
; -3.500 ; md3_low   ; chan       ; md3_low      ; tp3         ; -0.500       ; 10.000     ; 10.000     ;
; -3.500 ; md3_low   ; int_en     ; md3_low      ; tp3         ; -0.500       ; 10.000     ; 10.000     ;
; -3.500 ; md3_low   ; erase      ; md3_low      ; tp3         ; -0.500       ; 10.000     ; 10.000     ;
; -3.500 ; md7_low   ; write_thru ; md7_low      ; tp3         ; -0.500       ; 10.000     ; 10.000     ;
; -3.500 ; md7_low   ; store      ; md7_low      ; tp3         ; -0.500       ; 10.000     ; 10.000     ;
; -3.500 ; md7_low   ; color      ; md7_low      ; tp3         ; -0.500       ; 10.000     ; 10.000     ;
; -3.500 ; md7_low   ; chan       ; md7_low      ; tp3         ; -0.500       ; 10.000     ; 10.000     ;
; -3.500 ; md7_low   ; int_en     ; md7_low      ; tp3         ; -0.500       ; 10.000     ; 10.000     ;
; -3.500 ; md7_low   ; erase      ; md7_low      ; tp3         ; -0.500       ; 10.000     ; 10.000     ;
; -3.500 ; md6_low   ; write_thru ; md6_low      ; tp3         ; -0.500       ; 10.000     ; 10.000     ;
; -3.500 ; md6_low   ; store      ; md6_low      ; tp3         ; -0.500       ; 10.000     ; 10.000     ;
; -3.500 ; md6_low   ; color      ; md6_low      ; tp3         ; -0.500       ; 10.000     ; 10.000     ;
; -3.500 ; md6_low   ; chan       ; md6_low      ; tp3         ; -0.500       ; 10.000     ; 10.000     ;
+--------+-----------+------------+--------------+-------------+--------------+------------+------------+


+----------------------------------------------------------------------------------------------------+
; Hold: 'dk01'                                                                                       ;
+--------+-----------+---------+--------------+-------------+--------------+------------+------------+
; Slack  ; From Node ; To Node ; Launch Clock ; Latch Clock ; Relationship ; Clock Skew ; Data Delay ;
+--------+-----------+---------+--------------+-------------+--------------+------------+------------+
; -4.000 ; dk02      ; dk02    ; dk02         ; dk01        ; 0.000        ; 8.000      ; 9.000      ;
; -3.500 ; dk02      ; dk02    ; dk02         ; dk01        ; -0.500       ; 8.000      ; 9.000      ;
+--------+-----------+---------+--------------+-------------+--------------+------------+------------+


+----------------------------------------------------------------------------------------------------+
; Hold: 'dk02'                                                                                       ;
+--------+-----------+---------+--------------+-------------+--------------+------------+------------+
; Slack  ; From Node ; To Node ; Launch Clock ; Latch Clock ; Relationship ; Clock Skew ; Data Delay ;
+--------+-----------+---------+--------------+-------------+--------------+------------+------------+
; -4.000 ; dk03      ; dk03    ; dk03         ; dk02        ; 0.000        ; 8.000      ; 9.000      ;
; -3.500 ; dk03      ; dk03    ; dk03         ; dk02        ; -0.500       ; 8.000      ; 9.000      ;
+--------+-----------+---------+--------------+-------------+--------------+------------+------------+


+----------------------------------------------------------------------------------------------------+
; Hold: 'dk05'                                                                                       ;
+--------+-----------+---------+--------------+-------------+--------------+------------+------------+
; Slack  ; From Node ; To Node ; Launch Clock ; Latch Clock ; Relationship ; Clock Skew ; Data Delay ;
+--------+-----------+---------+--------------+-------------+--------------+------------+------------+
; -4.000 ; dk06      ; dk06    ; dk06         ; dk05        ; 0.000        ; 8.000      ; 9.000      ;
; -3.500 ; dk06      ; dk06    ; dk06         ; dk05        ; -0.500       ; 8.000      ; 9.000      ;
+--------+-----------+---------+--------------+-------------+--------------+------------+------------+


+----------------------------------------------------------------------------------------------------+
; Hold: 'dk06'                                                                                       ;
+--------+-----------+---------+--------------+-------------+--------------+------------+------------+
; Slack  ; From Node ; To Node ; Launch Clock ; Latch Clock ; Relationship ; Clock Skew ; Data Delay ;
+--------+-----------+---------+--------------+-------------+--------------+------------+------------+
; -4.000 ; dk07      ; dk07    ; dk07         ; dk06        ; 0.000        ; 8.000      ; 9.000      ;
; -3.500 ; dk07      ; dk07    ; dk07         ; dk06        ; -0.500       ; 8.000      ; 9.000      ;
+--------+-----------+---------+--------------+-------------+--------------+------------+------------+


+----------------------------------------------------------------------------------------------------+
; Hold: 'dk07'                                                                                       ;
+--------+-----------+---------+--------------+-------------+--------------+------------+------------+
; Slack  ; From Node ; To Node ; Launch Clock ; Latch Clock ; Relationship ; Clock Skew ; Data Delay ;
+--------+-----------+---------+--------------+-------------+--------------+------------+------------+
; -4.000 ; dk08      ; dk08    ; dk08         ; dk07        ; 0.000        ; 8.000      ; 9.000      ;
; -3.500 ; dk08      ; dk08    ; dk08         ; dk07        ; -0.500       ; 8.000      ; 9.000      ;
+--------+-----------+---------+--------------+-------------+--------------+------------+------------+


+----------------------------------------------------------------------------------------------------+
; Hold: 'dk08'                                                                                       ;
+--------+-----------+---------+--------------+-------------+--------------+------------+------------+
; Slack  ; From Node ; To Node ; Launch Clock ; Latch Clock ; Relationship ; Clock Skew ; Data Delay ;
+--------+-----------+---------+--------------+-------------+--------------+------------+------------+
; -4.000 ; dk09      ; dk09    ; dk09         ; dk08        ; 0.000        ; 8.000      ; 9.000      ;
; -3.500 ; dk09      ; dk09    ; dk09         ; dk08        ; -0.500       ; 8.000      ; 9.000      ;
+--------+-----------+---------+--------------+-------------+--------------+------------+------------+


+----------------------------------------------------------------------------------------------------+
; Hold: 'dk09'                                                                                       ;
+--------+-----------+---------+--------------+-------------+--------------+------------+------------+
; Slack  ; From Node ; To Node ; Launch Clock ; Latch Clock ; Relationship ; Clock Skew ; Data Delay ;
+--------+-----------+---------+--------------+-------------+--------------+------------+------------+
; -4.000 ; dk10      ; dk10    ; dk10         ; dk09        ; 0.000        ; 8.000      ; 9.000      ;
; -3.500 ; dk10      ; dk10    ; dk10         ; dk09        ; -0.500       ; 8.000      ; 9.000      ;
+--------+-----------+---------+--------------+-------------+--------------+------------+------------+


+----------------------------------------------------------------------------------------------------+
; Hold: 'dk10'                                                                                       ;
+--------+-----------+---------+--------------+-------------+--------------+------------+------------+
; Slack  ; From Node ; To Node ; Launch Clock ; Latch Clock ; Relationship ; Clock Skew ; Data Delay ;
+--------+-----------+---------+--------------+-------------+--------------+------------+------------+
; -4.000 ; dk11      ; dk11    ; dk11         ; dk10        ; 0.000        ; 8.000      ; 9.000      ;
; -3.500 ; dk11      ; dk11    ; dk11         ; dk10        ; -0.500       ; 8.000      ; 9.000      ;
+--------+-----------+---------+--------------+-------------+--------------+------------+------------+


+----------------------------------------------------------------------------------------------------+
; Hold: 'dk11'                                                                                       ;
+--------+-----------+---------+--------------+-------------+--------------+------------+------------+
; Slack  ; From Node ; To Node ; Launch Clock ; Latch Clock ; Relationship ; Clock Skew ; Data Delay ;
+--------+-----------+---------+--------------+-------------+--------------+------------+------------+
; -4.000 ; dk12      ; dk12    ; dk12         ; dk11        ; 0.000        ; 8.000      ; 9.000      ;
; -3.500 ; dk12      ; dk12    ; dk12         ; dk11        ; -0.500       ; 8.000      ; 9.000      ;
+--------+-----------+---------+--------------+-------------+--------------+------------+------------+


+----------------------------------------------------------------------------------------------------+
; Hold: 'dk12'                                                                                       ;
+--------+-----------+---------+--------------+-------------+--------------+------------+------------+
; Slack  ; From Node ; To Node ; Launch Clock ; Latch Clock ; Relationship ; Clock Skew ; Data Delay ;
+--------+-----------+---------+--------------+-------------+--------------+------------+------------+
; -4.000 ; dk13      ; dk13    ; dk13         ; dk12        ; 0.000        ; 8.000      ; 9.000      ;
; -3.500 ; dk13      ; dk13    ; dk13         ; dk12        ; -0.500       ; 8.000      ; 9.000      ;
+--------+-----------+---------+--------------+-------------+--------------+------------+------------+


+----------------------------------------------------------------------------------------------------+
; Hold: 'dk13'                                                                                       ;
+--------+-----------+---------+--------------+-------------+--------------+------------+------------+
; Slack  ; From Node ; To Node ; Launch Clock ; Latch Clock ; Relationship ; Clock Skew ; Data Delay ;
+--------+-----------+---------+--------------+-------------+--------------+------------+------------+
; -4.000 ; dk14      ; dk14    ; dk14         ; dk13        ; 0.000        ; 8.000      ; 9.000      ;
; -3.500 ; dk14      ; dk14    ; dk14         ; dk13        ; -0.500       ; 8.000      ; 9.000      ;
+--------+-----------+---------+--------------+-------------+--------------+------------+------------+


+---------------------------------------------------------------------------------------------------+
; Hold: 'clock'                                                                                     ;
+-------+-----------+---------+--------------+-------------+--------------+------------+------------+
; Slack ; From Node ; To Node ; Launch Clock ; Latch Clock ; Relationship ; Clock Skew ; Data Delay ;
+-------+-----------+---------+--------------+-------------+--------------+------------+------------+
; 1.000 ; dk01      ; dk01    ; dk01         ; clock       ; 0.000        ; 3.000      ; 9.000      ;
; 1.500 ; dk01      ; dk01    ; dk01         ; clock       ; -0.500       ; 3.000      ; 9.000      ;
+-------+-----------+---------+--------------+-------------+--------------+------------+------------+


+---------------------------------------------------------------------------------------------------+
; Hold: 'dk14'                                                                                      ;
+-------+-----------+---------+--------------+-------------+--------------+------------+------------+
; Slack ; From Node ; To Node ; Launch Clock ; Latch Clock ; Relationship ; Clock Skew ; Data Delay ;
+-------+-----------+---------+--------------+-------------+--------------+------------+------------+
; 5.000 ; dk15      ; dk15    ; dk14         ; dk14        ; 0.000        ; 0.000      ; 9.000      ;
+-------+-----------+---------+--------------+-------------+--------------+------------+------------+


+--------------------------------------------------------------------------------------------------------+
; Recovery: 'md10_low'                                                                                   ;
+---------+-----------+------------+--------------+-------------+--------------+------------+------------+
; Slack   ; From Node ; To Node    ; Launch Clock ; Latch Clock ; Relationship ; Clock Skew ; Data Delay ;
+---------+-----------+------------+--------------+-------------+--------------+------------+------------+
; -23.500 ; tp3       ; write_thru ; tp3          ; md10_low    ; 0.500        ; 10.000     ; 30.000     ;
; -23.500 ; tp3       ; store      ; tp3          ; md10_low    ; 0.500        ; 10.000     ; 30.000     ;
; -23.500 ; tp3       ; color      ; tp3          ; md10_low    ; 0.500        ; 10.000     ; 30.000     ;
; -23.500 ; tp3       ; chan       ; tp3          ; md10_low    ; 0.500        ; 10.000     ; 30.000     ;
; -23.500 ; tp3       ; int_en     ; tp3          ; md10_low    ; 0.500        ; 10.000     ; 30.000     ;
; -23.500 ; tp3       ; erase      ; tp3          ; md10_low    ; 0.500        ; 10.000     ; 30.000     ;
; -23.500 ; md10_low  ; write_thru ; md10_low     ; md10_low    ; 0.500        ; 10.000     ; 30.000     ;
; -23.500 ; md10_low  ; store      ; md10_low     ; md10_low    ; 0.500        ; 10.000     ; 30.000     ;
; -23.500 ; md10_low  ; color      ; md10_low     ; md10_low    ; 0.500        ; 10.000     ; 30.000     ;
; -23.500 ; md10_low  ; chan       ; md10_low     ; md10_low    ; 0.500        ; 10.000     ; 30.000     ;
; -23.500 ; md10_low  ; int_en     ; md10_low     ; md10_low    ; 0.500        ; 10.000     ; 30.000     ;
; -23.500 ; md10_low  ; erase      ; md10_low     ; md10_low    ; 0.500        ; 10.000     ; 30.000     ;
; -23.500 ; md11_low  ; write_thru ; md11_low     ; md10_low    ; 0.500        ; 10.000     ; 30.000     ;
; -23.500 ; md11_low  ; store      ; md11_low     ; md10_low    ; 0.500        ; 10.000     ; 30.000     ;
; -23.500 ; md11_low  ; color      ; md11_low     ; md10_low    ; 0.500        ; 10.000     ; 30.000     ;
; -23.500 ; md11_low  ; chan       ; md11_low     ; md10_low    ; 0.500        ; 10.000     ; 30.000     ;
; -23.500 ; md11_low  ; int_en     ; md11_low     ; md10_low    ; 0.500        ; 10.000     ; 30.000     ;
; -23.500 ; md11_low  ; erase      ; md11_low     ; md10_low    ; 0.500        ; 10.000     ; 30.000     ;
; -23.500 ; pause_low ; write_thru ; pause_low    ; md10_low    ; 0.500        ; 10.000     ; 30.000     ;
; -23.500 ; pause_low ; store      ; pause_low    ; md10_low    ; 0.500        ; 10.000     ; 30.000     ;
; -23.500 ; pause_low ; color      ; pause_low    ; md10_low    ; 0.500        ; 10.000     ; 30.000     ;
; -23.500 ; pause_low ; chan       ; pause_low    ; md10_low    ; 0.500        ; 10.000     ; 30.000     ;
; -23.500 ; pause_low ; int_en     ; pause_low    ; md10_low    ; 0.500        ; 10.000     ; 30.000     ;
; -23.500 ; pause_low ; erase      ; pause_low    ; md10_low    ; 0.500        ; 10.000     ; 30.000     ;
; -23.500 ; md4_low   ; write_thru ; md4_low      ; md10_low    ; 0.500        ; 10.000     ; 30.000     ;
; -23.500 ; md4_low   ; store      ; md4_low      ; md10_low    ; 0.500        ; 10.000     ; 30.000     ;
; -23.500 ; md4_low   ; color      ; md4_low      ; md10_low    ; 0.500        ; 10.000     ; 30.000     ;
; -23.500 ; md4_low   ; chan       ; md4_low      ; md10_low    ; 0.500        ; 10.000     ; 30.000     ;
; -23.500 ; md4_low   ; int_en     ; md4_low      ; md10_low    ; 0.500        ; 10.000     ; 30.000     ;
; -23.500 ; md4_low   ; erase      ; md4_low      ; md10_low    ; 0.500        ; 10.000     ; 30.000     ;
; -23.500 ; md3_low   ; write_thru ; md3_low      ; md10_low    ; 0.500        ; 10.000     ; 30.000     ;
; -23.500 ; md3_low   ; store      ; md3_low      ; md10_low    ; 0.500        ; 10.000     ; 30.000     ;
; -23.500 ; md3_low   ; color      ; md3_low      ; md10_low    ; 0.500        ; 10.000     ; 30.000     ;
; -23.500 ; md3_low   ; chan       ; md3_low      ; md10_low    ; 0.500        ; 10.000     ; 30.000     ;
; -23.500 ; md3_low   ; int_en     ; md3_low      ; md10_low    ; 0.500        ; 10.000     ; 30.000     ;
; -23.500 ; md3_low   ; erase      ; md3_low      ; md10_low    ; 0.500        ; 10.000     ; 30.000     ;
; -23.500 ; md7_low   ; write_thru ; md7_low      ; md10_low    ; 0.500        ; 10.000     ; 30.000     ;
; -23.500 ; md7_low   ; store      ; md7_low      ; md10_low    ; 0.500        ; 10.000     ; 30.000     ;
; -23.500 ; md7_low   ; color      ; md7_low      ; md10_low    ; 0.500        ; 10.000     ; 30.000     ;
; -23.500 ; md7_low   ; chan       ; md7_low      ; md10_low    ; 0.500        ; 10.000     ; 30.000     ;
; -23.500 ; md7_low   ; int_en     ; md7_low      ; md10_low    ; 0.500        ; 10.000     ; 30.000     ;
; -23.500 ; md7_low   ; erase      ; md7_low      ; md10_low    ; 0.500        ; 10.000     ; 30.000     ;
; -23.500 ; md6_low   ; write_thru ; md6_low      ; md10_low    ; 0.500        ; 10.000     ; 30.000     ;
; -23.500 ; md6_low   ; store      ; md6_low      ; md10_low    ; 0.500        ; 10.000     ; 30.000     ;
; -23.500 ; md6_low   ; color      ; md6_low      ; md10_low    ; 0.500        ; 10.000     ; 30.000     ;
; -23.500 ; md6_low   ; chan       ; md6_low      ; md10_low    ; 0.500        ; 10.000     ; 30.000     ;
; -23.500 ; md6_low   ; int_en     ; md6_low      ; md10_low    ; 0.500        ; 10.000     ; 30.000     ;
; -23.500 ; md6_low   ; erase      ; md6_low      ; md10_low    ; 0.500        ; 10.000     ; 30.000     ;
; -23.500 ; md8_low   ; write_thru ; md8_low      ; md10_low    ; 0.500        ; 10.000     ; 30.000     ;
; -23.500 ; md8_low   ; store      ; md8_low      ; md10_low    ; 0.500        ; 10.000     ; 30.000     ;
; -23.500 ; md8_low   ; color      ; md8_low      ; md10_low    ; 0.500        ; 10.000     ; 30.000     ;
; -23.500 ; md8_low   ; chan       ; md8_low      ; md10_low    ; 0.500        ; 10.000     ; 30.000     ;
; -23.500 ; md8_low   ; int_en     ; md8_low      ; md10_low    ; 0.500        ; 10.000     ; 30.000     ;
; -23.500 ; md8_low   ; erase      ; md8_low      ; md10_low    ; 0.500        ; 10.000     ; 30.000     ;
; -23.500 ; md5_low   ; write_thru ; md5_low      ; md10_low    ; 0.500        ; 10.000     ; 30.000     ;
; -23.500 ; md5_low   ; store      ; md5_low      ; md10_low    ; 0.500        ; 10.000     ; 30.000     ;
; -23.500 ; md5_low   ; color      ; md5_low      ; md10_low    ; 0.500        ; 10.000     ; 30.000     ;
; -23.500 ; md5_low   ; chan       ; md5_low      ; md10_low    ; 0.500        ; 10.000     ; 30.000     ;
; -23.500 ; md5_low   ; int_en     ; md5_low      ; md10_low    ; 0.500        ; 10.000     ; 30.000     ;
; -23.500 ; md5_low   ; erase      ; md5_low      ; md10_low    ; 0.500        ; 10.000     ; 30.000     ;
; -23.500 ; md9_low   ; write_thru ; md9_low      ; md10_low    ; 0.500        ; 10.000     ; 30.000     ;
; -23.500 ; md9_low   ; store      ; md9_low      ; md10_low    ; 0.500        ; 10.000     ; 30.000     ;
; -23.500 ; md9_low   ; color      ; md9_low      ; md10_low    ; 0.500        ; 10.000     ; 30.000     ;
; -23.500 ; md9_low   ; chan       ; md9_low      ; md10_low    ; 0.500        ; 10.000     ; 30.000     ;
; -23.500 ; md9_low   ; int_en     ; md9_low      ; md10_low    ; 0.500        ; 10.000     ; 30.000     ;
; -23.500 ; md9_low   ; erase      ; md9_low      ; md10_low    ; 0.500        ; 10.000     ; 30.000     ;
; -23.000 ; tp3       ; write_thru ; tp3          ; md10_low    ; 1.000        ; 10.000     ; 30.000     ;
; -23.000 ; tp3       ; store      ; tp3          ; md10_low    ; 1.000        ; 10.000     ; 30.000     ;
; -23.000 ; tp3       ; color      ; tp3          ; md10_low    ; 1.000        ; 10.000     ; 30.000     ;
; -23.000 ; tp3       ; chan       ; tp3          ; md10_low    ; 1.000        ; 10.000     ; 30.000     ;
; -23.000 ; tp3       ; int_en     ; tp3          ; md10_low    ; 1.000        ; 10.000     ; 30.000     ;
; -23.000 ; tp3       ; erase      ; tp3          ; md10_low    ; 1.000        ; 10.000     ; 30.000     ;
; -23.000 ; md10_low  ; write_thru ; md10_low     ; md10_low    ; 1.000        ; 10.000     ; 30.000     ;
; -23.000 ; md10_low  ; store      ; md10_low     ; md10_low    ; 1.000        ; 10.000     ; 30.000     ;
; -23.000 ; md10_low  ; color      ; md10_low     ; md10_low    ; 1.000        ; 10.000     ; 30.000     ;
; -23.000 ; md10_low  ; chan       ; md10_low     ; md10_low    ; 1.000        ; 10.000     ; 30.000     ;
; -23.000 ; md10_low  ; int_en     ; md10_low     ; md10_low    ; 1.000        ; 10.000     ; 30.000     ;
; -23.000 ; md10_low  ; erase      ; md10_low     ; md10_low    ; 1.000        ; 10.000     ; 30.000     ;
; -23.000 ; md11_low  ; write_thru ; md11_low     ; md10_low    ; 1.000        ; 10.000     ; 30.000     ;
; -23.000 ; md11_low  ; store      ; md11_low     ; md10_low    ; 1.000        ; 10.000     ; 30.000     ;
; -23.000 ; md11_low  ; color      ; md11_low     ; md10_low    ; 1.000        ; 10.000     ; 30.000     ;
; -23.000 ; md11_low  ; chan       ; md11_low     ; md10_low    ; 1.000        ; 10.000     ; 30.000     ;
; -23.000 ; md11_low  ; int_en     ; md11_low     ; md10_low    ; 1.000        ; 10.000     ; 30.000     ;
; -23.000 ; md11_low  ; erase      ; md11_low     ; md10_low    ; 1.000        ; 10.000     ; 30.000     ;
; -23.000 ; pause_low ; write_thru ; pause_low    ; md10_low    ; 1.000        ; 10.000     ; 30.000     ;
; -23.000 ; pause_low ; store      ; pause_low    ; md10_low    ; 1.000        ; 10.000     ; 30.000     ;
; -23.000 ; pause_low ; color      ; pause_low    ; md10_low    ; 1.000        ; 10.000     ; 30.000     ;
; -23.000 ; pause_low ; chan       ; pause_low    ; md10_low    ; 1.000        ; 10.000     ; 30.000     ;
; -23.000 ; pause_low ; int_en     ; pause_low    ; md10_low    ; 1.000        ; 10.000     ; 30.000     ;
; -23.000 ; pause_low ; erase      ; pause_low    ; md10_low    ; 1.000        ; 10.000     ; 30.000     ;
; -23.000 ; md4_low   ; write_thru ; md4_low      ; md10_low    ; 1.000        ; 10.000     ; 30.000     ;
; -23.000 ; md4_low   ; store      ; md4_low      ; md10_low    ; 1.000        ; 10.000     ; 30.000     ;
; -23.000 ; md4_low   ; color      ; md4_low      ; md10_low    ; 1.000        ; 10.000     ; 30.000     ;
; -23.000 ; md4_low   ; chan       ; md4_low      ; md10_low    ; 1.000        ; 10.000     ; 30.000     ;
; -23.000 ; md4_low   ; int_en     ; md4_low      ; md10_low    ; 1.000        ; 10.000     ; 30.000     ;
; -23.000 ; md4_low   ; erase      ; md4_low      ; md10_low    ; 1.000        ; 10.000     ; 30.000     ;
; -23.000 ; md3_low   ; write_thru ; md3_low      ; md10_low    ; 1.000        ; 10.000     ; 30.000     ;
; -23.000 ; md3_low   ; store      ; md3_low      ; md10_low    ; 1.000        ; 10.000     ; 30.000     ;
; -23.000 ; md3_low   ; color      ; md3_low      ; md10_low    ; 1.000        ; 10.000     ; 30.000     ;
; -23.000 ; md3_low   ; chan       ; md3_low      ; md10_low    ; 1.000        ; 10.000     ; 30.000     ;
+---------+-----------+------------+--------------+-------------+--------------+------------+------------+


+--------------------------------------------------------------------------------------------------------+
; Recovery: 'md11_low'                                                                                   ;
+---------+-----------+------------+--------------+-------------+--------------+------------+------------+
; Slack   ; From Node ; To Node    ; Launch Clock ; Latch Clock ; Relationship ; Clock Skew ; Data Delay ;
+---------+-----------+------------+--------------+-------------+--------------+------------+------------+
; -23.500 ; tp3       ; write_thru ; tp3          ; md11_low    ; 0.500        ; 10.000     ; 30.000     ;
; -23.500 ; tp3       ; store      ; tp3          ; md11_low    ; 0.500        ; 10.000     ; 30.000     ;
; -23.500 ; tp3       ; color      ; tp3          ; md11_low    ; 0.500        ; 10.000     ; 30.000     ;
; -23.500 ; tp3       ; chan       ; tp3          ; md11_low    ; 0.500        ; 10.000     ; 30.000     ;
; -23.500 ; tp3       ; int_en     ; tp3          ; md11_low    ; 0.500        ; 10.000     ; 30.000     ;
; -23.500 ; tp3       ; erase      ; tp3          ; md11_low    ; 0.500        ; 10.000     ; 30.000     ;
; -23.500 ; md10_low  ; write_thru ; md10_low     ; md11_low    ; 0.500        ; 10.000     ; 30.000     ;
; -23.500 ; md10_low  ; store      ; md10_low     ; md11_low    ; 0.500        ; 10.000     ; 30.000     ;
; -23.500 ; md10_low  ; color      ; md10_low     ; md11_low    ; 0.500        ; 10.000     ; 30.000     ;
; -23.500 ; md10_low  ; chan       ; md10_low     ; md11_low    ; 0.500        ; 10.000     ; 30.000     ;
; -23.500 ; md10_low  ; int_en     ; md10_low     ; md11_low    ; 0.500        ; 10.000     ; 30.000     ;
; -23.500 ; md10_low  ; erase      ; md10_low     ; md11_low    ; 0.500        ; 10.000     ; 30.000     ;
; -23.500 ; md11_low  ; write_thru ; md11_low     ; md11_low    ; 0.500        ; 10.000     ; 30.000     ;
; -23.500 ; md11_low  ; store      ; md11_low     ; md11_low    ; 0.500        ; 10.000     ; 30.000     ;
; -23.500 ; md11_low  ; color      ; md11_low     ; md11_low    ; 0.500        ; 10.000     ; 30.000     ;
; -23.500 ; md11_low  ; chan       ; md11_low     ; md11_low    ; 0.500        ; 10.000     ; 30.000     ;
; -23.500 ; md11_low  ; int_en     ; md11_low     ; md11_low    ; 0.500        ; 10.000     ; 30.000     ;
; -23.500 ; md11_low  ; erase      ; md11_low     ; md11_low    ; 0.500        ; 10.000     ; 30.000     ;
; -23.500 ; pause_low ; write_thru ; pause_low    ; md11_low    ; 0.500        ; 10.000     ; 30.000     ;
; -23.500 ; pause_low ; store      ; pause_low    ; md11_low    ; 0.500        ; 10.000     ; 30.000     ;
; -23.500 ; pause_low ; color      ; pause_low    ; md11_low    ; 0.500        ; 10.000     ; 30.000     ;
; -23.500 ; pause_low ; chan       ; pause_low    ; md11_low    ; 0.500        ; 10.000     ; 30.000     ;
; -23.500 ; pause_low ; int_en     ; pause_low    ; md11_low    ; 0.500        ; 10.000     ; 30.000     ;
; -23.500 ; pause_low ; erase      ; pause_low    ; md11_low    ; 0.500        ; 10.000     ; 30.000     ;
; -23.500 ; md4_low   ; write_thru ; md4_low      ; md11_low    ; 0.500        ; 10.000     ; 30.000     ;
; -23.500 ; md4_low   ; store      ; md4_low      ; md11_low    ; 0.500        ; 10.000     ; 30.000     ;
; -23.500 ; md4_low   ; color      ; md4_low      ; md11_low    ; 0.500        ; 10.000     ; 30.000     ;
; -23.500 ; md4_low   ; chan       ; md4_low      ; md11_low    ; 0.500        ; 10.000     ; 30.000     ;
; -23.500 ; md4_low   ; int_en     ; md4_low      ; md11_low    ; 0.500        ; 10.000     ; 30.000     ;
; -23.500 ; md4_low   ; erase      ; md4_low      ; md11_low    ; 0.500        ; 10.000     ; 30.000     ;
; -23.500 ; md3_low   ; write_thru ; md3_low      ; md11_low    ; 0.500        ; 10.000     ; 30.000     ;
; -23.500 ; md3_low   ; store      ; md3_low      ; md11_low    ; 0.500        ; 10.000     ; 30.000     ;
; -23.500 ; md3_low   ; color      ; md3_low      ; md11_low    ; 0.500        ; 10.000     ; 30.000     ;
; -23.500 ; md3_low   ; chan       ; md3_low      ; md11_low    ; 0.500        ; 10.000     ; 30.000     ;
; -23.500 ; md3_low   ; int_en     ; md3_low      ; md11_low    ; 0.500        ; 10.000     ; 30.000     ;
; -23.500 ; md3_low   ; erase      ; md3_low      ; md11_low    ; 0.500        ; 10.000     ; 30.000     ;
; -23.500 ; md7_low   ; write_thru ; md7_low      ; md11_low    ; 0.500        ; 10.000     ; 30.000     ;
; -23.500 ; md7_low   ; store      ; md7_low      ; md11_low    ; 0.500        ; 10.000     ; 30.000     ;
; -23.500 ; md7_low   ; color      ; md7_low      ; md11_low    ; 0.500        ; 10.000     ; 30.000     ;
; -23.500 ; md7_low   ; chan       ; md7_low      ; md11_low    ; 0.500        ; 10.000     ; 30.000     ;
; -23.500 ; md7_low   ; int_en     ; md7_low      ; md11_low    ; 0.500        ; 10.000     ; 30.000     ;
; -23.500 ; md7_low   ; erase      ; md7_low      ; md11_low    ; 0.500        ; 10.000     ; 30.000     ;
; -23.500 ; md6_low   ; write_thru ; md6_low      ; md11_low    ; 0.500        ; 10.000     ; 30.000     ;
; -23.500 ; md6_low   ; store      ; md6_low      ; md11_low    ; 0.500        ; 10.000     ; 30.000     ;
; -23.500 ; md6_low   ; color      ; md6_low      ; md11_low    ; 0.500        ; 10.000     ; 30.000     ;
; -23.500 ; md6_low   ; chan       ; md6_low      ; md11_low    ; 0.500        ; 10.000     ; 30.000     ;
; -23.500 ; md6_low   ; int_en     ; md6_low      ; md11_low    ; 0.500        ; 10.000     ; 30.000     ;
; -23.500 ; md6_low   ; erase      ; md6_low      ; md11_low    ; 0.500        ; 10.000     ; 30.000     ;
; -23.500 ; md8_low   ; write_thru ; md8_low      ; md11_low    ; 0.500        ; 10.000     ; 30.000     ;
; -23.500 ; md8_low   ; store      ; md8_low      ; md11_low    ; 0.500        ; 10.000     ; 30.000     ;
; -23.500 ; md8_low   ; color      ; md8_low      ; md11_low    ; 0.500        ; 10.000     ; 30.000     ;
; -23.500 ; md8_low   ; chan       ; md8_low      ; md11_low    ; 0.500        ; 10.000     ; 30.000     ;
; -23.500 ; md8_low   ; int_en     ; md8_low      ; md11_low    ; 0.500        ; 10.000     ; 30.000     ;
; -23.500 ; md8_low   ; erase      ; md8_low      ; md11_low    ; 0.500        ; 10.000     ; 30.000     ;
; -23.500 ; md5_low   ; write_thru ; md5_low      ; md11_low    ; 0.500        ; 10.000     ; 30.000     ;
; -23.500 ; md5_low   ; store      ; md5_low      ; md11_low    ; 0.500        ; 10.000     ; 30.000     ;
; -23.500 ; md5_low   ; color      ; md5_low      ; md11_low    ; 0.500        ; 10.000     ; 30.000     ;
; -23.500 ; md5_low   ; chan       ; md5_low      ; md11_low    ; 0.500        ; 10.000     ; 30.000     ;
; -23.500 ; md5_low   ; int_en     ; md5_low      ; md11_low    ; 0.500        ; 10.000     ; 30.000     ;
; -23.500 ; md5_low   ; erase      ; md5_low      ; md11_low    ; 0.500        ; 10.000     ; 30.000     ;
; -23.500 ; md9_low   ; write_thru ; md9_low      ; md11_low    ; 0.500        ; 10.000     ; 30.000     ;
; -23.500 ; md9_low   ; store      ; md9_low      ; md11_low    ; 0.500        ; 10.000     ; 30.000     ;
; -23.500 ; md9_low   ; color      ; md9_low      ; md11_low    ; 0.500        ; 10.000     ; 30.000     ;
; -23.500 ; md9_low   ; chan       ; md9_low      ; md11_low    ; 0.500        ; 10.000     ; 30.000     ;
; -23.500 ; md9_low   ; int_en     ; md9_low      ; md11_low    ; 0.500        ; 10.000     ; 30.000     ;
; -23.500 ; md9_low   ; erase      ; md9_low      ; md11_low    ; 0.500        ; 10.000     ; 30.000     ;
; -23.000 ; tp3       ; write_thru ; tp3          ; md11_low    ; 1.000        ; 10.000     ; 30.000     ;
; -23.000 ; tp3       ; store      ; tp3          ; md11_low    ; 1.000        ; 10.000     ; 30.000     ;
; -23.000 ; tp3       ; color      ; tp3          ; md11_low    ; 1.000        ; 10.000     ; 30.000     ;
; -23.000 ; tp3       ; chan       ; tp3          ; md11_low    ; 1.000        ; 10.000     ; 30.000     ;
; -23.000 ; tp3       ; int_en     ; tp3          ; md11_low    ; 1.000        ; 10.000     ; 30.000     ;
; -23.000 ; tp3       ; erase      ; tp3          ; md11_low    ; 1.000        ; 10.000     ; 30.000     ;
; -23.000 ; md10_low  ; write_thru ; md10_low     ; md11_low    ; 1.000        ; 10.000     ; 30.000     ;
; -23.000 ; md10_low  ; store      ; md10_low     ; md11_low    ; 1.000        ; 10.000     ; 30.000     ;
; -23.000 ; md10_low  ; color      ; md10_low     ; md11_low    ; 1.000        ; 10.000     ; 30.000     ;
; -23.000 ; md10_low  ; chan       ; md10_low     ; md11_low    ; 1.000        ; 10.000     ; 30.000     ;
; -23.000 ; md10_low  ; int_en     ; md10_low     ; md11_low    ; 1.000        ; 10.000     ; 30.000     ;
; -23.000 ; md10_low  ; erase      ; md10_low     ; md11_low    ; 1.000        ; 10.000     ; 30.000     ;
; -23.000 ; md11_low  ; write_thru ; md11_low     ; md11_low    ; 1.000        ; 10.000     ; 30.000     ;
; -23.000 ; md11_low  ; store      ; md11_low     ; md11_low    ; 1.000        ; 10.000     ; 30.000     ;
; -23.000 ; md11_low  ; color      ; md11_low     ; md11_low    ; 1.000        ; 10.000     ; 30.000     ;
; -23.000 ; md11_low  ; chan       ; md11_low     ; md11_low    ; 1.000        ; 10.000     ; 30.000     ;
; -23.000 ; md11_low  ; int_en     ; md11_low     ; md11_low    ; 1.000        ; 10.000     ; 30.000     ;
; -23.000 ; md11_low  ; erase      ; md11_low     ; md11_low    ; 1.000        ; 10.000     ; 30.000     ;
; -23.000 ; pause_low ; write_thru ; pause_low    ; md11_low    ; 1.000        ; 10.000     ; 30.000     ;
; -23.000 ; pause_low ; store      ; pause_low    ; md11_low    ; 1.000        ; 10.000     ; 30.000     ;
; -23.000 ; pause_low ; color      ; pause_low    ; md11_low    ; 1.000        ; 10.000     ; 30.000     ;
; -23.000 ; pause_low ; chan       ; pause_low    ; md11_low    ; 1.000        ; 10.000     ; 30.000     ;
; -23.000 ; pause_low ; int_en     ; pause_low    ; md11_low    ; 1.000        ; 10.000     ; 30.000     ;
; -23.000 ; pause_low ; erase      ; pause_low    ; md11_low    ; 1.000        ; 10.000     ; 30.000     ;
; -23.000 ; md4_low   ; write_thru ; md4_low      ; md11_low    ; 1.000        ; 10.000     ; 30.000     ;
; -23.000 ; md4_low   ; store      ; md4_low      ; md11_low    ; 1.000        ; 10.000     ; 30.000     ;
; -23.000 ; md4_low   ; color      ; md4_low      ; md11_low    ; 1.000        ; 10.000     ; 30.000     ;
; -23.000 ; md4_low   ; chan       ; md4_low      ; md11_low    ; 1.000        ; 10.000     ; 30.000     ;
; -23.000 ; md4_low   ; int_en     ; md4_low      ; md11_low    ; 1.000        ; 10.000     ; 30.000     ;
; -23.000 ; md4_low   ; erase      ; md4_low      ; md11_low    ; 1.000        ; 10.000     ; 30.000     ;
; -23.000 ; md3_low   ; write_thru ; md3_low      ; md11_low    ; 1.000        ; 10.000     ; 30.000     ;
; -23.000 ; md3_low   ; store      ; md3_low      ; md11_low    ; 1.000        ; 10.000     ; 30.000     ;
; -23.000 ; md3_low   ; color      ; md3_low      ; md11_low    ; 1.000        ; 10.000     ; 30.000     ;
; -23.000 ; md3_low   ; chan       ; md3_low      ; md11_low    ; 1.000        ; 10.000     ; 30.000     ;
+---------+-----------+------------+--------------+-------------+--------------+------------+------------+


+--------------------------------------------------------------------------------------------------------+
; Recovery: 'md3_low'                                                                                    ;
+---------+-----------+------------+--------------+-------------+--------------+------------+------------+
; Slack   ; From Node ; To Node    ; Launch Clock ; Latch Clock ; Relationship ; Clock Skew ; Data Delay ;
+---------+-----------+------------+--------------+-------------+--------------+------------+------------+
; -23.500 ; tp3       ; write_thru ; tp3          ; md3_low     ; 0.500        ; 10.000     ; 30.000     ;
; -23.500 ; tp3       ; store      ; tp3          ; md3_low     ; 0.500        ; 10.000     ; 30.000     ;
; -23.500 ; tp3       ; color      ; tp3          ; md3_low     ; 0.500        ; 10.000     ; 30.000     ;
; -23.500 ; tp3       ; chan       ; tp3          ; md3_low     ; 0.500        ; 10.000     ; 30.000     ;
; -23.500 ; tp3       ; int_en     ; tp3          ; md3_low     ; 0.500        ; 10.000     ; 30.000     ;
; -23.500 ; tp3       ; erase      ; tp3          ; md3_low     ; 0.500        ; 10.000     ; 30.000     ;
; -23.500 ; md10_low  ; write_thru ; md10_low     ; md3_low     ; 0.500        ; 10.000     ; 30.000     ;
; -23.500 ; md10_low  ; store      ; md10_low     ; md3_low     ; 0.500        ; 10.000     ; 30.000     ;
; -23.500 ; md10_low  ; color      ; md10_low     ; md3_low     ; 0.500        ; 10.000     ; 30.000     ;
; -23.500 ; md10_low  ; chan       ; md10_low     ; md3_low     ; 0.500        ; 10.000     ; 30.000     ;
; -23.500 ; md10_low  ; int_en     ; md10_low     ; md3_low     ; 0.500        ; 10.000     ; 30.000     ;
; -23.500 ; md10_low  ; erase      ; md10_low     ; md3_low     ; 0.500        ; 10.000     ; 30.000     ;
; -23.500 ; md11_low  ; write_thru ; md11_low     ; md3_low     ; 0.500        ; 10.000     ; 30.000     ;
; -23.500 ; md11_low  ; store      ; md11_low     ; md3_low     ; 0.500        ; 10.000     ; 30.000     ;
; -23.500 ; md11_low  ; color      ; md11_low     ; md3_low     ; 0.500        ; 10.000     ; 30.000     ;
; -23.500 ; md11_low  ; chan       ; md11_low     ; md3_low     ; 0.500        ; 10.000     ; 30.000     ;
; -23.500 ; md11_low  ; int_en     ; md11_low     ; md3_low     ; 0.500        ; 10.000     ; 30.000     ;
; -23.500 ; md11_low  ; erase      ; md11_low     ; md3_low     ; 0.500        ; 10.000     ; 30.000     ;
; -23.500 ; pause_low ; write_thru ; pause_low    ; md3_low     ; 0.500        ; 10.000     ; 30.000     ;
; -23.500 ; pause_low ; store      ; pause_low    ; md3_low     ; 0.500        ; 10.000     ; 30.000     ;
; -23.500 ; pause_low ; color      ; pause_low    ; md3_low     ; 0.500        ; 10.000     ; 30.000     ;
; -23.500 ; pause_low ; chan       ; pause_low    ; md3_low     ; 0.500        ; 10.000     ; 30.000     ;
; -23.500 ; pause_low ; int_en     ; pause_low    ; md3_low     ; 0.500        ; 10.000     ; 30.000     ;
; -23.500 ; pause_low ; erase      ; pause_low    ; md3_low     ; 0.500        ; 10.000     ; 30.000     ;
; -23.500 ; md4_low   ; write_thru ; md4_low      ; md3_low     ; 0.500        ; 10.000     ; 30.000     ;
; -23.500 ; md4_low   ; store      ; md4_low      ; md3_low     ; 0.500        ; 10.000     ; 30.000     ;
; -23.500 ; md4_low   ; color      ; md4_low      ; md3_low     ; 0.500        ; 10.000     ; 30.000     ;
; -23.500 ; md4_low   ; chan       ; md4_low      ; md3_low     ; 0.500        ; 10.000     ; 30.000     ;
; -23.500 ; md4_low   ; int_en     ; md4_low      ; md3_low     ; 0.500        ; 10.000     ; 30.000     ;
; -23.500 ; md4_low   ; erase      ; md4_low      ; md3_low     ; 0.500        ; 10.000     ; 30.000     ;
; -23.500 ; md3_low   ; write_thru ; md3_low      ; md3_low     ; 0.500        ; 10.000     ; 30.000     ;
; -23.500 ; md3_low   ; store      ; md3_low      ; md3_low     ; 0.500        ; 10.000     ; 30.000     ;
; -23.500 ; md3_low   ; color      ; md3_low      ; md3_low     ; 0.500        ; 10.000     ; 30.000     ;
; -23.500 ; md3_low   ; chan       ; md3_low      ; md3_low     ; 0.500        ; 10.000     ; 30.000     ;
; -23.500 ; md3_low   ; int_en     ; md3_low      ; md3_low     ; 0.500        ; 10.000     ; 30.000     ;
; -23.500 ; md3_low   ; erase      ; md3_low      ; md3_low     ; 0.500        ; 10.000     ; 30.000     ;
; -23.500 ; md7_low   ; write_thru ; md7_low      ; md3_low     ; 0.500        ; 10.000     ; 30.000     ;
; -23.500 ; md7_low   ; store      ; md7_low      ; md3_low     ; 0.500        ; 10.000     ; 30.000     ;
; -23.500 ; md7_low   ; color      ; md7_low      ; md3_low     ; 0.500        ; 10.000     ; 30.000     ;
; -23.500 ; md7_low   ; chan       ; md7_low      ; md3_low     ; 0.500        ; 10.000     ; 30.000     ;
; -23.500 ; md7_low   ; int_en     ; md7_low      ; md3_low     ; 0.500        ; 10.000     ; 30.000     ;
; -23.500 ; md7_low   ; erase      ; md7_low      ; md3_low     ; 0.500        ; 10.000     ; 30.000     ;
; -23.500 ; md6_low   ; write_thru ; md6_low      ; md3_low     ; 0.500        ; 10.000     ; 30.000     ;
; -23.500 ; md6_low   ; store      ; md6_low      ; md3_low     ; 0.500        ; 10.000     ; 30.000     ;
; -23.500 ; md6_low   ; color      ; md6_low      ; md3_low     ; 0.500        ; 10.000     ; 30.000     ;
; -23.500 ; md6_low   ; chan       ; md6_low      ; md3_low     ; 0.500        ; 10.000     ; 30.000     ;
; -23.500 ; md6_low   ; int_en     ; md6_low      ; md3_low     ; 0.500        ; 10.000     ; 30.000     ;
; -23.500 ; md6_low   ; erase      ; md6_low      ; md3_low     ; 0.500        ; 10.000     ; 30.000     ;
; -23.500 ; md8_low   ; write_thru ; md8_low      ; md3_low     ; 0.500        ; 10.000     ; 30.000     ;
; -23.500 ; md8_low   ; store      ; md8_low      ; md3_low     ; 0.500        ; 10.000     ; 30.000     ;
; -23.500 ; md8_low   ; color      ; md8_low      ; md3_low     ; 0.500        ; 10.000     ; 30.000     ;
; -23.500 ; md8_low   ; chan       ; md8_low      ; md3_low     ; 0.500        ; 10.000     ; 30.000     ;
; -23.500 ; md8_low   ; int_en     ; md8_low      ; md3_low     ; 0.500        ; 10.000     ; 30.000     ;
; -23.500 ; md8_low   ; erase      ; md8_low      ; md3_low     ; 0.500        ; 10.000     ; 30.000     ;
; -23.500 ; md5_low   ; write_thru ; md5_low      ; md3_low     ; 0.500        ; 10.000     ; 30.000     ;
; -23.500 ; md5_low   ; store      ; md5_low      ; md3_low     ; 0.500        ; 10.000     ; 30.000     ;
; -23.500 ; md5_low   ; color      ; md5_low      ; md3_low     ; 0.500        ; 10.000     ; 30.000     ;
; -23.500 ; md5_low   ; chan       ; md5_low      ; md3_low     ; 0.500        ; 10.000     ; 30.000     ;
; -23.500 ; md5_low   ; int_en     ; md5_low      ; md3_low     ; 0.500        ; 10.000     ; 30.000     ;
; -23.500 ; md5_low   ; erase      ; md5_low      ; md3_low     ; 0.500        ; 10.000     ; 30.000     ;
; -23.500 ; md9_low   ; write_thru ; md9_low      ; md3_low     ; 0.500        ; 10.000     ; 30.000     ;
; -23.500 ; md9_low   ; store      ; md9_low      ; md3_low     ; 0.500        ; 10.000     ; 30.000     ;
; -23.500 ; md9_low   ; color      ; md9_low      ; md3_low     ; 0.500        ; 10.000     ; 30.000     ;
; -23.500 ; md9_low   ; chan       ; md9_low      ; md3_low     ; 0.500        ; 10.000     ; 30.000     ;
; -23.500 ; md9_low   ; int_en     ; md9_low      ; md3_low     ; 0.500        ; 10.000     ; 30.000     ;
; -23.500 ; md9_low   ; erase      ; md9_low      ; md3_low     ; 0.500        ; 10.000     ; 30.000     ;
; -23.000 ; tp3       ; write_thru ; tp3          ; md3_low     ; 1.000        ; 10.000     ; 30.000     ;
; -23.000 ; tp3       ; store      ; tp3          ; md3_low     ; 1.000        ; 10.000     ; 30.000     ;
; -23.000 ; tp3       ; color      ; tp3          ; md3_low     ; 1.000        ; 10.000     ; 30.000     ;
; -23.000 ; tp3       ; chan       ; tp3          ; md3_low     ; 1.000        ; 10.000     ; 30.000     ;
; -23.000 ; tp3       ; int_en     ; tp3          ; md3_low     ; 1.000        ; 10.000     ; 30.000     ;
; -23.000 ; tp3       ; erase      ; tp3          ; md3_low     ; 1.000        ; 10.000     ; 30.000     ;
; -23.000 ; md10_low  ; write_thru ; md10_low     ; md3_low     ; 1.000        ; 10.000     ; 30.000     ;
; -23.000 ; md10_low  ; store      ; md10_low     ; md3_low     ; 1.000        ; 10.000     ; 30.000     ;
; -23.000 ; md10_low  ; color      ; md10_low     ; md3_low     ; 1.000        ; 10.000     ; 30.000     ;
; -23.000 ; md10_low  ; chan       ; md10_low     ; md3_low     ; 1.000        ; 10.000     ; 30.000     ;
; -23.000 ; md10_low  ; int_en     ; md10_low     ; md3_low     ; 1.000        ; 10.000     ; 30.000     ;
; -23.000 ; md10_low  ; erase      ; md10_low     ; md3_low     ; 1.000        ; 10.000     ; 30.000     ;
; -23.000 ; md11_low  ; write_thru ; md11_low     ; md3_low     ; 1.000        ; 10.000     ; 30.000     ;
; -23.000 ; md11_low  ; store      ; md11_low     ; md3_low     ; 1.000        ; 10.000     ; 30.000     ;
; -23.000 ; md11_low  ; color      ; md11_low     ; md3_low     ; 1.000        ; 10.000     ; 30.000     ;
; -23.000 ; md11_low  ; chan       ; md11_low     ; md3_low     ; 1.000        ; 10.000     ; 30.000     ;
; -23.000 ; md11_low  ; int_en     ; md11_low     ; md3_low     ; 1.000        ; 10.000     ; 30.000     ;
; -23.000 ; md11_low  ; erase      ; md11_low     ; md3_low     ; 1.000        ; 10.000     ; 30.000     ;
; -23.000 ; pause_low ; write_thru ; pause_low    ; md3_low     ; 1.000        ; 10.000     ; 30.000     ;
; -23.000 ; pause_low ; store      ; pause_low    ; md3_low     ; 1.000        ; 10.000     ; 30.000     ;
; -23.000 ; pause_low ; color      ; pause_low    ; md3_low     ; 1.000        ; 10.000     ; 30.000     ;
; -23.000 ; pause_low ; chan       ; pause_low    ; md3_low     ; 1.000        ; 10.000     ; 30.000     ;
; -23.000 ; pause_low ; int_en     ; pause_low    ; md3_low     ; 1.000        ; 10.000     ; 30.000     ;
; -23.000 ; pause_low ; erase      ; pause_low    ; md3_low     ; 1.000        ; 10.000     ; 30.000     ;
; -23.000 ; md4_low   ; write_thru ; md4_low      ; md3_low     ; 1.000        ; 10.000     ; 30.000     ;
; -23.000 ; md4_low   ; store      ; md4_low      ; md3_low     ; 1.000        ; 10.000     ; 30.000     ;
; -23.000 ; md4_low   ; color      ; md4_low      ; md3_low     ; 1.000        ; 10.000     ; 30.000     ;
; -23.000 ; md4_low   ; chan       ; md4_low      ; md3_low     ; 1.000        ; 10.000     ; 30.000     ;
; -23.000 ; md4_low   ; int_en     ; md4_low      ; md3_low     ; 1.000        ; 10.000     ; 30.000     ;
; -23.000 ; md4_low   ; erase      ; md4_low      ; md3_low     ; 1.000        ; 10.000     ; 30.000     ;
; -23.000 ; md3_low   ; write_thru ; md3_low      ; md3_low     ; 1.000        ; 10.000     ; 30.000     ;
; -23.000 ; md3_low   ; store      ; md3_low      ; md3_low     ; 1.000        ; 10.000     ; 30.000     ;
; -23.000 ; md3_low   ; color      ; md3_low      ; md3_low     ; 1.000        ; 10.000     ; 30.000     ;
; -23.000 ; md3_low   ; chan       ; md3_low      ; md3_low     ; 1.000        ; 10.000     ; 30.000     ;
+---------+-----------+------------+--------------+-------------+--------------+------------+------------+


+--------------------------------------------------------------------------------------------------------+
; Recovery: 'md4_low'                                                                                    ;
+---------+-----------+------------+--------------+-------------+--------------+------------+------------+
; Slack   ; From Node ; To Node    ; Launch Clock ; Latch Clock ; Relationship ; Clock Skew ; Data Delay ;
+---------+-----------+------------+--------------+-------------+--------------+------------+------------+
; -23.500 ; tp3       ; write_thru ; tp3          ; md4_low     ; 0.500        ; 10.000     ; 30.000     ;
; -23.500 ; tp3       ; store      ; tp3          ; md4_low     ; 0.500        ; 10.000     ; 30.000     ;
; -23.500 ; tp3       ; color      ; tp3          ; md4_low     ; 0.500        ; 10.000     ; 30.000     ;
; -23.500 ; tp3       ; chan       ; tp3          ; md4_low     ; 0.500        ; 10.000     ; 30.000     ;
; -23.500 ; tp3       ; int_en     ; tp3          ; md4_low     ; 0.500        ; 10.000     ; 30.000     ;
; -23.500 ; tp3       ; erase      ; tp3          ; md4_low     ; 0.500        ; 10.000     ; 30.000     ;
; -23.500 ; md10_low  ; write_thru ; md10_low     ; md4_low     ; 0.500        ; 10.000     ; 30.000     ;
; -23.500 ; md10_low  ; store      ; md10_low     ; md4_low     ; 0.500        ; 10.000     ; 30.000     ;
; -23.500 ; md10_low  ; color      ; md10_low     ; md4_low     ; 0.500        ; 10.000     ; 30.000     ;
; -23.500 ; md10_low  ; chan       ; md10_low     ; md4_low     ; 0.500        ; 10.000     ; 30.000     ;
; -23.500 ; md10_low  ; int_en     ; md10_low     ; md4_low     ; 0.500        ; 10.000     ; 30.000     ;
; -23.500 ; md10_low  ; erase      ; md10_low     ; md4_low     ; 0.500        ; 10.000     ; 30.000     ;
; -23.500 ; md11_low  ; write_thru ; md11_low     ; md4_low     ; 0.500        ; 10.000     ; 30.000     ;
; -23.500 ; md11_low  ; store      ; md11_low     ; md4_low     ; 0.500        ; 10.000     ; 30.000     ;
; -23.500 ; md11_low  ; color      ; md11_low     ; md4_low     ; 0.500        ; 10.000     ; 30.000     ;
; -23.500 ; md11_low  ; chan       ; md11_low     ; md4_low     ; 0.500        ; 10.000     ; 30.000     ;
; -23.500 ; md11_low  ; int_en     ; md11_low     ; md4_low     ; 0.500        ; 10.000     ; 30.000     ;
; -23.500 ; md11_low  ; erase      ; md11_low     ; md4_low     ; 0.500        ; 10.000     ; 30.000     ;
; -23.500 ; pause_low ; write_thru ; pause_low    ; md4_low     ; 0.500        ; 10.000     ; 30.000     ;
; -23.500 ; pause_low ; store      ; pause_low    ; md4_low     ; 0.500        ; 10.000     ; 30.000     ;
; -23.500 ; pause_low ; color      ; pause_low    ; md4_low     ; 0.500        ; 10.000     ; 30.000     ;
; -23.500 ; pause_low ; chan       ; pause_low    ; md4_low     ; 0.500        ; 10.000     ; 30.000     ;
; -23.500 ; pause_low ; int_en     ; pause_low    ; md4_low     ; 0.500        ; 10.000     ; 30.000     ;
; -23.500 ; pause_low ; erase      ; pause_low    ; md4_low     ; 0.500        ; 10.000     ; 30.000     ;
; -23.500 ; md4_low   ; write_thru ; md4_low      ; md4_low     ; 0.500        ; 10.000     ; 30.000     ;
; -23.500 ; md4_low   ; store      ; md4_low      ; md4_low     ; 0.500        ; 10.000     ; 30.000     ;
; -23.500 ; md4_low   ; color      ; md4_low      ; md4_low     ; 0.500        ; 10.000     ; 30.000     ;
; -23.500 ; md4_low   ; chan       ; md4_low      ; md4_low     ; 0.500        ; 10.000     ; 30.000     ;
; -23.500 ; md4_low   ; int_en     ; md4_low      ; md4_low     ; 0.500        ; 10.000     ; 30.000     ;
; -23.500 ; md4_low   ; erase      ; md4_low      ; md4_low     ; 0.500        ; 10.000     ; 30.000     ;
; -23.500 ; md3_low   ; write_thru ; md3_low      ; md4_low     ; 0.500        ; 10.000     ; 30.000     ;
; -23.500 ; md3_low   ; store      ; md3_low      ; md4_low     ; 0.500        ; 10.000     ; 30.000     ;
; -23.500 ; md3_low   ; color      ; md3_low      ; md4_low     ; 0.500        ; 10.000     ; 30.000     ;
; -23.500 ; md3_low   ; chan       ; md3_low      ; md4_low     ; 0.500        ; 10.000     ; 30.000     ;
; -23.500 ; md3_low   ; int_en     ; md3_low      ; md4_low     ; 0.500        ; 10.000     ; 30.000     ;
; -23.500 ; md3_low   ; erase      ; md3_low      ; md4_low     ; 0.500        ; 10.000     ; 30.000     ;
; -23.500 ; md7_low   ; write_thru ; md7_low      ; md4_low     ; 0.500        ; 10.000     ; 30.000     ;
; -23.500 ; md7_low   ; store      ; md7_low      ; md4_low     ; 0.500        ; 10.000     ; 30.000     ;
; -23.500 ; md7_low   ; color      ; md7_low      ; md4_low     ; 0.500        ; 10.000     ; 30.000     ;
; -23.500 ; md7_low   ; chan       ; md7_low      ; md4_low     ; 0.500        ; 10.000     ; 30.000     ;
; -23.500 ; md7_low   ; int_en     ; md7_low      ; md4_low     ; 0.500        ; 10.000     ; 30.000     ;
; -23.500 ; md7_low   ; erase      ; md7_low      ; md4_low     ; 0.500        ; 10.000     ; 30.000     ;
; -23.500 ; md6_low   ; write_thru ; md6_low      ; md4_low     ; 0.500        ; 10.000     ; 30.000     ;
; -23.500 ; md6_low   ; store      ; md6_low      ; md4_low     ; 0.500        ; 10.000     ; 30.000     ;
; -23.500 ; md6_low   ; color      ; md6_low      ; md4_low     ; 0.500        ; 10.000     ; 30.000     ;
; -23.500 ; md6_low   ; chan       ; md6_low      ; md4_low     ; 0.500        ; 10.000     ; 30.000     ;
; -23.500 ; md6_low   ; int_en     ; md6_low      ; md4_low     ; 0.500        ; 10.000     ; 30.000     ;
; -23.500 ; md6_low   ; erase      ; md6_low      ; md4_low     ; 0.500        ; 10.000     ; 30.000     ;
; -23.500 ; md8_low   ; write_thru ; md8_low      ; md4_low     ; 0.500        ; 10.000     ; 30.000     ;
; -23.500 ; md8_low   ; store      ; md8_low      ; md4_low     ; 0.500        ; 10.000     ; 30.000     ;
; -23.500 ; md8_low   ; color      ; md8_low      ; md4_low     ; 0.500        ; 10.000     ; 30.000     ;
; -23.500 ; md8_low   ; chan       ; md8_low      ; md4_low     ; 0.500        ; 10.000     ; 30.000     ;
; -23.500 ; md8_low   ; int_en     ; md8_low      ; md4_low     ; 0.500        ; 10.000     ; 30.000     ;
; -23.500 ; md8_low   ; erase      ; md8_low      ; md4_low     ; 0.500        ; 10.000     ; 30.000     ;
; -23.500 ; md5_low   ; write_thru ; md5_low      ; md4_low     ; 0.500        ; 10.000     ; 30.000     ;
; -23.500 ; md5_low   ; store      ; md5_low      ; md4_low     ; 0.500        ; 10.000     ; 30.000     ;
; -23.500 ; md5_low   ; color      ; md5_low      ; md4_low     ; 0.500        ; 10.000     ; 30.000     ;
; -23.500 ; md5_low   ; chan       ; md5_low      ; md4_low     ; 0.500        ; 10.000     ; 30.000     ;
; -23.500 ; md5_low   ; int_en     ; md5_low      ; md4_low     ; 0.500        ; 10.000     ; 30.000     ;
; -23.500 ; md5_low   ; erase      ; md5_low      ; md4_low     ; 0.500        ; 10.000     ; 30.000     ;
; -23.500 ; md9_low   ; write_thru ; md9_low      ; md4_low     ; 0.500        ; 10.000     ; 30.000     ;
; -23.500 ; md9_low   ; store      ; md9_low      ; md4_low     ; 0.500        ; 10.000     ; 30.000     ;
; -23.500 ; md9_low   ; color      ; md9_low      ; md4_low     ; 0.500        ; 10.000     ; 30.000     ;
; -23.500 ; md9_low   ; chan       ; md9_low      ; md4_low     ; 0.500        ; 10.000     ; 30.000     ;
; -23.500 ; md9_low   ; int_en     ; md9_low      ; md4_low     ; 0.500        ; 10.000     ; 30.000     ;
; -23.500 ; md9_low   ; erase      ; md9_low      ; md4_low     ; 0.500        ; 10.000     ; 30.000     ;
; -23.000 ; tp3       ; write_thru ; tp3          ; md4_low     ; 1.000        ; 10.000     ; 30.000     ;
; -23.000 ; tp3       ; store      ; tp3          ; md4_low     ; 1.000        ; 10.000     ; 30.000     ;
; -23.000 ; tp3       ; color      ; tp3          ; md4_low     ; 1.000        ; 10.000     ; 30.000     ;
; -23.000 ; tp3       ; chan       ; tp3          ; md4_low     ; 1.000        ; 10.000     ; 30.000     ;
; -23.000 ; tp3       ; int_en     ; tp3          ; md4_low     ; 1.000        ; 10.000     ; 30.000     ;
; -23.000 ; tp3       ; erase      ; tp3          ; md4_low     ; 1.000        ; 10.000     ; 30.000     ;
; -23.000 ; md10_low  ; write_thru ; md10_low     ; md4_low     ; 1.000        ; 10.000     ; 30.000     ;
; -23.000 ; md10_low  ; store      ; md10_low     ; md4_low     ; 1.000        ; 10.000     ; 30.000     ;
; -23.000 ; md10_low  ; color      ; md10_low     ; md4_low     ; 1.000        ; 10.000     ; 30.000     ;
; -23.000 ; md10_low  ; chan       ; md10_low     ; md4_low     ; 1.000        ; 10.000     ; 30.000     ;
; -23.000 ; md10_low  ; int_en     ; md10_low     ; md4_low     ; 1.000        ; 10.000     ; 30.000     ;
; -23.000 ; md10_low  ; erase      ; md10_low     ; md4_low     ; 1.000        ; 10.000     ; 30.000     ;
; -23.000 ; md11_low  ; write_thru ; md11_low     ; md4_low     ; 1.000        ; 10.000     ; 30.000     ;
; -23.000 ; md11_low  ; store      ; md11_low     ; md4_low     ; 1.000        ; 10.000     ; 30.000     ;
; -23.000 ; md11_low  ; color      ; md11_low     ; md4_low     ; 1.000        ; 10.000     ; 30.000     ;
; -23.000 ; md11_low  ; chan       ; md11_low     ; md4_low     ; 1.000        ; 10.000     ; 30.000     ;
; -23.000 ; md11_low  ; int_en     ; md11_low     ; md4_low     ; 1.000        ; 10.000     ; 30.000     ;
; -23.000 ; md11_low  ; erase      ; md11_low     ; md4_low     ; 1.000        ; 10.000     ; 30.000     ;
; -23.000 ; pause_low ; write_thru ; pause_low    ; md4_low     ; 1.000        ; 10.000     ; 30.000     ;
; -23.000 ; pause_low ; store      ; pause_low    ; md4_low     ; 1.000        ; 10.000     ; 30.000     ;
; -23.000 ; pause_low ; color      ; pause_low    ; md4_low     ; 1.000        ; 10.000     ; 30.000     ;
; -23.000 ; pause_low ; chan       ; pause_low    ; md4_low     ; 1.000        ; 10.000     ; 30.000     ;
; -23.000 ; pause_low ; int_en     ; pause_low    ; md4_low     ; 1.000        ; 10.000     ; 30.000     ;
; -23.000 ; pause_low ; erase      ; pause_low    ; md4_low     ; 1.000        ; 10.000     ; 30.000     ;
; -23.000 ; md4_low   ; write_thru ; md4_low      ; md4_low     ; 1.000        ; 10.000     ; 30.000     ;
; -23.000 ; md4_low   ; store      ; md4_low      ; md4_low     ; 1.000        ; 10.000     ; 30.000     ;
; -23.000 ; md4_low   ; color      ; md4_low      ; md4_low     ; 1.000        ; 10.000     ; 30.000     ;
; -23.000 ; md4_low   ; chan       ; md4_low      ; md4_low     ; 1.000        ; 10.000     ; 30.000     ;
; -23.000 ; md4_low   ; int_en     ; md4_low      ; md4_low     ; 1.000        ; 10.000     ; 30.000     ;
; -23.000 ; md4_low   ; erase      ; md4_low      ; md4_low     ; 1.000        ; 10.000     ; 30.000     ;
; -23.000 ; md3_low   ; write_thru ; md3_low      ; md4_low     ; 1.000        ; 10.000     ; 30.000     ;
; -23.000 ; md3_low   ; store      ; md3_low      ; md4_low     ; 1.000        ; 10.000     ; 30.000     ;
; -23.000 ; md3_low   ; color      ; md3_low      ; md4_low     ; 1.000        ; 10.000     ; 30.000     ;
; -23.000 ; md3_low   ; chan       ; md3_low      ; md4_low     ; 1.000        ; 10.000     ; 30.000     ;
+---------+-----------+------------+--------------+-------------+--------------+------------+------------+


+--------------------------------------------------------------------------------------------------------+
; Recovery: 'md5_low'                                                                                    ;
+---------+-----------+------------+--------------+-------------+--------------+------------+------------+
; Slack   ; From Node ; To Node    ; Launch Clock ; Latch Clock ; Relationship ; Clock Skew ; Data Delay ;
+---------+-----------+------------+--------------+-------------+--------------+------------+------------+
; -23.500 ; tp3       ; write_thru ; tp3          ; md5_low     ; 0.500        ; 10.000     ; 30.000     ;
; -23.500 ; tp3       ; store      ; tp3          ; md5_low     ; 0.500        ; 10.000     ; 30.000     ;
; -23.500 ; tp3       ; color      ; tp3          ; md5_low     ; 0.500        ; 10.000     ; 30.000     ;
; -23.500 ; tp3       ; chan       ; tp3          ; md5_low     ; 0.500        ; 10.000     ; 30.000     ;
; -23.500 ; tp3       ; int_en     ; tp3          ; md5_low     ; 0.500        ; 10.000     ; 30.000     ;
; -23.500 ; tp3       ; erase      ; tp3          ; md5_low     ; 0.500        ; 10.000     ; 30.000     ;
; -23.500 ; md10_low  ; write_thru ; md10_low     ; md5_low     ; 0.500        ; 10.000     ; 30.000     ;
; -23.500 ; md10_low  ; store      ; md10_low     ; md5_low     ; 0.500        ; 10.000     ; 30.000     ;
; -23.500 ; md10_low  ; color      ; md10_low     ; md5_low     ; 0.500        ; 10.000     ; 30.000     ;
; -23.500 ; md10_low  ; chan       ; md10_low     ; md5_low     ; 0.500        ; 10.000     ; 30.000     ;
; -23.500 ; md10_low  ; int_en     ; md10_low     ; md5_low     ; 0.500        ; 10.000     ; 30.000     ;
; -23.500 ; md10_low  ; erase      ; md10_low     ; md5_low     ; 0.500        ; 10.000     ; 30.000     ;
; -23.500 ; md11_low  ; write_thru ; md11_low     ; md5_low     ; 0.500        ; 10.000     ; 30.000     ;
; -23.500 ; md11_low  ; store      ; md11_low     ; md5_low     ; 0.500        ; 10.000     ; 30.000     ;
; -23.500 ; md11_low  ; color      ; md11_low     ; md5_low     ; 0.500        ; 10.000     ; 30.000     ;
; -23.500 ; md11_low  ; chan       ; md11_low     ; md5_low     ; 0.500        ; 10.000     ; 30.000     ;
; -23.500 ; md11_low  ; int_en     ; md11_low     ; md5_low     ; 0.500        ; 10.000     ; 30.000     ;
; -23.500 ; md11_low  ; erase      ; md11_low     ; md5_low     ; 0.500        ; 10.000     ; 30.000     ;
; -23.500 ; pause_low ; write_thru ; pause_low    ; md5_low     ; 0.500        ; 10.000     ; 30.000     ;
; -23.500 ; pause_low ; store      ; pause_low    ; md5_low     ; 0.500        ; 10.000     ; 30.000     ;
; -23.500 ; pause_low ; color      ; pause_low    ; md5_low     ; 0.500        ; 10.000     ; 30.000     ;
; -23.500 ; pause_low ; chan       ; pause_low    ; md5_low     ; 0.500        ; 10.000     ; 30.000     ;
; -23.500 ; pause_low ; int_en     ; pause_low    ; md5_low     ; 0.500        ; 10.000     ; 30.000     ;
; -23.500 ; pause_low ; erase      ; pause_low    ; md5_low     ; 0.500        ; 10.000     ; 30.000     ;
; -23.500 ; md4_low   ; write_thru ; md4_low      ; md5_low     ; 0.500        ; 10.000     ; 30.000     ;
; -23.500 ; md4_low   ; store      ; md4_low      ; md5_low     ; 0.500        ; 10.000     ; 30.000     ;
; -23.500 ; md4_low   ; color      ; md4_low      ; md5_low     ; 0.500        ; 10.000     ; 30.000     ;
; -23.500 ; md4_low   ; chan       ; md4_low      ; md5_low     ; 0.500        ; 10.000     ; 30.000     ;
; -23.500 ; md4_low   ; int_en     ; md4_low      ; md5_low     ; 0.500        ; 10.000     ; 30.000     ;
; -23.500 ; md4_low   ; erase      ; md4_low      ; md5_low     ; 0.500        ; 10.000     ; 30.000     ;
; -23.500 ; md3_low   ; write_thru ; md3_low      ; md5_low     ; 0.500        ; 10.000     ; 30.000     ;
; -23.500 ; md3_low   ; store      ; md3_low      ; md5_low     ; 0.500        ; 10.000     ; 30.000     ;
; -23.500 ; md3_low   ; color      ; md3_low      ; md5_low     ; 0.500        ; 10.000     ; 30.000     ;
; -23.500 ; md3_low   ; chan       ; md3_low      ; md5_low     ; 0.500        ; 10.000     ; 30.000     ;
; -23.500 ; md3_low   ; int_en     ; md3_low      ; md5_low     ; 0.500        ; 10.000     ; 30.000     ;
; -23.500 ; md3_low   ; erase      ; md3_low      ; md5_low     ; 0.500        ; 10.000     ; 30.000     ;
; -23.500 ; md7_low   ; write_thru ; md7_low      ; md5_low     ; 0.500        ; 10.000     ; 30.000     ;
; -23.500 ; md7_low   ; store      ; md7_low      ; md5_low     ; 0.500        ; 10.000     ; 30.000     ;
; -23.500 ; md7_low   ; color      ; md7_low      ; md5_low     ; 0.500        ; 10.000     ; 30.000     ;
; -23.500 ; md7_low   ; chan       ; md7_low      ; md5_low     ; 0.500        ; 10.000     ; 30.000     ;
; -23.500 ; md7_low   ; int_en     ; md7_low      ; md5_low     ; 0.500        ; 10.000     ; 30.000     ;
; -23.500 ; md7_low   ; erase      ; md7_low      ; md5_low     ; 0.500        ; 10.000     ; 30.000     ;
; -23.500 ; md6_low   ; write_thru ; md6_low      ; md5_low     ; 0.500        ; 10.000     ; 30.000     ;
; -23.500 ; md6_low   ; store      ; md6_low      ; md5_low     ; 0.500        ; 10.000     ; 30.000     ;
; -23.500 ; md6_low   ; color      ; md6_low      ; md5_low     ; 0.500        ; 10.000     ; 30.000     ;
; -23.500 ; md6_low   ; chan       ; md6_low      ; md5_low     ; 0.500        ; 10.000     ; 30.000     ;
; -23.500 ; md6_low   ; int_en     ; md6_low      ; md5_low     ; 0.500        ; 10.000     ; 30.000     ;
; -23.500 ; md6_low   ; erase      ; md6_low      ; md5_low     ; 0.500        ; 10.000     ; 30.000     ;
; -23.500 ; md8_low   ; write_thru ; md8_low      ; md5_low     ; 0.500        ; 10.000     ; 30.000     ;
; -23.500 ; md8_low   ; store      ; md8_low      ; md5_low     ; 0.500        ; 10.000     ; 30.000     ;
; -23.500 ; md8_low   ; color      ; md8_low      ; md5_low     ; 0.500        ; 10.000     ; 30.000     ;
; -23.500 ; md8_low   ; chan       ; md8_low      ; md5_low     ; 0.500        ; 10.000     ; 30.000     ;
; -23.500 ; md8_low   ; int_en     ; md8_low      ; md5_low     ; 0.500        ; 10.000     ; 30.000     ;
; -23.500 ; md8_low   ; erase      ; md8_low      ; md5_low     ; 0.500        ; 10.000     ; 30.000     ;
; -23.500 ; md5_low   ; write_thru ; md5_low      ; md5_low     ; 0.500        ; 10.000     ; 30.000     ;
; -23.500 ; md5_low   ; store      ; md5_low      ; md5_low     ; 0.500        ; 10.000     ; 30.000     ;
; -23.500 ; md5_low   ; color      ; md5_low      ; md5_low     ; 0.500        ; 10.000     ; 30.000     ;
; -23.500 ; md5_low   ; chan       ; md5_low      ; md5_low     ; 0.500        ; 10.000     ; 30.000     ;
; -23.500 ; md5_low   ; int_en     ; md5_low      ; md5_low     ; 0.500        ; 10.000     ; 30.000     ;
; -23.500 ; md5_low   ; erase      ; md5_low      ; md5_low     ; 0.500        ; 10.000     ; 30.000     ;
; -23.500 ; md9_low   ; write_thru ; md9_low      ; md5_low     ; 0.500        ; 10.000     ; 30.000     ;
; -23.500 ; md9_low   ; store      ; md9_low      ; md5_low     ; 0.500        ; 10.000     ; 30.000     ;
; -23.500 ; md9_low   ; color      ; md9_low      ; md5_low     ; 0.500        ; 10.000     ; 30.000     ;
; -23.500 ; md9_low   ; chan       ; md9_low      ; md5_low     ; 0.500        ; 10.000     ; 30.000     ;
; -23.500 ; md9_low   ; int_en     ; md9_low      ; md5_low     ; 0.500        ; 10.000     ; 30.000     ;
; -23.500 ; md9_low   ; erase      ; md9_low      ; md5_low     ; 0.500        ; 10.000     ; 30.000     ;
; -23.000 ; tp3       ; write_thru ; tp3          ; md5_low     ; 1.000        ; 10.000     ; 30.000     ;
; -23.000 ; tp3       ; store      ; tp3          ; md5_low     ; 1.000        ; 10.000     ; 30.000     ;
; -23.000 ; tp3       ; color      ; tp3          ; md5_low     ; 1.000        ; 10.000     ; 30.000     ;
; -23.000 ; tp3       ; chan       ; tp3          ; md5_low     ; 1.000        ; 10.000     ; 30.000     ;
; -23.000 ; tp3       ; int_en     ; tp3          ; md5_low     ; 1.000        ; 10.000     ; 30.000     ;
; -23.000 ; tp3       ; erase      ; tp3          ; md5_low     ; 1.000        ; 10.000     ; 30.000     ;
; -23.000 ; md10_low  ; write_thru ; md10_low     ; md5_low     ; 1.000        ; 10.000     ; 30.000     ;
; -23.000 ; md10_low  ; store      ; md10_low     ; md5_low     ; 1.000        ; 10.000     ; 30.000     ;
; -23.000 ; md10_low  ; color      ; md10_low     ; md5_low     ; 1.000        ; 10.000     ; 30.000     ;
; -23.000 ; md10_low  ; chan       ; md10_low     ; md5_low     ; 1.000        ; 10.000     ; 30.000     ;
; -23.000 ; md10_low  ; int_en     ; md10_low     ; md5_low     ; 1.000        ; 10.000     ; 30.000     ;
; -23.000 ; md10_low  ; erase      ; md10_low     ; md5_low     ; 1.000        ; 10.000     ; 30.000     ;
; -23.000 ; md11_low  ; write_thru ; md11_low     ; md5_low     ; 1.000        ; 10.000     ; 30.000     ;
; -23.000 ; md11_low  ; store      ; md11_low     ; md5_low     ; 1.000        ; 10.000     ; 30.000     ;
; -23.000 ; md11_low  ; color      ; md11_low     ; md5_low     ; 1.000        ; 10.000     ; 30.000     ;
; -23.000 ; md11_low  ; chan       ; md11_low     ; md5_low     ; 1.000        ; 10.000     ; 30.000     ;
; -23.000 ; md11_low  ; int_en     ; md11_low     ; md5_low     ; 1.000        ; 10.000     ; 30.000     ;
; -23.000 ; md11_low  ; erase      ; md11_low     ; md5_low     ; 1.000        ; 10.000     ; 30.000     ;
; -23.000 ; pause_low ; write_thru ; pause_low    ; md5_low     ; 1.000        ; 10.000     ; 30.000     ;
; -23.000 ; pause_low ; store      ; pause_low    ; md5_low     ; 1.000        ; 10.000     ; 30.000     ;
; -23.000 ; pause_low ; color      ; pause_low    ; md5_low     ; 1.000        ; 10.000     ; 30.000     ;
; -23.000 ; pause_low ; chan       ; pause_low    ; md5_low     ; 1.000        ; 10.000     ; 30.000     ;
; -23.000 ; pause_low ; int_en     ; pause_low    ; md5_low     ; 1.000        ; 10.000     ; 30.000     ;
; -23.000 ; pause_low ; erase      ; pause_low    ; md5_low     ; 1.000        ; 10.000     ; 30.000     ;
; -23.000 ; md4_low   ; write_thru ; md4_low      ; md5_low     ; 1.000        ; 10.000     ; 30.000     ;
; -23.000 ; md4_low   ; store      ; md4_low      ; md5_low     ; 1.000        ; 10.000     ; 30.000     ;
; -23.000 ; md4_low   ; color      ; md4_low      ; md5_low     ; 1.000        ; 10.000     ; 30.000     ;
; -23.000 ; md4_low   ; chan       ; md4_low      ; md5_low     ; 1.000        ; 10.000     ; 30.000     ;
; -23.000 ; md4_low   ; int_en     ; md4_low      ; md5_low     ; 1.000        ; 10.000     ; 30.000     ;
; -23.000 ; md4_low   ; erase      ; md4_low      ; md5_low     ; 1.000        ; 10.000     ; 30.000     ;
; -23.000 ; md3_low   ; write_thru ; md3_low      ; md5_low     ; 1.000        ; 10.000     ; 30.000     ;
; -23.000 ; md3_low   ; store      ; md3_low      ; md5_low     ; 1.000        ; 10.000     ; 30.000     ;
; -23.000 ; md3_low   ; color      ; md3_low      ; md5_low     ; 1.000        ; 10.000     ; 30.000     ;
; -23.000 ; md3_low   ; chan       ; md3_low      ; md5_low     ; 1.000        ; 10.000     ; 30.000     ;
+---------+-----------+------------+--------------+-------------+--------------+------------+------------+


+--------------------------------------------------------------------------------------------------------+
; Recovery: 'md6_low'                                                                                    ;
+---------+-----------+------------+--------------+-------------+--------------+------------+------------+
; Slack   ; From Node ; To Node    ; Launch Clock ; Latch Clock ; Relationship ; Clock Skew ; Data Delay ;
+---------+-----------+------------+--------------+-------------+--------------+------------+------------+
; -23.500 ; tp3       ; write_thru ; tp3          ; md6_low     ; 0.500        ; 10.000     ; 30.000     ;
; -23.500 ; tp3       ; store      ; tp3          ; md6_low     ; 0.500        ; 10.000     ; 30.000     ;
; -23.500 ; tp3       ; color      ; tp3          ; md6_low     ; 0.500        ; 10.000     ; 30.000     ;
; -23.500 ; tp3       ; chan       ; tp3          ; md6_low     ; 0.500        ; 10.000     ; 30.000     ;
; -23.500 ; tp3       ; int_en     ; tp3          ; md6_low     ; 0.500        ; 10.000     ; 30.000     ;
; -23.500 ; tp3       ; erase      ; tp3          ; md6_low     ; 0.500        ; 10.000     ; 30.000     ;
; -23.500 ; md10_low  ; write_thru ; md10_low     ; md6_low     ; 0.500        ; 10.000     ; 30.000     ;
; -23.500 ; md10_low  ; store      ; md10_low     ; md6_low     ; 0.500        ; 10.000     ; 30.000     ;
; -23.500 ; md10_low  ; color      ; md10_low     ; md6_low     ; 0.500        ; 10.000     ; 30.000     ;
; -23.500 ; md10_low  ; chan       ; md10_low     ; md6_low     ; 0.500        ; 10.000     ; 30.000     ;
; -23.500 ; md10_low  ; int_en     ; md10_low     ; md6_low     ; 0.500        ; 10.000     ; 30.000     ;
; -23.500 ; md10_low  ; erase      ; md10_low     ; md6_low     ; 0.500        ; 10.000     ; 30.000     ;
; -23.500 ; md11_low  ; write_thru ; md11_low     ; md6_low     ; 0.500        ; 10.000     ; 30.000     ;
; -23.500 ; md11_low  ; store      ; md11_low     ; md6_low     ; 0.500        ; 10.000     ; 30.000     ;
; -23.500 ; md11_low  ; color      ; md11_low     ; md6_low     ; 0.500        ; 10.000     ; 30.000     ;
; -23.500 ; md11_low  ; chan       ; md11_low     ; md6_low     ; 0.500        ; 10.000     ; 30.000     ;
; -23.500 ; md11_low  ; int_en     ; md11_low     ; md6_low     ; 0.500        ; 10.000     ; 30.000     ;
; -23.500 ; md11_low  ; erase      ; md11_low     ; md6_low     ; 0.500        ; 10.000     ; 30.000     ;
; -23.500 ; pause_low ; write_thru ; pause_low    ; md6_low     ; 0.500        ; 10.000     ; 30.000     ;
; -23.500 ; pause_low ; store      ; pause_low    ; md6_low     ; 0.500        ; 10.000     ; 30.000     ;
; -23.500 ; pause_low ; color      ; pause_low    ; md6_low     ; 0.500        ; 10.000     ; 30.000     ;
; -23.500 ; pause_low ; chan       ; pause_low    ; md6_low     ; 0.500        ; 10.000     ; 30.000     ;
; -23.500 ; pause_low ; int_en     ; pause_low    ; md6_low     ; 0.500        ; 10.000     ; 30.000     ;
; -23.500 ; pause_low ; erase      ; pause_low    ; md6_low     ; 0.500        ; 10.000     ; 30.000     ;
; -23.500 ; md4_low   ; write_thru ; md4_low      ; md6_low     ; 0.500        ; 10.000     ; 30.000     ;
; -23.500 ; md4_low   ; store      ; md4_low      ; md6_low     ; 0.500        ; 10.000     ; 30.000     ;
; -23.500 ; md4_low   ; color      ; md4_low      ; md6_low     ; 0.500        ; 10.000     ; 30.000     ;
; -23.500 ; md4_low   ; chan       ; md4_low      ; md6_low     ; 0.500        ; 10.000     ; 30.000     ;
; -23.500 ; md4_low   ; int_en     ; md4_low      ; md6_low     ; 0.500        ; 10.000     ; 30.000     ;
; -23.500 ; md4_low   ; erase      ; md4_low      ; md6_low     ; 0.500        ; 10.000     ; 30.000     ;
; -23.500 ; md3_low   ; write_thru ; md3_low      ; md6_low     ; 0.500        ; 10.000     ; 30.000     ;
; -23.500 ; md3_low   ; store      ; md3_low      ; md6_low     ; 0.500        ; 10.000     ; 30.000     ;
; -23.500 ; md3_low   ; color      ; md3_low      ; md6_low     ; 0.500        ; 10.000     ; 30.000     ;
; -23.500 ; md3_low   ; chan       ; md3_low      ; md6_low     ; 0.500        ; 10.000     ; 30.000     ;
; -23.500 ; md3_low   ; int_en     ; md3_low      ; md6_low     ; 0.500        ; 10.000     ; 30.000     ;
; -23.500 ; md3_low   ; erase      ; md3_low      ; md6_low     ; 0.500        ; 10.000     ; 30.000     ;
; -23.500 ; md7_low   ; write_thru ; md7_low      ; md6_low     ; 0.500        ; 10.000     ; 30.000     ;
; -23.500 ; md7_low   ; store      ; md7_low      ; md6_low     ; 0.500        ; 10.000     ; 30.000     ;
; -23.500 ; md7_low   ; color      ; md7_low      ; md6_low     ; 0.500        ; 10.000     ; 30.000     ;
; -23.500 ; md7_low   ; chan       ; md7_low      ; md6_low     ; 0.500        ; 10.000     ; 30.000     ;
; -23.500 ; md7_low   ; int_en     ; md7_low      ; md6_low     ; 0.500        ; 10.000     ; 30.000     ;
; -23.500 ; md7_low   ; erase      ; md7_low      ; md6_low     ; 0.500        ; 10.000     ; 30.000     ;
; -23.500 ; md6_low   ; write_thru ; md6_low      ; md6_low     ; 0.500        ; 10.000     ; 30.000     ;
; -23.500 ; md6_low   ; store      ; md6_low      ; md6_low     ; 0.500        ; 10.000     ; 30.000     ;
; -23.500 ; md6_low   ; color      ; md6_low      ; md6_low     ; 0.500        ; 10.000     ; 30.000     ;
; -23.500 ; md6_low   ; chan       ; md6_low      ; md6_low     ; 0.500        ; 10.000     ; 30.000     ;
; -23.500 ; md6_low   ; int_en     ; md6_low      ; md6_low     ; 0.500        ; 10.000     ; 30.000     ;
; -23.500 ; md6_low   ; erase      ; md6_low      ; md6_low     ; 0.500        ; 10.000     ; 30.000     ;
; -23.500 ; md8_low   ; write_thru ; md8_low      ; md6_low     ; 0.500        ; 10.000     ; 30.000     ;
; -23.500 ; md8_low   ; store      ; md8_low      ; md6_low     ; 0.500        ; 10.000     ; 30.000     ;
; -23.500 ; md8_low   ; color      ; md8_low      ; md6_low     ; 0.500        ; 10.000     ; 30.000     ;
; -23.500 ; md8_low   ; chan       ; md8_low      ; md6_low     ; 0.500        ; 10.000     ; 30.000     ;
; -23.500 ; md8_low   ; int_en     ; md8_low      ; md6_low     ; 0.500        ; 10.000     ; 30.000     ;
; -23.500 ; md8_low   ; erase      ; md8_low      ; md6_low     ; 0.500        ; 10.000     ; 30.000     ;
; -23.500 ; md5_low   ; write_thru ; md5_low      ; md6_low     ; 0.500        ; 10.000     ; 30.000     ;
; -23.500 ; md5_low   ; store      ; md5_low      ; md6_low     ; 0.500        ; 10.000     ; 30.000     ;
; -23.500 ; md5_low   ; color      ; md5_low      ; md6_low     ; 0.500        ; 10.000     ; 30.000     ;
; -23.500 ; md5_low   ; chan       ; md5_low      ; md6_low     ; 0.500        ; 10.000     ; 30.000     ;
; -23.500 ; md5_low   ; int_en     ; md5_low      ; md6_low     ; 0.500        ; 10.000     ; 30.000     ;
; -23.500 ; md5_low   ; erase      ; md5_low      ; md6_low     ; 0.500        ; 10.000     ; 30.000     ;
; -23.500 ; md9_low   ; write_thru ; md9_low      ; md6_low     ; 0.500        ; 10.000     ; 30.000     ;
; -23.500 ; md9_low   ; store      ; md9_low      ; md6_low     ; 0.500        ; 10.000     ; 30.000     ;
; -23.500 ; md9_low   ; color      ; md9_low      ; md6_low     ; 0.500        ; 10.000     ; 30.000     ;
; -23.500 ; md9_low   ; chan       ; md9_low      ; md6_low     ; 0.500        ; 10.000     ; 30.000     ;
; -23.500 ; md9_low   ; int_en     ; md9_low      ; md6_low     ; 0.500        ; 10.000     ; 30.000     ;
; -23.500 ; md9_low   ; erase      ; md9_low      ; md6_low     ; 0.500        ; 10.000     ; 30.000     ;
; -23.000 ; tp3       ; write_thru ; tp3          ; md6_low     ; 1.000        ; 10.000     ; 30.000     ;
; -23.000 ; tp3       ; store      ; tp3          ; md6_low     ; 1.000        ; 10.000     ; 30.000     ;
; -23.000 ; tp3       ; color      ; tp3          ; md6_low     ; 1.000        ; 10.000     ; 30.000     ;
; -23.000 ; tp3       ; chan       ; tp3          ; md6_low     ; 1.000        ; 10.000     ; 30.000     ;
; -23.000 ; tp3       ; int_en     ; tp3          ; md6_low     ; 1.000        ; 10.000     ; 30.000     ;
; -23.000 ; tp3       ; erase      ; tp3          ; md6_low     ; 1.000        ; 10.000     ; 30.000     ;
; -23.000 ; md10_low  ; write_thru ; md10_low     ; md6_low     ; 1.000        ; 10.000     ; 30.000     ;
; -23.000 ; md10_low  ; store      ; md10_low     ; md6_low     ; 1.000        ; 10.000     ; 30.000     ;
; -23.000 ; md10_low  ; color      ; md10_low     ; md6_low     ; 1.000        ; 10.000     ; 30.000     ;
; -23.000 ; md10_low  ; chan       ; md10_low     ; md6_low     ; 1.000        ; 10.000     ; 30.000     ;
; -23.000 ; md10_low  ; int_en     ; md10_low     ; md6_low     ; 1.000        ; 10.000     ; 30.000     ;
; -23.000 ; md10_low  ; erase      ; md10_low     ; md6_low     ; 1.000        ; 10.000     ; 30.000     ;
; -23.000 ; md11_low  ; write_thru ; md11_low     ; md6_low     ; 1.000        ; 10.000     ; 30.000     ;
; -23.000 ; md11_low  ; store      ; md11_low     ; md6_low     ; 1.000        ; 10.000     ; 30.000     ;
; -23.000 ; md11_low  ; color      ; md11_low     ; md6_low     ; 1.000        ; 10.000     ; 30.000     ;
; -23.000 ; md11_low  ; chan       ; md11_low     ; md6_low     ; 1.000        ; 10.000     ; 30.000     ;
; -23.000 ; md11_low  ; int_en     ; md11_low     ; md6_low     ; 1.000        ; 10.000     ; 30.000     ;
; -23.000 ; md11_low  ; erase      ; md11_low     ; md6_low     ; 1.000        ; 10.000     ; 30.000     ;
; -23.000 ; pause_low ; write_thru ; pause_low    ; md6_low     ; 1.000        ; 10.000     ; 30.000     ;
; -23.000 ; pause_low ; store      ; pause_low    ; md6_low     ; 1.000        ; 10.000     ; 30.000     ;
; -23.000 ; pause_low ; color      ; pause_low    ; md6_low     ; 1.000        ; 10.000     ; 30.000     ;
; -23.000 ; pause_low ; chan       ; pause_low    ; md6_low     ; 1.000        ; 10.000     ; 30.000     ;
; -23.000 ; pause_low ; int_en     ; pause_low    ; md6_low     ; 1.000        ; 10.000     ; 30.000     ;
; -23.000 ; pause_low ; erase      ; pause_low    ; md6_low     ; 1.000        ; 10.000     ; 30.000     ;
; -23.000 ; md4_low   ; write_thru ; md4_low      ; md6_low     ; 1.000        ; 10.000     ; 30.000     ;
; -23.000 ; md4_low   ; store      ; md4_low      ; md6_low     ; 1.000        ; 10.000     ; 30.000     ;
; -23.000 ; md4_low   ; color      ; md4_low      ; md6_low     ; 1.000        ; 10.000     ; 30.000     ;
; -23.000 ; md4_low   ; chan       ; md4_low      ; md6_low     ; 1.000        ; 10.000     ; 30.000     ;
; -23.000 ; md4_low   ; int_en     ; md4_low      ; md6_low     ; 1.000        ; 10.000     ; 30.000     ;
; -23.000 ; md4_low   ; erase      ; md4_low      ; md6_low     ; 1.000        ; 10.000     ; 30.000     ;
; -23.000 ; md3_low   ; write_thru ; md3_low      ; md6_low     ; 1.000        ; 10.000     ; 30.000     ;
; -23.000 ; md3_low   ; store      ; md3_low      ; md6_low     ; 1.000        ; 10.000     ; 30.000     ;
; -23.000 ; md3_low   ; color      ; md3_low      ; md6_low     ; 1.000        ; 10.000     ; 30.000     ;
; -23.000 ; md3_low   ; chan       ; md3_low      ; md6_low     ; 1.000        ; 10.000     ; 30.000     ;
+---------+-----------+------------+--------------+-------------+--------------+------------+------------+


+--------------------------------------------------------------------------------------------------------+
; Recovery: 'md7_low'                                                                                    ;
+---------+-----------+------------+--------------+-------------+--------------+------------+------------+
; Slack   ; From Node ; To Node    ; Launch Clock ; Latch Clock ; Relationship ; Clock Skew ; Data Delay ;
+---------+-----------+------------+--------------+-------------+--------------+------------+------------+
; -23.500 ; tp3       ; write_thru ; tp3          ; md7_low     ; 0.500        ; 10.000     ; 30.000     ;
; -23.500 ; tp3       ; store      ; tp3          ; md7_low     ; 0.500        ; 10.000     ; 30.000     ;
; -23.500 ; tp3       ; color      ; tp3          ; md7_low     ; 0.500        ; 10.000     ; 30.000     ;
; -23.500 ; tp3       ; chan       ; tp3          ; md7_low     ; 0.500        ; 10.000     ; 30.000     ;
; -23.500 ; tp3       ; int_en     ; tp3          ; md7_low     ; 0.500        ; 10.000     ; 30.000     ;
; -23.500 ; tp3       ; erase      ; tp3          ; md7_low     ; 0.500        ; 10.000     ; 30.000     ;
; -23.500 ; md10_low  ; write_thru ; md10_low     ; md7_low     ; 0.500        ; 10.000     ; 30.000     ;
; -23.500 ; md10_low  ; store      ; md10_low     ; md7_low     ; 0.500        ; 10.000     ; 30.000     ;
; -23.500 ; md10_low  ; color      ; md10_low     ; md7_low     ; 0.500        ; 10.000     ; 30.000     ;
; -23.500 ; md10_low  ; chan       ; md10_low     ; md7_low     ; 0.500        ; 10.000     ; 30.000     ;
; -23.500 ; md10_low  ; int_en     ; md10_low     ; md7_low     ; 0.500        ; 10.000     ; 30.000     ;
; -23.500 ; md10_low  ; erase      ; md10_low     ; md7_low     ; 0.500        ; 10.000     ; 30.000     ;
; -23.500 ; md11_low  ; write_thru ; md11_low     ; md7_low     ; 0.500        ; 10.000     ; 30.000     ;
; -23.500 ; md11_low  ; store      ; md11_low     ; md7_low     ; 0.500        ; 10.000     ; 30.000     ;
; -23.500 ; md11_low  ; color      ; md11_low     ; md7_low     ; 0.500        ; 10.000     ; 30.000     ;
; -23.500 ; md11_low  ; chan       ; md11_low     ; md7_low     ; 0.500        ; 10.000     ; 30.000     ;
; -23.500 ; md11_low  ; int_en     ; md11_low     ; md7_low     ; 0.500        ; 10.000     ; 30.000     ;
; -23.500 ; md11_low  ; erase      ; md11_low     ; md7_low     ; 0.500        ; 10.000     ; 30.000     ;
; -23.500 ; pause_low ; write_thru ; pause_low    ; md7_low     ; 0.500        ; 10.000     ; 30.000     ;
; -23.500 ; pause_low ; store      ; pause_low    ; md7_low     ; 0.500        ; 10.000     ; 30.000     ;
; -23.500 ; pause_low ; color      ; pause_low    ; md7_low     ; 0.500        ; 10.000     ; 30.000     ;
; -23.500 ; pause_low ; chan       ; pause_low    ; md7_low     ; 0.500        ; 10.000     ; 30.000     ;
; -23.500 ; pause_low ; int_en     ; pause_low    ; md7_low     ; 0.500        ; 10.000     ; 30.000     ;
; -23.500 ; pause_low ; erase      ; pause_low    ; md7_low     ; 0.500        ; 10.000     ; 30.000     ;
; -23.500 ; md4_low   ; write_thru ; md4_low      ; md7_low     ; 0.500        ; 10.000     ; 30.000     ;
; -23.500 ; md4_low   ; store      ; md4_low      ; md7_low     ; 0.500        ; 10.000     ; 30.000     ;
; -23.500 ; md4_low   ; color      ; md4_low      ; md7_low     ; 0.500        ; 10.000     ; 30.000     ;
; -23.500 ; md4_low   ; chan       ; md4_low      ; md7_low     ; 0.500        ; 10.000     ; 30.000     ;
; -23.500 ; md4_low   ; int_en     ; md4_low      ; md7_low     ; 0.500        ; 10.000     ; 30.000     ;
; -23.500 ; md4_low   ; erase      ; md4_low      ; md7_low     ; 0.500        ; 10.000     ; 30.000     ;
; -23.500 ; md3_low   ; write_thru ; md3_low      ; md7_low     ; 0.500        ; 10.000     ; 30.000     ;
; -23.500 ; md3_low   ; store      ; md3_low      ; md7_low     ; 0.500        ; 10.000     ; 30.000     ;
; -23.500 ; md3_low   ; color      ; md3_low      ; md7_low     ; 0.500        ; 10.000     ; 30.000     ;
; -23.500 ; md3_low   ; chan       ; md3_low      ; md7_low     ; 0.500        ; 10.000     ; 30.000     ;
; -23.500 ; md3_low   ; int_en     ; md3_low      ; md7_low     ; 0.500        ; 10.000     ; 30.000     ;
; -23.500 ; md3_low   ; erase      ; md3_low      ; md7_low     ; 0.500        ; 10.000     ; 30.000     ;
; -23.500 ; md7_low   ; write_thru ; md7_low      ; md7_low     ; 0.500        ; 10.000     ; 30.000     ;
; -23.500 ; md7_low   ; store      ; md7_low      ; md7_low     ; 0.500        ; 10.000     ; 30.000     ;
; -23.500 ; md7_low   ; color      ; md7_low      ; md7_low     ; 0.500        ; 10.000     ; 30.000     ;
; -23.500 ; md7_low   ; chan       ; md7_low      ; md7_low     ; 0.500        ; 10.000     ; 30.000     ;
; -23.500 ; md7_low   ; int_en     ; md7_low      ; md7_low     ; 0.500        ; 10.000     ; 30.000     ;
; -23.500 ; md7_low   ; erase      ; md7_low      ; md7_low     ; 0.500        ; 10.000     ; 30.000     ;
; -23.500 ; md6_low   ; write_thru ; md6_low      ; md7_low     ; 0.500        ; 10.000     ; 30.000     ;
; -23.500 ; md6_low   ; store      ; md6_low      ; md7_low     ; 0.500        ; 10.000     ; 30.000     ;
; -23.500 ; md6_low   ; color      ; md6_low      ; md7_low     ; 0.500        ; 10.000     ; 30.000     ;
; -23.500 ; md6_low   ; chan       ; md6_low      ; md7_low     ; 0.500        ; 10.000     ; 30.000     ;
; -23.500 ; md6_low   ; int_en     ; md6_low      ; md7_low     ; 0.500        ; 10.000     ; 30.000     ;
; -23.500 ; md6_low   ; erase      ; md6_low      ; md7_low     ; 0.500        ; 10.000     ; 30.000     ;
; -23.500 ; md8_low   ; write_thru ; md8_low      ; md7_low     ; 0.500        ; 10.000     ; 30.000     ;
; -23.500 ; md8_low   ; store      ; md8_low      ; md7_low     ; 0.500        ; 10.000     ; 30.000     ;
; -23.500 ; md8_low   ; color      ; md8_low      ; md7_low     ; 0.500        ; 10.000     ; 30.000     ;
; -23.500 ; md8_low   ; chan       ; md8_low      ; md7_low     ; 0.500        ; 10.000     ; 30.000     ;
; -23.500 ; md8_low   ; int_en     ; md8_low      ; md7_low     ; 0.500        ; 10.000     ; 30.000     ;
; -23.500 ; md8_low   ; erase      ; md8_low      ; md7_low     ; 0.500        ; 10.000     ; 30.000     ;
; -23.500 ; md5_low   ; write_thru ; md5_low      ; md7_low     ; 0.500        ; 10.000     ; 30.000     ;
; -23.500 ; md5_low   ; store      ; md5_low      ; md7_low     ; 0.500        ; 10.000     ; 30.000     ;
; -23.500 ; md5_low   ; color      ; md5_low      ; md7_low     ; 0.500        ; 10.000     ; 30.000     ;
; -23.500 ; md5_low   ; chan       ; md5_low      ; md7_low     ; 0.500        ; 10.000     ; 30.000     ;
; -23.500 ; md5_low   ; int_en     ; md5_low      ; md7_low     ; 0.500        ; 10.000     ; 30.000     ;
; -23.500 ; md5_low   ; erase      ; md5_low      ; md7_low     ; 0.500        ; 10.000     ; 30.000     ;
; -23.500 ; md9_low   ; write_thru ; md9_low      ; md7_low     ; 0.500        ; 10.000     ; 30.000     ;
; -23.500 ; md9_low   ; store      ; md9_low      ; md7_low     ; 0.500        ; 10.000     ; 30.000     ;
; -23.500 ; md9_low   ; color      ; md9_low      ; md7_low     ; 0.500        ; 10.000     ; 30.000     ;
; -23.500 ; md9_low   ; chan       ; md9_low      ; md7_low     ; 0.500        ; 10.000     ; 30.000     ;
; -23.500 ; md9_low   ; int_en     ; md9_low      ; md7_low     ; 0.500        ; 10.000     ; 30.000     ;
; -23.500 ; md9_low   ; erase      ; md9_low      ; md7_low     ; 0.500        ; 10.000     ; 30.000     ;
; -23.000 ; tp3       ; write_thru ; tp3          ; md7_low     ; 1.000        ; 10.000     ; 30.000     ;
; -23.000 ; tp3       ; store      ; tp3          ; md7_low     ; 1.000        ; 10.000     ; 30.000     ;
; -23.000 ; tp3       ; color      ; tp3          ; md7_low     ; 1.000        ; 10.000     ; 30.000     ;
; -23.000 ; tp3       ; chan       ; tp3          ; md7_low     ; 1.000        ; 10.000     ; 30.000     ;
; -23.000 ; tp3       ; int_en     ; tp3          ; md7_low     ; 1.000        ; 10.000     ; 30.000     ;
; -23.000 ; tp3       ; erase      ; tp3          ; md7_low     ; 1.000        ; 10.000     ; 30.000     ;
; -23.000 ; md10_low  ; write_thru ; md10_low     ; md7_low     ; 1.000        ; 10.000     ; 30.000     ;
; -23.000 ; md10_low  ; store      ; md10_low     ; md7_low     ; 1.000        ; 10.000     ; 30.000     ;
; -23.000 ; md10_low  ; color      ; md10_low     ; md7_low     ; 1.000        ; 10.000     ; 30.000     ;
; -23.000 ; md10_low  ; chan       ; md10_low     ; md7_low     ; 1.000        ; 10.000     ; 30.000     ;
; -23.000 ; md10_low  ; int_en     ; md10_low     ; md7_low     ; 1.000        ; 10.000     ; 30.000     ;
; -23.000 ; md10_low  ; erase      ; md10_low     ; md7_low     ; 1.000        ; 10.000     ; 30.000     ;
; -23.000 ; md11_low  ; write_thru ; md11_low     ; md7_low     ; 1.000        ; 10.000     ; 30.000     ;
; -23.000 ; md11_low  ; store      ; md11_low     ; md7_low     ; 1.000        ; 10.000     ; 30.000     ;
; -23.000 ; md11_low  ; color      ; md11_low     ; md7_low     ; 1.000        ; 10.000     ; 30.000     ;
; -23.000 ; md11_low  ; chan       ; md11_low     ; md7_low     ; 1.000        ; 10.000     ; 30.000     ;
; -23.000 ; md11_low  ; int_en     ; md11_low     ; md7_low     ; 1.000        ; 10.000     ; 30.000     ;
; -23.000 ; md11_low  ; erase      ; md11_low     ; md7_low     ; 1.000        ; 10.000     ; 30.000     ;
; -23.000 ; pause_low ; write_thru ; pause_low    ; md7_low     ; 1.000        ; 10.000     ; 30.000     ;
; -23.000 ; pause_low ; store      ; pause_low    ; md7_low     ; 1.000        ; 10.000     ; 30.000     ;
; -23.000 ; pause_low ; color      ; pause_low    ; md7_low     ; 1.000        ; 10.000     ; 30.000     ;
; -23.000 ; pause_low ; chan       ; pause_low    ; md7_low     ; 1.000        ; 10.000     ; 30.000     ;
; -23.000 ; pause_low ; int_en     ; pause_low    ; md7_low     ; 1.000        ; 10.000     ; 30.000     ;
; -23.000 ; pause_low ; erase      ; pause_low    ; md7_low     ; 1.000        ; 10.000     ; 30.000     ;
; -23.000 ; md4_low   ; write_thru ; md4_low      ; md7_low     ; 1.000        ; 10.000     ; 30.000     ;
; -23.000 ; md4_low   ; store      ; md4_low      ; md7_low     ; 1.000        ; 10.000     ; 30.000     ;
; -23.000 ; md4_low   ; color      ; md4_low      ; md7_low     ; 1.000        ; 10.000     ; 30.000     ;
; -23.000 ; md4_low   ; chan       ; md4_low      ; md7_low     ; 1.000        ; 10.000     ; 30.000     ;
; -23.000 ; md4_low   ; int_en     ; md4_low      ; md7_low     ; 1.000        ; 10.000     ; 30.000     ;
; -23.000 ; md4_low   ; erase      ; md4_low      ; md7_low     ; 1.000        ; 10.000     ; 30.000     ;
; -23.000 ; md3_low   ; write_thru ; md3_low      ; md7_low     ; 1.000        ; 10.000     ; 30.000     ;
; -23.000 ; md3_low   ; store      ; md3_low      ; md7_low     ; 1.000        ; 10.000     ; 30.000     ;
; -23.000 ; md3_low   ; color      ; md3_low      ; md7_low     ; 1.000        ; 10.000     ; 30.000     ;
; -23.000 ; md3_low   ; chan       ; md3_low      ; md7_low     ; 1.000        ; 10.000     ; 30.000     ;
+---------+-----------+------------+--------------+-------------+--------------+------------+------------+


+--------------------------------------------------------------------------------------------------------+
; Recovery: 'md8_low'                                                                                    ;
+---------+-----------+------------+--------------+-------------+--------------+------------+------------+
; Slack   ; From Node ; To Node    ; Launch Clock ; Latch Clock ; Relationship ; Clock Skew ; Data Delay ;
+---------+-----------+------------+--------------+-------------+--------------+------------+------------+
; -23.500 ; tp3       ; write_thru ; tp3          ; md8_low     ; 0.500        ; 10.000     ; 30.000     ;
; -23.500 ; tp3       ; store      ; tp3          ; md8_low     ; 0.500        ; 10.000     ; 30.000     ;
; -23.500 ; tp3       ; color      ; tp3          ; md8_low     ; 0.500        ; 10.000     ; 30.000     ;
; -23.500 ; tp3       ; chan       ; tp3          ; md8_low     ; 0.500        ; 10.000     ; 30.000     ;
; -23.500 ; tp3       ; int_en     ; tp3          ; md8_low     ; 0.500        ; 10.000     ; 30.000     ;
; -23.500 ; tp3       ; erase      ; tp3          ; md8_low     ; 0.500        ; 10.000     ; 30.000     ;
; -23.500 ; md10_low  ; write_thru ; md10_low     ; md8_low     ; 0.500        ; 10.000     ; 30.000     ;
; -23.500 ; md10_low  ; store      ; md10_low     ; md8_low     ; 0.500        ; 10.000     ; 30.000     ;
; -23.500 ; md10_low  ; color      ; md10_low     ; md8_low     ; 0.500        ; 10.000     ; 30.000     ;
; -23.500 ; md10_low  ; chan       ; md10_low     ; md8_low     ; 0.500        ; 10.000     ; 30.000     ;
; -23.500 ; md10_low  ; int_en     ; md10_low     ; md8_low     ; 0.500        ; 10.000     ; 30.000     ;
; -23.500 ; md10_low  ; erase      ; md10_low     ; md8_low     ; 0.500        ; 10.000     ; 30.000     ;
; -23.500 ; md11_low  ; write_thru ; md11_low     ; md8_low     ; 0.500        ; 10.000     ; 30.000     ;
; -23.500 ; md11_low  ; store      ; md11_low     ; md8_low     ; 0.500        ; 10.000     ; 30.000     ;
; -23.500 ; md11_low  ; color      ; md11_low     ; md8_low     ; 0.500        ; 10.000     ; 30.000     ;
; -23.500 ; md11_low  ; chan       ; md11_low     ; md8_low     ; 0.500        ; 10.000     ; 30.000     ;
; -23.500 ; md11_low  ; int_en     ; md11_low     ; md8_low     ; 0.500        ; 10.000     ; 30.000     ;
; -23.500 ; md11_low  ; erase      ; md11_low     ; md8_low     ; 0.500        ; 10.000     ; 30.000     ;
; -23.500 ; pause_low ; write_thru ; pause_low    ; md8_low     ; 0.500        ; 10.000     ; 30.000     ;
; -23.500 ; pause_low ; store      ; pause_low    ; md8_low     ; 0.500        ; 10.000     ; 30.000     ;
; -23.500 ; pause_low ; color      ; pause_low    ; md8_low     ; 0.500        ; 10.000     ; 30.000     ;
; -23.500 ; pause_low ; chan       ; pause_low    ; md8_low     ; 0.500        ; 10.000     ; 30.000     ;
; -23.500 ; pause_low ; int_en     ; pause_low    ; md8_low     ; 0.500        ; 10.000     ; 30.000     ;
; -23.500 ; pause_low ; erase      ; pause_low    ; md8_low     ; 0.500        ; 10.000     ; 30.000     ;
; -23.500 ; md4_low   ; write_thru ; md4_low      ; md8_low     ; 0.500        ; 10.000     ; 30.000     ;
; -23.500 ; md4_low   ; store      ; md4_low      ; md8_low     ; 0.500        ; 10.000     ; 30.000     ;
; -23.500 ; md4_low   ; color      ; md4_low      ; md8_low     ; 0.500        ; 10.000     ; 30.000     ;
; -23.500 ; md4_low   ; chan       ; md4_low      ; md8_low     ; 0.500        ; 10.000     ; 30.000     ;
; -23.500 ; md4_low   ; int_en     ; md4_low      ; md8_low     ; 0.500        ; 10.000     ; 30.000     ;
; -23.500 ; md4_low   ; erase      ; md4_low      ; md8_low     ; 0.500        ; 10.000     ; 30.000     ;
; -23.500 ; md3_low   ; write_thru ; md3_low      ; md8_low     ; 0.500        ; 10.000     ; 30.000     ;
; -23.500 ; md3_low   ; store      ; md3_low      ; md8_low     ; 0.500        ; 10.000     ; 30.000     ;
; -23.500 ; md3_low   ; color      ; md3_low      ; md8_low     ; 0.500        ; 10.000     ; 30.000     ;
; -23.500 ; md3_low   ; chan       ; md3_low      ; md8_low     ; 0.500        ; 10.000     ; 30.000     ;
; -23.500 ; md3_low   ; int_en     ; md3_low      ; md8_low     ; 0.500        ; 10.000     ; 30.000     ;
; -23.500 ; md3_low   ; erase      ; md3_low      ; md8_low     ; 0.500        ; 10.000     ; 30.000     ;
; -23.500 ; md7_low   ; write_thru ; md7_low      ; md8_low     ; 0.500        ; 10.000     ; 30.000     ;
; -23.500 ; md7_low   ; store      ; md7_low      ; md8_low     ; 0.500        ; 10.000     ; 30.000     ;
; -23.500 ; md7_low   ; color      ; md7_low      ; md8_low     ; 0.500        ; 10.000     ; 30.000     ;
; -23.500 ; md7_low   ; chan       ; md7_low      ; md8_low     ; 0.500        ; 10.000     ; 30.000     ;
; -23.500 ; md7_low   ; int_en     ; md7_low      ; md8_low     ; 0.500        ; 10.000     ; 30.000     ;
; -23.500 ; md7_low   ; erase      ; md7_low      ; md8_low     ; 0.500        ; 10.000     ; 30.000     ;
; -23.500 ; md6_low   ; write_thru ; md6_low      ; md8_low     ; 0.500        ; 10.000     ; 30.000     ;
; -23.500 ; md6_low   ; store      ; md6_low      ; md8_low     ; 0.500        ; 10.000     ; 30.000     ;
; -23.500 ; md6_low   ; color      ; md6_low      ; md8_low     ; 0.500        ; 10.000     ; 30.000     ;
; -23.500 ; md6_low   ; chan       ; md6_low      ; md8_low     ; 0.500        ; 10.000     ; 30.000     ;
; -23.500 ; md6_low   ; int_en     ; md6_low      ; md8_low     ; 0.500        ; 10.000     ; 30.000     ;
; -23.500 ; md6_low   ; erase      ; md6_low      ; md8_low     ; 0.500        ; 10.000     ; 30.000     ;
; -23.500 ; md8_low   ; write_thru ; md8_low      ; md8_low     ; 0.500        ; 10.000     ; 30.000     ;
; -23.500 ; md8_low   ; store      ; md8_low      ; md8_low     ; 0.500        ; 10.000     ; 30.000     ;
; -23.500 ; md8_low   ; color      ; md8_low      ; md8_low     ; 0.500        ; 10.000     ; 30.000     ;
; -23.500 ; md8_low   ; chan       ; md8_low      ; md8_low     ; 0.500        ; 10.000     ; 30.000     ;
; -23.500 ; md8_low   ; int_en     ; md8_low      ; md8_low     ; 0.500        ; 10.000     ; 30.000     ;
; -23.500 ; md8_low   ; erase      ; md8_low      ; md8_low     ; 0.500        ; 10.000     ; 30.000     ;
; -23.500 ; md5_low   ; write_thru ; md5_low      ; md8_low     ; 0.500        ; 10.000     ; 30.000     ;
; -23.500 ; md5_low   ; store      ; md5_low      ; md8_low     ; 0.500        ; 10.000     ; 30.000     ;
; -23.500 ; md5_low   ; color      ; md5_low      ; md8_low     ; 0.500        ; 10.000     ; 30.000     ;
; -23.500 ; md5_low   ; chan       ; md5_low      ; md8_low     ; 0.500        ; 10.000     ; 30.000     ;
; -23.500 ; md5_low   ; int_en     ; md5_low      ; md8_low     ; 0.500        ; 10.000     ; 30.000     ;
; -23.500 ; md5_low   ; erase      ; md5_low      ; md8_low     ; 0.500        ; 10.000     ; 30.000     ;
; -23.500 ; md9_low   ; write_thru ; md9_low      ; md8_low     ; 0.500        ; 10.000     ; 30.000     ;
; -23.500 ; md9_low   ; store      ; md9_low      ; md8_low     ; 0.500        ; 10.000     ; 30.000     ;
; -23.500 ; md9_low   ; color      ; md9_low      ; md8_low     ; 0.500        ; 10.000     ; 30.000     ;
; -23.500 ; md9_low   ; chan       ; md9_low      ; md8_low     ; 0.500        ; 10.000     ; 30.000     ;
; -23.500 ; md9_low   ; int_en     ; md9_low      ; md8_low     ; 0.500        ; 10.000     ; 30.000     ;
; -23.500 ; md9_low   ; erase      ; md9_low      ; md8_low     ; 0.500        ; 10.000     ; 30.000     ;
; -23.000 ; tp3       ; write_thru ; tp3          ; md8_low     ; 1.000        ; 10.000     ; 30.000     ;
; -23.000 ; tp3       ; store      ; tp3          ; md8_low     ; 1.000        ; 10.000     ; 30.000     ;
; -23.000 ; tp3       ; color      ; tp3          ; md8_low     ; 1.000        ; 10.000     ; 30.000     ;
; -23.000 ; tp3       ; chan       ; tp3          ; md8_low     ; 1.000        ; 10.000     ; 30.000     ;
; -23.000 ; tp3       ; int_en     ; tp3          ; md8_low     ; 1.000        ; 10.000     ; 30.000     ;
; -23.000 ; tp3       ; erase      ; tp3          ; md8_low     ; 1.000        ; 10.000     ; 30.000     ;
; -23.000 ; md10_low  ; write_thru ; md10_low     ; md8_low     ; 1.000        ; 10.000     ; 30.000     ;
; -23.000 ; md10_low  ; store      ; md10_low     ; md8_low     ; 1.000        ; 10.000     ; 30.000     ;
; -23.000 ; md10_low  ; color      ; md10_low     ; md8_low     ; 1.000        ; 10.000     ; 30.000     ;
; -23.000 ; md10_low  ; chan       ; md10_low     ; md8_low     ; 1.000        ; 10.000     ; 30.000     ;
; -23.000 ; md10_low  ; int_en     ; md10_low     ; md8_low     ; 1.000        ; 10.000     ; 30.000     ;
; -23.000 ; md10_low  ; erase      ; md10_low     ; md8_low     ; 1.000        ; 10.000     ; 30.000     ;
; -23.000 ; md11_low  ; write_thru ; md11_low     ; md8_low     ; 1.000        ; 10.000     ; 30.000     ;
; -23.000 ; md11_low  ; store      ; md11_low     ; md8_low     ; 1.000        ; 10.000     ; 30.000     ;
; -23.000 ; md11_low  ; color      ; md11_low     ; md8_low     ; 1.000        ; 10.000     ; 30.000     ;
; -23.000 ; md11_low  ; chan       ; md11_low     ; md8_low     ; 1.000        ; 10.000     ; 30.000     ;
; -23.000 ; md11_low  ; int_en     ; md11_low     ; md8_low     ; 1.000        ; 10.000     ; 30.000     ;
; -23.000 ; md11_low  ; erase      ; md11_low     ; md8_low     ; 1.000        ; 10.000     ; 30.000     ;
; -23.000 ; pause_low ; write_thru ; pause_low    ; md8_low     ; 1.000        ; 10.000     ; 30.000     ;
; -23.000 ; pause_low ; store      ; pause_low    ; md8_low     ; 1.000        ; 10.000     ; 30.000     ;
; -23.000 ; pause_low ; color      ; pause_low    ; md8_low     ; 1.000        ; 10.000     ; 30.000     ;
; -23.000 ; pause_low ; chan       ; pause_low    ; md8_low     ; 1.000        ; 10.000     ; 30.000     ;
; -23.000 ; pause_low ; int_en     ; pause_low    ; md8_low     ; 1.000        ; 10.000     ; 30.000     ;
; -23.000 ; pause_low ; erase      ; pause_low    ; md8_low     ; 1.000        ; 10.000     ; 30.000     ;
; -23.000 ; md4_low   ; write_thru ; md4_low      ; md8_low     ; 1.000        ; 10.000     ; 30.000     ;
; -23.000 ; md4_low   ; store      ; md4_low      ; md8_low     ; 1.000        ; 10.000     ; 30.000     ;
; -23.000 ; md4_low   ; color      ; md4_low      ; md8_low     ; 1.000        ; 10.000     ; 30.000     ;
; -23.000 ; md4_low   ; chan       ; md4_low      ; md8_low     ; 1.000        ; 10.000     ; 30.000     ;
; -23.000 ; md4_low   ; int_en     ; md4_low      ; md8_low     ; 1.000        ; 10.000     ; 30.000     ;
; -23.000 ; md4_low   ; erase      ; md4_low      ; md8_low     ; 1.000        ; 10.000     ; 30.000     ;
; -23.000 ; md3_low   ; write_thru ; md3_low      ; md8_low     ; 1.000        ; 10.000     ; 30.000     ;
; -23.000 ; md3_low   ; store      ; md3_low      ; md8_low     ; 1.000        ; 10.000     ; 30.000     ;
; -23.000 ; md3_low   ; color      ; md3_low      ; md8_low     ; 1.000        ; 10.000     ; 30.000     ;
; -23.000 ; md3_low   ; chan       ; md3_low      ; md8_low     ; 1.000        ; 10.000     ; 30.000     ;
+---------+-----------+------------+--------------+-------------+--------------+------------+------------+


+--------------------------------------------------------------------------------------------------------+
; Recovery: 'md9_low'                                                                                    ;
+---------+-----------+------------+--------------+-------------+--------------+------------+------------+
; Slack   ; From Node ; To Node    ; Launch Clock ; Latch Clock ; Relationship ; Clock Skew ; Data Delay ;
+---------+-----------+------------+--------------+-------------+--------------+------------+------------+
; -23.500 ; tp3       ; write_thru ; tp3          ; md9_low     ; 0.500        ; 10.000     ; 30.000     ;
; -23.500 ; tp3       ; store      ; tp3          ; md9_low     ; 0.500        ; 10.000     ; 30.000     ;
; -23.500 ; tp3       ; color      ; tp3          ; md9_low     ; 0.500        ; 10.000     ; 30.000     ;
; -23.500 ; tp3       ; chan       ; tp3          ; md9_low     ; 0.500        ; 10.000     ; 30.000     ;
; -23.500 ; tp3       ; int_en     ; tp3          ; md9_low     ; 0.500        ; 10.000     ; 30.000     ;
; -23.500 ; tp3       ; erase      ; tp3          ; md9_low     ; 0.500        ; 10.000     ; 30.000     ;
; -23.500 ; md10_low  ; write_thru ; md10_low     ; md9_low     ; 0.500        ; 10.000     ; 30.000     ;
; -23.500 ; md10_low  ; store      ; md10_low     ; md9_low     ; 0.500        ; 10.000     ; 30.000     ;
; -23.500 ; md10_low  ; color      ; md10_low     ; md9_low     ; 0.500        ; 10.000     ; 30.000     ;
; -23.500 ; md10_low  ; chan       ; md10_low     ; md9_low     ; 0.500        ; 10.000     ; 30.000     ;
; -23.500 ; md10_low  ; int_en     ; md10_low     ; md9_low     ; 0.500        ; 10.000     ; 30.000     ;
; -23.500 ; md10_low  ; erase      ; md10_low     ; md9_low     ; 0.500        ; 10.000     ; 30.000     ;
; -23.500 ; md11_low  ; write_thru ; md11_low     ; md9_low     ; 0.500        ; 10.000     ; 30.000     ;
; -23.500 ; md11_low  ; store      ; md11_low     ; md9_low     ; 0.500        ; 10.000     ; 30.000     ;
; -23.500 ; md11_low  ; color      ; md11_low     ; md9_low     ; 0.500        ; 10.000     ; 30.000     ;
; -23.500 ; md11_low  ; chan       ; md11_low     ; md9_low     ; 0.500        ; 10.000     ; 30.000     ;
; -23.500 ; md11_low  ; int_en     ; md11_low     ; md9_low     ; 0.500        ; 10.000     ; 30.000     ;
; -23.500 ; md11_low  ; erase      ; md11_low     ; md9_low     ; 0.500        ; 10.000     ; 30.000     ;
; -23.500 ; pause_low ; write_thru ; pause_low    ; md9_low     ; 0.500        ; 10.000     ; 30.000     ;
; -23.500 ; pause_low ; store      ; pause_low    ; md9_low     ; 0.500        ; 10.000     ; 30.000     ;
; -23.500 ; pause_low ; color      ; pause_low    ; md9_low     ; 0.500        ; 10.000     ; 30.000     ;
; -23.500 ; pause_low ; chan       ; pause_low    ; md9_low     ; 0.500        ; 10.000     ; 30.000     ;
; -23.500 ; pause_low ; int_en     ; pause_low    ; md9_low     ; 0.500        ; 10.000     ; 30.000     ;
; -23.500 ; pause_low ; erase      ; pause_low    ; md9_low     ; 0.500        ; 10.000     ; 30.000     ;
; -23.500 ; md4_low   ; write_thru ; md4_low      ; md9_low     ; 0.500        ; 10.000     ; 30.000     ;
; -23.500 ; md4_low   ; store      ; md4_low      ; md9_low     ; 0.500        ; 10.000     ; 30.000     ;
; -23.500 ; md4_low   ; color      ; md4_low      ; md9_low     ; 0.500        ; 10.000     ; 30.000     ;
; -23.500 ; md4_low   ; chan       ; md4_low      ; md9_low     ; 0.500        ; 10.000     ; 30.000     ;
; -23.500 ; md4_low   ; int_en     ; md4_low      ; md9_low     ; 0.500        ; 10.000     ; 30.000     ;
; -23.500 ; md4_low   ; erase      ; md4_low      ; md9_low     ; 0.500        ; 10.000     ; 30.000     ;
; -23.500 ; md3_low   ; write_thru ; md3_low      ; md9_low     ; 0.500        ; 10.000     ; 30.000     ;
; -23.500 ; md3_low   ; store      ; md3_low      ; md9_low     ; 0.500        ; 10.000     ; 30.000     ;
; -23.500 ; md3_low   ; color      ; md3_low      ; md9_low     ; 0.500        ; 10.000     ; 30.000     ;
; -23.500 ; md3_low   ; chan       ; md3_low      ; md9_low     ; 0.500        ; 10.000     ; 30.000     ;
; -23.500 ; md3_low   ; int_en     ; md3_low      ; md9_low     ; 0.500        ; 10.000     ; 30.000     ;
; -23.500 ; md3_low   ; erase      ; md3_low      ; md9_low     ; 0.500        ; 10.000     ; 30.000     ;
; -23.500 ; md7_low   ; write_thru ; md7_low      ; md9_low     ; 0.500        ; 10.000     ; 30.000     ;
; -23.500 ; md7_low   ; store      ; md7_low      ; md9_low     ; 0.500        ; 10.000     ; 30.000     ;
; -23.500 ; md7_low   ; color      ; md7_low      ; md9_low     ; 0.500        ; 10.000     ; 30.000     ;
; -23.500 ; md7_low   ; chan       ; md7_low      ; md9_low     ; 0.500        ; 10.000     ; 30.000     ;
; -23.500 ; md7_low   ; int_en     ; md7_low      ; md9_low     ; 0.500        ; 10.000     ; 30.000     ;
; -23.500 ; md7_low   ; erase      ; md7_low      ; md9_low     ; 0.500        ; 10.000     ; 30.000     ;
; -23.500 ; md6_low   ; write_thru ; md6_low      ; md9_low     ; 0.500        ; 10.000     ; 30.000     ;
; -23.500 ; md6_low   ; store      ; md6_low      ; md9_low     ; 0.500        ; 10.000     ; 30.000     ;
; -23.500 ; md6_low   ; color      ; md6_low      ; md9_low     ; 0.500        ; 10.000     ; 30.000     ;
; -23.500 ; md6_low   ; chan       ; md6_low      ; md9_low     ; 0.500        ; 10.000     ; 30.000     ;
; -23.500 ; md6_low   ; int_en     ; md6_low      ; md9_low     ; 0.500        ; 10.000     ; 30.000     ;
; -23.500 ; md6_low   ; erase      ; md6_low      ; md9_low     ; 0.500        ; 10.000     ; 30.000     ;
; -23.500 ; md8_low   ; write_thru ; md8_low      ; md9_low     ; 0.500        ; 10.000     ; 30.000     ;
; -23.500 ; md8_low   ; store      ; md8_low      ; md9_low     ; 0.500        ; 10.000     ; 30.000     ;
; -23.500 ; md8_low   ; color      ; md8_low      ; md9_low     ; 0.500        ; 10.000     ; 30.000     ;
; -23.500 ; md8_low   ; chan       ; md8_low      ; md9_low     ; 0.500        ; 10.000     ; 30.000     ;
; -23.500 ; md8_low   ; int_en     ; md8_low      ; md9_low     ; 0.500        ; 10.000     ; 30.000     ;
; -23.500 ; md8_low   ; erase      ; md8_low      ; md9_low     ; 0.500        ; 10.000     ; 30.000     ;
; -23.500 ; md5_low   ; write_thru ; md5_low      ; md9_low     ; 0.500        ; 10.000     ; 30.000     ;
; -23.500 ; md5_low   ; store      ; md5_low      ; md9_low     ; 0.500        ; 10.000     ; 30.000     ;
; -23.500 ; md5_low   ; color      ; md5_low      ; md9_low     ; 0.500        ; 10.000     ; 30.000     ;
; -23.500 ; md5_low   ; chan       ; md5_low      ; md9_low     ; 0.500        ; 10.000     ; 30.000     ;
; -23.500 ; md5_low   ; int_en     ; md5_low      ; md9_low     ; 0.500        ; 10.000     ; 30.000     ;
; -23.500 ; md5_low   ; erase      ; md5_low      ; md9_low     ; 0.500        ; 10.000     ; 30.000     ;
; -23.500 ; md9_low   ; write_thru ; md9_low      ; md9_low     ; 0.500        ; 10.000     ; 30.000     ;
; -23.500 ; md9_low   ; store      ; md9_low      ; md9_low     ; 0.500        ; 10.000     ; 30.000     ;
; -23.500 ; md9_low   ; color      ; md9_low      ; md9_low     ; 0.500        ; 10.000     ; 30.000     ;
; -23.500 ; md9_low   ; chan       ; md9_low      ; md9_low     ; 0.500        ; 10.000     ; 30.000     ;
; -23.500 ; md9_low   ; int_en     ; md9_low      ; md9_low     ; 0.500        ; 10.000     ; 30.000     ;
; -23.500 ; md9_low   ; erase      ; md9_low      ; md9_low     ; 0.500        ; 10.000     ; 30.000     ;
; -23.000 ; tp3       ; write_thru ; tp3          ; md9_low     ; 1.000        ; 10.000     ; 30.000     ;
; -23.000 ; tp3       ; store      ; tp3          ; md9_low     ; 1.000        ; 10.000     ; 30.000     ;
; -23.000 ; tp3       ; color      ; tp3          ; md9_low     ; 1.000        ; 10.000     ; 30.000     ;
; -23.000 ; tp3       ; chan       ; tp3          ; md9_low     ; 1.000        ; 10.000     ; 30.000     ;
; -23.000 ; tp3       ; int_en     ; tp3          ; md9_low     ; 1.000        ; 10.000     ; 30.000     ;
; -23.000 ; tp3       ; erase      ; tp3          ; md9_low     ; 1.000        ; 10.000     ; 30.000     ;
; -23.000 ; md10_low  ; write_thru ; md10_low     ; md9_low     ; 1.000        ; 10.000     ; 30.000     ;
; -23.000 ; md10_low  ; store      ; md10_low     ; md9_low     ; 1.000        ; 10.000     ; 30.000     ;
; -23.000 ; md10_low  ; color      ; md10_low     ; md9_low     ; 1.000        ; 10.000     ; 30.000     ;
; -23.000 ; md10_low  ; chan       ; md10_low     ; md9_low     ; 1.000        ; 10.000     ; 30.000     ;
; -23.000 ; md10_low  ; int_en     ; md10_low     ; md9_low     ; 1.000        ; 10.000     ; 30.000     ;
; -23.000 ; md10_low  ; erase      ; md10_low     ; md9_low     ; 1.000        ; 10.000     ; 30.000     ;
; -23.000 ; md11_low  ; write_thru ; md11_low     ; md9_low     ; 1.000        ; 10.000     ; 30.000     ;
; -23.000 ; md11_low  ; store      ; md11_low     ; md9_low     ; 1.000        ; 10.000     ; 30.000     ;
; -23.000 ; md11_low  ; color      ; md11_low     ; md9_low     ; 1.000        ; 10.000     ; 30.000     ;
; -23.000 ; md11_low  ; chan       ; md11_low     ; md9_low     ; 1.000        ; 10.000     ; 30.000     ;
; -23.000 ; md11_low  ; int_en     ; md11_low     ; md9_low     ; 1.000        ; 10.000     ; 30.000     ;
; -23.000 ; md11_low  ; erase      ; md11_low     ; md9_low     ; 1.000        ; 10.000     ; 30.000     ;
; -23.000 ; pause_low ; write_thru ; pause_low    ; md9_low     ; 1.000        ; 10.000     ; 30.000     ;
; -23.000 ; pause_low ; store      ; pause_low    ; md9_low     ; 1.000        ; 10.000     ; 30.000     ;
; -23.000 ; pause_low ; color      ; pause_low    ; md9_low     ; 1.000        ; 10.000     ; 30.000     ;
; -23.000 ; pause_low ; chan       ; pause_low    ; md9_low     ; 1.000        ; 10.000     ; 30.000     ;
; -23.000 ; pause_low ; int_en     ; pause_low    ; md9_low     ; 1.000        ; 10.000     ; 30.000     ;
; -23.000 ; pause_low ; erase      ; pause_low    ; md9_low     ; 1.000        ; 10.000     ; 30.000     ;
; -23.000 ; md4_low   ; write_thru ; md4_low      ; md9_low     ; 1.000        ; 10.000     ; 30.000     ;
; -23.000 ; md4_low   ; store      ; md4_low      ; md9_low     ; 1.000        ; 10.000     ; 30.000     ;
; -23.000 ; md4_low   ; color      ; md4_low      ; md9_low     ; 1.000        ; 10.000     ; 30.000     ;
; -23.000 ; md4_low   ; chan       ; md4_low      ; md9_low     ; 1.000        ; 10.000     ; 30.000     ;
; -23.000 ; md4_low   ; int_en     ; md4_low      ; md9_low     ; 1.000        ; 10.000     ; 30.000     ;
; -23.000 ; md4_low   ; erase      ; md4_low      ; md9_low     ; 1.000        ; 10.000     ; 30.000     ;
; -23.000 ; md3_low   ; write_thru ; md3_low      ; md9_low     ; 1.000        ; 10.000     ; 30.000     ;
; -23.000 ; md3_low   ; store      ; md3_low      ; md9_low     ; 1.000        ; 10.000     ; 30.000     ;
; -23.000 ; md3_low   ; color      ; md3_low      ; md9_low     ; 1.000        ; 10.000     ; 30.000     ;
; -23.000 ; md3_low   ; chan       ; md3_low      ; md9_low     ; 1.000        ; 10.000     ; 30.000     ;
+---------+-----------+------------+--------------+-------------+--------------+------------+------------+


+--------------------------------------------------------------------------------------------------------+
; Recovery: 'pause_low'                                                                                  ;
+---------+-----------+------------+--------------+-------------+--------------+------------+------------+
; Slack   ; From Node ; To Node    ; Launch Clock ; Latch Clock ; Relationship ; Clock Skew ; Data Delay ;
+---------+-----------+------------+--------------+-------------+--------------+------------+------------+
; -23.500 ; tp3       ; write_thru ; tp3          ; pause_low   ; 0.500        ; 10.000     ; 30.000     ;
; -23.500 ; tp3       ; store      ; tp3          ; pause_low   ; 0.500        ; 10.000     ; 30.000     ;
; -23.500 ; tp3       ; color      ; tp3          ; pause_low   ; 0.500        ; 10.000     ; 30.000     ;
; -23.500 ; tp3       ; chan       ; tp3          ; pause_low   ; 0.500        ; 10.000     ; 30.000     ;
; -23.500 ; tp3       ; int_en     ; tp3          ; pause_low   ; 0.500        ; 10.000     ; 30.000     ;
; -23.500 ; tp3       ; erase      ; tp3          ; pause_low   ; 0.500        ; 10.000     ; 30.000     ;
; -23.500 ; md10_low  ; write_thru ; md10_low     ; pause_low   ; 0.500        ; 10.000     ; 30.000     ;
; -23.500 ; md10_low  ; store      ; md10_low     ; pause_low   ; 0.500        ; 10.000     ; 30.000     ;
; -23.500 ; md10_low  ; color      ; md10_low     ; pause_low   ; 0.500        ; 10.000     ; 30.000     ;
; -23.500 ; md10_low  ; chan       ; md10_low     ; pause_low   ; 0.500        ; 10.000     ; 30.000     ;
; -23.500 ; md10_low  ; int_en     ; md10_low     ; pause_low   ; 0.500        ; 10.000     ; 30.000     ;
; -23.500 ; md10_low  ; erase      ; md10_low     ; pause_low   ; 0.500        ; 10.000     ; 30.000     ;
; -23.500 ; md11_low  ; write_thru ; md11_low     ; pause_low   ; 0.500        ; 10.000     ; 30.000     ;
; -23.500 ; md11_low  ; store      ; md11_low     ; pause_low   ; 0.500        ; 10.000     ; 30.000     ;
; -23.500 ; md11_low  ; color      ; md11_low     ; pause_low   ; 0.500        ; 10.000     ; 30.000     ;
; -23.500 ; md11_low  ; chan       ; md11_low     ; pause_low   ; 0.500        ; 10.000     ; 30.000     ;
; -23.500 ; md11_low  ; int_en     ; md11_low     ; pause_low   ; 0.500        ; 10.000     ; 30.000     ;
; -23.500 ; md11_low  ; erase      ; md11_low     ; pause_low   ; 0.500        ; 10.000     ; 30.000     ;
; -23.500 ; pause_low ; write_thru ; pause_low    ; pause_low   ; 0.500        ; 10.000     ; 30.000     ;
; -23.500 ; pause_low ; store      ; pause_low    ; pause_low   ; 0.500        ; 10.000     ; 30.000     ;
; -23.500 ; pause_low ; color      ; pause_low    ; pause_low   ; 0.500        ; 10.000     ; 30.000     ;
; -23.500 ; pause_low ; chan       ; pause_low    ; pause_low   ; 0.500        ; 10.000     ; 30.000     ;
; -23.500 ; pause_low ; int_en     ; pause_low    ; pause_low   ; 0.500        ; 10.000     ; 30.000     ;
; -23.500 ; pause_low ; erase      ; pause_low    ; pause_low   ; 0.500        ; 10.000     ; 30.000     ;
; -23.500 ; md4_low   ; write_thru ; md4_low      ; pause_low   ; 0.500        ; 10.000     ; 30.000     ;
; -23.500 ; md4_low   ; store      ; md4_low      ; pause_low   ; 0.500        ; 10.000     ; 30.000     ;
; -23.500 ; md4_low   ; color      ; md4_low      ; pause_low   ; 0.500        ; 10.000     ; 30.000     ;
; -23.500 ; md4_low   ; chan       ; md4_low      ; pause_low   ; 0.500        ; 10.000     ; 30.000     ;
; -23.500 ; md4_low   ; int_en     ; md4_low      ; pause_low   ; 0.500        ; 10.000     ; 30.000     ;
; -23.500 ; md4_low   ; erase      ; md4_low      ; pause_low   ; 0.500        ; 10.000     ; 30.000     ;
; -23.500 ; md3_low   ; write_thru ; md3_low      ; pause_low   ; 0.500        ; 10.000     ; 30.000     ;
; -23.500 ; md3_low   ; store      ; md3_low      ; pause_low   ; 0.500        ; 10.000     ; 30.000     ;
; -23.500 ; md3_low   ; color      ; md3_low      ; pause_low   ; 0.500        ; 10.000     ; 30.000     ;
; -23.500 ; md3_low   ; chan       ; md3_low      ; pause_low   ; 0.500        ; 10.000     ; 30.000     ;
; -23.500 ; md3_low   ; int_en     ; md3_low      ; pause_low   ; 0.500        ; 10.000     ; 30.000     ;
; -23.500 ; md3_low   ; erase      ; md3_low      ; pause_low   ; 0.500        ; 10.000     ; 30.000     ;
; -23.500 ; md7_low   ; write_thru ; md7_low      ; pause_low   ; 0.500        ; 10.000     ; 30.000     ;
; -23.500 ; md7_low   ; store      ; md7_low      ; pause_low   ; 0.500        ; 10.000     ; 30.000     ;
; -23.500 ; md7_low   ; color      ; md7_low      ; pause_low   ; 0.500        ; 10.000     ; 30.000     ;
; -23.500 ; md7_low   ; chan       ; md7_low      ; pause_low   ; 0.500        ; 10.000     ; 30.000     ;
; -23.500 ; md7_low   ; int_en     ; md7_low      ; pause_low   ; 0.500        ; 10.000     ; 30.000     ;
; -23.500 ; md7_low   ; erase      ; md7_low      ; pause_low   ; 0.500        ; 10.000     ; 30.000     ;
; -23.500 ; md6_low   ; write_thru ; md6_low      ; pause_low   ; 0.500        ; 10.000     ; 30.000     ;
; -23.500 ; md6_low   ; store      ; md6_low      ; pause_low   ; 0.500        ; 10.000     ; 30.000     ;
; -23.500 ; md6_low   ; color      ; md6_low      ; pause_low   ; 0.500        ; 10.000     ; 30.000     ;
; -23.500 ; md6_low   ; chan       ; md6_low      ; pause_low   ; 0.500        ; 10.000     ; 30.000     ;
; -23.500 ; md6_low   ; int_en     ; md6_low      ; pause_low   ; 0.500        ; 10.000     ; 30.000     ;
; -23.500 ; md6_low   ; erase      ; md6_low      ; pause_low   ; 0.500        ; 10.000     ; 30.000     ;
; -23.500 ; md8_low   ; write_thru ; md8_low      ; pause_low   ; 0.500        ; 10.000     ; 30.000     ;
; -23.500 ; md8_low   ; store      ; md8_low      ; pause_low   ; 0.500        ; 10.000     ; 30.000     ;
; -23.500 ; md8_low   ; color      ; md8_low      ; pause_low   ; 0.500        ; 10.000     ; 30.000     ;
; -23.500 ; md8_low   ; chan       ; md8_low      ; pause_low   ; 0.500        ; 10.000     ; 30.000     ;
; -23.500 ; md8_low   ; int_en     ; md8_low      ; pause_low   ; 0.500        ; 10.000     ; 30.000     ;
; -23.500 ; md8_low   ; erase      ; md8_low      ; pause_low   ; 0.500        ; 10.000     ; 30.000     ;
; -23.500 ; md5_low   ; write_thru ; md5_low      ; pause_low   ; 0.500        ; 10.000     ; 30.000     ;
; -23.500 ; md5_low   ; store      ; md5_low      ; pause_low   ; 0.500        ; 10.000     ; 30.000     ;
; -23.500 ; md5_low   ; color      ; md5_low      ; pause_low   ; 0.500        ; 10.000     ; 30.000     ;
; -23.500 ; md5_low   ; chan       ; md5_low      ; pause_low   ; 0.500        ; 10.000     ; 30.000     ;
; -23.500 ; md5_low   ; int_en     ; md5_low      ; pause_low   ; 0.500        ; 10.000     ; 30.000     ;
; -23.500 ; md5_low   ; erase      ; md5_low      ; pause_low   ; 0.500        ; 10.000     ; 30.000     ;
; -23.500 ; md9_low   ; write_thru ; md9_low      ; pause_low   ; 0.500        ; 10.000     ; 30.000     ;
; -23.500 ; md9_low   ; store      ; md9_low      ; pause_low   ; 0.500        ; 10.000     ; 30.000     ;
; -23.500 ; md9_low   ; color      ; md9_low      ; pause_low   ; 0.500        ; 10.000     ; 30.000     ;
; -23.500 ; md9_low   ; chan       ; md9_low      ; pause_low   ; 0.500        ; 10.000     ; 30.000     ;
; -23.500 ; md9_low   ; int_en     ; md9_low      ; pause_low   ; 0.500        ; 10.000     ; 30.000     ;
; -23.500 ; md9_low   ; erase      ; md9_low      ; pause_low   ; 0.500        ; 10.000     ; 30.000     ;
; -23.000 ; tp3       ; write_thru ; tp3          ; pause_low   ; 1.000        ; 10.000     ; 30.000     ;
; -23.000 ; tp3       ; store      ; tp3          ; pause_low   ; 1.000        ; 10.000     ; 30.000     ;
; -23.000 ; tp3       ; color      ; tp3          ; pause_low   ; 1.000        ; 10.000     ; 30.000     ;
; -23.000 ; tp3       ; chan       ; tp3          ; pause_low   ; 1.000        ; 10.000     ; 30.000     ;
; -23.000 ; tp3       ; int_en     ; tp3          ; pause_low   ; 1.000        ; 10.000     ; 30.000     ;
; -23.000 ; tp3       ; erase      ; tp3          ; pause_low   ; 1.000        ; 10.000     ; 30.000     ;
; -23.000 ; md10_low  ; write_thru ; md10_low     ; pause_low   ; 1.000        ; 10.000     ; 30.000     ;
; -23.000 ; md10_low  ; store      ; md10_low     ; pause_low   ; 1.000        ; 10.000     ; 30.000     ;
; -23.000 ; md10_low  ; color      ; md10_low     ; pause_low   ; 1.000        ; 10.000     ; 30.000     ;
; -23.000 ; md10_low  ; chan       ; md10_low     ; pause_low   ; 1.000        ; 10.000     ; 30.000     ;
; -23.000 ; md10_low  ; int_en     ; md10_low     ; pause_low   ; 1.000        ; 10.000     ; 30.000     ;
; -23.000 ; md10_low  ; erase      ; md10_low     ; pause_low   ; 1.000        ; 10.000     ; 30.000     ;
; -23.000 ; md11_low  ; write_thru ; md11_low     ; pause_low   ; 1.000        ; 10.000     ; 30.000     ;
; -23.000 ; md11_low  ; store      ; md11_low     ; pause_low   ; 1.000        ; 10.000     ; 30.000     ;
; -23.000 ; md11_low  ; color      ; md11_low     ; pause_low   ; 1.000        ; 10.000     ; 30.000     ;
; -23.000 ; md11_low  ; chan       ; md11_low     ; pause_low   ; 1.000        ; 10.000     ; 30.000     ;
; -23.000 ; md11_low  ; int_en     ; md11_low     ; pause_low   ; 1.000        ; 10.000     ; 30.000     ;
; -23.000 ; md11_low  ; erase      ; md11_low     ; pause_low   ; 1.000        ; 10.000     ; 30.000     ;
; -23.000 ; pause_low ; write_thru ; pause_low    ; pause_low   ; 1.000        ; 10.000     ; 30.000     ;
; -23.000 ; pause_low ; store      ; pause_low    ; pause_low   ; 1.000        ; 10.000     ; 30.000     ;
; -23.000 ; pause_low ; color      ; pause_low    ; pause_low   ; 1.000        ; 10.000     ; 30.000     ;
; -23.000 ; pause_low ; chan       ; pause_low    ; pause_low   ; 1.000        ; 10.000     ; 30.000     ;
; -23.000 ; pause_low ; int_en     ; pause_low    ; pause_low   ; 1.000        ; 10.000     ; 30.000     ;
; -23.000 ; pause_low ; erase      ; pause_low    ; pause_low   ; 1.000        ; 10.000     ; 30.000     ;
; -23.000 ; md4_low   ; write_thru ; md4_low      ; pause_low   ; 1.000        ; 10.000     ; 30.000     ;
; -23.000 ; md4_low   ; store      ; md4_low      ; pause_low   ; 1.000        ; 10.000     ; 30.000     ;
; -23.000 ; md4_low   ; color      ; md4_low      ; pause_low   ; 1.000        ; 10.000     ; 30.000     ;
; -23.000 ; md4_low   ; chan       ; md4_low      ; pause_low   ; 1.000        ; 10.000     ; 30.000     ;
; -23.000 ; md4_low   ; int_en     ; md4_low      ; pause_low   ; 1.000        ; 10.000     ; 30.000     ;
; -23.000 ; md4_low   ; erase      ; md4_low      ; pause_low   ; 1.000        ; 10.000     ; 30.000     ;
; -23.000 ; md3_low   ; write_thru ; md3_low      ; pause_low   ; 1.000        ; 10.000     ; 30.000     ;
; -23.000 ; md3_low   ; store      ; md3_low      ; pause_low   ; 1.000        ; 10.000     ; 30.000     ;
; -23.000 ; md3_low   ; color      ; md3_low      ; pause_low   ; 1.000        ; 10.000     ; 30.000     ;
; -23.000 ; md3_low   ; chan       ; md3_low      ; pause_low   ; 1.000        ; 10.000     ; 30.000     ;
+---------+-----------+------------+--------------+-------------+--------------+------------+------------+


+--------------------------------------------------------------------------------------------------------+
; Recovery: 'tp3'                                                                                        ;
+---------+-----------+------------+--------------+-------------+--------------+------------+------------+
; Slack   ; From Node ; To Node    ; Launch Clock ; Latch Clock ; Relationship ; Clock Skew ; Data Delay ;
+---------+-----------+------------+--------------+-------------+--------------+------------+------------+
; -23.500 ; tp3       ; write_thru ; tp3          ; tp3         ; 0.500        ; 10.000     ; 30.000     ;
; -23.500 ; tp3       ; store      ; tp3          ; tp3         ; 0.500        ; 10.000     ; 30.000     ;
; -23.500 ; tp3       ; color      ; tp3          ; tp3         ; 0.500        ; 10.000     ; 30.000     ;
; -23.500 ; tp3       ; chan       ; tp3          ; tp3         ; 0.500        ; 10.000     ; 30.000     ;
; -23.500 ; tp3       ; int_en     ; tp3          ; tp3         ; 0.500        ; 10.000     ; 30.000     ;
; -23.500 ; tp3       ; erase      ; tp3          ; tp3         ; 0.500        ; 10.000     ; 30.000     ;
; -23.500 ; md10_low  ; write_thru ; md10_low     ; tp3         ; 0.500        ; 10.000     ; 30.000     ;
; -23.500 ; md10_low  ; store      ; md10_low     ; tp3         ; 0.500        ; 10.000     ; 30.000     ;
; -23.500 ; md10_low  ; color      ; md10_low     ; tp3         ; 0.500        ; 10.000     ; 30.000     ;
; -23.500 ; md10_low  ; chan       ; md10_low     ; tp3         ; 0.500        ; 10.000     ; 30.000     ;
; -23.500 ; md10_low  ; int_en     ; md10_low     ; tp3         ; 0.500        ; 10.000     ; 30.000     ;
; -23.500 ; md10_low  ; erase      ; md10_low     ; tp3         ; 0.500        ; 10.000     ; 30.000     ;
; -23.500 ; md11_low  ; write_thru ; md11_low     ; tp3         ; 0.500        ; 10.000     ; 30.000     ;
; -23.500 ; md11_low  ; store      ; md11_low     ; tp3         ; 0.500        ; 10.000     ; 30.000     ;
; -23.500 ; md11_low  ; color      ; md11_low     ; tp3         ; 0.500        ; 10.000     ; 30.000     ;
; -23.500 ; md11_low  ; chan       ; md11_low     ; tp3         ; 0.500        ; 10.000     ; 30.000     ;
; -23.500 ; md11_low  ; int_en     ; md11_low     ; tp3         ; 0.500        ; 10.000     ; 30.000     ;
; -23.500 ; md11_low  ; erase      ; md11_low     ; tp3         ; 0.500        ; 10.000     ; 30.000     ;
; -23.500 ; pause_low ; write_thru ; pause_low    ; tp3         ; 0.500        ; 10.000     ; 30.000     ;
; -23.500 ; pause_low ; store      ; pause_low    ; tp3         ; 0.500        ; 10.000     ; 30.000     ;
; -23.500 ; pause_low ; color      ; pause_low    ; tp3         ; 0.500        ; 10.000     ; 30.000     ;
; -23.500 ; pause_low ; chan       ; pause_low    ; tp3         ; 0.500        ; 10.000     ; 30.000     ;
; -23.500 ; pause_low ; int_en     ; pause_low    ; tp3         ; 0.500        ; 10.000     ; 30.000     ;
; -23.500 ; pause_low ; erase      ; pause_low    ; tp3         ; 0.500        ; 10.000     ; 30.000     ;
; -23.500 ; md4_low   ; write_thru ; md4_low      ; tp3         ; 0.500        ; 10.000     ; 30.000     ;
; -23.500 ; md4_low   ; store      ; md4_low      ; tp3         ; 0.500        ; 10.000     ; 30.000     ;
; -23.500 ; md4_low   ; color      ; md4_low      ; tp3         ; 0.500        ; 10.000     ; 30.000     ;
; -23.500 ; md4_low   ; chan       ; md4_low      ; tp3         ; 0.500        ; 10.000     ; 30.000     ;
; -23.500 ; md4_low   ; int_en     ; md4_low      ; tp3         ; 0.500        ; 10.000     ; 30.000     ;
; -23.500 ; md4_low   ; erase      ; md4_low      ; tp3         ; 0.500        ; 10.000     ; 30.000     ;
; -23.500 ; md3_low   ; write_thru ; md3_low      ; tp3         ; 0.500        ; 10.000     ; 30.000     ;
; -23.500 ; md3_low   ; store      ; md3_low      ; tp3         ; 0.500        ; 10.000     ; 30.000     ;
; -23.500 ; md3_low   ; color      ; md3_low      ; tp3         ; 0.500        ; 10.000     ; 30.000     ;
; -23.500 ; md3_low   ; chan       ; md3_low      ; tp3         ; 0.500        ; 10.000     ; 30.000     ;
; -23.500 ; md3_low   ; int_en     ; md3_low      ; tp3         ; 0.500        ; 10.000     ; 30.000     ;
; -23.500 ; md3_low   ; erase      ; md3_low      ; tp3         ; 0.500        ; 10.000     ; 30.000     ;
; -23.500 ; md7_low   ; write_thru ; md7_low      ; tp3         ; 0.500        ; 10.000     ; 30.000     ;
; -23.500 ; md7_low   ; store      ; md7_low      ; tp3         ; 0.500        ; 10.000     ; 30.000     ;
; -23.500 ; md7_low   ; color      ; md7_low      ; tp3         ; 0.500        ; 10.000     ; 30.000     ;
; -23.500 ; md7_low   ; chan       ; md7_low      ; tp3         ; 0.500        ; 10.000     ; 30.000     ;
; -23.500 ; md7_low   ; int_en     ; md7_low      ; tp3         ; 0.500        ; 10.000     ; 30.000     ;
; -23.500 ; md7_low   ; erase      ; md7_low      ; tp3         ; 0.500        ; 10.000     ; 30.000     ;
; -23.500 ; md6_low   ; write_thru ; md6_low      ; tp3         ; 0.500        ; 10.000     ; 30.000     ;
; -23.500 ; md6_low   ; store      ; md6_low      ; tp3         ; 0.500        ; 10.000     ; 30.000     ;
; -23.500 ; md6_low   ; color      ; md6_low      ; tp3         ; 0.500        ; 10.000     ; 30.000     ;
; -23.500 ; md6_low   ; chan       ; md6_low      ; tp3         ; 0.500        ; 10.000     ; 30.000     ;
; -23.500 ; md6_low   ; int_en     ; md6_low      ; tp3         ; 0.500        ; 10.000     ; 30.000     ;
; -23.500 ; md6_low   ; erase      ; md6_low      ; tp3         ; 0.500        ; 10.000     ; 30.000     ;
; -23.500 ; md8_low   ; write_thru ; md8_low      ; tp3         ; 0.500        ; 10.000     ; 30.000     ;
; -23.500 ; md8_low   ; store      ; md8_low      ; tp3         ; 0.500        ; 10.000     ; 30.000     ;
; -23.500 ; md8_low   ; color      ; md8_low      ; tp3         ; 0.500        ; 10.000     ; 30.000     ;
; -23.500 ; md8_low   ; chan       ; md8_low      ; tp3         ; 0.500        ; 10.000     ; 30.000     ;
; -23.500 ; md8_low   ; int_en     ; md8_low      ; tp3         ; 0.500        ; 10.000     ; 30.000     ;
; -23.500 ; md8_low   ; erase      ; md8_low      ; tp3         ; 0.500        ; 10.000     ; 30.000     ;
; -23.500 ; md5_low   ; write_thru ; md5_low      ; tp3         ; 0.500        ; 10.000     ; 30.000     ;
; -23.500 ; md5_low   ; store      ; md5_low      ; tp3         ; 0.500        ; 10.000     ; 30.000     ;
; -23.500 ; md5_low   ; color      ; md5_low      ; tp3         ; 0.500        ; 10.000     ; 30.000     ;
; -23.500 ; md5_low   ; chan       ; md5_low      ; tp3         ; 0.500        ; 10.000     ; 30.000     ;
; -23.500 ; md5_low   ; int_en     ; md5_low      ; tp3         ; 0.500        ; 10.000     ; 30.000     ;
; -23.500 ; md5_low   ; erase      ; md5_low      ; tp3         ; 0.500        ; 10.000     ; 30.000     ;
; -23.500 ; md9_low   ; write_thru ; md9_low      ; tp3         ; 0.500        ; 10.000     ; 30.000     ;
; -23.500 ; md9_low   ; store      ; md9_low      ; tp3         ; 0.500        ; 10.000     ; 30.000     ;
; -23.500 ; md9_low   ; color      ; md9_low      ; tp3         ; 0.500        ; 10.000     ; 30.000     ;
; -23.500 ; md9_low   ; chan       ; md9_low      ; tp3         ; 0.500        ; 10.000     ; 30.000     ;
; -23.500 ; md9_low   ; int_en     ; md9_low      ; tp3         ; 0.500        ; 10.000     ; 30.000     ;
; -23.500 ; md9_low   ; erase      ; md9_low      ; tp3         ; 0.500        ; 10.000     ; 30.000     ;
; -23.000 ; tp3       ; write_thru ; tp3          ; tp3         ; 1.000        ; 10.000     ; 30.000     ;
; -23.000 ; tp3       ; store      ; tp3          ; tp3         ; 1.000        ; 10.000     ; 30.000     ;
; -23.000 ; tp3       ; color      ; tp3          ; tp3         ; 1.000        ; 10.000     ; 30.000     ;
; -23.000 ; tp3       ; chan       ; tp3          ; tp3         ; 1.000        ; 10.000     ; 30.000     ;
; -23.000 ; tp3       ; int_en     ; tp3          ; tp3         ; 1.000        ; 10.000     ; 30.000     ;
; -23.000 ; tp3       ; erase      ; tp3          ; tp3         ; 1.000        ; 10.000     ; 30.000     ;
; -23.000 ; md10_low  ; write_thru ; md10_low     ; tp3         ; 1.000        ; 10.000     ; 30.000     ;
; -23.000 ; md10_low  ; store      ; md10_low     ; tp3         ; 1.000        ; 10.000     ; 30.000     ;
; -23.000 ; md10_low  ; color      ; md10_low     ; tp3         ; 1.000        ; 10.000     ; 30.000     ;
; -23.000 ; md10_low  ; chan       ; md10_low     ; tp3         ; 1.000        ; 10.000     ; 30.000     ;
; -23.000 ; md10_low  ; int_en     ; md10_low     ; tp3         ; 1.000        ; 10.000     ; 30.000     ;
; -23.000 ; md10_low  ; erase      ; md10_low     ; tp3         ; 1.000        ; 10.000     ; 30.000     ;
; -23.000 ; md11_low  ; write_thru ; md11_low     ; tp3         ; 1.000        ; 10.000     ; 30.000     ;
; -23.000 ; md11_low  ; store      ; md11_low     ; tp3         ; 1.000        ; 10.000     ; 30.000     ;
; -23.000 ; md11_low  ; color      ; md11_low     ; tp3         ; 1.000        ; 10.000     ; 30.000     ;
; -23.000 ; md11_low  ; chan       ; md11_low     ; tp3         ; 1.000        ; 10.000     ; 30.000     ;
; -23.000 ; md11_low  ; int_en     ; md11_low     ; tp3         ; 1.000        ; 10.000     ; 30.000     ;
; -23.000 ; md11_low  ; erase      ; md11_low     ; tp3         ; 1.000        ; 10.000     ; 30.000     ;
; -23.000 ; pause_low ; write_thru ; pause_low    ; tp3         ; 1.000        ; 10.000     ; 30.000     ;
; -23.000 ; pause_low ; store      ; pause_low    ; tp3         ; 1.000        ; 10.000     ; 30.000     ;
; -23.000 ; pause_low ; color      ; pause_low    ; tp3         ; 1.000        ; 10.000     ; 30.000     ;
; -23.000 ; pause_low ; chan       ; pause_low    ; tp3         ; 1.000        ; 10.000     ; 30.000     ;
; -23.000 ; pause_low ; int_en     ; pause_low    ; tp3         ; 1.000        ; 10.000     ; 30.000     ;
; -23.000 ; pause_low ; erase      ; pause_low    ; tp3         ; 1.000        ; 10.000     ; 30.000     ;
; -23.000 ; md4_low   ; write_thru ; md4_low      ; tp3         ; 1.000        ; 10.000     ; 30.000     ;
; -23.000 ; md4_low   ; store      ; md4_low      ; tp3         ; 1.000        ; 10.000     ; 30.000     ;
; -23.000 ; md4_low   ; color      ; md4_low      ; tp3         ; 1.000        ; 10.000     ; 30.000     ;
; -23.000 ; md4_low   ; chan       ; md4_low      ; tp3         ; 1.000        ; 10.000     ; 30.000     ;
; -23.000 ; md4_low   ; int_en     ; md4_low      ; tp3         ; 1.000        ; 10.000     ; 30.000     ;
; -23.000 ; md4_low   ; erase      ; md4_low      ; tp3         ; 1.000        ; 10.000     ; 30.000     ;
; -23.000 ; md3_low   ; write_thru ; md3_low      ; tp3         ; 1.000        ; 10.000     ; 30.000     ;
; -23.000 ; md3_low   ; store      ; md3_low      ; tp3         ; 1.000        ; 10.000     ; 30.000     ;
; -23.000 ; md3_low   ; color      ; md3_low      ; tp3         ; 1.000        ; 10.000     ; 30.000     ;
; -23.000 ; md3_low   ; chan       ; md3_low      ; tp3         ; 1.000        ; 10.000     ; 30.000     ;
+---------+-----------+------------+--------------+-------------+--------------+------------+------------+


+-----------------------------------------------------------------------------------------------------+
; Recovery: 'clock'                                                                                   ;
+---------+-----------+---------+--------------+-------------+--------------+------------+------------+
; Slack   ; From Node ; To Node ; Launch Clock ; Latch Clock ; Relationship ; Clock Skew ; Data Delay ;
+---------+-----------+---------+--------------+-------------+--------------+------------+------------+
; -14.500 ; clock     ; dk01    ; clock        ; clock       ; 0.500        ; 3.000      ; 14.000     ;
; -14.000 ; clock     ; dk01    ; clock        ; clock       ; 1.000        ; 3.000      ; 14.000     ;
; -12.500 ; dk03      ; dk01    ; dk03         ; clock       ; 0.500        ; 3.000      ; 13.000     ;
; -12.000 ; dk03      ; dk01    ; dk03         ; clock       ; 1.000        ; 3.000      ; 13.000     ;
+---------+-----------+---------+--------------+-------------+--------------+------------+------------+


+----------------------------------------------------------------------------------------------------+
; Recovery: 'dk01'                                                                                   ;
+--------+-----------+---------+--------------+-------------+--------------+------------+------------+
; Slack  ; From Node ; To Node ; Launch Clock ; Latch Clock ; Relationship ; Clock Skew ; Data Delay ;
+--------+-----------+---------+--------------+-------------+--------------+------------+------------+
; -9.500 ; clock     ; dk02    ; clock        ; dk01        ; 0.500        ; 8.000      ; 14.000     ;
; -9.000 ; clock     ; dk02    ; clock        ; dk01        ; 1.000        ; 8.000      ; 14.000     ;
; -7.500 ; dk03      ; dk02    ; dk03         ; dk01        ; 0.500        ; 8.000      ; 13.000     ;
; -7.000 ; dk03      ; dk02    ; dk03         ; dk01        ; 1.000        ; 8.000      ; 13.000     ;
+--------+-----------+---------+--------------+-------------+--------------+------------+------------+


+----------------------------------------------------------------------------------------------------+
; Recovery: 'dk02'                                                                                   ;
+--------+-----------+---------+--------------+-------------+--------------+------------+------------+
; Slack  ; From Node ; To Node ; Launch Clock ; Latch Clock ; Relationship ; Clock Skew ; Data Delay ;
+--------+-----------+---------+--------------+-------------+--------------+------------+------------+
; -9.500 ; clock     ; dk03    ; clock        ; dk02        ; 0.500        ; 8.000      ; 14.000     ;
; -9.000 ; clock     ; dk03    ; clock        ; dk02        ; 1.000        ; 8.000      ; 14.000     ;
; -7.500 ; dk03      ; dk03    ; dk03         ; dk02        ; 0.500        ; 8.000      ; 13.000     ;
; -7.000 ; dk03      ; dk03    ; dk03         ; dk02        ; 1.000        ; 8.000      ; 13.000     ;
+--------+-----------+---------+--------------+-------------+--------------+------------+------------+


+---------------------------------------------------------------------------------------------------+
; Removal: 'dk01'                                                                                   ;
+-------+-----------+---------+--------------+-------------+--------------+------------+------------+
; Slack ; From Node ; To Node ; Launch Clock ; Latch Clock ; Relationship ; Clock Skew ; Data Delay ;
+-------+-----------+---------+--------------+-------------+--------------+------------+------------+
; 0.000 ; dk03      ; dk02    ; dk03         ; dk01        ; 0.000        ; 8.000      ; 13.000     ;
; 0.500 ; dk03      ; dk02    ; dk03         ; dk01        ; -0.500       ; 8.000      ; 13.000     ;
; 2.000 ; clock     ; dk02    ; clock        ; dk01        ; 0.000        ; 8.000      ; 14.000     ;
; 2.500 ; clock     ; dk02    ; clock        ; dk01        ; -0.500       ; 8.000      ; 14.000     ;
+-------+-----------+---------+--------------+-------------+--------------+------------+------------+


+---------------------------------------------------------------------------------------------------+
; Removal: 'dk02'                                                                                   ;
+-------+-----------+---------+--------------+-------------+--------------+------------+------------+
; Slack ; From Node ; To Node ; Launch Clock ; Latch Clock ; Relationship ; Clock Skew ; Data Delay ;
+-------+-----------+---------+--------------+-------------+--------------+------------+------------+
; 0.000 ; dk03      ; dk03    ; dk03         ; dk02        ; 0.000        ; 8.000      ; 13.000     ;
; 0.500 ; dk03      ; dk03    ; dk03         ; dk02        ; -0.500       ; 8.000      ; 13.000     ;
; 2.000 ; clock     ; dk03    ; clock        ; dk02        ; 0.000        ; 8.000      ; 14.000     ;
; 2.500 ; clock     ; dk03    ; clock        ; dk02        ; -0.500       ; 8.000      ; 14.000     ;
+-------+-----------+---------+--------------+-------------+--------------+------------+------------+


+---------------------------------------------------------------------------------------------------+
; Removal: 'clock'                                                                                  ;
+-------+-----------+---------+--------------+-------------+--------------+------------+------------+
; Slack ; From Node ; To Node ; Launch Clock ; Latch Clock ; Relationship ; Clock Skew ; Data Delay ;
+-------+-----------+---------+--------------+-------------+--------------+------------+------------+
; 5.000 ; dk03      ; dk01    ; dk03         ; clock       ; 0.000        ; 3.000      ; 13.000     ;
; 5.500 ; dk03      ; dk01    ; dk03         ; clock       ; -0.500       ; 3.000      ; 13.000     ;
; 7.000 ; clock     ; dk01    ; clock        ; clock       ; 0.000        ; 3.000      ; 14.000     ;
; 7.500 ; clock     ; dk01    ; clock        ; clock       ; -0.500       ; 3.000      ; 14.000     ;
+-------+-----------+---------+--------------+-------------+--------------+------------+------------+


+-------------------------------------------------------------------------------------------------------+
; Removal: 'md10_low'                                                                                   ;
+--------+-----------+------------+--------------+-------------+--------------+------------+------------+
; Slack  ; From Node ; To Node    ; Launch Clock ; Latch Clock ; Relationship ; Clock Skew ; Data Delay ;
+--------+-----------+------------+--------------+-------------+--------------+------------+------------+
; 16.000 ; tp3       ; write_thru ; tp3          ; md10_low    ; 0.000        ; 10.000     ; 30.000     ;
; 16.000 ; tp3       ; store      ; tp3          ; md10_low    ; 0.000        ; 10.000     ; 30.000     ;
; 16.000 ; tp3       ; color      ; tp3          ; md10_low    ; 0.000        ; 10.000     ; 30.000     ;
; 16.000 ; tp3       ; chan       ; tp3          ; md10_low    ; 0.000        ; 10.000     ; 30.000     ;
; 16.000 ; tp3       ; int_en     ; tp3          ; md10_low    ; 0.000        ; 10.000     ; 30.000     ;
; 16.000 ; tp3       ; erase      ; tp3          ; md10_low    ; 0.000        ; 10.000     ; 30.000     ;
; 16.000 ; md10_low  ; write_thru ; md10_low     ; md10_low    ; 0.000        ; 10.000     ; 30.000     ;
; 16.000 ; md10_low  ; store      ; md10_low     ; md10_low    ; 0.000        ; 10.000     ; 30.000     ;
; 16.000 ; md10_low  ; color      ; md10_low     ; md10_low    ; 0.000        ; 10.000     ; 30.000     ;
; 16.000 ; md10_low  ; chan       ; md10_low     ; md10_low    ; 0.000        ; 10.000     ; 30.000     ;
; 16.000 ; md10_low  ; int_en     ; md10_low     ; md10_low    ; 0.000        ; 10.000     ; 30.000     ;
; 16.000 ; md10_low  ; erase      ; md10_low     ; md10_low    ; 0.000        ; 10.000     ; 30.000     ;
; 16.000 ; md11_low  ; write_thru ; md11_low     ; md10_low    ; 0.000        ; 10.000     ; 30.000     ;
; 16.000 ; md11_low  ; store      ; md11_low     ; md10_low    ; 0.000        ; 10.000     ; 30.000     ;
; 16.000 ; md11_low  ; color      ; md11_low     ; md10_low    ; 0.000        ; 10.000     ; 30.000     ;
; 16.000 ; md11_low  ; chan       ; md11_low     ; md10_low    ; 0.000        ; 10.000     ; 30.000     ;
; 16.000 ; md11_low  ; int_en     ; md11_low     ; md10_low    ; 0.000        ; 10.000     ; 30.000     ;
; 16.000 ; md11_low  ; erase      ; md11_low     ; md10_low    ; 0.000        ; 10.000     ; 30.000     ;
; 16.000 ; pause_low ; write_thru ; pause_low    ; md10_low    ; 0.000        ; 10.000     ; 30.000     ;
; 16.000 ; pause_low ; store      ; pause_low    ; md10_low    ; 0.000        ; 10.000     ; 30.000     ;
; 16.000 ; pause_low ; color      ; pause_low    ; md10_low    ; 0.000        ; 10.000     ; 30.000     ;
; 16.000 ; pause_low ; chan       ; pause_low    ; md10_low    ; 0.000        ; 10.000     ; 30.000     ;
; 16.000 ; pause_low ; int_en     ; pause_low    ; md10_low    ; 0.000        ; 10.000     ; 30.000     ;
; 16.000 ; pause_low ; erase      ; pause_low    ; md10_low    ; 0.000        ; 10.000     ; 30.000     ;
; 16.000 ; md4_low   ; write_thru ; md4_low      ; md10_low    ; 0.000        ; 10.000     ; 30.000     ;
; 16.000 ; md4_low   ; store      ; md4_low      ; md10_low    ; 0.000        ; 10.000     ; 30.000     ;
; 16.000 ; md4_low   ; color      ; md4_low      ; md10_low    ; 0.000        ; 10.000     ; 30.000     ;
; 16.000 ; md4_low   ; chan       ; md4_low      ; md10_low    ; 0.000        ; 10.000     ; 30.000     ;
; 16.000 ; md4_low   ; int_en     ; md4_low      ; md10_low    ; 0.000        ; 10.000     ; 30.000     ;
; 16.000 ; md4_low   ; erase      ; md4_low      ; md10_low    ; 0.000        ; 10.000     ; 30.000     ;
; 16.000 ; md3_low   ; write_thru ; md3_low      ; md10_low    ; 0.000        ; 10.000     ; 30.000     ;
; 16.000 ; md3_low   ; store      ; md3_low      ; md10_low    ; 0.000        ; 10.000     ; 30.000     ;
; 16.000 ; md3_low   ; color      ; md3_low      ; md10_low    ; 0.000        ; 10.000     ; 30.000     ;
; 16.000 ; md3_low   ; chan       ; md3_low      ; md10_low    ; 0.000        ; 10.000     ; 30.000     ;
; 16.000 ; md3_low   ; int_en     ; md3_low      ; md10_low    ; 0.000        ; 10.000     ; 30.000     ;
; 16.000 ; md3_low   ; erase      ; md3_low      ; md10_low    ; 0.000        ; 10.000     ; 30.000     ;
; 16.000 ; md7_low   ; write_thru ; md7_low      ; md10_low    ; 0.000        ; 10.000     ; 30.000     ;
; 16.000 ; md7_low   ; store      ; md7_low      ; md10_low    ; 0.000        ; 10.000     ; 30.000     ;
; 16.000 ; md7_low   ; color      ; md7_low      ; md10_low    ; 0.000        ; 10.000     ; 30.000     ;
; 16.000 ; md7_low   ; chan       ; md7_low      ; md10_low    ; 0.000        ; 10.000     ; 30.000     ;
; 16.000 ; md7_low   ; int_en     ; md7_low      ; md10_low    ; 0.000        ; 10.000     ; 30.000     ;
; 16.000 ; md7_low   ; erase      ; md7_low      ; md10_low    ; 0.000        ; 10.000     ; 30.000     ;
; 16.000 ; md6_low   ; write_thru ; md6_low      ; md10_low    ; 0.000        ; 10.000     ; 30.000     ;
; 16.000 ; md6_low   ; store      ; md6_low      ; md10_low    ; 0.000        ; 10.000     ; 30.000     ;
; 16.000 ; md6_low   ; color      ; md6_low      ; md10_low    ; 0.000        ; 10.000     ; 30.000     ;
; 16.000 ; md6_low   ; chan       ; md6_low      ; md10_low    ; 0.000        ; 10.000     ; 30.000     ;
; 16.000 ; md6_low   ; int_en     ; md6_low      ; md10_low    ; 0.000        ; 10.000     ; 30.000     ;
; 16.000 ; md6_low   ; erase      ; md6_low      ; md10_low    ; 0.000        ; 10.000     ; 30.000     ;
; 16.000 ; md8_low   ; write_thru ; md8_low      ; md10_low    ; 0.000        ; 10.000     ; 30.000     ;
; 16.000 ; md8_low   ; store      ; md8_low      ; md10_low    ; 0.000        ; 10.000     ; 30.000     ;
; 16.000 ; md8_low   ; color      ; md8_low      ; md10_low    ; 0.000        ; 10.000     ; 30.000     ;
; 16.000 ; md8_low   ; chan       ; md8_low      ; md10_low    ; 0.000        ; 10.000     ; 30.000     ;
; 16.000 ; md8_low   ; int_en     ; md8_low      ; md10_low    ; 0.000        ; 10.000     ; 30.000     ;
; 16.000 ; md8_low   ; erase      ; md8_low      ; md10_low    ; 0.000        ; 10.000     ; 30.000     ;
; 16.000 ; md5_low   ; write_thru ; md5_low      ; md10_low    ; 0.000        ; 10.000     ; 30.000     ;
; 16.000 ; md5_low   ; store      ; md5_low      ; md10_low    ; 0.000        ; 10.000     ; 30.000     ;
; 16.000 ; md5_low   ; color      ; md5_low      ; md10_low    ; 0.000        ; 10.000     ; 30.000     ;
; 16.000 ; md5_low   ; chan       ; md5_low      ; md10_low    ; 0.000        ; 10.000     ; 30.000     ;
; 16.000 ; md5_low   ; int_en     ; md5_low      ; md10_low    ; 0.000        ; 10.000     ; 30.000     ;
; 16.000 ; md5_low   ; erase      ; md5_low      ; md10_low    ; 0.000        ; 10.000     ; 30.000     ;
; 16.000 ; md9_low   ; write_thru ; md9_low      ; md10_low    ; 0.000        ; 10.000     ; 30.000     ;
; 16.000 ; md9_low   ; store      ; md9_low      ; md10_low    ; 0.000        ; 10.000     ; 30.000     ;
; 16.000 ; md9_low   ; color      ; md9_low      ; md10_low    ; 0.000        ; 10.000     ; 30.000     ;
; 16.000 ; md9_low   ; chan       ; md9_low      ; md10_low    ; 0.000        ; 10.000     ; 30.000     ;
; 16.000 ; md9_low   ; int_en     ; md9_low      ; md10_low    ; 0.000        ; 10.000     ; 30.000     ;
; 16.000 ; md9_low   ; erase      ; md9_low      ; md10_low    ; 0.000        ; 10.000     ; 30.000     ;
; 16.500 ; tp3       ; write_thru ; tp3          ; md10_low    ; -0.500       ; 10.000     ; 30.000     ;
; 16.500 ; tp3       ; store      ; tp3          ; md10_low    ; -0.500       ; 10.000     ; 30.000     ;
; 16.500 ; tp3       ; color      ; tp3          ; md10_low    ; -0.500       ; 10.000     ; 30.000     ;
; 16.500 ; tp3       ; chan       ; tp3          ; md10_low    ; -0.500       ; 10.000     ; 30.000     ;
; 16.500 ; tp3       ; int_en     ; tp3          ; md10_low    ; -0.500       ; 10.000     ; 30.000     ;
; 16.500 ; tp3       ; erase      ; tp3          ; md10_low    ; -0.500       ; 10.000     ; 30.000     ;
; 16.500 ; md10_low  ; write_thru ; md10_low     ; md10_low    ; -0.500       ; 10.000     ; 30.000     ;
; 16.500 ; md10_low  ; store      ; md10_low     ; md10_low    ; -0.500       ; 10.000     ; 30.000     ;
; 16.500 ; md10_low  ; color      ; md10_low     ; md10_low    ; -0.500       ; 10.000     ; 30.000     ;
; 16.500 ; md10_low  ; chan       ; md10_low     ; md10_low    ; -0.500       ; 10.000     ; 30.000     ;
; 16.500 ; md10_low  ; int_en     ; md10_low     ; md10_low    ; -0.500       ; 10.000     ; 30.000     ;
; 16.500 ; md10_low  ; erase      ; md10_low     ; md10_low    ; -0.500       ; 10.000     ; 30.000     ;
; 16.500 ; md11_low  ; write_thru ; md11_low     ; md10_low    ; -0.500       ; 10.000     ; 30.000     ;
; 16.500 ; md11_low  ; store      ; md11_low     ; md10_low    ; -0.500       ; 10.000     ; 30.000     ;
; 16.500 ; md11_low  ; color      ; md11_low     ; md10_low    ; -0.500       ; 10.000     ; 30.000     ;
; 16.500 ; md11_low  ; chan       ; md11_low     ; md10_low    ; -0.500       ; 10.000     ; 30.000     ;
; 16.500 ; md11_low  ; int_en     ; md11_low     ; md10_low    ; -0.500       ; 10.000     ; 30.000     ;
; 16.500 ; md11_low  ; erase      ; md11_low     ; md10_low    ; -0.500       ; 10.000     ; 30.000     ;
; 16.500 ; pause_low ; write_thru ; pause_low    ; md10_low    ; -0.500       ; 10.000     ; 30.000     ;
; 16.500 ; pause_low ; store      ; pause_low    ; md10_low    ; -0.500       ; 10.000     ; 30.000     ;
; 16.500 ; pause_low ; color      ; pause_low    ; md10_low    ; -0.500       ; 10.000     ; 30.000     ;
; 16.500 ; pause_low ; chan       ; pause_low    ; md10_low    ; -0.500       ; 10.000     ; 30.000     ;
; 16.500 ; pause_low ; int_en     ; pause_low    ; md10_low    ; -0.500       ; 10.000     ; 30.000     ;
; 16.500 ; pause_low ; erase      ; pause_low    ; md10_low    ; -0.500       ; 10.000     ; 30.000     ;
; 16.500 ; md4_low   ; write_thru ; md4_low      ; md10_low    ; -0.500       ; 10.000     ; 30.000     ;
; 16.500 ; md4_low   ; store      ; md4_low      ; md10_low    ; -0.500       ; 10.000     ; 30.000     ;
; 16.500 ; md4_low   ; color      ; md4_low      ; md10_low    ; -0.500       ; 10.000     ; 30.000     ;
; 16.500 ; md4_low   ; chan       ; md4_low      ; md10_low    ; -0.500       ; 10.000     ; 30.000     ;
; 16.500 ; md4_low   ; int_en     ; md4_low      ; md10_low    ; -0.500       ; 10.000     ; 30.000     ;
; 16.500 ; md4_low   ; erase      ; md4_low      ; md10_low    ; -0.500       ; 10.000     ; 30.000     ;
; 16.500 ; md3_low   ; write_thru ; md3_low      ; md10_low    ; -0.500       ; 10.000     ; 30.000     ;
; 16.500 ; md3_low   ; store      ; md3_low      ; md10_low    ; -0.500       ; 10.000     ; 30.000     ;
; 16.500 ; md3_low   ; color      ; md3_low      ; md10_low    ; -0.500       ; 10.000     ; 30.000     ;
; 16.500 ; md3_low   ; chan       ; md3_low      ; md10_low    ; -0.500       ; 10.000     ; 30.000     ;
+--------+-----------+------------+--------------+-------------+--------------+------------+------------+


+-------------------------------------------------------------------------------------------------------+
; Removal: 'md11_low'                                                                                   ;
+--------+-----------+------------+--------------+-------------+--------------+------------+------------+
; Slack  ; From Node ; To Node    ; Launch Clock ; Latch Clock ; Relationship ; Clock Skew ; Data Delay ;
+--------+-----------+------------+--------------+-------------+--------------+------------+------------+
; 16.000 ; tp3       ; write_thru ; tp3          ; md11_low    ; 0.000        ; 10.000     ; 30.000     ;
; 16.000 ; tp3       ; store      ; tp3          ; md11_low    ; 0.000        ; 10.000     ; 30.000     ;
; 16.000 ; tp3       ; color      ; tp3          ; md11_low    ; 0.000        ; 10.000     ; 30.000     ;
; 16.000 ; tp3       ; chan       ; tp3          ; md11_low    ; 0.000        ; 10.000     ; 30.000     ;
; 16.000 ; tp3       ; int_en     ; tp3          ; md11_low    ; 0.000        ; 10.000     ; 30.000     ;
; 16.000 ; tp3       ; erase      ; tp3          ; md11_low    ; 0.000        ; 10.000     ; 30.000     ;
; 16.000 ; md10_low  ; write_thru ; md10_low     ; md11_low    ; 0.000        ; 10.000     ; 30.000     ;
; 16.000 ; md10_low  ; store      ; md10_low     ; md11_low    ; 0.000        ; 10.000     ; 30.000     ;
; 16.000 ; md10_low  ; color      ; md10_low     ; md11_low    ; 0.000        ; 10.000     ; 30.000     ;
; 16.000 ; md10_low  ; chan       ; md10_low     ; md11_low    ; 0.000        ; 10.000     ; 30.000     ;
; 16.000 ; md10_low  ; int_en     ; md10_low     ; md11_low    ; 0.000        ; 10.000     ; 30.000     ;
; 16.000 ; md10_low  ; erase      ; md10_low     ; md11_low    ; 0.000        ; 10.000     ; 30.000     ;
; 16.000 ; md11_low  ; write_thru ; md11_low     ; md11_low    ; 0.000        ; 10.000     ; 30.000     ;
; 16.000 ; md11_low  ; store      ; md11_low     ; md11_low    ; 0.000        ; 10.000     ; 30.000     ;
; 16.000 ; md11_low  ; color      ; md11_low     ; md11_low    ; 0.000        ; 10.000     ; 30.000     ;
; 16.000 ; md11_low  ; chan       ; md11_low     ; md11_low    ; 0.000        ; 10.000     ; 30.000     ;
; 16.000 ; md11_low  ; int_en     ; md11_low     ; md11_low    ; 0.000        ; 10.000     ; 30.000     ;
; 16.000 ; md11_low  ; erase      ; md11_low     ; md11_low    ; 0.000        ; 10.000     ; 30.000     ;
; 16.000 ; pause_low ; write_thru ; pause_low    ; md11_low    ; 0.000        ; 10.000     ; 30.000     ;
; 16.000 ; pause_low ; store      ; pause_low    ; md11_low    ; 0.000        ; 10.000     ; 30.000     ;
; 16.000 ; pause_low ; color      ; pause_low    ; md11_low    ; 0.000        ; 10.000     ; 30.000     ;
; 16.000 ; pause_low ; chan       ; pause_low    ; md11_low    ; 0.000        ; 10.000     ; 30.000     ;
; 16.000 ; pause_low ; int_en     ; pause_low    ; md11_low    ; 0.000        ; 10.000     ; 30.000     ;
; 16.000 ; pause_low ; erase      ; pause_low    ; md11_low    ; 0.000        ; 10.000     ; 30.000     ;
; 16.000 ; md4_low   ; write_thru ; md4_low      ; md11_low    ; 0.000        ; 10.000     ; 30.000     ;
; 16.000 ; md4_low   ; store      ; md4_low      ; md11_low    ; 0.000        ; 10.000     ; 30.000     ;
; 16.000 ; md4_low   ; color      ; md4_low      ; md11_low    ; 0.000        ; 10.000     ; 30.000     ;
; 16.000 ; md4_low   ; chan       ; md4_low      ; md11_low    ; 0.000        ; 10.000     ; 30.000     ;
; 16.000 ; md4_low   ; int_en     ; md4_low      ; md11_low    ; 0.000        ; 10.000     ; 30.000     ;
; 16.000 ; md4_low   ; erase      ; md4_low      ; md11_low    ; 0.000        ; 10.000     ; 30.000     ;
; 16.000 ; md3_low   ; write_thru ; md3_low      ; md11_low    ; 0.000        ; 10.000     ; 30.000     ;
; 16.000 ; md3_low   ; store      ; md3_low      ; md11_low    ; 0.000        ; 10.000     ; 30.000     ;
; 16.000 ; md3_low   ; color      ; md3_low      ; md11_low    ; 0.000        ; 10.000     ; 30.000     ;
; 16.000 ; md3_low   ; chan       ; md3_low      ; md11_low    ; 0.000        ; 10.000     ; 30.000     ;
; 16.000 ; md3_low   ; int_en     ; md3_low      ; md11_low    ; 0.000        ; 10.000     ; 30.000     ;
; 16.000 ; md3_low   ; erase      ; md3_low      ; md11_low    ; 0.000        ; 10.000     ; 30.000     ;
; 16.000 ; md7_low   ; write_thru ; md7_low      ; md11_low    ; 0.000        ; 10.000     ; 30.000     ;
; 16.000 ; md7_low   ; store      ; md7_low      ; md11_low    ; 0.000        ; 10.000     ; 30.000     ;
; 16.000 ; md7_low   ; color      ; md7_low      ; md11_low    ; 0.000        ; 10.000     ; 30.000     ;
; 16.000 ; md7_low   ; chan       ; md7_low      ; md11_low    ; 0.000        ; 10.000     ; 30.000     ;
; 16.000 ; md7_low   ; int_en     ; md7_low      ; md11_low    ; 0.000        ; 10.000     ; 30.000     ;
; 16.000 ; md7_low   ; erase      ; md7_low      ; md11_low    ; 0.000        ; 10.000     ; 30.000     ;
; 16.000 ; md6_low   ; write_thru ; md6_low      ; md11_low    ; 0.000        ; 10.000     ; 30.000     ;
; 16.000 ; md6_low   ; store      ; md6_low      ; md11_low    ; 0.000        ; 10.000     ; 30.000     ;
; 16.000 ; md6_low   ; color      ; md6_low      ; md11_low    ; 0.000        ; 10.000     ; 30.000     ;
; 16.000 ; md6_low   ; chan       ; md6_low      ; md11_low    ; 0.000        ; 10.000     ; 30.000     ;
; 16.000 ; md6_low   ; int_en     ; md6_low      ; md11_low    ; 0.000        ; 10.000     ; 30.000     ;
; 16.000 ; md6_low   ; erase      ; md6_low      ; md11_low    ; 0.000        ; 10.000     ; 30.000     ;
; 16.000 ; md8_low   ; write_thru ; md8_low      ; md11_low    ; 0.000        ; 10.000     ; 30.000     ;
; 16.000 ; md8_low   ; store      ; md8_low      ; md11_low    ; 0.000        ; 10.000     ; 30.000     ;
; 16.000 ; md8_low   ; color      ; md8_low      ; md11_low    ; 0.000        ; 10.000     ; 30.000     ;
; 16.000 ; md8_low   ; chan       ; md8_low      ; md11_low    ; 0.000        ; 10.000     ; 30.000     ;
; 16.000 ; md8_low   ; int_en     ; md8_low      ; md11_low    ; 0.000        ; 10.000     ; 30.000     ;
; 16.000 ; md8_low   ; erase      ; md8_low      ; md11_low    ; 0.000        ; 10.000     ; 30.000     ;
; 16.000 ; md5_low   ; write_thru ; md5_low      ; md11_low    ; 0.000        ; 10.000     ; 30.000     ;
; 16.000 ; md5_low   ; store      ; md5_low      ; md11_low    ; 0.000        ; 10.000     ; 30.000     ;
; 16.000 ; md5_low   ; color      ; md5_low      ; md11_low    ; 0.000        ; 10.000     ; 30.000     ;
; 16.000 ; md5_low   ; chan       ; md5_low      ; md11_low    ; 0.000        ; 10.000     ; 30.000     ;
; 16.000 ; md5_low   ; int_en     ; md5_low      ; md11_low    ; 0.000        ; 10.000     ; 30.000     ;
; 16.000 ; md5_low   ; erase      ; md5_low      ; md11_low    ; 0.000        ; 10.000     ; 30.000     ;
; 16.000 ; md9_low   ; write_thru ; md9_low      ; md11_low    ; 0.000        ; 10.000     ; 30.000     ;
; 16.000 ; md9_low   ; store      ; md9_low      ; md11_low    ; 0.000        ; 10.000     ; 30.000     ;
; 16.000 ; md9_low   ; color      ; md9_low      ; md11_low    ; 0.000        ; 10.000     ; 30.000     ;
; 16.000 ; md9_low   ; chan       ; md9_low      ; md11_low    ; 0.000        ; 10.000     ; 30.000     ;
; 16.000 ; md9_low   ; int_en     ; md9_low      ; md11_low    ; 0.000        ; 10.000     ; 30.000     ;
; 16.000 ; md9_low   ; erase      ; md9_low      ; md11_low    ; 0.000        ; 10.000     ; 30.000     ;
; 16.500 ; tp3       ; write_thru ; tp3          ; md11_low    ; -0.500       ; 10.000     ; 30.000     ;
; 16.500 ; tp3       ; store      ; tp3          ; md11_low    ; -0.500       ; 10.000     ; 30.000     ;
; 16.500 ; tp3       ; color      ; tp3          ; md11_low    ; -0.500       ; 10.000     ; 30.000     ;
; 16.500 ; tp3       ; chan       ; tp3          ; md11_low    ; -0.500       ; 10.000     ; 30.000     ;
; 16.500 ; tp3       ; int_en     ; tp3          ; md11_low    ; -0.500       ; 10.000     ; 30.000     ;
; 16.500 ; tp3       ; erase      ; tp3          ; md11_low    ; -0.500       ; 10.000     ; 30.000     ;
; 16.500 ; md10_low  ; write_thru ; md10_low     ; md11_low    ; -0.500       ; 10.000     ; 30.000     ;
; 16.500 ; md10_low  ; store      ; md10_low     ; md11_low    ; -0.500       ; 10.000     ; 30.000     ;
; 16.500 ; md10_low  ; color      ; md10_low     ; md11_low    ; -0.500       ; 10.000     ; 30.000     ;
; 16.500 ; md10_low  ; chan       ; md10_low     ; md11_low    ; -0.500       ; 10.000     ; 30.000     ;
; 16.500 ; md10_low  ; int_en     ; md10_low     ; md11_low    ; -0.500       ; 10.000     ; 30.000     ;
; 16.500 ; md10_low  ; erase      ; md10_low     ; md11_low    ; -0.500       ; 10.000     ; 30.000     ;
; 16.500 ; md11_low  ; write_thru ; md11_low     ; md11_low    ; -0.500       ; 10.000     ; 30.000     ;
; 16.500 ; md11_low  ; store      ; md11_low     ; md11_low    ; -0.500       ; 10.000     ; 30.000     ;
; 16.500 ; md11_low  ; color      ; md11_low     ; md11_low    ; -0.500       ; 10.000     ; 30.000     ;
; 16.500 ; md11_low  ; chan       ; md11_low     ; md11_low    ; -0.500       ; 10.000     ; 30.000     ;
; 16.500 ; md11_low  ; int_en     ; md11_low     ; md11_low    ; -0.500       ; 10.000     ; 30.000     ;
; 16.500 ; md11_low  ; erase      ; md11_low     ; md11_low    ; -0.500       ; 10.000     ; 30.000     ;
; 16.500 ; pause_low ; write_thru ; pause_low    ; md11_low    ; -0.500       ; 10.000     ; 30.000     ;
; 16.500 ; pause_low ; store      ; pause_low    ; md11_low    ; -0.500       ; 10.000     ; 30.000     ;
; 16.500 ; pause_low ; color      ; pause_low    ; md11_low    ; -0.500       ; 10.000     ; 30.000     ;
; 16.500 ; pause_low ; chan       ; pause_low    ; md11_low    ; -0.500       ; 10.000     ; 30.000     ;
; 16.500 ; pause_low ; int_en     ; pause_low    ; md11_low    ; -0.500       ; 10.000     ; 30.000     ;
; 16.500 ; pause_low ; erase      ; pause_low    ; md11_low    ; -0.500       ; 10.000     ; 30.000     ;
; 16.500 ; md4_low   ; write_thru ; md4_low      ; md11_low    ; -0.500       ; 10.000     ; 30.000     ;
; 16.500 ; md4_low   ; store      ; md4_low      ; md11_low    ; -0.500       ; 10.000     ; 30.000     ;
; 16.500 ; md4_low   ; color      ; md4_low      ; md11_low    ; -0.500       ; 10.000     ; 30.000     ;
; 16.500 ; md4_low   ; chan       ; md4_low      ; md11_low    ; -0.500       ; 10.000     ; 30.000     ;
; 16.500 ; md4_low   ; int_en     ; md4_low      ; md11_low    ; -0.500       ; 10.000     ; 30.000     ;
; 16.500 ; md4_low   ; erase      ; md4_low      ; md11_low    ; -0.500       ; 10.000     ; 30.000     ;
; 16.500 ; md3_low   ; write_thru ; md3_low      ; md11_low    ; -0.500       ; 10.000     ; 30.000     ;
; 16.500 ; md3_low   ; store      ; md3_low      ; md11_low    ; -0.500       ; 10.000     ; 30.000     ;
; 16.500 ; md3_low   ; color      ; md3_low      ; md11_low    ; -0.500       ; 10.000     ; 30.000     ;
; 16.500 ; md3_low   ; chan       ; md3_low      ; md11_low    ; -0.500       ; 10.000     ; 30.000     ;
+--------+-----------+------------+--------------+-------------+--------------+------------+------------+


+-------------------------------------------------------------------------------------------------------+
; Removal: 'md3_low'                                                                                    ;
+--------+-----------+------------+--------------+-------------+--------------+------------+------------+
; Slack  ; From Node ; To Node    ; Launch Clock ; Latch Clock ; Relationship ; Clock Skew ; Data Delay ;
+--------+-----------+------------+--------------+-------------+--------------+------------+------------+
; 16.000 ; tp3       ; write_thru ; tp3          ; md3_low     ; 0.000        ; 10.000     ; 30.000     ;
; 16.000 ; tp3       ; store      ; tp3          ; md3_low     ; 0.000        ; 10.000     ; 30.000     ;
; 16.000 ; tp3       ; color      ; tp3          ; md3_low     ; 0.000        ; 10.000     ; 30.000     ;
; 16.000 ; tp3       ; chan       ; tp3          ; md3_low     ; 0.000        ; 10.000     ; 30.000     ;
; 16.000 ; tp3       ; int_en     ; tp3          ; md3_low     ; 0.000        ; 10.000     ; 30.000     ;
; 16.000 ; tp3       ; erase      ; tp3          ; md3_low     ; 0.000        ; 10.000     ; 30.000     ;
; 16.000 ; md10_low  ; write_thru ; md10_low     ; md3_low     ; 0.000        ; 10.000     ; 30.000     ;
; 16.000 ; md10_low  ; store      ; md10_low     ; md3_low     ; 0.000        ; 10.000     ; 30.000     ;
; 16.000 ; md10_low  ; color      ; md10_low     ; md3_low     ; 0.000        ; 10.000     ; 30.000     ;
; 16.000 ; md10_low  ; chan       ; md10_low     ; md3_low     ; 0.000        ; 10.000     ; 30.000     ;
; 16.000 ; md10_low  ; int_en     ; md10_low     ; md3_low     ; 0.000        ; 10.000     ; 30.000     ;
; 16.000 ; md10_low  ; erase      ; md10_low     ; md3_low     ; 0.000        ; 10.000     ; 30.000     ;
; 16.000 ; md11_low  ; write_thru ; md11_low     ; md3_low     ; 0.000        ; 10.000     ; 30.000     ;
; 16.000 ; md11_low  ; store      ; md11_low     ; md3_low     ; 0.000        ; 10.000     ; 30.000     ;
; 16.000 ; md11_low  ; color      ; md11_low     ; md3_low     ; 0.000        ; 10.000     ; 30.000     ;
; 16.000 ; md11_low  ; chan       ; md11_low     ; md3_low     ; 0.000        ; 10.000     ; 30.000     ;
; 16.000 ; md11_low  ; int_en     ; md11_low     ; md3_low     ; 0.000        ; 10.000     ; 30.000     ;
; 16.000 ; md11_low  ; erase      ; md11_low     ; md3_low     ; 0.000        ; 10.000     ; 30.000     ;
; 16.000 ; pause_low ; write_thru ; pause_low    ; md3_low     ; 0.000        ; 10.000     ; 30.000     ;
; 16.000 ; pause_low ; store      ; pause_low    ; md3_low     ; 0.000        ; 10.000     ; 30.000     ;
; 16.000 ; pause_low ; color      ; pause_low    ; md3_low     ; 0.000        ; 10.000     ; 30.000     ;
; 16.000 ; pause_low ; chan       ; pause_low    ; md3_low     ; 0.000        ; 10.000     ; 30.000     ;
; 16.000 ; pause_low ; int_en     ; pause_low    ; md3_low     ; 0.000        ; 10.000     ; 30.000     ;
; 16.000 ; pause_low ; erase      ; pause_low    ; md3_low     ; 0.000        ; 10.000     ; 30.000     ;
; 16.000 ; md4_low   ; write_thru ; md4_low      ; md3_low     ; 0.000        ; 10.000     ; 30.000     ;
; 16.000 ; md4_low   ; store      ; md4_low      ; md3_low     ; 0.000        ; 10.000     ; 30.000     ;
; 16.000 ; md4_low   ; color      ; md4_low      ; md3_low     ; 0.000        ; 10.000     ; 30.000     ;
; 16.000 ; md4_low   ; chan       ; md4_low      ; md3_low     ; 0.000        ; 10.000     ; 30.000     ;
; 16.000 ; md4_low   ; int_en     ; md4_low      ; md3_low     ; 0.000        ; 10.000     ; 30.000     ;
; 16.000 ; md4_low   ; erase      ; md4_low      ; md3_low     ; 0.000        ; 10.000     ; 30.000     ;
; 16.000 ; md3_low   ; write_thru ; md3_low      ; md3_low     ; 0.000        ; 10.000     ; 30.000     ;
; 16.000 ; md3_low   ; store      ; md3_low      ; md3_low     ; 0.000        ; 10.000     ; 30.000     ;
; 16.000 ; md3_low   ; color      ; md3_low      ; md3_low     ; 0.000        ; 10.000     ; 30.000     ;
; 16.000 ; md3_low   ; chan       ; md3_low      ; md3_low     ; 0.000        ; 10.000     ; 30.000     ;
; 16.000 ; md3_low   ; int_en     ; md3_low      ; md3_low     ; 0.000        ; 10.000     ; 30.000     ;
; 16.000 ; md3_low   ; erase      ; md3_low      ; md3_low     ; 0.000        ; 10.000     ; 30.000     ;
; 16.000 ; md7_low   ; write_thru ; md7_low      ; md3_low     ; 0.000        ; 10.000     ; 30.000     ;
; 16.000 ; md7_low   ; store      ; md7_low      ; md3_low     ; 0.000        ; 10.000     ; 30.000     ;
; 16.000 ; md7_low   ; color      ; md7_low      ; md3_low     ; 0.000        ; 10.000     ; 30.000     ;
; 16.000 ; md7_low   ; chan       ; md7_low      ; md3_low     ; 0.000        ; 10.000     ; 30.000     ;
; 16.000 ; md7_low   ; int_en     ; md7_low      ; md3_low     ; 0.000        ; 10.000     ; 30.000     ;
; 16.000 ; md7_low   ; erase      ; md7_low      ; md3_low     ; 0.000        ; 10.000     ; 30.000     ;
; 16.000 ; md6_low   ; write_thru ; md6_low      ; md3_low     ; 0.000        ; 10.000     ; 30.000     ;
; 16.000 ; md6_low   ; store      ; md6_low      ; md3_low     ; 0.000        ; 10.000     ; 30.000     ;
; 16.000 ; md6_low   ; color      ; md6_low      ; md3_low     ; 0.000        ; 10.000     ; 30.000     ;
; 16.000 ; md6_low   ; chan       ; md6_low      ; md3_low     ; 0.000        ; 10.000     ; 30.000     ;
; 16.000 ; md6_low   ; int_en     ; md6_low      ; md3_low     ; 0.000        ; 10.000     ; 30.000     ;
; 16.000 ; md6_low   ; erase      ; md6_low      ; md3_low     ; 0.000        ; 10.000     ; 30.000     ;
; 16.000 ; md8_low   ; write_thru ; md8_low      ; md3_low     ; 0.000        ; 10.000     ; 30.000     ;
; 16.000 ; md8_low   ; store      ; md8_low      ; md3_low     ; 0.000        ; 10.000     ; 30.000     ;
; 16.000 ; md8_low   ; color      ; md8_low      ; md3_low     ; 0.000        ; 10.000     ; 30.000     ;
; 16.000 ; md8_low   ; chan       ; md8_low      ; md3_low     ; 0.000        ; 10.000     ; 30.000     ;
; 16.000 ; md8_low   ; int_en     ; md8_low      ; md3_low     ; 0.000        ; 10.000     ; 30.000     ;
; 16.000 ; md8_low   ; erase      ; md8_low      ; md3_low     ; 0.000        ; 10.000     ; 30.000     ;
; 16.000 ; md5_low   ; write_thru ; md5_low      ; md3_low     ; 0.000        ; 10.000     ; 30.000     ;
; 16.000 ; md5_low   ; store      ; md5_low      ; md3_low     ; 0.000        ; 10.000     ; 30.000     ;
; 16.000 ; md5_low   ; color      ; md5_low      ; md3_low     ; 0.000        ; 10.000     ; 30.000     ;
; 16.000 ; md5_low   ; chan       ; md5_low      ; md3_low     ; 0.000        ; 10.000     ; 30.000     ;
; 16.000 ; md5_low   ; int_en     ; md5_low      ; md3_low     ; 0.000        ; 10.000     ; 30.000     ;
; 16.000 ; md5_low   ; erase      ; md5_low      ; md3_low     ; 0.000        ; 10.000     ; 30.000     ;
; 16.000 ; md9_low   ; write_thru ; md9_low      ; md3_low     ; 0.000        ; 10.000     ; 30.000     ;
; 16.000 ; md9_low   ; store      ; md9_low      ; md3_low     ; 0.000        ; 10.000     ; 30.000     ;
; 16.000 ; md9_low   ; color      ; md9_low      ; md3_low     ; 0.000        ; 10.000     ; 30.000     ;
; 16.000 ; md9_low   ; chan       ; md9_low      ; md3_low     ; 0.000        ; 10.000     ; 30.000     ;
; 16.000 ; md9_low   ; int_en     ; md9_low      ; md3_low     ; 0.000        ; 10.000     ; 30.000     ;
; 16.000 ; md9_low   ; erase      ; md9_low      ; md3_low     ; 0.000        ; 10.000     ; 30.000     ;
; 16.500 ; tp3       ; write_thru ; tp3          ; md3_low     ; -0.500       ; 10.000     ; 30.000     ;
; 16.500 ; tp3       ; store      ; tp3          ; md3_low     ; -0.500       ; 10.000     ; 30.000     ;
; 16.500 ; tp3       ; color      ; tp3          ; md3_low     ; -0.500       ; 10.000     ; 30.000     ;
; 16.500 ; tp3       ; chan       ; tp3          ; md3_low     ; -0.500       ; 10.000     ; 30.000     ;
; 16.500 ; tp3       ; int_en     ; tp3          ; md3_low     ; -0.500       ; 10.000     ; 30.000     ;
; 16.500 ; tp3       ; erase      ; tp3          ; md3_low     ; -0.500       ; 10.000     ; 30.000     ;
; 16.500 ; md10_low  ; write_thru ; md10_low     ; md3_low     ; -0.500       ; 10.000     ; 30.000     ;
; 16.500 ; md10_low  ; store      ; md10_low     ; md3_low     ; -0.500       ; 10.000     ; 30.000     ;
; 16.500 ; md10_low  ; color      ; md10_low     ; md3_low     ; -0.500       ; 10.000     ; 30.000     ;
; 16.500 ; md10_low  ; chan       ; md10_low     ; md3_low     ; -0.500       ; 10.000     ; 30.000     ;
; 16.500 ; md10_low  ; int_en     ; md10_low     ; md3_low     ; -0.500       ; 10.000     ; 30.000     ;
; 16.500 ; md10_low  ; erase      ; md10_low     ; md3_low     ; -0.500       ; 10.000     ; 30.000     ;
; 16.500 ; md11_low  ; write_thru ; md11_low     ; md3_low     ; -0.500       ; 10.000     ; 30.000     ;
; 16.500 ; md11_low  ; store      ; md11_low     ; md3_low     ; -0.500       ; 10.000     ; 30.000     ;
; 16.500 ; md11_low  ; color      ; md11_low     ; md3_low     ; -0.500       ; 10.000     ; 30.000     ;
; 16.500 ; md11_low  ; chan       ; md11_low     ; md3_low     ; -0.500       ; 10.000     ; 30.000     ;
; 16.500 ; md11_low  ; int_en     ; md11_low     ; md3_low     ; -0.500       ; 10.000     ; 30.000     ;
; 16.500 ; md11_low  ; erase      ; md11_low     ; md3_low     ; -0.500       ; 10.000     ; 30.000     ;
; 16.500 ; pause_low ; write_thru ; pause_low    ; md3_low     ; -0.500       ; 10.000     ; 30.000     ;
; 16.500 ; pause_low ; store      ; pause_low    ; md3_low     ; -0.500       ; 10.000     ; 30.000     ;
; 16.500 ; pause_low ; color      ; pause_low    ; md3_low     ; -0.500       ; 10.000     ; 30.000     ;
; 16.500 ; pause_low ; chan       ; pause_low    ; md3_low     ; -0.500       ; 10.000     ; 30.000     ;
; 16.500 ; pause_low ; int_en     ; pause_low    ; md3_low     ; -0.500       ; 10.000     ; 30.000     ;
; 16.500 ; pause_low ; erase      ; pause_low    ; md3_low     ; -0.500       ; 10.000     ; 30.000     ;
; 16.500 ; md4_low   ; write_thru ; md4_low      ; md3_low     ; -0.500       ; 10.000     ; 30.000     ;
; 16.500 ; md4_low   ; store      ; md4_low      ; md3_low     ; -0.500       ; 10.000     ; 30.000     ;
; 16.500 ; md4_low   ; color      ; md4_low      ; md3_low     ; -0.500       ; 10.000     ; 30.000     ;
; 16.500 ; md4_low   ; chan       ; md4_low      ; md3_low     ; -0.500       ; 10.000     ; 30.000     ;
; 16.500 ; md4_low   ; int_en     ; md4_low      ; md3_low     ; -0.500       ; 10.000     ; 30.000     ;
; 16.500 ; md4_low   ; erase      ; md4_low      ; md3_low     ; -0.500       ; 10.000     ; 30.000     ;
; 16.500 ; md3_low   ; write_thru ; md3_low      ; md3_low     ; -0.500       ; 10.000     ; 30.000     ;
; 16.500 ; md3_low   ; store      ; md3_low      ; md3_low     ; -0.500       ; 10.000     ; 30.000     ;
; 16.500 ; md3_low   ; color      ; md3_low      ; md3_low     ; -0.500       ; 10.000     ; 30.000     ;
; 16.500 ; md3_low   ; chan       ; md3_low      ; md3_low     ; -0.500       ; 10.000     ; 30.000     ;
+--------+-----------+------------+--------------+-------------+--------------+------------+------------+


+-------------------------------------------------------------------------------------------------------+
; Removal: 'md4_low'                                                                                    ;
+--------+-----------+------------+--------------+-------------+--------------+------------+------------+
; Slack  ; From Node ; To Node    ; Launch Clock ; Latch Clock ; Relationship ; Clock Skew ; Data Delay ;
+--------+-----------+------------+--------------+-------------+--------------+------------+------------+
; 16.000 ; tp3       ; write_thru ; tp3          ; md4_low     ; 0.000        ; 10.000     ; 30.000     ;
; 16.000 ; tp3       ; store      ; tp3          ; md4_low     ; 0.000        ; 10.000     ; 30.000     ;
; 16.000 ; tp3       ; color      ; tp3          ; md4_low     ; 0.000        ; 10.000     ; 30.000     ;
; 16.000 ; tp3       ; chan       ; tp3          ; md4_low     ; 0.000        ; 10.000     ; 30.000     ;
; 16.000 ; tp3       ; int_en     ; tp3          ; md4_low     ; 0.000        ; 10.000     ; 30.000     ;
; 16.000 ; tp3       ; erase      ; tp3          ; md4_low     ; 0.000        ; 10.000     ; 30.000     ;
; 16.000 ; md10_low  ; write_thru ; md10_low     ; md4_low     ; 0.000        ; 10.000     ; 30.000     ;
; 16.000 ; md10_low  ; store      ; md10_low     ; md4_low     ; 0.000        ; 10.000     ; 30.000     ;
; 16.000 ; md10_low  ; color      ; md10_low     ; md4_low     ; 0.000        ; 10.000     ; 30.000     ;
; 16.000 ; md10_low  ; chan       ; md10_low     ; md4_low     ; 0.000        ; 10.000     ; 30.000     ;
; 16.000 ; md10_low  ; int_en     ; md10_low     ; md4_low     ; 0.000        ; 10.000     ; 30.000     ;
; 16.000 ; md10_low  ; erase      ; md10_low     ; md4_low     ; 0.000        ; 10.000     ; 30.000     ;
; 16.000 ; md11_low  ; write_thru ; md11_low     ; md4_low     ; 0.000        ; 10.000     ; 30.000     ;
; 16.000 ; md11_low  ; store      ; md11_low     ; md4_low     ; 0.000        ; 10.000     ; 30.000     ;
; 16.000 ; md11_low  ; color      ; md11_low     ; md4_low     ; 0.000        ; 10.000     ; 30.000     ;
; 16.000 ; md11_low  ; chan       ; md11_low     ; md4_low     ; 0.000        ; 10.000     ; 30.000     ;
; 16.000 ; md11_low  ; int_en     ; md11_low     ; md4_low     ; 0.000        ; 10.000     ; 30.000     ;
; 16.000 ; md11_low  ; erase      ; md11_low     ; md4_low     ; 0.000        ; 10.000     ; 30.000     ;
; 16.000 ; pause_low ; write_thru ; pause_low    ; md4_low     ; 0.000        ; 10.000     ; 30.000     ;
; 16.000 ; pause_low ; store      ; pause_low    ; md4_low     ; 0.000        ; 10.000     ; 30.000     ;
; 16.000 ; pause_low ; color      ; pause_low    ; md4_low     ; 0.000        ; 10.000     ; 30.000     ;
; 16.000 ; pause_low ; chan       ; pause_low    ; md4_low     ; 0.000        ; 10.000     ; 30.000     ;
; 16.000 ; pause_low ; int_en     ; pause_low    ; md4_low     ; 0.000        ; 10.000     ; 30.000     ;
; 16.000 ; pause_low ; erase      ; pause_low    ; md4_low     ; 0.000        ; 10.000     ; 30.000     ;
; 16.000 ; md4_low   ; write_thru ; md4_low      ; md4_low     ; 0.000        ; 10.000     ; 30.000     ;
; 16.000 ; md4_low   ; store      ; md4_low      ; md4_low     ; 0.000        ; 10.000     ; 30.000     ;
; 16.000 ; md4_low   ; color      ; md4_low      ; md4_low     ; 0.000        ; 10.000     ; 30.000     ;
; 16.000 ; md4_low   ; chan       ; md4_low      ; md4_low     ; 0.000        ; 10.000     ; 30.000     ;
; 16.000 ; md4_low   ; int_en     ; md4_low      ; md4_low     ; 0.000        ; 10.000     ; 30.000     ;
; 16.000 ; md4_low   ; erase      ; md4_low      ; md4_low     ; 0.000        ; 10.000     ; 30.000     ;
; 16.000 ; md3_low   ; write_thru ; md3_low      ; md4_low     ; 0.000        ; 10.000     ; 30.000     ;
; 16.000 ; md3_low   ; store      ; md3_low      ; md4_low     ; 0.000        ; 10.000     ; 30.000     ;
; 16.000 ; md3_low   ; color      ; md3_low      ; md4_low     ; 0.000        ; 10.000     ; 30.000     ;
; 16.000 ; md3_low   ; chan       ; md3_low      ; md4_low     ; 0.000        ; 10.000     ; 30.000     ;
; 16.000 ; md3_low   ; int_en     ; md3_low      ; md4_low     ; 0.000        ; 10.000     ; 30.000     ;
; 16.000 ; md3_low   ; erase      ; md3_low      ; md4_low     ; 0.000        ; 10.000     ; 30.000     ;
; 16.000 ; md7_low   ; write_thru ; md7_low      ; md4_low     ; 0.000        ; 10.000     ; 30.000     ;
; 16.000 ; md7_low   ; store      ; md7_low      ; md4_low     ; 0.000        ; 10.000     ; 30.000     ;
; 16.000 ; md7_low   ; color      ; md7_low      ; md4_low     ; 0.000        ; 10.000     ; 30.000     ;
; 16.000 ; md7_low   ; chan       ; md7_low      ; md4_low     ; 0.000        ; 10.000     ; 30.000     ;
; 16.000 ; md7_low   ; int_en     ; md7_low      ; md4_low     ; 0.000        ; 10.000     ; 30.000     ;
; 16.000 ; md7_low   ; erase      ; md7_low      ; md4_low     ; 0.000        ; 10.000     ; 30.000     ;
; 16.000 ; md6_low   ; write_thru ; md6_low      ; md4_low     ; 0.000        ; 10.000     ; 30.000     ;
; 16.000 ; md6_low   ; store      ; md6_low      ; md4_low     ; 0.000        ; 10.000     ; 30.000     ;
; 16.000 ; md6_low   ; color      ; md6_low      ; md4_low     ; 0.000        ; 10.000     ; 30.000     ;
; 16.000 ; md6_low   ; chan       ; md6_low      ; md4_low     ; 0.000        ; 10.000     ; 30.000     ;
; 16.000 ; md6_low   ; int_en     ; md6_low      ; md4_low     ; 0.000        ; 10.000     ; 30.000     ;
; 16.000 ; md6_low   ; erase      ; md6_low      ; md4_low     ; 0.000        ; 10.000     ; 30.000     ;
; 16.000 ; md8_low   ; write_thru ; md8_low      ; md4_low     ; 0.000        ; 10.000     ; 30.000     ;
; 16.000 ; md8_low   ; store      ; md8_low      ; md4_low     ; 0.000        ; 10.000     ; 30.000     ;
; 16.000 ; md8_low   ; color      ; md8_low      ; md4_low     ; 0.000        ; 10.000     ; 30.000     ;
; 16.000 ; md8_low   ; chan       ; md8_low      ; md4_low     ; 0.000        ; 10.000     ; 30.000     ;
; 16.000 ; md8_low   ; int_en     ; md8_low      ; md4_low     ; 0.000        ; 10.000     ; 30.000     ;
; 16.000 ; md8_low   ; erase      ; md8_low      ; md4_low     ; 0.000        ; 10.000     ; 30.000     ;
; 16.000 ; md5_low   ; write_thru ; md5_low      ; md4_low     ; 0.000        ; 10.000     ; 30.000     ;
; 16.000 ; md5_low   ; store      ; md5_low      ; md4_low     ; 0.000        ; 10.000     ; 30.000     ;
; 16.000 ; md5_low   ; color      ; md5_low      ; md4_low     ; 0.000        ; 10.000     ; 30.000     ;
; 16.000 ; md5_low   ; chan       ; md5_low      ; md4_low     ; 0.000        ; 10.000     ; 30.000     ;
; 16.000 ; md5_low   ; int_en     ; md5_low      ; md4_low     ; 0.000        ; 10.000     ; 30.000     ;
; 16.000 ; md5_low   ; erase      ; md5_low      ; md4_low     ; 0.000        ; 10.000     ; 30.000     ;
; 16.000 ; md9_low   ; write_thru ; md9_low      ; md4_low     ; 0.000        ; 10.000     ; 30.000     ;
; 16.000 ; md9_low   ; store      ; md9_low      ; md4_low     ; 0.000        ; 10.000     ; 30.000     ;
; 16.000 ; md9_low   ; color      ; md9_low      ; md4_low     ; 0.000        ; 10.000     ; 30.000     ;
; 16.000 ; md9_low   ; chan       ; md9_low      ; md4_low     ; 0.000        ; 10.000     ; 30.000     ;
; 16.000 ; md9_low   ; int_en     ; md9_low      ; md4_low     ; 0.000        ; 10.000     ; 30.000     ;
; 16.000 ; md9_low   ; erase      ; md9_low      ; md4_low     ; 0.000        ; 10.000     ; 30.000     ;
; 16.500 ; tp3       ; write_thru ; tp3          ; md4_low     ; -0.500       ; 10.000     ; 30.000     ;
; 16.500 ; tp3       ; store      ; tp3          ; md4_low     ; -0.500       ; 10.000     ; 30.000     ;
; 16.500 ; tp3       ; color      ; tp3          ; md4_low     ; -0.500       ; 10.000     ; 30.000     ;
; 16.500 ; tp3       ; chan       ; tp3          ; md4_low     ; -0.500       ; 10.000     ; 30.000     ;
; 16.500 ; tp3       ; int_en     ; tp3          ; md4_low     ; -0.500       ; 10.000     ; 30.000     ;
; 16.500 ; tp3       ; erase      ; tp3          ; md4_low     ; -0.500       ; 10.000     ; 30.000     ;
; 16.500 ; md10_low  ; write_thru ; md10_low     ; md4_low     ; -0.500       ; 10.000     ; 30.000     ;
; 16.500 ; md10_low  ; store      ; md10_low     ; md4_low     ; -0.500       ; 10.000     ; 30.000     ;
; 16.500 ; md10_low  ; color      ; md10_low     ; md4_low     ; -0.500       ; 10.000     ; 30.000     ;
; 16.500 ; md10_low  ; chan       ; md10_low     ; md4_low     ; -0.500       ; 10.000     ; 30.000     ;
; 16.500 ; md10_low  ; int_en     ; md10_low     ; md4_low     ; -0.500       ; 10.000     ; 30.000     ;
; 16.500 ; md10_low  ; erase      ; md10_low     ; md4_low     ; -0.500       ; 10.000     ; 30.000     ;
; 16.500 ; md11_low  ; write_thru ; md11_low     ; md4_low     ; -0.500       ; 10.000     ; 30.000     ;
; 16.500 ; md11_low  ; store      ; md11_low     ; md4_low     ; -0.500       ; 10.000     ; 30.000     ;
; 16.500 ; md11_low  ; color      ; md11_low     ; md4_low     ; -0.500       ; 10.000     ; 30.000     ;
; 16.500 ; md11_low  ; chan       ; md11_low     ; md4_low     ; -0.500       ; 10.000     ; 30.000     ;
; 16.500 ; md11_low  ; int_en     ; md11_low     ; md4_low     ; -0.500       ; 10.000     ; 30.000     ;
; 16.500 ; md11_low  ; erase      ; md11_low     ; md4_low     ; -0.500       ; 10.000     ; 30.000     ;
; 16.500 ; pause_low ; write_thru ; pause_low    ; md4_low     ; -0.500       ; 10.000     ; 30.000     ;
; 16.500 ; pause_low ; store      ; pause_low    ; md4_low     ; -0.500       ; 10.000     ; 30.000     ;
; 16.500 ; pause_low ; color      ; pause_low    ; md4_low     ; -0.500       ; 10.000     ; 30.000     ;
; 16.500 ; pause_low ; chan       ; pause_low    ; md4_low     ; -0.500       ; 10.000     ; 30.000     ;
; 16.500 ; pause_low ; int_en     ; pause_low    ; md4_low     ; -0.500       ; 10.000     ; 30.000     ;
; 16.500 ; pause_low ; erase      ; pause_low    ; md4_low     ; -0.500       ; 10.000     ; 30.000     ;
; 16.500 ; md4_low   ; write_thru ; md4_low      ; md4_low     ; -0.500       ; 10.000     ; 30.000     ;
; 16.500 ; md4_low   ; store      ; md4_low      ; md4_low     ; -0.500       ; 10.000     ; 30.000     ;
; 16.500 ; md4_low   ; color      ; md4_low      ; md4_low     ; -0.500       ; 10.000     ; 30.000     ;
; 16.500 ; md4_low   ; chan       ; md4_low      ; md4_low     ; -0.500       ; 10.000     ; 30.000     ;
; 16.500 ; md4_low   ; int_en     ; md4_low      ; md4_low     ; -0.500       ; 10.000     ; 30.000     ;
; 16.500 ; md4_low   ; erase      ; md4_low      ; md4_low     ; -0.500       ; 10.000     ; 30.000     ;
; 16.500 ; md3_low   ; write_thru ; md3_low      ; md4_low     ; -0.500       ; 10.000     ; 30.000     ;
; 16.500 ; md3_low   ; store      ; md3_low      ; md4_low     ; -0.500       ; 10.000     ; 30.000     ;
; 16.500 ; md3_low   ; color      ; md3_low      ; md4_low     ; -0.500       ; 10.000     ; 30.000     ;
; 16.500 ; md3_low   ; chan       ; md3_low      ; md4_low     ; -0.500       ; 10.000     ; 30.000     ;
+--------+-----------+------------+--------------+-------------+--------------+------------+------------+


+-------------------------------------------------------------------------------------------------------+
; Removal: 'md5_low'                                                                                    ;
+--------+-----------+------------+--------------+-------------+--------------+------------+------------+
; Slack  ; From Node ; To Node    ; Launch Clock ; Latch Clock ; Relationship ; Clock Skew ; Data Delay ;
+--------+-----------+------------+--------------+-------------+--------------+------------+------------+
; 16.000 ; tp3       ; write_thru ; tp3          ; md5_low     ; 0.000        ; 10.000     ; 30.000     ;
; 16.000 ; tp3       ; store      ; tp3          ; md5_low     ; 0.000        ; 10.000     ; 30.000     ;
; 16.000 ; tp3       ; color      ; tp3          ; md5_low     ; 0.000        ; 10.000     ; 30.000     ;
; 16.000 ; tp3       ; chan       ; tp3          ; md5_low     ; 0.000        ; 10.000     ; 30.000     ;
; 16.000 ; tp3       ; int_en     ; tp3          ; md5_low     ; 0.000        ; 10.000     ; 30.000     ;
; 16.000 ; tp3       ; erase      ; tp3          ; md5_low     ; 0.000        ; 10.000     ; 30.000     ;
; 16.000 ; md10_low  ; write_thru ; md10_low     ; md5_low     ; 0.000        ; 10.000     ; 30.000     ;
; 16.000 ; md10_low  ; store      ; md10_low     ; md5_low     ; 0.000        ; 10.000     ; 30.000     ;
; 16.000 ; md10_low  ; color      ; md10_low     ; md5_low     ; 0.000        ; 10.000     ; 30.000     ;
; 16.000 ; md10_low  ; chan       ; md10_low     ; md5_low     ; 0.000        ; 10.000     ; 30.000     ;
; 16.000 ; md10_low  ; int_en     ; md10_low     ; md5_low     ; 0.000        ; 10.000     ; 30.000     ;
; 16.000 ; md10_low  ; erase      ; md10_low     ; md5_low     ; 0.000        ; 10.000     ; 30.000     ;
; 16.000 ; md11_low  ; write_thru ; md11_low     ; md5_low     ; 0.000        ; 10.000     ; 30.000     ;
; 16.000 ; md11_low  ; store      ; md11_low     ; md5_low     ; 0.000        ; 10.000     ; 30.000     ;
; 16.000 ; md11_low  ; color      ; md11_low     ; md5_low     ; 0.000        ; 10.000     ; 30.000     ;
; 16.000 ; md11_low  ; chan       ; md11_low     ; md5_low     ; 0.000        ; 10.000     ; 30.000     ;
; 16.000 ; md11_low  ; int_en     ; md11_low     ; md5_low     ; 0.000        ; 10.000     ; 30.000     ;
; 16.000 ; md11_low  ; erase      ; md11_low     ; md5_low     ; 0.000        ; 10.000     ; 30.000     ;
; 16.000 ; pause_low ; write_thru ; pause_low    ; md5_low     ; 0.000        ; 10.000     ; 30.000     ;
; 16.000 ; pause_low ; store      ; pause_low    ; md5_low     ; 0.000        ; 10.000     ; 30.000     ;
; 16.000 ; pause_low ; color      ; pause_low    ; md5_low     ; 0.000        ; 10.000     ; 30.000     ;
; 16.000 ; pause_low ; chan       ; pause_low    ; md5_low     ; 0.000        ; 10.000     ; 30.000     ;
; 16.000 ; pause_low ; int_en     ; pause_low    ; md5_low     ; 0.000        ; 10.000     ; 30.000     ;
; 16.000 ; pause_low ; erase      ; pause_low    ; md5_low     ; 0.000        ; 10.000     ; 30.000     ;
; 16.000 ; md4_low   ; write_thru ; md4_low      ; md5_low     ; 0.000        ; 10.000     ; 30.000     ;
; 16.000 ; md4_low   ; store      ; md4_low      ; md5_low     ; 0.000        ; 10.000     ; 30.000     ;
; 16.000 ; md4_low   ; color      ; md4_low      ; md5_low     ; 0.000        ; 10.000     ; 30.000     ;
; 16.000 ; md4_low   ; chan       ; md4_low      ; md5_low     ; 0.000        ; 10.000     ; 30.000     ;
; 16.000 ; md4_low   ; int_en     ; md4_low      ; md5_low     ; 0.000        ; 10.000     ; 30.000     ;
; 16.000 ; md4_low   ; erase      ; md4_low      ; md5_low     ; 0.000        ; 10.000     ; 30.000     ;
; 16.000 ; md3_low   ; write_thru ; md3_low      ; md5_low     ; 0.000        ; 10.000     ; 30.000     ;
; 16.000 ; md3_low   ; store      ; md3_low      ; md5_low     ; 0.000        ; 10.000     ; 30.000     ;
; 16.000 ; md3_low   ; color      ; md3_low      ; md5_low     ; 0.000        ; 10.000     ; 30.000     ;
; 16.000 ; md3_low   ; chan       ; md3_low      ; md5_low     ; 0.000        ; 10.000     ; 30.000     ;
; 16.000 ; md3_low   ; int_en     ; md3_low      ; md5_low     ; 0.000        ; 10.000     ; 30.000     ;
; 16.000 ; md3_low   ; erase      ; md3_low      ; md5_low     ; 0.000        ; 10.000     ; 30.000     ;
; 16.000 ; md7_low   ; write_thru ; md7_low      ; md5_low     ; 0.000        ; 10.000     ; 30.000     ;
; 16.000 ; md7_low   ; store      ; md7_low      ; md5_low     ; 0.000        ; 10.000     ; 30.000     ;
; 16.000 ; md7_low   ; color      ; md7_low      ; md5_low     ; 0.000        ; 10.000     ; 30.000     ;
; 16.000 ; md7_low   ; chan       ; md7_low      ; md5_low     ; 0.000        ; 10.000     ; 30.000     ;
; 16.000 ; md7_low   ; int_en     ; md7_low      ; md5_low     ; 0.000        ; 10.000     ; 30.000     ;
; 16.000 ; md7_low   ; erase      ; md7_low      ; md5_low     ; 0.000        ; 10.000     ; 30.000     ;
; 16.000 ; md6_low   ; write_thru ; md6_low      ; md5_low     ; 0.000        ; 10.000     ; 30.000     ;
; 16.000 ; md6_low   ; store      ; md6_low      ; md5_low     ; 0.000        ; 10.000     ; 30.000     ;
; 16.000 ; md6_low   ; color      ; md6_low      ; md5_low     ; 0.000        ; 10.000     ; 30.000     ;
; 16.000 ; md6_low   ; chan       ; md6_low      ; md5_low     ; 0.000        ; 10.000     ; 30.000     ;
; 16.000 ; md6_low   ; int_en     ; md6_low      ; md5_low     ; 0.000        ; 10.000     ; 30.000     ;
; 16.000 ; md6_low   ; erase      ; md6_low      ; md5_low     ; 0.000        ; 10.000     ; 30.000     ;
; 16.000 ; md8_low   ; write_thru ; md8_low      ; md5_low     ; 0.000        ; 10.000     ; 30.000     ;
; 16.000 ; md8_low   ; store      ; md8_low      ; md5_low     ; 0.000        ; 10.000     ; 30.000     ;
; 16.000 ; md8_low   ; color      ; md8_low      ; md5_low     ; 0.000        ; 10.000     ; 30.000     ;
; 16.000 ; md8_low   ; chan       ; md8_low      ; md5_low     ; 0.000        ; 10.000     ; 30.000     ;
; 16.000 ; md8_low   ; int_en     ; md8_low      ; md5_low     ; 0.000        ; 10.000     ; 30.000     ;
; 16.000 ; md8_low   ; erase      ; md8_low      ; md5_low     ; 0.000        ; 10.000     ; 30.000     ;
; 16.000 ; md5_low   ; write_thru ; md5_low      ; md5_low     ; 0.000        ; 10.000     ; 30.000     ;
; 16.000 ; md5_low   ; store      ; md5_low      ; md5_low     ; 0.000        ; 10.000     ; 30.000     ;
; 16.000 ; md5_low   ; color      ; md5_low      ; md5_low     ; 0.000        ; 10.000     ; 30.000     ;
; 16.000 ; md5_low   ; chan       ; md5_low      ; md5_low     ; 0.000        ; 10.000     ; 30.000     ;
; 16.000 ; md5_low   ; int_en     ; md5_low      ; md5_low     ; 0.000        ; 10.000     ; 30.000     ;
; 16.000 ; md5_low   ; erase      ; md5_low      ; md5_low     ; 0.000        ; 10.000     ; 30.000     ;
; 16.000 ; md9_low   ; write_thru ; md9_low      ; md5_low     ; 0.000        ; 10.000     ; 30.000     ;
; 16.000 ; md9_low   ; store      ; md9_low      ; md5_low     ; 0.000        ; 10.000     ; 30.000     ;
; 16.000 ; md9_low   ; color      ; md9_low      ; md5_low     ; 0.000        ; 10.000     ; 30.000     ;
; 16.000 ; md9_low   ; chan       ; md9_low      ; md5_low     ; 0.000        ; 10.000     ; 30.000     ;
; 16.000 ; md9_low   ; int_en     ; md9_low      ; md5_low     ; 0.000        ; 10.000     ; 30.000     ;
; 16.000 ; md9_low   ; erase      ; md9_low      ; md5_low     ; 0.000        ; 10.000     ; 30.000     ;
; 16.500 ; tp3       ; write_thru ; tp3          ; md5_low     ; -0.500       ; 10.000     ; 30.000     ;
; 16.500 ; tp3       ; store      ; tp3          ; md5_low     ; -0.500       ; 10.000     ; 30.000     ;
; 16.500 ; tp3       ; color      ; tp3          ; md5_low     ; -0.500       ; 10.000     ; 30.000     ;
; 16.500 ; tp3       ; chan       ; tp3          ; md5_low     ; -0.500       ; 10.000     ; 30.000     ;
; 16.500 ; tp3       ; int_en     ; tp3          ; md5_low     ; -0.500       ; 10.000     ; 30.000     ;
; 16.500 ; tp3       ; erase      ; tp3          ; md5_low     ; -0.500       ; 10.000     ; 30.000     ;
; 16.500 ; md10_low  ; write_thru ; md10_low     ; md5_low     ; -0.500       ; 10.000     ; 30.000     ;
; 16.500 ; md10_low  ; store      ; md10_low     ; md5_low     ; -0.500       ; 10.000     ; 30.000     ;
; 16.500 ; md10_low  ; color      ; md10_low     ; md5_low     ; -0.500       ; 10.000     ; 30.000     ;
; 16.500 ; md10_low  ; chan       ; md10_low     ; md5_low     ; -0.500       ; 10.000     ; 30.000     ;
; 16.500 ; md10_low  ; int_en     ; md10_low     ; md5_low     ; -0.500       ; 10.000     ; 30.000     ;
; 16.500 ; md10_low  ; erase      ; md10_low     ; md5_low     ; -0.500       ; 10.000     ; 30.000     ;
; 16.500 ; md11_low  ; write_thru ; md11_low     ; md5_low     ; -0.500       ; 10.000     ; 30.000     ;
; 16.500 ; md11_low  ; store      ; md11_low     ; md5_low     ; -0.500       ; 10.000     ; 30.000     ;
; 16.500 ; md11_low  ; color      ; md11_low     ; md5_low     ; -0.500       ; 10.000     ; 30.000     ;
; 16.500 ; md11_low  ; chan       ; md11_low     ; md5_low     ; -0.500       ; 10.000     ; 30.000     ;
; 16.500 ; md11_low  ; int_en     ; md11_low     ; md5_low     ; -0.500       ; 10.000     ; 30.000     ;
; 16.500 ; md11_low  ; erase      ; md11_low     ; md5_low     ; -0.500       ; 10.000     ; 30.000     ;
; 16.500 ; pause_low ; write_thru ; pause_low    ; md5_low     ; -0.500       ; 10.000     ; 30.000     ;
; 16.500 ; pause_low ; store      ; pause_low    ; md5_low     ; -0.500       ; 10.000     ; 30.000     ;
; 16.500 ; pause_low ; color      ; pause_low    ; md5_low     ; -0.500       ; 10.000     ; 30.000     ;
; 16.500 ; pause_low ; chan       ; pause_low    ; md5_low     ; -0.500       ; 10.000     ; 30.000     ;
; 16.500 ; pause_low ; int_en     ; pause_low    ; md5_low     ; -0.500       ; 10.000     ; 30.000     ;
; 16.500 ; pause_low ; erase      ; pause_low    ; md5_low     ; -0.500       ; 10.000     ; 30.000     ;
; 16.500 ; md4_low   ; write_thru ; md4_low      ; md5_low     ; -0.500       ; 10.000     ; 30.000     ;
; 16.500 ; md4_low   ; store      ; md4_low      ; md5_low     ; -0.500       ; 10.000     ; 30.000     ;
; 16.500 ; md4_low   ; color      ; md4_low      ; md5_low     ; -0.500       ; 10.000     ; 30.000     ;
; 16.500 ; md4_low   ; chan       ; md4_low      ; md5_low     ; -0.500       ; 10.000     ; 30.000     ;
; 16.500 ; md4_low   ; int_en     ; md4_low      ; md5_low     ; -0.500       ; 10.000     ; 30.000     ;
; 16.500 ; md4_low   ; erase      ; md4_low      ; md5_low     ; -0.500       ; 10.000     ; 30.000     ;
; 16.500 ; md3_low   ; write_thru ; md3_low      ; md5_low     ; -0.500       ; 10.000     ; 30.000     ;
; 16.500 ; md3_low   ; store      ; md3_low      ; md5_low     ; -0.500       ; 10.000     ; 30.000     ;
; 16.500 ; md3_low   ; color      ; md3_low      ; md5_low     ; -0.500       ; 10.000     ; 30.000     ;
; 16.500 ; md3_low   ; chan       ; md3_low      ; md5_low     ; -0.500       ; 10.000     ; 30.000     ;
+--------+-----------+------------+--------------+-------------+--------------+------------+------------+


+-------------------------------------------------------------------------------------------------------+
; Removal: 'md6_low'                                                                                    ;
+--------+-----------+------------+--------------+-------------+--------------+------------+------------+
; Slack  ; From Node ; To Node    ; Launch Clock ; Latch Clock ; Relationship ; Clock Skew ; Data Delay ;
+--------+-----------+------------+--------------+-------------+--------------+------------+------------+
; 16.000 ; tp3       ; write_thru ; tp3          ; md6_low     ; 0.000        ; 10.000     ; 30.000     ;
; 16.000 ; tp3       ; store      ; tp3          ; md6_low     ; 0.000        ; 10.000     ; 30.000     ;
; 16.000 ; tp3       ; color      ; tp3          ; md6_low     ; 0.000        ; 10.000     ; 30.000     ;
; 16.000 ; tp3       ; chan       ; tp3          ; md6_low     ; 0.000        ; 10.000     ; 30.000     ;
; 16.000 ; tp3       ; int_en     ; tp3          ; md6_low     ; 0.000        ; 10.000     ; 30.000     ;
; 16.000 ; tp3       ; erase      ; tp3          ; md6_low     ; 0.000        ; 10.000     ; 30.000     ;
; 16.000 ; md10_low  ; write_thru ; md10_low     ; md6_low     ; 0.000        ; 10.000     ; 30.000     ;
; 16.000 ; md10_low  ; store      ; md10_low     ; md6_low     ; 0.000        ; 10.000     ; 30.000     ;
; 16.000 ; md10_low  ; color      ; md10_low     ; md6_low     ; 0.000        ; 10.000     ; 30.000     ;
; 16.000 ; md10_low  ; chan       ; md10_low     ; md6_low     ; 0.000        ; 10.000     ; 30.000     ;
; 16.000 ; md10_low  ; int_en     ; md10_low     ; md6_low     ; 0.000        ; 10.000     ; 30.000     ;
; 16.000 ; md10_low  ; erase      ; md10_low     ; md6_low     ; 0.000        ; 10.000     ; 30.000     ;
; 16.000 ; md11_low  ; write_thru ; md11_low     ; md6_low     ; 0.000        ; 10.000     ; 30.000     ;
; 16.000 ; md11_low  ; store      ; md11_low     ; md6_low     ; 0.000        ; 10.000     ; 30.000     ;
; 16.000 ; md11_low  ; color      ; md11_low     ; md6_low     ; 0.000        ; 10.000     ; 30.000     ;
; 16.000 ; md11_low  ; chan       ; md11_low     ; md6_low     ; 0.000        ; 10.000     ; 30.000     ;
; 16.000 ; md11_low  ; int_en     ; md11_low     ; md6_low     ; 0.000        ; 10.000     ; 30.000     ;
; 16.000 ; md11_low  ; erase      ; md11_low     ; md6_low     ; 0.000        ; 10.000     ; 30.000     ;
; 16.000 ; pause_low ; write_thru ; pause_low    ; md6_low     ; 0.000        ; 10.000     ; 30.000     ;
; 16.000 ; pause_low ; store      ; pause_low    ; md6_low     ; 0.000        ; 10.000     ; 30.000     ;
; 16.000 ; pause_low ; color      ; pause_low    ; md6_low     ; 0.000        ; 10.000     ; 30.000     ;
; 16.000 ; pause_low ; chan       ; pause_low    ; md6_low     ; 0.000        ; 10.000     ; 30.000     ;
; 16.000 ; pause_low ; int_en     ; pause_low    ; md6_low     ; 0.000        ; 10.000     ; 30.000     ;
; 16.000 ; pause_low ; erase      ; pause_low    ; md6_low     ; 0.000        ; 10.000     ; 30.000     ;
; 16.000 ; md4_low   ; write_thru ; md4_low      ; md6_low     ; 0.000        ; 10.000     ; 30.000     ;
; 16.000 ; md4_low   ; store      ; md4_low      ; md6_low     ; 0.000        ; 10.000     ; 30.000     ;
; 16.000 ; md4_low   ; color      ; md4_low      ; md6_low     ; 0.000        ; 10.000     ; 30.000     ;
; 16.000 ; md4_low   ; chan       ; md4_low      ; md6_low     ; 0.000        ; 10.000     ; 30.000     ;
; 16.000 ; md4_low   ; int_en     ; md4_low      ; md6_low     ; 0.000        ; 10.000     ; 30.000     ;
; 16.000 ; md4_low   ; erase      ; md4_low      ; md6_low     ; 0.000        ; 10.000     ; 30.000     ;
; 16.000 ; md3_low   ; write_thru ; md3_low      ; md6_low     ; 0.000        ; 10.000     ; 30.000     ;
; 16.000 ; md3_low   ; store      ; md3_low      ; md6_low     ; 0.000        ; 10.000     ; 30.000     ;
; 16.000 ; md3_low   ; color      ; md3_low      ; md6_low     ; 0.000        ; 10.000     ; 30.000     ;
; 16.000 ; md3_low   ; chan       ; md3_low      ; md6_low     ; 0.000        ; 10.000     ; 30.000     ;
; 16.000 ; md3_low   ; int_en     ; md3_low      ; md6_low     ; 0.000        ; 10.000     ; 30.000     ;
; 16.000 ; md3_low   ; erase      ; md3_low      ; md6_low     ; 0.000        ; 10.000     ; 30.000     ;
; 16.000 ; md7_low   ; write_thru ; md7_low      ; md6_low     ; 0.000        ; 10.000     ; 30.000     ;
; 16.000 ; md7_low   ; store      ; md7_low      ; md6_low     ; 0.000        ; 10.000     ; 30.000     ;
; 16.000 ; md7_low   ; color      ; md7_low      ; md6_low     ; 0.000        ; 10.000     ; 30.000     ;
; 16.000 ; md7_low   ; chan       ; md7_low      ; md6_low     ; 0.000        ; 10.000     ; 30.000     ;
; 16.000 ; md7_low   ; int_en     ; md7_low      ; md6_low     ; 0.000        ; 10.000     ; 30.000     ;
; 16.000 ; md7_low   ; erase      ; md7_low      ; md6_low     ; 0.000        ; 10.000     ; 30.000     ;
; 16.000 ; md6_low   ; write_thru ; md6_low      ; md6_low     ; 0.000        ; 10.000     ; 30.000     ;
; 16.000 ; md6_low   ; store      ; md6_low      ; md6_low     ; 0.000        ; 10.000     ; 30.000     ;
; 16.000 ; md6_low   ; color      ; md6_low      ; md6_low     ; 0.000        ; 10.000     ; 30.000     ;
; 16.000 ; md6_low   ; chan       ; md6_low      ; md6_low     ; 0.000        ; 10.000     ; 30.000     ;
; 16.000 ; md6_low   ; int_en     ; md6_low      ; md6_low     ; 0.000        ; 10.000     ; 30.000     ;
; 16.000 ; md6_low   ; erase      ; md6_low      ; md6_low     ; 0.000        ; 10.000     ; 30.000     ;
; 16.000 ; md8_low   ; write_thru ; md8_low      ; md6_low     ; 0.000        ; 10.000     ; 30.000     ;
; 16.000 ; md8_low   ; store      ; md8_low      ; md6_low     ; 0.000        ; 10.000     ; 30.000     ;
; 16.000 ; md8_low   ; color      ; md8_low      ; md6_low     ; 0.000        ; 10.000     ; 30.000     ;
; 16.000 ; md8_low   ; chan       ; md8_low      ; md6_low     ; 0.000        ; 10.000     ; 30.000     ;
; 16.000 ; md8_low   ; int_en     ; md8_low      ; md6_low     ; 0.000        ; 10.000     ; 30.000     ;
; 16.000 ; md8_low   ; erase      ; md8_low      ; md6_low     ; 0.000        ; 10.000     ; 30.000     ;
; 16.000 ; md5_low   ; write_thru ; md5_low      ; md6_low     ; 0.000        ; 10.000     ; 30.000     ;
; 16.000 ; md5_low   ; store      ; md5_low      ; md6_low     ; 0.000        ; 10.000     ; 30.000     ;
; 16.000 ; md5_low   ; color      ; md5_low      ; md6_low     ; 0.000        ; 10.000     ; 30.000     ;
; 16.000 ; md5_low   ; chan       ; md5_low      ; md6_low     ; 0.000        ; 10.000     ; 30.000     ;
; 16.000 ; md5_low   ; int_en     ; md5_low      ; md6_low     ; 0.000        ; 10.000     ; 30.000     ;
; 16.000 ; md5_low   ; erase      ; md5_low      ; md6_low     ; 0.000        ; 10.000     ; 30.000     ;
; 16.000 ; md9_low   ; write_thru ; md9_low      ; md6_low     ; 0.000        ; 10.000     ; 30.000     ;
; 16.000 ; md9_low   ; store      ; md9_low      ; md6_low     ; 0.000        ; 10.000     ; 30.000     ;
; 16.000 ; md9_low   ; color      ; md9_low      ; md6_low     ; 0.000        ; 10.000     ; 30.000     ;
; 16.000 ; md9_low   ; chan       ; md9_low      ; md6_low     ; 0.000        ; 10.000     ; 30.000     ;
; 16.000 ; md9_low   ; int_en     ; md9_low      ; md6_low     ; 0.000        ; 10.000     ; 30.000     ;
; 16.000 ; md9_low   ; erase      ; md9_low      ; md6_low     ; 0.000        ; 10.000     ; 30.000     ;
; 16.500 ; tp3       ; write_thru ; tp3          ; md6_low     ; -0.500       ; 10.000     ; 30.000     ;
; 16.500 ; tp3       ; store      ; tp3          ; md6_low     ; -0.500       ; 10.000     ; 30.000     ;
; 16.500 ; tp3       ; color      ; tp3          ; md6_low     ; -0.500       ; 10.000     ; 30.000     ;
; 16.500 ; tp3       ; chan       ; tp3          ; md6_low     ; -0.500       ; 10.000     ; 30.000     ;
; 16.500 ; tp3       ; int_en     ; tp3          ; md6_low     ; -0.500       ; 10.000     ; 30.000     ;
; 16.500 ; tp3       ; erase      ; tp3          ; md6_low     ; -0.500       ; 10.000     ; 30.000     ;
; 16.500 ; md10_low  ; write_thru ; md10_low     ; md6_low     ; -0.500       ; 10.000     ; 30.000     ;
; 16.500 ; md10_low  ; store      ; md10_low     ; md6_low     ; -0.500       ; 10.000     ; 30.000     ;
; 16.500 ; md10_low  ; color      ; md10_low     ; md6_low     ; -0.500       ; 10.000     ; 30.000     ;
; 16.500 ; md10_low  ; chan       ; md10_low     ; md6_low     ; -0.500       ; 10.000     ; 30.000     ;
; 16.500 ; md10_low  ; int_en     ; md10_low     ; md6_low     ; -0.500       ; 10.000     ; 30.000     ;
; 16.500 ; md10_low  ; erase      ; md10_low     ; md6_low     ; -0.500       ; 10.000     ; 30.000     ;
; 16.500 ; md11_low  ; write_thru ; md11_low     ; md6_low     ; -0.500       ; 10.000     ; 30.000     ;
; 16.500 ; md11_low  ; store      ; md11_low     ; md6_low     ; -0.500       ; 10.000     ; 30.000     ;
; 16.500 ; md11_low  ; color      ; md11_low     ; md6_low     ; -0.500       ; 10.000     ; 30.000     ;
; 16.500 ; md11_low  ; chan       ; md11_low     ; md6_low     ; -0.500       ; 10.000     ; 30.000     ;
; 16.500 ; md11_low  ; int_en     ; md11_low     ; md6_low     ; -0.500       ; 10.000     ; 30.000     ;
; 16.500 ; md11_low  ; erase      ; md11_low     ; md6_low     ; -0.500       ; 10.000     ; 30.000     ;
; 16.500 ; pause_low ; write_thru ; pause_low    ; md6_low     ; -0.500       ; 10.000     ; 30.000     ;
; 16.500 ; pause_low ; store      ; pause_low    ; md6_low     ; -0.500       ; 10.000     ; 30.000     ;
; 16.500 ; pause_low ; color      ; pause_low    ; md6_low     ; -0.500       ; 10.000     ; 30.000     ;
; 16.500 ; pause_low ; chan       ; pause_low    ; md6_low     ; -0.500       ; 10.000     ; 30.000     ;
; 16.500 ; pause_low ; int_en     ; pause_low    ; md6_low     ; -0.500       ; 10.000     ; 30.000     ;
; 16.500 ; pause_low ; erase      ; pause_low    ; md6_low     ; -0.500       ; 10.000     ; 30.000     ;
; 16.500 ; md4_low   ; write_thru ; md4_low      ; md6_low     ; -0.500       ; 10.000     ; 30.000     ;
; 16.500 ; md4_low   ; store      ; md4_low      ; md6_low     ; -0.500       ; 10.000     ; 30.000     ;
; 16.500 ; md4_low   ; color      ; md4_low      ; md6_low     ; -0.500       ; 10.000     ; 30.000     ;
; 16.500 ; md4_low   ; chan       ; md4_low      ; md6_low     ; -0.500       ; 10.000     ; 30.000     ;
; 16.500 ; md4_low   ; int_en     ; md4_low      ; md6_low     ; -0.500       ; 10.000     ; 30.000     ;
; 16.500 ; md4_low   ; erase      ; md4_low      ; md6_low     ; -0.500       ; 10.000     ; 30.000     ;
; 16.500 ; md3_low   ; write_thru ; md3_low      ; md6_low     ; -0.500       ; 10.000     ; 30.000     ;
; 16.500 ; md3_low   ; store      ; md3_low      ; md6_low     ; -0.500       ; 10.000     ; 30.000     ;
; 16.500 ; md3_low   ; color      ; md3_low      ; md6_low     ; -0.500       ; 10.000     ; 30.000     ;
; 16.500 ; md3_low   ; chan       ; md3_low      ; md6_low     ; -0.500       ; 10.000     ; 30.000     ;
+--------+-----------+------------+--------------+-------------+--------------+------------+------------+


+-------------------------------------------------------------------------------------------------------+
; Removal: 'md7_low'                                                                                    ;
+--------+-----------+------------+--------------+-------------+--------------+------------+------------+
; Slack  ; From Node ; To Node    ; Launch Clock ; Latch Clock ; Relationship ; Clock Skew ; Data Delay ;
+--------+-----------+------------+--------------+-------------+--------------+------------+------------+
; 16.000 ; tp3       ; write_thru ; tp3          ; md7_low     ; 0.000        ; 10.000     ; 30.000     ;
; 16.000 ; tp3       ; store      ; tp3          ; md7_low     ; 0.000        ; 10.000     ; 30.000     ;
; 16.000 ; tp3       ; color      ; tp3          ; md7_low     ; 0.000        ; 10.000     ; 30.000     ;
; 16.000 ; tp3       ; chan       ; tp3          ; md7_low     ; 0.000        ; 10.000     ; 30.000     ;
; 16.000 ; tp3       ; int_en     ; tp3          ; md7_low     ; 0.000        ; 10.000     ; 30.000     ;
; 16.000 ; tp3       ; erase      ; tp3          ; md7_low     ; 0.000        ; 10.000     ; 30.000     ;
; 16.000 ; md10_low  ; write_thru ; md10_low     ; md7_low     ; 0.000        ; 10.000     ; 30.000     ;
; 16.000 ; md10_low  ; store      ; md10_low     ; md7_low     ; 0.000        ; 10.000     ; 30.000     ;
; 16.000 ; md10_low  ; color      ; md10_low     ; md7_low     ; 0.000        ; 10.000     ; 30.000     ;
; 16.000 ; md10_low  ; chan       ; md10_low     ; md7_low     ; 0.000        ; 10.000     ; 30.000     ;
; 16.000 ; md10_low  ; int_en     ; md10_low     ; md7_low     ; 0.000        ; 10.000     ; 30.000     ;
; 16.000 ; md10_low  ; erase      ; md10_low     ; md7_low     ; 0.000        ; 10.000     ; 30.000     ;
; 16.000 ; md11_low  ; write_thru ; md11_low     ; md7_low     ; 0.000        ; 10.000     ; 30.000     ;
; 16.000 ; md11_low  ; store      ; md11_low     ; md7_low     ; 0.000        ; 10.000     ; 30.000     ;
; 16.000 ; md11_low  ; color      ; md11_low     ; md7_low     ; 0.000        ; 10.000     ; 30.000     ;
; 16.000 ; md11_low  ; chan       ; md11_low     ; md7_low     ; 0.000        ; 10.000     ; 30.000     ;
; 16.000 ; md11_low  ; int_en     ; md11_low     ; md7_low     ; 0.000        ; 10.000     ; 30.000     ;
; 16.000 ; md11_low  ; erase      ; md11_low     ; md7_low     ; 0.000        ; 10.000     ; 30.000     ;
; 16.000 ; pause_low ; write_thru ; pause_low    ; md7_low     ; 0.000        ; 10.000     ; 30.000     ;
; 16.000 ; pause_low ; store      ; pause_low    ; md7_low     ; 0.000        ; 10.000     ; 30.000     ;
; 16.000 ; pause_low ; color      ; pause_low    ; md7_low     ; 0.000        ; 10.000     ; 30.000     ;
; 16.000 ; pause_low ; chan       ; pause_low    ; md7_low     ; 0.000        ; 10.000     ; 30.000     ;
; 16.000 ; pause_low ; int_en     ; pause_low    ; md7_low     ; 0.000        ; 10.000     ; 30.000     ;
; 16.000 ; pause_low ; erase      ; pause_low    ; md7_low     ; 0.000        ; 10.000     ; 30.000     ;
; 16.000 ; md4_low   ; write_thru ; md4_low      ; md7_low     ; 0.000        ; 10.000     ; 30.000     ;
; 16.000 ; md4_low   ; store      ; md4_low      ; md7_low     ; 0.000        ; 10.000     ; 30.000     ;
; 16.000 ; md4_low   ; color      ; md4_low      ; md7_low     ; 0.000        ; 10.000     ; 30.000     ;
; 16.000 ; md4_low   ; chan       ; md4_low      ; md7_low     ; 0.000        ; 10.000     ; 30.000     ;
; 16.000 ; md4_low   ; int_en     ; md4_low      ; md7_low     ; 0.000        ; 10.000     ; 30.000     ;
; 16.000 ; md4_low   ; erase      ; md4_low      ; md7_low     ; 0.000        ; 10.000     ; 30.000     ;
; 16.000 ; md3_low   ; write_thru ; md3_low      ; md7_low     ; 0.000        ; 10.000     ; 30.000     ;
; 16.000 ; md3_low   ; store      ; md3_low      ; md7_low     ; 0.000        ; 10.000     ; 30.000     ;
; 16.000 ; md3_low   ; color      ; md3_low      ; md7_low     ; 0.000        ; 10.000     ; 30.000     ;
; 16.000 ; md3_low   ; chan       ; md3_low      ; md7_low     ; 0.000        ; 10.000     ; 30.000     ;
; 16.000 ; md3_low   ; int_en     ; md3_low      ; md7_low     ; 0.000        ; 10.000     ; 30.000     ;
; 16.000 ; md3_low   ; erase      ; md3_low      ; md7_low     ; 0.000        ; 10.000     ; 30.000     ;
; 16.000 ; md7_low   ; write_thru ; md7_low      ; md7_low     ; 0.000        ; 10.000     ; 30.000     ;
; 16.000 ; md7_low   ; store      ; md7_low      ; md7_low     ; 0.000        ; 10.000     ; 30.000     ;
; 16.000 ; md7_low   ; color      ; md7_low      ; md7_low     ; 0.000        ; 10.000     ; 30.000     ;
; 16.000 ; md7_low   ; chan       ; md7_low      ; md7_low     ; 0.000        ; 10.000     ; 30.000     ;
; 16.000 ; md7_low   ; int_en     ; md7_low      ; md7_low     ; 0.000        ; 10.000     ; 30.000     ;
; 16.000 ; md7_low   ; erase      ; md7_low      ; md7_low     ; 0.000        ; 10.000     ; 30.000     ;
; 16.000 ; md6_low   ; write_thru ; md6_low      ; md7_low     ; 0.000        ; 10.000     ; 30.000     ;
; 16.000 ; md6_low   ; store      ; md6_low      ; md7_low     ; 0.000        ; 10.000     ; 30.000     ;
; 16.000 ; md6_low   ; color      ; md6_low      ; md7_low     ; 0.000        ; 10.000     ; 30.000     ;
; 16.000 ; md6_low   ; chan       ; md6_low      ; md7_low     ; 0.000        ; 10.000     ; 30.000     ;
; 16.000 ; md6_low   ; int_en     ; md6_low      ; md7_low     ; 0.000        ; 10.000     ; 30.000     ;
; 16.000 ; md6_low   ; erase      ; md6_low      ; md7_low     ; 0.000        ; 10.000     ; 30.000     ;
; 16.000 ; md8_low   ; write_thru ; md8_low      ; md7_low     ; 0.000        ; 10.000     ; 30.000     ;
; 16.000 ; md8_low   ; store      ; md8_low      ; md7_low     ; 0.000        ; 10.000     ; 30.000     ;
; 16.000 ; md8_low   ; color      ; md8_low      ; md7_low     ; 0.000        ; 10.000     ; 30.000     ;
; 16.000 ; md8_low   ; chan       ; md8_low      ; md7_low     ; 0.000        ; 10.000     ; 30.000     ;
; 16.000 ; md8_low   ; int_en     ; md8_low      ; md7_low     ; 0.000        ; 10.000     ; 30.000     ;
; 16.000 ; md8_low   ; erase      ; md8_low      ; md7_low     ; 0.000        ; 10.000     ; 30.000     ;
; 16.000 ; md5_low   ; write_thru ; md5_low      ; md7_low     ; 0.000        ; 10.000     ; 30.000     ;
; 16.000 ; md5_low   ; store      ; md5_low      ; md7_low     ; 0.000        ; 10.000     ; 30.000     ;
; 16.000 ; md5_low   ; color      ; md5_low      ; md7_low     ; 0.000        ; 10.000     ; 30.000     ;
; 16.000 ; md5_low   ; chan       ; md5_low      ; md7_low     ; 0.000        ; 10.000     ; 30.000     ;
; 16.000 ; md5_low   ; int_en     ; md5_low      ; md7_low     ; 0.000        ; 10.000     ; 30.000     ;
; 16.000 ; md5_low   ; erase      ; md5_low      ; md7_low     ; 0.000        ; 10.000     ; 30.000     ;
; 16.000 ; md9_low   ; write_thru ; md9_low      ; md7_low     ; 0.000        ; 10.000     ; 30.000     ;
; 16.000 ; md9_low   ; store      ; md9_low      ; md7_low     ; 0.000        ; 10.000     ; 30.000     ;
; 16.000 ; md9_low   ; color      ; md9_low      ; md7_low     ; 0.000        ; 10.000     ; 30.000     ;
; 16.000 ; md9_low   ; chan       ; md9_low      ; md7_low     ; 0.000        ; 10.000     ; 30.000     ;
; 16.000 ; md9_low   ; int_en     ; md9_low      ; md7_low     ; 0.000        ; 10.000     ; 30.000     ;
; 16.000 ; md9_low   ; erase      ; md9_low      ; md7_low     ; 0.000        ; 10.000     ; 30.000     ;
; 16.500 ; tp3       ; write_thru ; tp3          ; md7_low     ; -0.500       ; 10.000     ; 30.000     ;
; 16.500 ; tp3       ; store      ; tp3          ; md7_low     ; -0.500       ; 10.000     ; 30.000     ;
; 16.500 ; tp3       ; color      ; tp3          ; md7_low     ; -0.500       ; 10.000     ; 30.000     ;
; 16.500 ; tp3       ; chan       ; tp3          ; md7_low     ; -0.500       ; 10.000     ; 30.000     ;
; 16.500 ; tp3       ; int_en     ; tp3          ; md7_low     ; -0.500       ; 10.000     ; 30.000     ;
; 16.500 ; tp3       ; erase      ; tp3          ; md7_low     ; -0.500       ; 10.000     ; 30.000     ;
; 16.500 ; md10_low  ; write_thru ; md10_low     ; md7_low     ; -0.500       ; 10.000     ; 30.000     ;
; 16.500 ; md10_low  ; store      ; md10_low     ; md7_low     ; -0.500       ; 10.000     ; 30.000     ;
; 16.500 ; md10_low  ; color      ; md10_low     ; md7_low     ; -0.500       ; 10.000     ; 30.000     ;
; 16.500 ; md10_low  ; chan       ; md10_low     ; md7_low     ; -0.500       ; 10.000     ; 30.000     ;
; 16.500 ; md10_low  ; int_en     ; md10_low     ; md7_low     ; -0.500       ; 10.000     ; 30.000     ;
; 16.500 ; md10_low  ; erase      ; md10_low     ; md7_low     ; -0.500       ; 10.000     ; 30.000     ;
; 16.500 ; md11_low  ; write_thru ; md11_low     ; md7_low     ; -0.500       ; 10.000     ; 30.000     ;
; 16.500 ; md11_low  ; store      ; md11_low     ; md7_low     ; -0.500       ; 10.000     ; 30.000     ;
; 16.500 ; md11_low  ; color      ; md11_low     ; md7_low     ; -0.500       ; 10.000     ; 30.000     ;
; 16.500 ; md11_low  ; chan       ; md11_low     ; md7_low     ; -0.500       ; 10.000     ; 30.000     ;
; 16.500 ; md11_low  ; int_en     ; md11_low     ; md7_low     ; -0.500       ; 10.000     ; 30.000     ;
; 16.500 ; md11_low  ; erase      ; md11_low     ; md7_low     ; -0.500       ; 10.000     ; 30.000     ;
; 16.500 ; pause_low ; write_thru ; pause_low    ; md7_low     ; -0.500       ; 10.000     ; 30.000     ;
; 16.500 ; pause_low ; store      ; pause_low    ; md7_low     ; -0.500       ; 10.000     ; 30.000     ;
; 16.500 ; pause_low ; color      ; pause_low    ; md7_low     ; -0.500       ; 10.000     ; 30.000     ;
; 16.500 ; pause_low ; chan       ; pause_low    ; md7_low     ; -0.500       ; 10.000     ; 30.000     ;
; 16.500 ; pause_low ; int_en     ; pause_low    ; md7_low     ; -0.500       ; 10.000     ; 30.000     ;
; 16.500 ; pause_low ; erase      ; pause_low    ; md7_low     ; -0.500       ; 10.000     ; 30.000     ;
; 16.500 ; md4_low   ; write_thru ; md4_low      ; md7_low     ; -0.500       ; 10.000     ; 30.000     ;
; 16.500 ; md4_low   ; store      ; md4_low      ; md7_low     ; -0.500       ; 10.000     ; 30.000     ;
; 16.500 ; md4_low   ; color      ; md4_low      ; md7_low     ; -0.500       ; 10.000     ; 30.000     ;
; 16.500 ; md4_low   ; chan       ; md4_low      ; md7_low     ; -0.500       ; 10.000     ; 30.000     ;
; 16.500 ; md4_low   ; int_en     ; md4_low      ; md7_low     ; -0.500       ; 10.000     ; 30.000     ;
; 16.500 ; md4_low   ; erase      ; md4_low      ; md7_low     ; -0.500       ; 10.000     ; 30.000     ;
; 16.500 ; md3_low   ; write_thru ; md3_low      ; md7_low     ; -0.500       ; 10.000     ; 30.000     ;
; 16.500 ; md3_low   ; store      ; md3_low      ; md7_low     ; -0.500       ; 10.000     ; 30.000     ;
; 16.500 ; md3_low   ; color      ; md3_low      ; md7_low     ; -0.500       ; 10.000     ; 30.000     ;
; 16.500 ; md3_low   ; chan       ; md3_low      ; md7_low     ; -0.500       ; 10.000     ; 30.000     ;
+--------+-----------+------------+--------------+-------------+--------------+------------+------------+


+-------------------------------------------------------------------------------------------------------+
; Removal: 'md8_low'                                                                                    ;
+--------+-----------+------------+--------------+-------------+--------------+------------+------------+
; Slack  ; From Node ; To Node    ; Launch Clock ; Latch Clock ; Relationship ; Clock Skew ; Data Delay ;
+--------+-----------+------------+--------------+-------------+--------------+------------+------------+
; 16.000 ; tp3       ; write_thru ; tp3          ; md8_low     ; 0.000        ; 10.000     ; 30.000     ;
; 16.000 ; tp3       ; store      ; tp3          ; md8_low     ; 0.000        ; 10.000     ; 30.000     ;
; 16.000 ; tp3       ; color      ; tp3          ; md8_low     ; 0.000        ; 10.000     ; 30.000     ;
; 16.000 ; tp3       ; chan       ; tp3          ; md8_low     ; 0.000        ; 10.000     ; 30.000     ;
; 16.000 ; tp3       ; int_en     ; tp3          ; md8_low     ; 0.000        ; 10.000     ; 30.000     ;
; 16.000 ; tp3       ; erase      ; tp3          ; md8_low     ; 0.000        ; 10.000     ; 30.000     ;
; 16.000 ; md10_low  ; write_thru ; md10_low     ; md8_low     ; 0.000        ; 10.000     ; 30.000     ;
; 16.000 ; md10_low  ; store      ; md10_low     ; md8_low     ; 0.000        ; 10.000     ; 30.000     ;
; 16.000 ; md10_low  ; color      ; md10_low     ; md8_low     ; 0.000        ; 10.000     ; 30.000     ;
; 16.000 ; md10_low  ; chan       ; md10_low     ; md8_low     ; 0.000        ; 10.000     ; 30.000     ;
; 16.000 ; md10_low  ; int_en     ; md10_low     ; md8_low     ; 0.000        ; 10.000     ; 30.000     ;
; 16.000 ; md10_low  ; erase      ; md10_low     ; md8_low     ; 0.000        ; 10.000     ; 30.000     ;
; 16.000 ; md11_low  ; write_thru ; md11_low     ; md8_low     ; 0.000        ; 10.000     ; 30.000     ;
; 16.000 ; md11_low  ; store      ; md11_low     ; md8_low     ; 0.000        ; 10.000     ; 30.000     ;
; 16.000 ; md11_low  ; color      ; md11_low     ; md8_low     ; 0.000        ; 10.000     ; 30.000     ;
; 16.000 ; md11_low  ; chan       ; md11_low     ; md8_low     ; 0.000        ; 10.000     ; 30.000     ;
; 16.000 ; md11_low  ; int_en     ; md11_low     ; md8_low     ; 0.000        ; 10.000     ; 30.000     ;
; 16.000 ; md11_low  ; erase      ; md11_low     ; md8_low     ; 0.000        ; 10.000     ; 30.000     ;
; 16.000 ; pause_low ; write_thru ; pause_low    ; md8_low     ; 0.000        ; 10.000     ; 30.000     ;
; 16.000 ; pause_low ; store      ; pause_low    ; md8_low     ; 0.000        ; 10.000     ; 30.000     ;
; 16.000 ; pause_low ; color      ; pause_low    ; md8_low     ; 0.000        ; 10.000     ; 30.000     ;
; 16.000 ; pause_low ; chan       ; pause_low    ; md8_low     ; 0.000        ; 10.000     ; 30.000     ;
; 16.000 ; pause_low ; int_en     ; pause_low    ; md8_low     ; 0.000        ; 10.000     ; 30.000     ;
; 16.000 ; pause_low ; erase      ; pause_low    ; md8_low     ; 0.000        ; 10.000     ; 30.000     ;
; 16.000 ; md4_low   ; write_thru ; md4_low      ; md8_low     ; 0.000        ; 10.000     ; 30.000     ;
; 16.000 ; md4_low   ; store      ; md4_low      ; md8_low     ; 0.000        ; 10.000     ; 30.000     ;
; 16.000 ; md4_low   ; color      ; md4_low      ; md8_low     ; 0.000        ; 10.000     ; 30.000     ;
; 16.000 ; md4_low   ; chan       ; md4_low      ; md8_low     ; 0.000        ; 10.000     ; 30.000     ;
; 16.000 ; md4_low   ; int_en     ; md4_low      ; md8_low     ; 0.000        ; 10.000     ; 30.000     ;
; 16.000 ; md4_low   ; erase      ; md4_low      ; md8_low     ; 0.000        ; 10.000     ; 30.000     ;
; 16.000 ; md3_low   ; write_thru ; md3_low      ; md8_low     ; 0.000        ; 10.000     ; 30.000     ;
; 16.000 ; md3_low   ; store      ; md3_low      ; md8_low     ; 0.000        ; 10.000     ; 30.000     ;
; 16.000 ; md3_low   ; color      ; md3_low      ; md8_low     ; 0.000        ; 10.000     ; 30.000     ;
; 16.000 ; md3_low   ; chan       ; md3_low      ; md8_low     ; 0.000        ; 10.000     ; 30.000     ;
; 16.000 ; md3_low   ; int_en     ; md3_low      ; md8_low     ; 0.000        ; 10.000     ; 30.000     ;
; 16.000 ; md3_low   ; erase      ; md3_low      ; md8_low     ; 0.000        ; 10.000     ; 30.000     ;
; 16.000 ; md7_low   ; write_thru ; md7_low      ; md8_low     ; 0.000        ; 10.000     ; 30.000     ;
; 16.000 ; md7_low   ; store      ; md7_low      ; md8_low     ; 0.000        ; 10.000     ; 30.000     ;
; 16.000 ; md7_low   ; color      ; md7_low      ; md8_low     ; 0.000        ; 10.000     ; 30.000     ;
; 16.000 ; md7_low   ; chan       ; md7_low      ; md8_low     ; 0.000        ; 10.000     ; 30.000     ;
; 16.000 ; md7_low   ; int_en     ; md7_low      ; md8_low     ; 0.000        ; 10.000     ; 30.000     ;
; 16.000 ; md7_low   ; erase      ; md7_low      ; md8_low     ; 0.000        ; 10.000     ; 30.000     ;
; 16.000 ; md6_low   ; write_thru ; md6_low      ; md8_low     ; 0.000        ; 10.000     ; 30.000     ;
; 16.000 ; md6_low   ; store      ; md6_low      ; md8_low     ; 0.000        ; 10.000     ; 30.000     ;
; 16.000 ; md6_low   ; color      ; md6_low      ; md8_low     ; 0.000        ; 10.000     ; 30.000     ;
; 16.000 ; md6_low   ; chan       ; md6_low      ; md8_low     ; 0.000        ; 10.000     ; 30.000     ;
; 16.000 ; md6_low   ; int_en     ; md6_low      ; md8_low     ; 0.000        ; 10.000     ; 30.000     ;
; 16.000 ; md6_low   ; erase      ; md6_low      ; md8_low     ; 0.000        ; 10.000     ; 30.000     ;
; 16.000 ; md8_low   ; write_thru ; md8_low      ; md8_low     ; 0.000        ; 10.000     ; 30.000     ;
; 16.000 ; md8_low   ; store      ; md8_low      ; md8_low     ; 0.000        ; 10.000     ; 30.000     ;
; 16.000 ; md8_low   ; color      ; md8_low      ; md8_low     ; 0.000        ; 10.000     ; 30.000     ;
; 16.000 ; md8_low   ; chan       ; md8_low      ; md8_low     ; 0.000        ; 10.000     ; 30.000     ;
; 16.000 ; md8_low   ; int_en     ; md8_low      ; md8_low     ; 0.000        ; 10.000     ; 30.000     ;
; 16.000 ; md8_low   ; erase      ; md8_low      ; md8_low     ; 0.000        ; 10.000     ; 30.000     ;
; 16.000 ; md5_low   ; write_thru ; md5_low      ; md8_low     ; 0.000        ; 10.000     ; 30.000     ;
; 16.000 ; md5_low   ; store      ; md5_low      ; md8_low     ; 0.000        ; 10.000     ; 30.000     ;
; 16.000 ; md5_low   ; color      ; md5_low      ; md8_low     ; 0.000        ; 10.000     ; 30.000     ;
; 16.000 ; md5_low   ; chan       ; md5_low      ; md8_low     ; 0.000        ; 10.000     ; 30.000     ;
; 16.000 ; md5_low   ; int_en     ; md5_low      ; md8_low     ; 0.000        ; 10.000     ; 30.000     ;
; 16.000 ; md5_low   ; erase      ; md5_low      ; md8_low     ; 0.000        ; 10.000     ; 30.000     ;
; 16.000 ; md9_low   ; write_thru ; md9_low      ; md8_low     ; 0.000        ; 10.000     ; 30.000     ;
; 16.000 ; md9_low   ; store      ; md9_low      ; md8_low     ; 0.000        ; 10.000     ; 30.000     ;
; 16.000 ; md9_low   ; color      ; md9_low      ; md8_low     ; 0.000        ; 10.000     ; 30.000     ;
; 16.000 ; md9_low   ; chan       ; md9_low      ; md8_low     ; 0.000        ; 10.000     ; 30.000     ;
; 16.000 ; md9_low   ; int_en     ; md9_low      ; md8_low     ; 0.000        ; 10.000     ; 30.000     ;
; 16.000 ; md9_low   ; erase      ; md9_low      ; md8_low     ; 0.000        ; 10.000     ; 30.000     ;
; 16.500 ; tp3       ; write_thru ; tp3          ; md8_low     ; -0.500       ; 10.000     ; 30.000     ;
; 16.500 ; tp3       ; store      ; tp3          ; md8_low     ; -0.500       ; 10.000     ; 30.000     ;
; 16.500 ; tp3       ; color      ; tp3          ; md8_low     ; -0.500       ; 10.000     ; 30.000     ;
; 16.500 ; tp3       ; chan       ; tp3          ; md8_low     ; -0.500       ; 10.000     ; 30.000     ;
; 16.500 ; tp3       ; int_en     ; tp3          ; md8_low     ; -0.500       ; 10.000     ; 30.000     ;
; 16.500 ; tp3       ; erase      ; tp3          ; md8_low     ; -0.500       ; 10.000     ; 30.000     ;
; 16.500 ; md10_low  ; write_thru ; md10_low     ; md8_low     ; -0.500       ; 10.000     ; 30.000     ;
; 16.500 ; md10_low  ; store      ; md10_low     ; md8_low     ; -0.500       ; 10.000     ; 30.000     ;
; 16.500 ; md10_low  ; color      ; md10_low     ; md8_low     ; -0.500       ; 10.000     ; 30.000     ;
; 16.500 ; md10_low  ; chan       ; md10_low     ; md8_low     ; -0.500       ; 10.000     ; 30.000     ;
; 16.500 ; md10_low  ; int_en     ; md10_low     ; md8_low     ; -0.500       ; 10.000     ; 30.000     ;
; 16.500 ; md10_low  ; erase      ; md10_low     ; md8_low     ; -0.500       ; 10.000     ; 30.000     ;
; 16.500 ; md11_low  ; write_thru ; md11_low     ; md8_low     ; -0.500       ; 10.000     ; 30.000     ;
; 16.500 ; md11_low  ; store      ; md11_low     ; md8_low     ; -0.500       ; 10.000     ; 30.000     ;
; 16.500 ; md11_low  ; color      ; md11_low     ; md8_low     ; -0.500       ; 10.000     ; 30.000     ;
; 16.500 ; md11_low  ; chan       ; md11_low     ; md8_low     ; -0.500       ; 10.000     ; 30.000     ;
; 16.500 ; md11_low  ; int_en     ; md11_low     ; md8_low     ; -0.500       ; 10.000     ; 30.000     ;
; 16.500 ; md11_low  ; erase      ; md11_low     ; md8_low     ; -0.500       ; 10.000     ; 30.000     ;
; 16.500 ; pause_low ; write_thru ; pause_low    ; md8_low     ; -0.500       ; 10.000     ; 30.000     ;
; 16.500 ; pause_low ; store      ; pause_low    ; md8_low     ; -0.500       ; 10.000     ; 30.000     ;
; 16.500 ; pause_low ; color      ; pause_low    ; md8_low     ; -0.500       ; 10.000     ; 30.000     ;
; 16.500 ; pause_low ; chan       ; pause_low    ; md8_low     ; -0.500       ; 10.000     ; 30.000     ;
; 16.500 ; pause_low ; int_en     ; pause_low    ; md8_low     ; -0.500       ; 10.000     ; 30.000     ;
; 16.500 ; pause_low ; erase      ; pause_low    ; md8_low     ; -0.500       ; 10.000     ; 30.000     ;
; 16.500 ; md4_low   ; write_thru ; md4_low      ; md8_low     ; -0.500       ; 10.000     ; 30.000     ;
; 16.500 ; md4_low   ; store      ; md4_low      ; md8_low     ; -0.500       ; 10.000     ; 30.000     ;
; 16.500 ; md4_low   ; color      ; md4_low      ; md8_low     ; -0.500       ; 10.000     ; 30.000     ;
; 16.500 ; md4_low   ; chan       ; md4_low      ; md8_low     ; -0.500       ; 10.000     ; 30.000     ;
; 16.500 ; md4_low   ; int_en     ; md4_low      ; md8_low     ; -0.500       ; 10.000     ; 30.000     ;
; 16.500 ; md4_low   ; erase      ; md4_low      ; md8_low     ; -0.500       ; 10.000     ; 30.000     ;
; 16.500 ; md3_low   ; write_thru ; md3_low      ; md8_low     ; -0.500       ; 10.000     ; 30.000     ;
; 16.500 ; md3_low   ; store      ; md3_low      ; md8_low     ; -0.500       ; 10.000     ; 30.000     ;
; 16.500 ; md3_low   ; color      ; md3_low      ; md8_low     ; -0.500       ; 10.000     ; 30.000     ;
; 16.500 ; md3_low   ; chan       ; md3_low      ; md8_low     ; -0.500       ; 10.000     ; 30.000     ;
+--------+-----------+------------+--------------+-------------+--------------+------------+------------+


+-------------------------------------------------------------------------------------------------------+
; Removal: 'md9_low'                                                                                    ;
+--------+-----------+------------+--------------+-------------+--------------+------------+------------+
; Slack  ; From Node ; To Node    ; Launch Clock ; Latch Clock ; Relationship ; Clock Skew ; Data Delay ;
+--------+-----------+------------+--------------+-------------+--------------+------------+------------+
; 16.000 ; tp3       ; write_thru ; tp3          ; md9_low     ; 0.000        ; 10.000     ; 30.000     ;
; 16.000 ; tp3       ; store      ; tp3          ; md9_low     ; 0.000        ; 10.000     ; 30.000     ;
; 16.000 ; tp3       ; color      ; tp3          ; md9_low     ; 0.000        ; 10.000     ; 30.000     ;
; 16.000 ; tp3       ; chan       ; tp3          ; md9_low     ; 0.000        ; 10.000     ; 30.000     ;
; 16.000 ; tp3       ; int_en     ; tp3          ; md9_low     ; 0.000        ; 10.000     ; 30.000     ;
; 16.000 ; tp3       ; erase      ; tp3          ; md9_low     ; 0.000        ; 10.000     ; 30.000     ;
; 16.000 ; md10_low  ; write_thru ; md10_low     ; md9_low     ; 0.000        ; 10.000     ; 30.000     ;
; 16.000 ; md10_low  ; store      ; md10_low     ; md9_low     ; 0.000        ; 10.000     ; 30.000     ;
; 16.000 ; md10_low  ; color      ; md10_low     ; md9_low     ; 0.000        ; 10.000     ; 30.000     ;
; 16.000 ; md10_low  ; chan       ; md10_low     ; md9_low     ; 0.000        ; 10.000     ; 30.000     ;
; 16.000 ; md10_low  ; int_en     ; md10_low     ; md9_low     ; 0.000        ; 10.000     ; 30.000     ;
; 16.000 ; md10_low  ; erase      ; md10_low     ; md9_low     ; 0.000        ; 10.000     ; 30.000     ;
; 16.000 ; md11_low  ; write_thru ; md11_low     ; md9_low     ; 0.000        ; 10.000     ; 30.000     ;
; 16.000 ; md11_low  ; store      ; md11_low     ; md9_low     ; 0.000        ; 10.000     ; 30.000     ;
; 16.000 ; md11_low  ; color      ; md11_low     ; md9_low     ; 0.000        ; 10.000     ; 30.000     ;
; 16.000 ; md11_low  ; chan       ; md11_low     ; md9_low     ; 0.000        ; 10.000     ; 30.000     ;
; 16.000 ; md11_low  ; int_en     ; md11_low     ; md9_low     ; 0.000        ; 10.000     ; 30.000     ;
; 16.000 ; md11_low  ; erase      ; md11_low     ; md9_low     ; 0.000        ; 10.000     ; 30.000     ;
; 16.000 ; pause_low ; write_thru ; pause_low    ; md9_low     ; 0.000        ; 10.000     ; 30.000     ;
; 16.000 ; pause_low ; store      ; pause_low    ; md9_low     ; 0.000        ; 10.000     ; 30.000     ;
; 16.000 ; pause_low ; color      ; pause_low    ; md9_low     ; 0.000        ; 10.000     ; 30.000     ;
; 16.000 ; pause_low ; chan       ; pause_low    ; md9_low     ; 0.000        ; 10.000     ; 30.000     ;
; 16.000 ; pause_low ; int_en     ; pause_low    ; md9_low     ; 0.000        ; 10.000     ; 30.000     ;
; 16.000 ; pause_low ; erase      ; pause_low    ; md9_low     ; 0.000        ; 10.000     ; 30.000     ;
; 16.000 ; md4_low   ; write_thru ; md4_low      ; md9_low     ; 0.000        ; 10.000     ; 30.000     ;
; 16.000 ; md4_low   ; store      ; md4_low      ; md9_low     ; 0.000        ; 10.000     ; 30.000     ;
; 16.000 ; md4_low   ; color      ; md4_low      ; md9_low     ; 0.000        ; 10.000     ; 30.000     ;
; 16.000 ; md4_low   ; chan       ; md4_low      ; md9_low     ; 0.000        ; 10.000     ; 30.000     ;
; 16.000 ; md4_low   ; int_en     ; md4_low      ; md9_low     ; 0.000        ; 10.000     ; 30.000     ;
; 16.000 ; md4_low   ; erase      ; md4_low      ; md9_low     ; 0.000        ; 10.000     ; 30.000     ;
; 16.000 ; md3_low   ; write_thru ; md3_low      ; md9_low     ; 0.000        ; 10.000     ; 30.000     ;
; 16.000 ; md3_low   ; store      ; md3_low      ; md9_low     ; 0.000        ; 10.000     ; 30.000     ;
; 16.000 ; md3_low   ; color      ; md3_low      ; md9_low     ; 0.000        ; 10.000     ; 30.000     ;
; 16.000 ; md3_low   ; chan       ; md3_low      ; md9_low     ; 0.000        ; 10.000     ; 30.000     ;
; 16.000 ; md3_low   ; int_en     ; md3_low      ; md9_low     ; 0.000        ; 10.000     ; 30.000     ;
; 16.000 ; md3_low   ; erase      ; md3_low      ; md9_low     ; 0.000        ; 10.000     ; 30.000     ;
; 16.000 ; md7_low   ; write_thru ; md7_low      ; md9_low     ; 0.000        ; 10.000     ; 30.000     ;
; 16.000 ; md7_low   ; store      ; md7_low      ; md9_low     ; 0.000        ; 10.000     ; 30.000     ;
; 16.000 ; md7_low   ; color      ; md7_low      ; md9_low     ; 0.000        ; 10.000     ; 30.000     ;
; 16.000 ; md7_low   ; chan       ; md7_low      ; md9_low     ; 0.000        ; 10.000     ; 30.000     ;
; 16.000 ; md7_low   ; int_en     ; md7_low      ; md9_low     ; 0.000        ; 10.000     ; 30.000     ;
; 16.000 ; md7_low   ; erase      ; md7_low      ; md9_low     ; 0.000        ; 10.000     ; 30.000     ;
; 16.000 ; md6_low   ; write_thru ; md6_low      ; md9_low     ; 0.000        ; 10.000     ; 30.000     ;
; 16.000 ; md6_low   ; store      ; md6_low      ; md9_low     ; 0.000        ; 10.000     ; 30.000     ;
; 16.000 ; md6_low   ; color      ; md6_low      ; md9_low     ; 0.000        ; 10.000     ; 30.000     ;
; 16.000 ; md6_low   ; chan       ; md6_low      ; md9_low     ; 0.000        ; 10.000     ; 30.000     ;
; 16.000 ; md6_low   ; int_en     ; md6_low      ; md9_low     ; 0.000        ; 10.000     ; 30.000     ;
; 16.000 ; md6_low   ; erase      ; md6_low      ; md9_low     ; 0.000        ; 10.000     ; 30.000     ;
; 16.000 ; md8_low   ; write_thru ; md8_low      ; md9_low     ; 0.000        ; 10.000     ; 30.000     ;
; 16.000 ; md8_low   ; store      ; md8_low      ; md9_low     ; 0.000        ; 10.000     ; 30.000     ;
; 16.000 ; md8_low   ; color      ; md8_low      ; md9_low     ; 0.000        ; 10.000     ; 30.000     ;
; 16.000 ; md8_low   ; chan       ; md8_low      ; md9_low     ; 0.000        ; 10.000     ; 30.000     ;
; 16.000 ; md8_low   ; int_en     ; md8_low      ; md9_low     ; 0.000        ; 10.000     ; 30.000     ;
; 16.000 ; md8_low   ; erase      ; md8_low      ; md9_low     ; 0.000        ; 10.000     ; 30.000     ;
; 16.000 ; md5_low   ; write_thru ; md5_low      ; md9_low     ; 0.000        ; 10.000     ; 30.000     ;
; 16.000 ; md5_low   ; store      ; md5_low      ; md9_low     ; 0.000        ; 10.000     ; 30.000     ;
; 16.000 ; md5_low   ; color      ; md5_low      ; md9_low     ; 0.000        ; 10.000     ; 30.000     ;
; 16.000 ; md5_low   ; chan       ; md5_low      ; md9_low     ; 0.000        ; 10.000     ; 30.000     ;
; 16.000 ; md5_low   ; int_en     ; md5_low      ; md9_low     ; 0.000        ; 10.000     ; 30.000     ;
; 16.000 ; md5_low   ; erase      ; md5_low      ; md9_low     ; 0.000        ; 10.000     ; 30.000     ;
; 16.000 ; md9_low   ; write_thru ; md9_low      ; md9_low     ; 0.000        ; 10.000     ; 30.000     ;
; 16.000 ; md9_low   ; store      ; md9_low      ; md9_low     ; 0.000        ; 10.000     ; 30.000     ;
; 16.000 ; md9_low   ; color      ; md9_low      ; md9_low     ; 0.000        ; 10.000     ; 30.000     ;
; 16.000 ; md9_low   ; chan       ; md9_low      ; md9_low     ; 0.000        ; 10.000     ; 30.000     ;
; 16.000 ; md9_low   ; int_en     ; md9_low      ; md9_low     ; 0.000        ; 10.000     ; 30.000     ;
; 16.000 ; md9_low   ; erase      ; md9_low      ; md9_low     ; 0.000        ; 10.000     ; 30.000     ;
; 16.500 ; tp3       ; write_thru ; tp3          ; md9_low     ; -0.500       ; 10.000     ; 30.000     ;
; 16.500 ; tp3       ; store      ; tp3          ; md9_low     ; -0.500       ; 10.000     ; 30.000     ;
; 16.500 ; tp3       ; color      ; tp3          ; md9_low     ; -0.500       ; 10.000     ; 30.000     ;
; 16.500 ; tp3       ; chan       ; tp3          ; md9_low     ; -0.500       ; 10.000     ; 30.000     ;
; 16.500 ; tp3       ; int_en     ; tp3          ; md9_low     ; -0.500       ; 10.000     ; 30.000     ;
; 16.500 ; tp3       ; erase      ; tp3          ; md9_low     ; -0.500       ; 10.000     ; 30.000     ;
; 16.500 ; md10_low  ; write_thru ; md10_low     ; md9_low     ; -0.500       ; 10.000     ; 30.000     ;
; 16.500 ; md10_low  ; store      ; md10_low     ; md9_low     ; -0.500       ; 10.000     ; 30.000     ;
; 16.500 ; md10_low  ; color      ; md10_low     ; md9_low     ; -0.500       ; 10.000     ; 30.000     ;
; 16.500 ; md10_low  ; chan       ; md10_low     ; md9_low     ; -0.500       ; 10.000     ; 30.000     ;
; 16.500 ; md10_low  ; int_en     ; md10_low     ; md9_low     ; -0.500       ; 10.000     ; 30.000     ;
; 16.500 ; md10_low  ; erase      ; md10_low     ; md9_low     ; -0.500       ; 10.000     ; 30.000     ;
; 16.500 ; md11_low  ; write_thru ; md11_low     ; md9_low     ; -0.500       ; 10.000     ; 30.000     ;
; 16.500 ; md11_low  ; store      ; md11_low     ; md9_low     ; -0.500       ; 10.000     ; 30.000     ;
; 16.500 ; md11_low  ; color      ; md11_low     ; md9_low     ; -0.500       ; 10.000     ; 30.000     ;
; 16.500 ; md11_low  ; chan       ; md11_low     ; md9_low     ; -0.500       ; 10.000     ; 30.000     ;
; 16.500 ; md11_low  ; int_en     ; md11_low     ; md9_low     ; -0.500       ; 10.000     ; 30.000     ;
; 16.500 ; md11_low  ; erase      ; md11_low     ; md9_low     ; -0.500       ; 10.000     ; 30.000     ;
; 16.500 ; pause_low ; write_thru ; pause_low    ; md9_low     ; -0.500       ; 10.000     ; 30.000     ;
; 16.500 ; pause_low ; store      ; pause_low    ; md9_low     ; -0.500       ; 10.000     ; 30.000     ;
; 16.500 ; pause_low ; color      ; pause_low    ; md9_low     ; -0.500       ; 10.000     ; 30.000     ;
; 16.500 ; pause_low ; chan       ; pause_low    ; md9_low     ; -0.500       ; 10.000     ; 30.000     ;
; 16.500 ; pause_low ; int_en     ; pause_low    ; md9_low     ; -0.500       ; 10.000     ; 30.000     ;
; 16.500 ; pause_low ; erase      ; pause_low    ; md9_low     ; -0.500       ; 10.000     ; 30.000     ;
; 16.500 ; md4_low   ; write_thru ; md4_low      ; md9_low     ; -0.500       ; 10.000     ; 30.000     ;
; 16.500 ; md4_low   ; store      ; md4_low      ; md9_low     ; -0.500       ; 10.000     ; 30.000     ;
; 16.500 ; md4_low   ; color      ; md4_low      ; md9_low     ; -0.500       ; 10.000     ; 30.000     ;
; 16.500 ; md4_low   ; chan       ; md4_low      ; md9_low     ; -0.500       ; 10.000     ; 30.000     ;
; 16.500 ; md4_low   ; int_en     ; md4_low      ; md9_low     ; -0.500       ; 10.000     ; 30.000     ;
; 16.500 ; md4_low   ; erase      ; md4_low      ; md9_low     ; -0.500       ; 10.000     ; 30.000     ;
; 16.500 ; md3_low   ; write_thru ; md3_low      ; md9_low     ; -0.500       ; 10.000     ; 30.000     ;
; 16.500 ; md3_low   ; store      ; md3_low      ; md9_low     ; -0.500       ; 10.000     ; 30.000     ;
; 16.500 ; md3_low   ; color      ; md3_low      ; md9_low     ; -0.500       ; 10.000     ; 30.000     ;
; 16.500 ; md3_low   ; chan       ; md3_low      ; md9_low     ; -0.500       ; 10.000     ; 30.000     ;
+--------+-----------+------------+--------------+-------------+--------------+------------+------------+


+-------------------------------------------------------------------------------------------------------+
; Removal: 'pause_low'                                                                                  ;
+--------+-----------+------------+--------------+-------------+--------------+------------+------------+
; Slack  ; From Node ; To Node    ; Launch Clock ; Latch Clock ; Relationship ; Clock Skew ; Data Delay ;
+--------+-----------+------------+--------------+-------------+--------------+------------+------------+
; 16.000 ; tp3       ; write_thru ; tp3          ; pause_low   ; 0.000        ; 10.000     ; 30.000     ;
; 16.000 ; tp3       ; store      ; tp3          ; pause_low   ; 0.000        ; 10.000     ; 30.000     ;
; 16.000 ; tp3       ; color      ; tp3          ; pause_low   ; 0.000        ; 10.000     ; 30.000     ;
; 16.000 ; tp3       ; chan       ; tp3          ; pause_low   ; 0.000        ; 10.000     ; 30.000     ;
; 16.000 ; tp3       ; int_en     ; tp3          ; pause_low   ; 0.000        ; 10.000     ; 30.000     ;
; 16.000 ; tp3       ; erase      ; tp3          ; pause_low   ; 0.000        ; 10.000     ; 30.000     ;
; 16.000 ; md10_low  ; write_thru ; md10_low     ; pause_low   ; 0.000        ; 10.000     ; 30.000     ;
; 16.000 ; md10_low  ; store      ; md10_low     ; pause_low   ; 0.000        ; 10.000     ; 30.000     ;
; 16.000 ; md10_low  ; color      ; md10_low     ; pause_low   ; 0.000        ; 10.000     ; 30.000     ;
; 16.000 ; md10_low  ; chan       ; md10_low     ; pause_low   ; 0.000        ; 10.000     ; 30.000     ;
; 16.000 ; md10_low  ; int_en     ; md10_low     ; pause_low   ; 0.000        ; 10.000     ; 30.000     ;
; 16.000 ; md10_low  ; erase      ; md10_low     ; pause_low   ; 0.000        ; 10.000     ; 30.000     ;
; 16.000 ; md11_low  ; write_thru ; md11_low     ; pause_low   ; 0.000        ; 10.000     ; 30.000     ;
; 16.000 ; md11_low  ; store      ; md11_low     ; pause_low   ; 0.000        ; 10.000     ; 30.000     ;
; 16.000 ; md11_low  ; color      ; md11_low     ; pause_low   ; 0.000        ; 10.000     ; 30.000     ;
; 16.000 ; md11_low  ; chan       ; md11_low     ; pause_low   ; 0.000        ; 10.000     ; 30.000     ;
; 16.000 ; md11_low  ; int_en     ; md11_low     ; pause_low   ; 0.000        ; 10.000     ; 30.000     ;
; 16.000 ; md11_low  ; erase      ; md11_low     ; pause_low   ; 0.000        ; 10.000     ; 30.000     ;
; 16.000 ; pause_low ; write_thru ; pause_low    ; pause_low   ; 0.000        ; 10.000     ; 30.000     ;
; 16.000 ; pause_low ; store      ; pause_low    ; pause_low   ; 0.000        ; 10.000     ; 30.000     ;
; 16.000 ; pause_low ; color      ; pause_low    ; pause_low   ; 0.000        ; 10.000     ; 30.000     ;
; 16.000 ; pause_low ; chan       ; pause_low    ; pause_low   ; 0.000        ; 10.000     ; 30.000     ;
; 16.000 ; pause_low ; int_en     ; pause_low    ; pause_low   ; 0.000        ; 10.000     ; 30.000     ;
; 16.000 ; pause_low ; erase      ; pause_low    ; pause_low   ; 0.000        ; 10.000     ; 30.000     ;
; 16.000 ; md4_low   ; write_thru ; md4_low      ; pause_low   ; 0.000        ; 10.000     ; 30.000     ;
; 16.000 ; md4_low   ; store      ; md4_low      ; pause_low   ; 0.000        ; 10.000     ; 30.000     ;
; 16.000 ; md4_low   ; color      ; md4_low      ; pause_low   ; 0.000        ; 10.000     ; 30.000     ;
; 16.000 ; md4_low   ; chan       ; md4_low      ; pause_low   ; 0.000        ; 10.000     ; 30.000     ;
; 16.000 ; md4_low   ; int_en     ; md4_low      ; pause_low   ; 0.000        ; 10.000     ; 30.000     ;
; 16.000 ; md4_low   ; erase      ; md4_low      ; pause_low   ; 0.000        ; 10.000     ; 30.000     ;
; 16.000 ; md3_low   ; write_thru ; md3_low      ; pause_low   ; 0.000        ; 10.000     ; 30.000     ;
; 16.000 ; md3_low   ; store      ; md3_low      ; pause_low   ; 0.000        ; 10.000     ; 30.000     ;
; 16.000 ; md3_low   ; color      ; md3_low      ; pause_low   ; 0.000        ; 10.000     ; 30.000     ;
; 16.000 ; md3_low   ; chan       ; md3_low      ; pause_low   ; 0.000        ; 10.000     ; 30.000     ;
; 16.000 ; md3_low   ; int_en     ; md3_low      ; pause_low   ; 0.000        ; 10.000     ; 30.000     ;
; 16.000 ; md3_low   ; erase      ; md3_low      ; pause_low   ; 0.000        ; 10.000     ; 30.000     ;
; 16.000 ; md7_low   ; write_thru ; md7_low      ; pause_low   ; 0.000        ; 10.000     ; 30.000     ;
; 16.000 ; md7_low   ; store      ; md7_low      ; pause_low   ; 0.000        ; 10.000     ; 30.000     ;
; 16.000 ; md7_low   ; color      ; md7_low      ; pause_low   ; 0.000        ; 10.000     ; 30.000     ;
; 16.000 ; md7_low   ; chan       ; md7_low      ; pause_low   ; 0.000        ; 10.000     ; 30.000     ;
; 16.000 ; md7_low   ; int_en     ; md7_low      ; pause_low   ; 0.000        ; 10.000     ; 30.000     ;
; 16.000 ; md7_low   ; erase      ; md7_low      ; pause_low   ; 0.000        ; 10.000     ; 30.000     ;
; 16.000 ; md6_low   ; write_thru ; md6_low      ; pause_low   ; 0.000        ; 10.000     ; 30.000     ;
; 16.000 ; md6_low   ; store      ; md6_low      ; pause_low   ; 0.000        ; 10.000     ; 30.000     ;
; 16.000 ; md6_low   ; color      ; md6_low      ; pause_low   ; 0.000        ; 10.000     ; 30.000     ;
; 16.000 ; md6_low   ; chan       ; md6_low      ; pause_low   ; 0.000        ; 10.000     ; 30.000     ;
; 16.000 ; md6_low   ; int_en     ; md6_low      ; pause_low   ; 0.000        ; 10.000     ; 30.000     ;
; 16.000 ; md6_low   ; erase      ; md6_low      ; pause_low   ; 0.000        ; 10.000     ; 30.000     ;
; 16.000 ; md8_low   ; write_thru ; md8_low      ; pause_low   ; 0.000        ; 10.000     ; 30.000     ;
; 16.000 ; md8_low   ; store      ; md8_low      ; pause_low   ; 0.000        ; 10.000     ; 30.000     ;
; 16.000 ; md8_low   ; color      ; md8_low      ; pause_low   ; 0.000        ; 10.000     ; 30.000     ;
; 16.000 ; md8_low   ; chan       ; md8_low      ; pause_low   ; 0.000        ; 10.000     ; 30.000     ;
; 16.000 ; md8_low   ; int_en     ; md8_low      ; pause_low   ; 0.000        ; 10.000     ; 30.000     ;
; 16.000 ; md8_low   ; erase      ; md8_low      ; pause_low   ; 0.000        ; 10.000     ; 30.000     ;
; 16.000 ; md5_low   ; write_thru ; md5_low      ; pause_low   ; 0.000        ; 10.000     ; 30.000     ;
; 16.000 ; md5_low   ; store      ; md5_low      ; pause_low   ; 0.000        ; 10.000     ; 30.000     ;
; 16.000 ; md5_low   ; color      ; md5_low      ; pause_low   ; 0.000        ; 10.000     ; 30.000     ;
; 16.000 ; md5_low   ; chan       ; md5_low      ; pause_low   ; 0.000        ; 10.000     ; 30.000     ;
; 16.000 ; md5_low   ; int_en     ; md5_low      ; pause_low   ; 0.000        ; 10.000     ; 30.000     ;
; 16.000 ; md5_low   ; erase      ; md5_low      ; pause_low   ; 0.000        ; 10.000     ; 30.000     ;
; 16.000 ; md9_low   ; write_thru ; md9_low      ; pause_low   ; 0.000        ; 10.000     ; 30.000     ;
; 16.000 ; md9_low   ; store      ; md9_low      ; pause_low   ; 0.000        ; 10.000     ; 30.000     ;
; 16.000 ; md9_low   ; color      ; md9_low      ; pause_low   ; 0.000        ; 10.000     ; 30.000     ;
; 16.000 ; md9_low   ; chan       ; md9_low      ; pause_low   ; 0.000        ; 10.000     ; 30.000     ;
; 16.000 ; md9_low   ; int_en     ; md9_low      ; pause_low   ; 0.000        ; 10.000     ; 30.000     ;
; 16.000 ; md9_low   ; erase      ; md9_low      ; pause_low   ; 0.000        ; 10.000     ; 30.000     ;
; 16.500 ; tp3       ; write_thru ; tp3          ; pause_low   ; -0.500       ; 10.000     ; 30.000     ;
; 16.500 ; tp3       ; store      ; tp3          ; pause_low   ; -0.500       ; 10.000     ; 30.000     ;
; 16.500 ; tp3       ; color      ; tp3          ; pause_low   ; -0.500       ; 10.000     ; 30.000     ;
; 16.500 ; tp3       ; chan       ; tp3          ; pause_low   ; -0.500       ; 10.000     ; 30.000     ;
; 16.500 ; tp3       ; int_en     ; tp3          ; pause_low   ; -0.500       ; 10.000     ; 30.000     ;
; 16.500 ; tp3       ; erase      ; tp3          ; pause_low   ; -0.500       ; 10.000     ; 30.000     ;
; 16.500 ; md10_low  ; write_thru ; md10_low     ; pause_low   ; -0.500       ; 10.000     ; 30.000     ;
; 16.500 ; md10_low  ; store      ; md10_low     ; pause_low   ; -0.500       ; 10.000     ; 30.000     ;
; 16.500 ; md10_low  ; color      ; md10_low     ; pause_low   ; -0.500       ; 10.000     ; 30.000     ;
; 16.500 ; md10_low  ; chan       ; md10_low     ; pause_low   ; -0.500       ; 10.000     ; 30.000     ;
; 16.500 ; md10_low  ; int_en     ; md10_low     ; pause_low   ; -0.500       ; 10.000     ; 30.000     ;
; 16.500 ; md10_low  ; erase      ; md10_low     ; pause_low   ; -0.500       ; 10.000     ; 30.000     ;
; 16.500 ; md11_low  ; write_thru ; md11_low     ; pause_low   ; -0.500       ; 10.000     ; 30.000     ;
; 16.500 ; md11_low  ; store      ; md11_low     ; pause_low   ; -0.500       ; 10.000     ; 30.000     ;
; 16.500 ; md11_low  ; color      ; md11_low     ; pause_low   ; -0.500       ; 10.000     ; 30.000     ;
; 16.500 ; md11_low  ; chan       ; md11_low     ; pause_low   ; -0.500       ; 10.000     ; 30.000     ;
; 16.500 ; md11_low  ; int_en     ; md11_low     ; pause_low   ; -0.500       ; 10.000     ; 30.000     ;
; 16.500 ; md11_low  ; erase      ; md11_low     ; pause_low   ; -0.500       ; 10.000     ; 30.000     ;
; 16.500 ; pause_low ; write_thru ; pause_low    ; pause_low   ; -0.500       ; 10.000     ; 30.000     ;
; 16.500 ; pause_low ; store      ; pause_low    ; pause_low   ; -0.500       ; 10.000     ; 30.000     ;
; 16.500 ; pause_low ; color      ; pause_low    ; pause_low   ; -0.500       ; 10.000     ; 30.000     ;
; 16.500 ; pause_low ; chan       ; pause_low    ; pause_low   ; -0.500       ; 10.000     ; 30.000     ;
; 16.500 ; pause_low ; int_en     ; pause_low    ; pause_low   ; -0.500       ; 10.000     ; 30.000     ;
; 16.500 ; pause_low ; erase      ; pause_low    ; pause_low   ; -0.500       ; 10.000     ; 30.000     ;
; 16.500 ; md4_low   ; write_thru ; md4_low      ; pause_low   ; -0.500       ; 10.000     ; 30.000     ;
; 16.500 ; md4_low   ; store      ; md4_low      ; pause_low   ; -0.500       ; 10.000     ; 30.000     ;
; 16.500 ; md4_low   ; color      ; md4_low      ; pause_low   ; -0.500       ; 10.000     ; 30.000     ;
; 16.500 ; md4_low   ; chan       ; md4_low      ; pause_low   ; -0.500       ; 10.000     ; 30.000     ;
; 16.500 ; md4_low   ; int_en     ; md4_low      ; pause_low   ; -0.500       ; 10.000     ; 30.000     ;
; 16.500 ; md4_low   ; erase      ; md4_low      ; pause_low   ; -0.500       ; 10.000     ; 30.000     ;
; 16.500 ; md3_low   ; write_thru ; md3_low      ; pause_low   ; -0.500       ; 10.000     ; 30.000     ;
; 16.500 ; md3_low   ; store      ; md3_low      ; pause_low   ; -0.500       ; 10.000     ; 30.000     ;
; 16.500 ; md3_low   ; color      ; md3_low      ; pause_low   ; -0.500       ; 10.000     ; 30.000     ;
; 16.500 ; md3_low   ; chan       ; md3_low      ; pause_low   ; -0.500       ; 10.000     ; 30.000     ;
+--------+-----------+------------+--------------+-------------+--------------+------------+------------+


+-------------------------------------------------------------------------------------------------------+
; Removal: 'tp3'                                                                                        ;
+--------+-----------+------------+--------------+-------------+--------------+------------+------------+
; Slack  ; From Node ; To Node    ; Launch Clock ; Latch Clock ; Relationship ; Clock Skew ; Data Delay ;
+--------+-----------+------------+--------------+-------------+--------------+------------+------------+
; 16.000 ; tp3       ; write_thru ; tp3          ; tp3         ; 0.000        ; 10.000     ; 30.000     ;
; 16.000 ; tp3       ; store      ; tp3          ; tp3         ; 0.000        ; 10.000     ; 30.000     ;
; 16.000 ; tp3       ; color      ; tp3          ; tp3         ; 0.000        ; 10.000     ; 30.000     ;
; 16.000 ; tp3       ; chan       ; tp3          ; tp3         ; 0.000        ; 10.000     ; 30.000     ;
; 16.000 ; tp3       ; int_en     ; tp3          ; tp3         ; 0.000        ; 10.000     ; 30.000     ;
; 16.000 ; tp3       ; erase      ; tp3          ; tp3         ; 0.000        ; 10.000     ; 30.000     ;
; 16.000 ; md10_low  ; write_thru ; md10_low     ; tp3         ; 0.000        ; 10.000     ; 30.000     ;
; 16.000 ; md10_low  ; store      ; md10_low     ; tp3         ; 0.000        ; 10.000     ; 30.000     ;
; 16.000 ; md10_low  ; color      ; md10_low     ; tp3         ; 0.000        ; 10.000     ; 30.000     ;
; 16.000 ; md10_low  ; chan       ; md10_low     ; tp3         ; 0.000        ; 10.000     ; 30.000     ;
; 16.000 ; md10_low  ; int_en     ; md10_low     ; tp3         ; 0.000        ; 10.000     ; 30.000     ;
; 16.000 ; md10_low  ; erase      ; md10_low     ; tp3         ; 0.000        ; 10.000     ; 30.000     ;
; 16.000 ; md11_low  ; write_thru ; md11_low     ; tp3         ; 0.000        ; 10.000     ; 30.000     ;
; 16.000 ; md11_low  ; store      ; md11_low     ; tp3         ; 0.000        ; 10.000     ; 30.000     ;
; 16.000 ; md11_low  ; color      ; md11_low     ; tp3         ; 0.000        ; 10.000     ; 30.000     ;
; 16.000 ; md11_low  ; chan       ; md11_low     ; tp3         ; 0.000        ; 10.000     ; 30.000     ;
; 16.000 ; md11_low  ; int_en     ; md11_low     ; tp3         ; 0.000        ; 10.000     ; 30.000     ;
; 16.000 ; md11_low  ; erase      ; md11_low     ; tp3         ; 0.000        ; 10.000     ; 30.000     ;
; 16.000 ; pause_low ; write_thru ; pause_low    ; tp3         ; 0.000        ; 10.000     ; 30.000     ;
; 16.000 ; pause_low ; store      ; pause_low    ; tp3         ; 0.000        ; 10.000     ; 30.000     ;
; 16.000 ; pause_low ; color      ; pause_low    ; tp3         ; 0.000        ; 10.000     ; 30.000     ;
; 16.000 ; pause_low ; chan       ; pause_low    ; tp3         ; 0.000        ; 10.000     ; 30.000     ;
; 16.000 ; pause_low ; int_en     ; pause_low    ; tp3         ; 0.000        ; 10.000     ; 30.000     ;
; 16.000 ; pause_low ; erase      ; pause_low    ; tp3         ; 0.000        ; 10.000     ; 30.000     ;
; 16.000 ; md4_low   ; write_thru ; md4_low      ; tp3         ; 0.000        ; 10.000     ; 30.000     ;
; 16.000 ; md4_low   ; store      ; md4_low      ; tp3         ; 0.000        ; 10.000     ; 30.000     ;
; 16.000 ; md4_low   ; color      ; md4_low      ; tp3         ; 0.000        ; 10.000     ; 30.000     ;
; 16.000 ; md4_low   ; chan       ; md4_low      ; tp3         ; 0.000        ; 10.000     ; 30.000     ;
; 16.000 ; md4_low   ; int_en     ; md4_low      ; tp3         ; 0.000        ; 10.000     ; 30.000     ;
; 16.000 ; md4_low   ; erase      ; md4_low      ; tp3         ; 0.000        ; 10.000     ; 30.000     ;
; 16.000 ; md3_low   ; write_thru ; md3_low      ; tp3         ; 0.000        ; 10.000     ; 30.000     ;
; 16.000 ; md3_low   ; store      ; md3_low      ; tp3         ; 0.000        ; 10.000     ; 30.000     ;
; 16.000 ; md3_low   ; color      ; md3_low      ; tp3         ; 0.000        ; 10.000     ; 30.000     ;
; 16.000 ; md3_low   ; chan       ; md3_low      ; tp3         ; 0.000        ; 10.000     ; 30.000     ;
; 16.000 ; md3_low   ; int_en     ; md3_low      ; tp3         ; 0.000        ; 10.000     ; 30.000     ;
; 16.000 ; md3_low   ; erase      ; md3_low      ; tp3         ; 0.000        ; 10.000     ; 30.000     ;
; 16.000 ; md7_low   ; write_thru ; md7_low      ; tp3         ; 0.000        ; 10.000     ; 30.000     ;
; 16.000 ; md7_low   ; store      ; md7_low      ; tp3         ; 0.000        ; 10.000     ; 30.000     ;
; 16.000 ; md7_low   ; color      ; md7_low      ; tp3         ; 0.000        ; 10.000     ; 30.000     ;
; 16.000 ; md7_low   ; chan       ; md7_low      ; tp3         ; 0.000        ; 10.000     ; 30.000     ;
; 16.000 ; md7_low   ; int_en     ; md7_low      ; tp3         ; 0.000        ; 10.000     ; 30.000     ;
; 16.000 ; md7_low   ; erase      ; md7_low      ; tp3         ; 0.000        ; 10.000     ; 30.000     ;
; 16.000 ; md6_low   ; write_thru ; md6_low      ; tp3         ; 0.000        ; 10.000     ; 30.000     ;
; 16.000 ; md6_low   ; store      ; md6_low      ; tp3         ; 0.000        ; 10.000     ; 30.000     ;
; 16.000 ; md6_low   ; color      ; md6_low      ; tp3         ; 0.000        ; 10.000     ; 30.000     ;
; 16.000 ; md6_low   ; chan       ; md6_low      ; tp3         ; 0.000        ; 10.000     ; 30.000     ;
; 16.000 ; md6_low   ; int_en     ; md6_low      ; tp3         ; 0.000        ; 10.000     ; 30.000     ;
; 16.000 ; md6_low   ; erase      ; md6_low      ; tp3         ; 0.000        ; 10.000     ; 30.000     ;
; 16.000 ; md8_low   ; write_thru ; md8_low      ; tp3         ; 0.000        ; 10.000     ; 30.000     ;
; 16.000 ; md8_low   ; store      ; md8_low      ; tp3         ; 0.000        ; 10.000     ; 30.000     ;
; 16.000 ; md8_low   ; color      ; md8_low      ; tp3         ; 0.000        ; 10.000     ; 30.000     ;
; 16.000 ; md8_low   ; chan       ; md8_low      ; tp3         ; 0.000        ; 10.000     ; 30.000     ;
; 16.000 ; md8_low   ; int_en     ; md8_low      ; tp3         ; 0.000        ; 10.000     ; 30.000     ;
; 16.000 ; md8_low   ; erase      ; md8_low      ; tp3         ; 0.000        ; 10.000     ; 30.000     ;
; 16.000 ; md5_low   ; write_thru ; md5_low      ; tp3         ; 0.000        ; 10.000     ; 30.000     ;
; 16.000 ; md5_low   ; store      ; md5_low      ; tp3         ; 0.000        ; 10.000     ; 30.000     ;
; 16.000 ; md5_low   ; color      ; md5_low      ; tp3         ; 0.000        ; 10.000     ; 30.000     ;
; 16.000 ; md5_low   ; chan       ; md5_low      ; tp3         ; 0.000        ; 10.000     ; 30.000     ;
; 16.000 ; md5_low   ; int_en     ; md5_low      ; tp3         ; 0.000        ; 10.000     ; 30.000     ;
; 16.000 ; md5_low   ; erase      ; md5_low      ; tp3         ; 0.000        ; 10.000     ; 30.000     ;
; 16.000 ; md9_low   ; write_thru ; md9_low      ; tp3         ; 0.000        ; 10.000     ; 30.000     ;
; 16.000 ; md9_low   ; store      ; md9_low      ; tp3         ; 0.000        ; 10.000     ; 30.000     ;
; 16.000 ; md9_low   ; color      ; md9_low      ; tp3         ; 0.000        ; 10.000     ; 30.000     ;
; 16.000 ; md9_low   ; chan       ; md9_low      ; tp3         ; 0.000        ; 10.000     ; 30.000     ;
; 16.000 ; md9_low   ; int_en     ; md9_low      ; tp3         ; 0.000        ; 10.000     ; 30.000     ;
; 16.000 ; md9_low   ; erase      ; md9_low      ; tp3         ; 0.000        ; 10.000     ; 30.000     ;
; 16.500 ; tp3       ; write_thru ; tp3          ; tp3         ; -0.500       ; 10.000     ; 30.000     ;
; 16.500 ; tp3       ; store      ; tp3          ; tp3         ; -0.500       ; 10.000     ; 30.000     ;
; 16.500 ; tp3       ; color      ; tp3          ; tp3         ; -0.500       ; 10.000     ; 30.000     ;
; 16.500 ; tp3       ; chan       ; tp3          ; tp3         ; -0.500       ; 10.000     ; 30.000     ;
; 16.500 ; tp3       ; int_en     ; tp3          ; tp3         ; -0.500       ; 10.000     ; 30.000     ;
; 16.500 ; tp3       ; erase      ; tp3          ; tp3         ; -0.500       ; 10.000     ; 30.000     ;
; 16.500 ; md10_low  ; write_thru ; md10_low     ; tp3         ; -0.500       ; 10.000     ; 30.000     ;
; 16.500 ; md10_low  ; store      ; md10_low     ; tp3         ; -0.500       ; 10.000     ; 30.000     ;
; 16.500 ; md10_low  ; color      ; md10_low     ; tp3         ; -0.500       ; 10.000     ; 30.000     ;
; 16.500 ; md10_low  ; chan       ; md10_low     ; tp3         ; -0.500       ; 10.000     ; 30.000     ;
; 16.500 ; md10_low  ; int_en     ; md10_low     ; tp3         ; -0.500       ; 10.000     ; 30.000     ;
; 16.500 ; md10_low  ; erase      ; md10_low     ; tp3         ; -0.500       ; 10.000     ; 30.000     ;
; 16.500 ; md11_low  ; write_thru ; md11_low     ; tp3         ; -0.500       ; 10.000     ; 30.000     ;
; 16.500 ; md11_low  ; store      ; md11_low     ; tp3         ; -0.500       ; 10.000     ; 30.000     ;
; 16.500 ; md11_low  ; color      ; md11_low     ; tp3         ; -0.500       ; 10.000     ; 30.000     ;
; 16.500 ; md11_low  ; chan       ; md11_low     ; tp3         ; -0.500       ; 10.000     ; 30.000     ;
; 16.500 ; md11_low  ; int_en     ; md11_low     ; tp3         ; -0.500       ; 10.000     ; 30.000     ;
; 16.500 ; md11_low  ; erase      ; md11_low     ; tp3         ; -0.500       ; 10.000     ; 30.000     ;
; 16.500 ; pause_low ; write_thru ; pause_low    ; tp3         ; -0.500       ; 10.000     ; 30.000     ;
; 16.500 ; pause_low ; store      ; pause_low    ; tp3         ; -0.500       ; 10.000     ; 30.000     ;
; 16.500 ; pause_low ; color      ; pause_low    ; tp3         ; -0.500       ; 10.000     ; 30.000     ;
; 16.500 ; pause_low ; chan       ; pause_low    ; tp3         ; -0.500       ; 10.000     ; 30.000     ;
; 16.500 ; pause_low ; int_en     ; pause_low    ; tp3         ; -0.500       ; 10.000     ; 30.000     ;
; 16.500 ; pause_low ; erase      ; pause_low    ; tp3         ; -0.500       ; 10.000     ; 30.000     ;
; 16.500 ; md4_low   ; write_thru ; md4_low      ; tp3         ; -0.500       ; 10.000     ; 30.000     ;
; 16.500 ; md4_low   ; store      ; md4_low      ; tp3         ; -0.500       ; 10.000     ; 30.000     ;
; 16.500 ; md4_low   ; color      ; md4_low      ; tp3         ; -0.500       ; 10.000     ; 30.000     ;
; 16.500 ; md4_low   ; chan       ; md4_low      ; tp3         ; -0.500       ; 10.000     ; 30.000     ;
; 16.500 ; md4_low   ; int_en     ; md4_low      ; tp3         ; -0.500       ; 10.000     ; 30.000     ;
; 16.500 ; md4_low   ; erase      ; md4_low      ; tp3         ; -0.500       ; 10.000     ; 30.000     ;
; 16.500 ; md3_low   ; write_thru ; md3_low      ; tp3         ; -0.500       ; 10.000     ; 30.000     ;
; 16.500 ; md3_low   ; store      ; md3_low      ; tp3         ; -0.500       ; 10.000     ; 30.000     ;
; 16.500 ; md3_low   ; color      ; md3_low      ; tp3         ; -0.500       ; 10.000     ; 30.000     ;
; 16.500 ; md3_low   ; chan       ; md3_low      ; tp3         ; -0.500       ; 10.000     ; 30.000     ;
+--------+-----------+------------+--------------+-------------+--------------+------------+------------+


+------------------------------------------------------------------------------------------------------+
; Minimum Pulse Width: 'md10_low'                                                                      ;
+--------+--------------+----------------+------------------+----------+------------+------------------+
; Slack  ; Actual Width ; Required Width ; Type             ; Clock    ; Clock Edge ; Target           ;
+--------+--------------+----------------+------------------+----------+------------+------------------+
; -5.500 ; 0.500        ; 6.000          ; High Pulse Width ; md10_low ; Rise       ; chan             ;
; -5.500 ; 0.500        ; 6.000          ; Low Pulse Width  ; md10_low ; Rise       ; chan             ;
; -5.500 ; 0.500        ; 6.000          ; High Pulse Width ; md10_low ; Rise       ; color            ;
; -5.500 ; 0.500        ; 6.000          ; Low Pulse Width  ; md10_low ; Rise       ; color            ;
; -5.500 ; 0.500        ; 6.000          ; High Pulse Width ; md10_low ; Rise       ; erase            ;
; -5.500 ; 0.500        ; 6.000          ; Low Pulse Width  ; md10_low ; Rise       ; erase            ;
; -5.500 ; 0.500        ; 6.000          ; High Pulse Width ; md10_low ; Rise       ; int_en           ;
; -5.500 ; 0.500        ; 6.000          ; Low Pulse Width  ; md10_low ; Rise       ; int_en           ;
; -5.500 ; 0.500        ; 6.000          ; High Pulse Width ; md10_low ; Rise       ; store            ;
; -5.500 ; 0.500        ; 6.000          ; Low Pulse Width  ; md10_low ; Rise       ; store            ;
; -5.500 ; 0.500        ; 6.000          ; High Pulse Width ; md10_low ; Rise       ; write_thru       ;
; -5.500 ; 0.500        ; 6.000          ; Low Pulse Width  ; md10_low ; Rise       ; write_thru       ;
; 0.500  ; 0.500        ; 0.000          ; High Pulse Width ; md10_low ; Rise       ; chan|[10]        ;
; 0.500  ; 0.500        ; 0.000          ; Low Pulse Width  ; md10_low ; Rise       ; chan|[10]        ;
; 0.500  ; 0.500        ; 0.000          ; High Pulse Width ; md10_low ; Rise       ; color|[10]       ;
; 0.500  ; 0.500        ; 0.000          ; Low Pulse Width  ; md10_low ; Rise       ; color|[10]       ;
; 0.500  ; 0.500        ; 0.000          ; High Pulse Width ; md10_low ; Rise       ; erase|[10]       ;
; 0.500  ; 0.500        ; 0.000          ; Low Pulse Width  ; md10_low ; Rise       ; erase|[10]       ;
; 0.500  ; 0.500        ; 0.000          ; High Pulse Width ; md10_low ; Rise       ; int_en|[10]      ;
; 0.500  ; 0.500        ; 0.000          ; Low Pulse Width  ; md10_low ; Rise       ; int_en|[10]      ;
; 0.500  ; 0.500        ; 0.000          ; High Pulse Width ; md10_low ; Rise       ; md10_low|dataout ;
; 0.500  ; 0.500        ; 0.000          ; Low Pulse Width  ; md10_low ; Rise       ; md10_low|dataout ;
; 0.500  ; 0.500        ; 0.000          ; High Pulse Width ; md10_low ; Rise       ; store|[10]       ;
; 0.500  ; 0.500        ; 0.000          ; Low Pulse Width  ; md10_low ; Rise       ; store|[10]       ;
; 0.500  ; 0.500        ; 0.000          ; High Pulse Width ; md10_low ; Rise       ; write_thru|[10]  ;
; 0.500  ; 0.500        ; 0.000          ; Low Pulse Width  ; md10_low ; Rise       ; write_thru|[10]  ;
+--------+--------------+----------------+------------------+----------+------------+------------------+


+------------------------------------------------------------------------------------------------------+
; Minimum Pulse Width: 'md11_low'                                                                      ;
+--------+--------------+----------------+------------------+----------+------------+------------------+
; Slack  ; Actual Width ; Required Width ; Type             ; Clock    ; Clock Edge ; Target           ;
+--------+--------------+----------------+------------------+----------+------------+------------------+
; -5.500 ; 0.500        ; 6.000          ; High Pulse Width ; md11_low ; Rise       ; chan             ;
; -5.500 ; 0.500        ; 6.000          ; Low Pulse Width  ; md11_low ; Rise       ; chan             ;
; -5.500 ; 0.500        ; 6.000          ; High Pulse Width ; md11_low ; Rise       ; color            ;
; -5.500 ; 0.500        ; 6.000          ; Low Pulse Width  ; md11_low ; Rise       ; color            ;
; -5.500 ; 0.500        ; 6.000          ; High Pulse Width ; md11_low ; Rise       ; erase            ;
; -5.500 ; 0.500        ; 6.000          ; Low Pulse Width  ; md11_low ; Rise       ; erase            ;
; -5.500 ; 0.500        ; 6.000          ; High Pulse Width ; md11_low ; Rise       ; int_en           ;
; -5.500 ; 0.500        ; 6.000          ; Low Pulse Width  ; md11_low ; Rise       ; int_en           ;
; -5.500 ; 0.500        ; 6.000          ; High Pulse Width ; md11_low ; Rise       ; store            ;
; -5.500 ; 0.500        ; 6.000          ; Low Pulse Width  ; md11_low ; Rise       ; store            ;
; -5.500 ; 0.500        ; 6.000          ; High Pulse Width ; md11_low ; Rise       ; write_thru       ;
; -5.500 ; 0.500        ; 6.000          ; Low Pulse Width  ; md11_low ; Rise       ; write_thru       ;
; 0.500  ; 0.500        ; 0.000          ; High Pulse Width ; md11_low ; Rise       ; chan|[9]         ;
; 0.500  ; 0.500        ; 0.000          ; Low Pulse Width  ; md11_low ; Rise       ; chan|[9]         ;
; 0.500  ; 0.500        ; 0.000          ; High Pulse Width ; md11_low ; Rise       ; color|[9]        ;
; 0.500  ; 0.500        ; 0.000          ; Low Pulse Width  ; md11_low ; Rise       ; color|[9]        ;
; 0.500  ; 0.500        ; 0.000          ; High Pulse Width ; md11_low ; Rise       ; erase|[9]        ;
; 0.500  ; 0.500        ; 0.000          ; Low Pulse Width  ; md11_low ; Rise       ; erase|[9]        ;
; 0.500  ; 0.500        ; 0.000          ; High Pulse Width ; md11_low ; Rise       ; int_en|[9]       ;
; 0.500  ; 0.500        ; 0.000          ; Low Pulse Width  ; md11_low ; Rise       ; int_en|[9]       ;
; 0.500  ; 0.500        ; 0.000          ; High Pulse Width ; md11_low ; Rise       ; md11_low|dataout ;
; 0.500  ; 0.500        ; 0.000          ; Low Pulse Width  ; md11_low ; Rise       ; md11_low|dataout ;
; 0.500  ; 0.500        ; 0.000          ; High Pulse Width ; md11_low ; Rise       ; store|[9]        ;
; 0.500  ; 0.500        ; 0.000          ; Low Pulse Width  ; md11_low ; Rise       ; store|[9]        ;
; 0.500  ; 0.500        ; 0.000          ; High Pulse Width ; md11_low ; Rise       ; write_thru|[9]   ;
; 0.500  ; 0.500        ; 0.000          ; Low Pulse Width  ; md11_low ; Rise       ; write_thru|[9]   ;
+--------+--------------+----------------+------------------+----------+------------+------------------+


+----------------------------------------------------------------------------------------------------+
; Minimum Pulse Width: 'md3_low'                                                                     ;
+--------+--------------+----------------+------------------+---------+------------+-----------------+
; Slack  ; Actual Width ; Required Width ; Type             ; Clock   ; Clock Edge ; Target          ;
+--------+--------------+----------------+------------------+---------+------------+-----------------+
; -5.500 ; 0.500        ; 6.000          ; High Pulse Width ; md3_low ; Rise       ; chan            ;
; -5.500 ; 0.500        ; 6.000          ; Low Pulse Width  ; md3_low ; Rise       ; chan            ;
; -5.500 ; 0.500        ; 6.000          ; High Pulse Width ; md3_low ; Rise       ; color           ;
; -5.500 ; 0.500        ; 6.000          ; Low Pulse Width  ; md3_low ; Rise       ; color           ;
; -5.500 ; 0.500        ; 6.000          ; High Pulse Width ; md3_low ; Rise       ; erase           ;
; -5.500 ; 0.500        ; 6.000          ; Low Pulse Width  ; md3_low ; Rise       ; erase           ;
; -5.500 ; 0.500        ; 6.000          ; High Pulse Width ; md3_low ; Rise       ; int_en          ;
; -5.500 ; 0.500        ; 6.000          ; Low Pulse Width  ; md3_low ; Rise       ; int_en          ;
; -5.500 ; 0.500        ; 6.000          ; High Pulse Width ; md3_low ; Rise       ; store           ;
; -5.500 ; 0.500        ; 6.000          ; Low Pulse Width  ; md3_low ; Rise       ; store           ;
; -5.500 ; 0.500        ; 6.000          ; High Pulse Width ; md3_low ; Rise       ; write_thru      ;
; -5.500 ; 0.500        ; 6.000          ; Low Pulse Width  ; md3_low ; Rise       ; write_thru      ;
; 0.500  ; 0.500        ; 0.000          ; High Pulse Width ; md3_low ; Rise       ; chan|[6]        ;
; 0.500  ; 0.500        ; 0.000          ; Low Pulse Width  ; md3_low ; Rise       ; chan|[6]        ;
; 0.500  ; 0.500        ; 0.000          ; High Pulse Width ; md3_low ; Rise       ; color|[6]       ;
; 0.500  ; 0.500        ; 0.000          ; Low Pulse Width  ; md3_low ; Rise       ; color|[6]       ;
; 0.500  ; 0.500        ; 0.000          ; High Pulse Width ; md3_low ; Rise       ; erase|[6]       ;
; 0.500  ; 0.500        ; 0.000          ; Low Pulse Width  ; md3_low ; Rise       ; erase|[6]       ;
; 0.500  ; 0.500        ; 0.000          ; High Pulse Width ; md3_low ; Rise       ; int_en|[6]      ;
; 0.500  ; 0.500        ; 0.000          ; Low Pulse Width  ; md3_low ; Rise       ; int_en|[6]      ;
; 0.500  ; 0.500        ; 0.000          ; High Pulse Width ; md3_low ; Rise       ; md3_low|dataout ;
; 0.500  ; 0.500        ; 0.000          ; Low Pulse Width  ; md3_low ; Rise       ; md3_low|dataout ;
; 0.500  ; 0.500        ; 0.000          ; High Pulse Width ; md3_low ; Rise       ; store|[6]       ;
; 0.500  ; 0.500        ; 0.000          ; Low Pulse Width  ; md3_low ; Rise       ; store|[6]       ;
; 0.500  ; 0.500        ; 0.000          ; High Pulse Width ; md3_low ; Rise       ; write_thru|[6]  ;
; 0.500  ; 0.500        ; 0.000          ; Low Pulse Width  ; md3_low ; Rise       ; write_thru|[6]  ;
+--------+--------------+----------------+------------------+---------+------------+-----------------+


+----------------------------------------------------------------------------------------------------+
; Minimum Pulse Width: 'md4_low'                                                                     ;
+--------+--------------+----------------+------------------+---------+------------+-----------------+
; Slack  ; Actual Width ; Required Width ; Type             ; Clock   ; Clock Edge ; Target          ;
+--------+--------------+----------------+------------------+---------+------------+-----------------+
; -5.500 ; 0.500        ; 6.000          ; High Pulse Width ; md4_low ; Rise       ; chan            ;
; -5.500 ; 0.500        ; 6.000          ; Low Pulse Width  ; md4_low ; Rise       ; chan            ;
; -5.500 ; 0.500        ; 6.000          ; High Pulse Width ; md4_low ; Rise       ; color           ;
; -5.500 ; 0.500        ; 6.000          ; Low Pulse Width  ; md4_low ; Rise       ; color           ;
; -5.500 ; 0.500        ; 6.000          ; High Pulse Width ; md4_low ; Rise       ; erase           ;
; -5.500 ; 0.500        ; 6.000          ; Low Pulse Width  ; md4_low ; Rise       ; erase           ;
; -5.500 ; 0.500        ; 6.000          ; High Pulse Width ; md4_low ; Rise       ; int_en          ;
; -5.500 ; 0.500        ; 6.000          ; Low Pulse Width  ; md4_low ; Rise       ; int_en          ;
; -5.500 ; 0.500        ; 6.000          ; High Pulse Width ; md4_low ; Rise       ; store           ;
; -5.500 ; 0.500        ; 6.000          ; Low Pulse Width  ; md4_low ; Rise       ; store           ;
; -5.500 ; 0.500        ; 6.000          ; High Pulse Width ; md4_low ; Rise       ; write_thru      ;
; -5.500 ; 0.500        ; 6.000          ; Low Pulse Width  ; md4_low ; Rise       ; write_thru      ;
; 0.500  ; 0.500        ; 0.000          ; High Pulse Width ; md4_low ; Rise       ; chan|[7]        ;
; 0.500  ; 0.500        ; 0.000          ; Low Pulse Width  ; md4_low ; Rise       ; chan|[7]        ;
; 0.500  ; 0.500        ; 0.000          ; High Pulse Width ; md4_low ; Rise       ; color|[7]       ;
; 0.500  ; 0.500        ; 0.000          ; Low Pulse Width  ; md4_low ; Rise       ; color|[7]       ;
; 0.500  ; 0.500        ; 0.000          ; High Pulse Width ; md4_low ; Rise       ; erase|[7]       ;
; 0.500  ; 0.500        ; 0.000          ; Low Pulse Width  ; md4_low ; Rise       ; erase|[7]       ;
; 0.500  ; 0.500        ; 0.000          ; High Pulse Width ; md4_low ; Rise       ; int_en|[7]      ;
; 0.500  ; 0.500        ; 0.000          ; Low Pulse Width  ; md4_low ; Rise       ; int_en|[7]      ;
; 0.500  ; 0.500        ; 0.000          ; High Pulse Width ; md4_low ; Rise       ; md4_low|dataout ;
; 0.500  ; 0.500        ; 0.000          ; Low Pulse Width  ; md4_low ; Rise       ; md4_low|dataout ;
; 0.500  ; 0.500        ; 0.000          ; High Pulse Width ; md4_low ; Rise       ; store|[7]       ;
; 0.500  ; 0.500        ; 0.000          ; Low Pulse Width  ; md4_low ; Rise       ; store|[7]       ;
; 0.500  ; 0.500        ; 0.000          ; High Pulse Width ; md4_low ; Rise       ; write_thru|[7]  ;
; 0.500  ; 0.500        ; 0.000          ; Low Pulse Width  ; md4_low ; Rise       ; write_thru|[7]  ;
+--------+--------------+----------------+------------------+---------+------------+-----------------+


+----------------------------------------------------------------------------------------------------+
; Minimum Pulse Width: 'md5_low'                                                                     ;
+--------+--------------+----------------+------------------+---------+------------+-----------------+
; Slack  ; Actual Width ; Required Width ; Type             ; Clock   ; Clock Edge ; Target          ;
+--------+--------------+----------------+------------------+---------+------------+-----------------+
; -5.500 ; 0.500        ; 6.000          ; High Pulse Width ; md5_low ; Rise       ; chan            ;
; -5.500 ; 0.500        ; 6.000          ; Low Pulse Width  ; md5_low ; Rise       ; chan            ;
; -5.500 ; 0.500        ; 6.000          ; High Pulse Width ; md5_low ; Rise       ; color           ;
; -5.500 ; 0.500        ; 6.000          ; Low Pulse Width  ; md5_low ; Rise       ; color           ;
; -5.500 ; 0.500        ; 6.000          ; High Pulse Width ; md5_low ; Rise       ; erase           ;
; -5.500 ; 0.500        ; 6.000          ; Low Pulse Width  ; md5_low ; Rise       ; erase           ;
; -5.500 ; 0.500        ; 6.000          ; High Pulse Width ; md5_low ; Rise       ; int_en          ;
; -5.500 ; 0.500        ; 6.000          ; Low Pulse Width  ; md5_low ; Rise       ; int_en          ;
; -5.500 ; 0.500        ; 6.000          ; High Pulse Width ; md5_low ; Rise       ; store           ;
; -5.500 ; 0.500        ; 6.000          ; Low Pulse Width  ; md5_low ; Rise       ; store           ;
; -5.500 ; 0.500        ; 6.000          ; High Pulse Width ; md5_low ; Rise       ; write_thru      ;
; -5.500 ; 0.500        ; 6.000          ; Low Pulse Width  ; md5_low ; Rise       ; write_thru      ;
; 0.500  ; 0.500        ; 0.000          ; High Pulse Width ; md5_low ; Rise       ; chan|[2]        ;
; 0.500  ; 0.500        ; 0.000          ; Low Pulse Width  ; md5_low ; Rise       ; chan|[2]        ;
; 0.500  ; 0.500        ; 0.000          ; High Pulse Width ; md5_low ; Rise       ; color|[2]       ;
; 0.500  ; 0.500        ; 0.000          ; Low Pulse Width  ; md5_low ; Rise       ; color|[2]       ;
; 0.500  ; 0.500        ; 0.000          ; High Pulse Width ; md5_low ; Rise       ; erase|[2]       ;
; 0.500  ; 0.500        ; 0.000          ; Low Pulse Width  ; md5_low ; Rise       ; erase|[2]       ;
; 0.500  ; 0.500        ; 0.000          ; High Pulse Width ; md5_low ; Rise       ; int_en|[2]      ;
; 0.500  ; 0.500        ; 0.000          ; Low Pulse Width  ; md5_low ; Rise       ; int_en|[2]      ;
; 0.500  ; 0.500        ; 0.000          ; High Pulse Width ; md5_low ; Rise       ; md5_low|dataout ;
; 0.500  ; 0.500        ; 0.000          ; Low Pulse Width  ; md5_low ; Rise       ; md5_low|dataout ;
; 0.500  ; 0.500        ; 0.000          ; High Pulse Width ; md5_low ; Rise       ; store|[2]       ;
; 0.500  ; 0.500        ; 0.000          ; Low Pulse Width  ; md5_low ; Rise       ; store|[2]       ;
; 0.500  ; 0.500        ; 0.000          ; High Pulse Width ; md5_low ; Rise       ; write_thru|[2]  ;
; 0.500  ; 0.500        ; 0.000          ; Low Pulse Width  ; md5_low ; Rise       ; write_thru|[2]  ;
+--------+--------------+----------------+------------------+---------+------------+-----------------+


+----------------------------------------------------------------------------------------------------+
; Minimum Pulse Width: 'md6_low'                                                                     ;
+--------+--------------+----------------+------------------+---------+------------+-----------------+
; Slack  ; Actual Width ; Required Width ; Type             ; Clock   ; Clock Edge ; Target          ;
+--------+--------------+----------------+------------------+---------+------------+-----------------+
; -5.500 ; 0.500        ; 6.000          ; High Pulse Width ; md6_low ; Rise       ; chan            ;
; -5.500 ; 0.500        ; 6.000          ; Low Pulse Width  ; md6_low ; Rise       ; chan            ;
; -5.500 ; 0.500        ; 6.000          ; High Pulse Width ; md6_low ; Rise       ; color           ;
; -5.500 ; 0.500        ; 6.000          ; Low Pulse Width  ; md6_low ; Rise       ; color           ;
; -5.500 ; 0.500        ; 6.000          ; High Pulse Width ; md6_low ; Rise       ; erase           ;
; -5.500 ; 0.500        ; 6.000          ; Low Pulse Width  ; md6_low ; Rise       ; erase           ;
; -5.500 ; 0.500        ; 6.000          ; High Pulse Width ; md6_low ; Rise       ; int_en          ;
; -5.500 ; 0.500        ; 6.000          ; Low Pulse Width  ; md6_low ; Rise       ; int_en          ;
; -5.500 ; 0.500        ; 6.000          ; High Pulse Width ; md6_low ; Rise       ; store           ;
; -5.500 ; 0.500        ; 6.000          ; Low Pulse Width  ; md6_low ; Rise       ; store           ;
; -5.500 ; 0.500        ; 6.000          ; High Pulse Width ; md6_low ; Rise       ; write_thru      ;
; -5.500 ; 0.500        ; 6.000          ; Low Pulse Width  ; md6_low ; Rise       ; write_thru      ;
; 0.500  ; 0.500        ; 0.000          ; High Pulse Width ; md6_low ; Rise       ; chan|[4]        ;
; 0.500  ; 0.500        ; 0.000          ; Low Pulse Width  ; md6_low ; Rise       ; chan|[4]        ;
; 0.500  ; 0.500        ; 0.000          ; High Pulse Width ; md6_low ; Rise       ; color|[4]       ;
; 0.500  ; 0.500        ; 0.000          ; Low Pulse Width  ; md6_low ; Rise       ; color|[4]       ;
; 0.500  ; 0.500        ; 0.000          ; High Pulse Width ; md6_low ; Rise       ; erase|[4]       ;
; 0.500  ; 0.500        ; 0.000          ; Low Pulse Width  ; md6_low ; Rise       ; erase|[4]       ;
; 0.500  ; 0.500        ; 0.000          ; High Pulse Width ; md6_low ; Rise       ; int_en|[4]      ;
; 0.500  ; 0.500        ; 0.000          ; Low Pulse Width  ; md6_low ; Rise       ; int_en|[4]      ;
; 0.500  ; 0.500        ; 0.000          ; High Pulse Width ; md6_low ; Rise       ; md6_low|dataout ;
; 0.500  ; 0.500        ; 0.000          ; Low Pulse Width  ; md6_low ; Rise       ; md6_low|dataout ;
; 0.500  ; 0.500        ; 0.000          ; High Pulse Width ; md6_low ; Rise       ; store|[4]       ;
; 0.500  ; 0.500        ; 0.000          ; Low Pulse Width  ; md6_low ; Rise       ; store|[4]       ;
; 0.500  ; 0.500        ; 0.000          ; High Pulse Width ; md6_low ; Rise       ; write_thru|[4]  ;
; 0.500  ; 0.500        ; 0.000          ; Low Pulse Width  ; md6_low ; Rise       ; write_thru|[4]  ;
+--------+--------------+----------------+------------------+---------+------------+-----------------+


+----------------------------------------------------------------------------------------------------+
; Minimum Pulse Width: 'md7_low'                                                                     ;
+--------+--------------+----------------+------------------+---------+------------+-----------------+
; Slack  ; Actual Width ; Required Width ; Type             ; Clock   ; Clock Edge ; Target          ;
+--------+--------------+----------------+------------------+---------+------------+-----------------+
; -5.500 ; 0.500        ; 6.000          ; High Pulse Width ; md7_low ; Rise       ; chan            ;
; -5.500 ; 0.500        ; 6.000          ; Low Pulse Width  ; md7_low ; Rise       ; chan            ;
; -5.500 ; 0.500        ; 6.000          ; High Pulse Width ; md7_low ; Rise       ; color           ;
; -5.500 ; 0.500        ; 6.000          ; Low Pulse Width  ; md7_low ; Rise       ; color           ;
; -5.500 ; 0.500        ; 6.000          ; High Pulse Width ; md7_low ; Rise       ; erase           ;
; -5.500 ; 0.500        ; 6.000          ; Low Pulse Width  ; md7_low ; Rise       ; erase           ;
; -5.500 ; 0.500        ; 6.000          ; High Pulse Width ; md7_low ; Rise       ; int_en          ;
; -5.500 ; 0.500        ; 6.000          ; Low Pulse Width  ; md7_low ; Rise       ; int_en          ;
; -5.500 ; 0.500        ; 6.000          ; High Pulse Width ; md7_low ; Rise       ; store           ;
; -5.500 ; 0.500        ; 6.000          ; Low Pulse Width  ; md7_low ; Rise       ; store           ;
; -5.500 ; 0.500        ; 6.000          ; High Pulse Width ; md7_low ; Rise       ; write_thru      ;
; -5.500 ; 0.500        ; 6.000          ; Low Pulse Width  ; md7_low ; Rise       ; write_thru      ;
; 0.500  ; 0.500        ; 0.000          ; High Pulse Width ; md7_low ; Rise       ; chan|[5]        ;
; 0.500  ; 0.500        ; 0.000          ; Low Pulse Width  ; md7_low ; Rise       ; chan|[5]        ;
; 0.500  ; 0.500        ; 0.000          ; High Pulse Width ; md7_low ; Rise       ; color|[5]       ;
; 0.500  ; 0.500        ; 0.000          ; Low Pulse Width  ; md7_low ; Rise       ; color|[5]       ;
; 0.500  ; 0.500        ; 0.000          ; High Pulse Width ; md7_low ; Rise       ; erase|[5]       ;
; 0.500  ; 0.500        ; 0.000          ; Low Pulse Width  ; md7_low ; Rise       ; erase|[5]       ;
; 0.500  ; 0.500        ; 0.000          ; High Pulse Width ; md7_low ; Rise       ; int_en|[5]      ;
; 0.500  ; 0.500        ; 0.000          ; Low Pulse Width  ; md7_low ; Rise       ; int_en|[5]      ;
; 0.500  ; 0.500        ; 0.000          ; High Pulse Width ; md7_low ; Rise       ; md7_low|dataout ;
; 0.500  ; 0.500        ; 0.000          ; Low Pulse Width  ; md7_low ; Rise       ; md7_low|dataout ;
; 0.500  ; 0.500        ; 0.000          ; High Pulse Width ; md7_low ; Rise       ; store|[5]       ;
; 0.500  ; 0.500        ; 0.000          ; Low Pulse Width  ; md7_low ; Rise       ; store|[5]       ;
; 0.500  ; 0.500        ; 0.000          ; High Pulse Width ; md7_low ; Rise       ; write_thru|[5]  ;
; 0.500  ; 0.500        ; 0.000          ; Low Pulse Width  ; md7_low ; Rise       ; write_thru|[5]  ;
+--------+--------------+----------------+------------------+---------+------------+-----------------+


+----------------------------------------------------------------------------------------------------+
; Minimum Pulse Width: 'md8_low'                                                                     ;
+--------+--------------+----------------+------------------+---------+------------+-----------------+
; Slack  ; Actual Width ; Required Width ; Type             ; Clock   ; Clock Edge ; Target          ;
+--------+--------------+----------------+------------------+---------+------------+-----------------+
; -5.500 ; 0.500        ; 6.000          ; High Pulse Width ; md8_low ; Rise       ; chan            ;
; -5.500 ; 0.500        ; 6.000          ; Low Pulse Width  ; md8_low ; Rise       ; chan            ;
; -5.500 ; 0.500        ; 6.000          ; High Pulse Width ; md8_low ; Rise       ; color           ;
; -5.500 ; 0.500        ; 6.000          ; Low Pulse Width  ; md8_low ; Rise       ; color           ;
; -5.500 ; 0.500        ; 6.000          ; High Pulse Width ; md8_low ; Rise       ; erase           ;
; -5.500 ; 0.500        ; 6.000          ; Low Pulse Width  ; md8_low ; Rise       ; erase           ;
; -5.500 ; 0.500        ; 6.000          ; High Pulse Width ; md8_low ; Rise       ; int_en          ;
; -5.500 ; 0.500        ; 6.000          ; Low Pulse Width  ; md8_low ; Rise       ; int_en          ;
; -5.500 ; 0.500        ; 6.000          ; High Pulse Width ; md8_low ; Rise       ; store           ;
; -5.500 ; 0.500        ; 6.000          ; Low Pulse Width  ; md8_low ; Rise       ; store           ;
; -5.500 ; 0.500        ; 6.000          ; High Pulse Width ; md8_low ; Rise       ; write_thru      ;
; -5.500 ; 0.500        ; 6.000          ; Low Pulse Width  ; md8_low ; Rise       ; write_thru      ;
; 0.500  ; 0.500        ; 0.000          ; High Pulse Width ; md8_low ; Rise       ; chan|[3]        ;
; 0.500  ; 0.500        ; 0.000          ; Low Pulse Width  ; md8_low ; Rise       ; chan|[3]        ;
; 0.500  ; 0.500        ; 0.000          ; High Pulse Width ; md8_low ; Rise       ; color|[3]       ;
; 0.500  ; 0.500        ; 0.000          ; Low Pulse Width  ; md8_low ; Rise       ; color|[3]       ;
; 0.500  ; 0.500        ; 0.000          ; High Pulse Width ; md8_low ; Rise       ; erase|[3]       ;
; 0.500  ; 0.500        ; 0.000          ; Low Pulse Width  ; md8_low ; Rise       ; erase|[3]       ;
; 0.500  ; 0.500        ; 0.000          ; High Pulse Width ; md8_low ; Rise       ; int_en|[3]      ;
; 0.500  ; 0.500        ; 0.000          ; Low Pulse Width  ; md8_low ; Rise       ; int_en|[3]      ;
; 0.500  ; 0.500        ; 0.000          ; High Pulse Width ; md8_low ; Rise       ; md8_low|dataout ;
; 0.500  ; 0.500        ; 0.000          ; Low Pulse Width  ; md8_low ; Rise       ; md8_low|dataout ;
; 0.500  ; 0.500        ; 0.000          ; High Pulse Width ; md8_low ; Rise       ; store|[3]       ;
; 0.500  ; 0.500        ; 0.000          ; Low Pulse Width  ; md8_low ; Rise       ; store|[3]       ;
; 0.500  ; 0.500        ; 0.000          ; High Pulse Width ; md8_low ; Rise       ; write_thru|[3]  ;
; 0.500  ; 0.500        ; 0.000          ; Low Pulse Width  ; md8_low ; Rise       ; write_thru|[3]  ;
+--------+--------------+----------------+------------------+---------+------------+-----------------+


+----------------------------------------------------------------------------------------------------+
; Minimum Pulse Width: 'md9_low'                                                                     ;
+--------+--------------+----------------+------------------+---------+------------+-----------------+
; Slack  ; Actual Width ; Required Width ; Type             ; Clock   ; Clock Edge ; Target          ;
+--------+--------------+----------------+------------------+---------+------------+-----------------+
; -5.500 ; 0.500        ; 6.000          ; High Pulse Width ; md9_low ; Rise       ; chan            ;
; -5.500 ; 0.500        ; 6.000          ; Low Pulse Width  ; md9_low ; Rise       ; chan            ;
; -5.500 ; 0.500        ; 6.000          ; High Pulse Width ; md9_low ; Rise       ; color           ;
; -5.500 ; 0.500        ; 6.000          ; Low Pulse Width  ; md9_low ; Rise       ; color           ;
; -5.500 ; 0.500        ; 6.000          ; High Pulse Width ; md9_low ; Rise       ; erase           ;
; -5.500 ; 0.500        ; 6.000          ; Low Pulse Width  ; md9_low ; Rise       ; erase           ;
; -5.500 ; 0.500        ; 6.000          ; High Pulse Width ; md9_low ; Rise       ; int_en          ;
; -5.500 ; 0.500        ; 6.000          ; Low Pulse Width  ; md9_low ; Rise       ; int_en          ;
; -5.500 ; 0.500        ; 6.000          ; High Pulse Width ; md9_low ; Rise       ; store           ;
; -5.500 ; 0.500        ; 6.000          ; Low Pulse Width  ; md9_low ; Rise       ; store           ;
; -5.500 ; 0.500        ; 6.000          ; High Pulse Width ; md9_low ; Rise       ; write_thru      ;
; -5.500 ; 0.500        ; 6.000          ; Low Pulse Width  ; md9_low ; Rise       ; write_thru      ;
; 0.500  ; 0.500        ; 0.000          ; High Pulse Width ; md9_low ; Rise       ; chan|[1]        ;
; 0.500  ; 0.500        ; 0.000          ; Low Pulse Width  ; md9_low ; Rise       ; chan|[1]        ;
; 0.500  ; 0.500        ; 0.000          ; High Pulse Width ; md9_low ; Rise       ; color|[1]       ;
; 0.500  ; 0.500        ; 0.000          ; Low Pulse Width  ; md9_low ; Rise       ; color|[1]       ;
; 0.500  ; 0.500        ; 0.000          ; High Pulse Width ; md9_low ; Rise       ; erase|[1]       ;
; 0.500  ; 0.500        ; 0.000          ; Low Pulse Width  ; md9_low ; Rise       ; erase|[1]       ;
; 0.500  ; 0.500        ; 0.000          ; High Pulse Width ; md9_low ; Rise       ; int_en|[1]      ;
; 0.500  ; 0.500        ; 0.000          ; Low Pulse Width  ; md9_low ; Rise       ; int_en|[1]      ;
; 0.500  ; 0.500        ; 0.000          ; High Pulse Width ; md9_low ; Rise       ; md9_low|dataout ;
; 0.500  ; 0.500        ; 0.000          ; Low Pulse Width  ; md9_low ; Rise       ; md9_low|dataout ;
; 0.500  ; 0.500        ; 0.000          ; High Pulse Width ; md9_low ; Rise       ; store|[1]       ;
; 0.500  ; 0.500        ; 0.000          ; Low Pulse Width  ; md9_low ; Rise       ; store|[1]       ;
; 0.500  ; 0.500        ; 0.000          ; High Pulse Width ; md9_low ; Rise       ; write_thru|[1]  ;
; 0.500  ; 0.500        ; 0.000          ; Low Pulse Width  ; md9_low ; Rise       ; write_thru|[1]  ;
+--------+--------------+----------------+------------------+---------+------------+-----------------+


+--------------------------------------------------------------------------------------------------------+
; Minimum Pulse Width: 'pause_low'                                                                       ;
+--------+--------------+----------------+------------------+-----------+------------+-------------------+
; Slack  ; Actual Width ; Required Width ; Type             ; Clock     ; Clock Edge ; Target            ;
+--------+--------------+----------------+------------------+-----------+------------+-------------------+
; -5.500 ; 0.500        ; 6.000          ; High Pulse Width ; pause_low ; Rise       ; chan              ;
; -5.500 ; 0.500        ; 6.000          ; Low Pulse Width  ; pause_low ; Rise       ; chan              ;
; -5.500 ; 0.500        ; 6.000          ; High Pulse Width ; pause_low ; Rise       ; color             ;
; -5.500 ; 0.500        ; 6.000          ; Low Pulse Width  ; pause_low ; Rise       ; color             ;
; -5.500 ; 0.500        ; 6.000          ; High Pulse Width ; pause_low ; Rise       ; erase             ;
; -5.500 ; 0.500        ; 6.000          ; Low Pulse Width  ; pause_low ; Rise       ; erase             ;
; -5.500 ; 0.500        ; 6.000          ; High Pulse Width ; pause_low ; Rise       ; int_en            ;
; -5.500 ; 0.500        ; 6.000          ; Low Pulse Width  ; pause_low ; Rise       ; int_en            ;
; -5.500 ; 0.500        ; 6.000          ; High Pulse Width ; pause_low ; Rise       ; store             ;
; -5.500 ; 0.500        ; 6.000          ; Low Pulse Width  ; pause_low ; Rise       ; store             ;
; -5.500 ; 0.500        ; 6.000          ; High Pulse Width ; pause_low ; Rise       ; write_thru        ;
; -5.500 ; 0.500        ; 6.000          ; Low Pulse Width  ; pause_low ; Rise       ; write_thru        ;
; 0.500  ; 0.500        ; 0.000          ; High Pulse Width ; pause_low ; Rise       ; chan|[8]          ;
; 0.500  ; 0.500        ; 0.000          ; Low Pulse Width  ; pause_low ; Rise       ; chan|[8]          ;
; 0.500  ; 0.500        ; 0.000          ; High Pulse Width ; pause_low ; Rise       ; color|[8]         ;
; 0.500  ; 0.500        ; 0.000          ; Low Pulse Width  ; pause_low ; Rise       ; color|[8]         ;
; 0.500  ; 0.500        ; 0.000          ; High Pulse Width ; pause_low ; Rise       ; erase|[8]         ;
; 0.500  ; 0.500        ; 0.000          ; Low Pulse Width  ; pause_low ; Rise       ; erase|[8]         ;
; 0.500  ; 0.500        ; 0.000          ; High Pulse Width ; pause_low ; Rise       ; int_en|[8]        ;
; 0.500  ; 0.500        ; 0.000          ; Low Pulse Width  ; pause_low ; Rise       ; int_en|[8]        ;
; 0.500  ; 0.500        ; 0.000          ; High Pulse Width ; pause_low ; Rise       ; pause_low|dataout ;
; 0.500  ; 0.500        ; 0.000          ; Low Pulse Width  ; pause_low ; Rise       ; pause_low|dataout ;
; 0.500  ; 0.500        ; 0.000          ; High Pulse Width ; pause_low ; Rise       ; store|[8]         ;
; 0.500  ; 0.500        ; 0.000          ; Low Pulse Width  ; pause_low ; Rise       ; store|[8]         ;
; 0.500  ; 0.500        ; 0.000          ; High Pulse Width ; pause_low ; Rise       ; write_thru|[8]    ;
; 0.500  ; 0.500        ; 0.000          ; Low Pulse Width  ; pause_low ; Rise       ; write_thru|[8]    ;
+--------+--------------+----------------+------------------+-----------+------------+-------------------+


+--------------------------------------------------------------------------------------------------+
; Minimum Pulse Width: 'tp3'                                                                       ;
+--------+--------------+----------------+------------------+-------+------------+-----------------+
; Slack  ; Actual Width ; Required Width ; Type             ; Clock ; Clock Edge ; Target          ;
+--------+--------------+----------------+------------------+-------+------------+-----------------+
; -5.500 ; 0.500        ; 6.000          ; High Pulse Width ; tp3   ; Rise       ; chan            ;
; -5.500 ; 0.500        ; 6.000          ; Low Pulse Width  ; tp3   ; Rise       ; chan            ;
; -5.500 ; 0.500        ; 6.000          ; High Pulse Width ; tp3   ; Rise       ; color           ;
; -5.500 ; 0.500        ; 6.000          ; Low Pulse Width  ; tp3   ; Rise       ; color           ;
; -5.500 ; 0.500        ; 6.000          ; High Pulse Width ; tp3   ; Rise       ; erase           ;
; -5.500 ; 0.500        ; 6.000          ; Low Pulse Width  ; tp3   ; Rise       ; erase           ;
; -5.500 ; 0.500        ; 6.000          ; High Pulse Width ; tp3   ; Rise       ; int_en          ;
; -5.500 ; 0.500        ; 6.000          ; Low Pulse Width  ; tp3   ; Rise       ; int_en          ;
; -5.500 ; 0.500        ; 6.000          ; High Pulse Width ; tp3   ; Rise       ; store           ;
; -5.500 ; 0.500        ; 6.000          ; Low Pulse Width  ; tp3   ; Rise       ; store           ;
; -5.500 ; 0.500        ; 6.000          ; High Pulse Width ; tp3   ; Rise       ; write_thru      ;
; -5.500 ; 0.500        ; 6.000          ; Low Pulse Width  ; tp3   ; Rise       ; write_thru      ;
; 0.500  ; 0.500        ; 0.000          ; High Pulse Width ; tp3   ; Rise       ; chan|[11]       ;
; 0.500  ; 0.500        ; 0.000          ; Low Pulse Width  ; tp3   ; Rise       ; chan|[11]       ;
; 0.500  ; 0.500        ; 0.000          ; High Pulse Width ; tp3   ; Rise       ; color|[11]      ;
; 0.500  ; 0.500        ; 0.000          ; Low Pulse Width  ; tp3   ; Rise       ; color|[11]      ;
; 0.500  ; 0.500        ; 0.000          ; High Pulse Width ; tp3   ; Rise       ; erase|[11]      ;
; 0.500  ; 0.500        ; 0.000          ; Low Pulse Width  ; tp3   ; Rise       ; erase|[11]      ;
; 0.500  ; 0.500        ; 0.000          ; High Pulse Width ; tp3   ; Rise       ; int_en|[11]     ;
; 0.500  ; 0.500        ; 0.000          ; Low Pulse Width  ; tp3   ; Rise       ; int_en|[11]     ;
; 0.500  ; 0.500        ; 0.000          ; High Pulse Width ; tp3   ; Rise       ; store|[11]      ;
; 0.500  ; 0.500        ; 0.000          ; Low Pulse Width  ; tp3   ; Rise       ; store|[11]      ;
; 0.500  ; 0.500        ; 0.000          ; High Pulse Width ; tp3   ; Rise       ; tp3|dataout     ;
; 0.500  ; 0.500        ; 0.000          ; Low Pulse Width  ; tp3   ; Rise       ; tp3|dataout     ;
; 0.500  ; 0.500        ; 0.000          ; High Pulse Width ; tp3   ; Rise       ; write_thru|[11] ;
; 0.500  ; 0.500        ; 0.000          ; Low Pulse Width  ; tp3   ; Rise       ; write_thru|[11] ;
+--------+--------------+----------------+------------------+-------+------------+-----------------+


+-------------------------------------------------------------------------------------------------------+
; Minimum Pulse Width: 'dk03'                                                                           ;
+--------+--------------+----------------+------------------+-------+------------+----------------------+
; Slack  ; Actual Width ; Required Width ; Type             ; Clock ; Clock Edge ; Target               ;
+--------+--------------+----------------+------------------+-------+------------+----------------------+
; -5.500 ; 0.500        ; 6.000          ; High Pulse Width ; dk03  ; Rise       ; dk05                 ;
; -5.500 ; 0.500        ; 6.000          ; High Pulse Width ; dk03  ; Fall       ; dk05                 ;
; -5.500 ; 0.500        ; 6.000          ; Low Pulse Width  ; dk03  ; Rise       ; dk05                 ;
; -5.500 ; 0.500        ; 6.000          ; Low Pulse Width  ; dk03  ; Fall       ; dk05                 ;
; 0.500  ; 0.500        ; 0.000          ; High Pulse Width ; dk03  ; Rise       ; dk03|dataout         ;
; 0.500  ; 0.500        ; 0.000          ; Low Pulse Width  ; dk03  ; Rise       ; dk03|dataout         ;
; 0.500  ; 0.500        ; 0.000          ; High Pulse Width ; dk03  ; Rise       ; dk04~5sexp|datain[0] ;
; 0.500  ; 0.500        ; 0.000          ; Low Pulse Width  ; dk03  ; Rise       ; dk04~5sexp|datain[0] ;
; 0.500  ; 0.500        ; 0.000          ; High Pulse Width ; dk03  ; Rise       ; dk04~7sexp|datain[0] ;
; 0.500  ; 0.500        ; 0.000          ; Low Pulse Width  ; dk03  ; Rise       ; dk04~7sexp|datain[0] ;
; 0.500  ; 0.500        ; 0.000          ; High Pulse Width ; dk03  ; Rise       ; dk04~8sexp|dataout   ;
; 0.500  ; 0.500        ; 0.000          ; High Pulse Width ; dk03  ; Fall       ; dk04~8sexp|dataout   ;
; 0.500  ; 0.500        ; 0.000          ; Low Pulse Width  ; dk03  ; Rise       ; dk04~8sexp|dataout   ;
; 0.500  ; 0.500        ; 0.000          ; Low Pulse Width  ; dk03  ; Fall       ; dk04~8sexp|dataout   ;
; 0.500  ; 0.500        ; 0.000          ; High Pulse Width ; dk03  ; Rise       ; dk05|[0]             ;
; 0.500  ; 0.500        ; 0.000          ; High Pulse Width ; dk03  ; Fall       ; dk05|[0]             ;
; 0.500  ; 0.500        ; 0.000          ; Low Pulse Width  ; dk03  ; Rise       ; dk05|[0]             ;
; 0.500  ; 0.500        ; 0.000          ; Low Pulse Width  ; dk03  ; Fall       ; dk05|[0]             ;
+--------+--------------+----------------+------------------+-------+------------+----------------------+


+-----------------------------------------------------------------------------------------------+
; Minimum Pulse Width: 'dk01'                                                                   ;
+--------+--------------+----------------+------------------+-------+------------+--------------+
; Slack  ; Actual Width ; Required Width ; Type             ; Clock ; Clock Edge ; Target       ;
+--------+--------------+----------------+------------------+-------+------------+--------------+
; -5.500 ; 0.500        ; 6.000          ; High Pulse Width ; dk01  ; Rise       ; dk02         ;
; -5.500 ; 0.500        ; 6.000          ; Low Pulse Width  ; dk01  ; Rise       ; dk02         ;
; 0.500  ; 0.500        ; 0.000          ; High Pulse Width ; dk01  ; Rise       ; dk01|dataout ;
; 0.500  ; 0.500        ; 0.000          ; Low Pulse Width  ; dk01  ; Rise       ; dk01|dataout ;
; 0.500  ; 0.500        ; 0.000          ; High Pulse Width ; dk01  ; Rise       ; dk02|[0]     ;
; 0.500  ; 0.500        ; 0.000          ; Low Pulse Width  ; dk01  ; Rise       ; dk02|[0]     ;
+--------+--------------+----------------+------------------+-------+------------+--------------+


+-----------------------------------------------------------------------------------------------+
; Minimum Pulse Width: 'dk02'                                                                   ;
+--------+--------------+----------------+------------------+-------+------------+--------------+
; Slack  ; Actual Width ; Required Width ; Type             ; Clock ; Clock Edge ; Target       ;
+--------+--------------+----------------+------------------+-------+------------+--------------+
; -5.500 ; 0.500        ; 6.000          ; High Pulse Width ; dk02  ; Rise       ; dk03         ;
; -5.500 ; 0.500        ; 6.000          ; Low Pulse Width  ; dk02  ; Rise       ; dk03         ;
; 0.500  ; 0.500        ; 0.000          ; High Pulse Width ; dk02  ; Rise       ; dk02|dataout ;
; 0.500  ; 0.500        ; 0.000          ; Low Pulse Width  ; dk02  ; Rise       ; dk02|dataout ;
; 0.500  ; 0.500        ; 0.000          ; High Pulse Width ; dk02  ; Rise       ; dk03|[0]     ;
; 0.500  ; 0.500        ; 0.000          ; Low Pulse Width  ; dk02  ; Rise       ; dk03|[0]     ;
+--------+--------------+----------------+------------------+-------+------------+--------------+


+-----------------------------------------------------------------------------------------------+
; Minimum Pulse Width: 'dk05'                                                                   ;
+--------+--------------+----------------+------------------+-------+------------+--------------+
; Slack  ; Actual Width ; Required Width ; Type             ; Clock ; Clock Edge ; Target       ;
+--------+--------------+----------------+------------------+-------+------------+--------------+
; -5.500 ; 0.500        ; 6.000          ; High Pulse Width ; dk05  ; Rise       ; dk06         ;
; -5.500 ; 0.500        ; 6.000          ; Low Pulse Width  ; dk05  ; Rise       ; dk06         ;
; 0.500  ; 0.500        ; 0.000          ; High Pulse Width ; dk05  ; Rise       ; dk05|dataout ;
; 0.500  ; 0.500        ; 0.000          ; Low Pulse Width  ; dk05  ; Rise       ; dk05|dataout ;
; 0.500  ; 0.500        ; 0.000          ; High Pulse Width ; dk05  ; Rise       ; dk06|[0]     ;
; 0.500  ; 0.500        ; 0.000          ; Low Pulse Width  ; dk05  ; Rise       ; dk06|[0]     ;
+--------+--------------+----------------+------------------+-------+------------+--------------+


+-----------------------------------------------------------------------------------------------+
; Minimum Pulse Width: 'dk06'                                                                   ;
+--------+--------------+----------------+------------------+-------+------------+--------------+
; Slack  ; Actual Width ; Required Width ; Type             ; Clock ; Clock Edge ; Target       ;
+--------+--------------+----------------+------------------+-------+------------+--------------+
; -5.500 ; 0.500        ; 6.000          ; High Pulse Width ; dk06  ; Rise       ; dk07         ;
; -5.500 ; 0.500        ; 6.000          ; Low Pulse Width  ; dk06  ; Rise       ; dk07         ;
; 0.500  ; 0.500        ; 0.000          ; High Pulse Width ; dk06  ; Rise       ; dk06|dataout ;
; 0.500  ; 0.500        ; 0.000          ; Low Pulse Width  ; dk06  ; Rise       ; dk06|dataout ;
; 0.500  ; 0.500        ; 0.000          ; High Pulse Width ; dk06  ; Rise       ; dk07|[0]     ;
; 0.500  ; 0.500        ; 0.000          ; Low Pulse Width  ; dk06  ; Rise       ; dk07|[0]     ;
+--------+--------------+----------------+------------------+-------+------------+--------------+


+-----------------------------------------------------------------------------------------------+
; Minimum Pulse Width: 'dk07'                                                                   ;
+--------+--------------+----------------+------------------+-------+------------+--------------+
; Slack  ; Actual Width ; Required Width ; Type             ; Clock ; Clock Edge ; Target       ;
+--------+--------------+----------------+------------------+-------+------------+--------------+
; -5.500 ; 0.500        ; 6.000          ; High Pulse Width ; dk07  ; Rise       ; dk08         ;
; -5.500 ; 0.500        ; 6.000          ; Low Pulse Width  ; dk07  ; Rise       ; dk08         ;
; 0.500  ; 0.500        ; 0.000          ; High Pulse Width ; dk07  ; Rise       ; dk07|dataout ;
; 0.500  ; 0.500        ; 0.000          ; Low Pulse Width  ; dk07  ; Rise       ; dk07|dataout ;
; 0.500  ; 0.500        ; 0.000          ; High Pulse Width ; dk07  ; Rise       ; dk08|[0]     ;
; 0.500  ; 0.500        ; 0.000          ; Low Pulse Width  ; dk07  ; Rise       ; dk08|[0]     ;
+--------+--------------+----------------+------------------+-------+------------+--------------+


+-----------------------------------------------------------------------------------------------+
; Minimum Pulse Width: 'dk08'                                                                   ;
+--------+--------------+----------------+------------------+-------+------------+--------------+
; Slack  ; Actual Width ; Required Width ; Type             ; Clock ; Clock Edge ; Target       ;
+--------+--------------+----------------+------------------+-------+------------+--------------+
; -5.500 ; 0.500        ; 6.000          ; High Pulse Width ; dk08  ; Rise       ; dk09         ;
; -5.500 ; 0.500        ; 6.000          ; Low Pulse Width  ; dk08  ; Rise       ; dk09         ;
; 0.500  ; 0.500        ; 0.000          ; High Pulse Width ; dk08  ; Rise       ; dk08|dataout ;
; 0.500  ; 0.500        ; 0.000          ; Low Pulse Width  ; dk08  ; Rise       ; dk08|dataout ;
; 0.500  ; 0.500        ; 0.000          ; High Pulse Width ; dk08  ; Rise       ; dk09|[0]     ;
; 0.500  ; 0.500        ; 0.000          ; Low Pulse Width  ; dk08  ; Rise       ; dk09|[0]     ;
+--------+--------------+----------------+------------------+-------+------------+--------------+


+-----------------------------------------------------------------------------------------------+
; Minimum Pulse Width: 'dk09'                                                                   ;
+--------+--------------+----------------+------------------+-------+------------+--------------+
; Slack  ; Actual Width ; Required Width ; Type             ; Clock ; Clock Edge ; Target       ;
+--------+--------------+----------------+------------------+-------+------------+--------------+
; -5.500 ; 0.500        ; 6.000          ; High Pulse Width ; dk09  ; Rise       ; dk10         ;
; -5.500 ; 0.500        ; 6.000          ; Low Pulse Width  ; dk09  ; Rise       ; dk10         ;
; 0.500  ; 0.500        ; 0.000          ; High Pulse Width ; dk09  ; Rise       ; dk09|dataout ;
; 0.500  ; 0.500        ; 0.000          ; Low Pulse Width  ; dk09  ; Rise       ; dk09|dataout ;
; 0.500  ; 0.500        ; 0.000          ; High Pulse Width ; dk09  ; Rise       ; dk10|[0]     ;
; 0.500  ; 0.500        ; 0.000          ; Low Pulse Width  ; dk09  ; Rise       ; dk10|[0]     ;
+--------+--------------+----------------+------------------+-------+------------+--------------+


+-----------------------------------------------------------------------------------------------+
; Minimum Pulse Width: 'dk10'                                                                   ;
+--------+--------------+----------------+------------------+-------+------------+--------------+
; Slack  ; Actual Width ; Required Width ; Type             ; Clock ; Clock Edge ; Target       ;
+--------+--------------+----------------+------------------+-------+------------+--------------+
; -5.500 ; 0.500        ; 6.000          ; High Pulse Width ; dk10  ; Rise       ; dk11         ;
; -5.500 ; 0.500        ; 6.000          ; Low Pulse Width  ; dk10  ; Rise       ; dk11         ;
; 0.500  ; 0.500        ; 0.000          ; High Pulse Width ; dk10  ; Rise       ; dk10|dataout ;
; 0.500  ; 0.500        ; 0.000          ; Low Pulse Width  ; dk10  ; Rise       ; dk10|dataout ;
; 0.500  ; 0.500        ; 0.000          ; High Pulse Width ; dk10  ; Rise       ; dk11|[0]     ;
; 0.500  ; 0.500        ; 0.000          ; Low Pulse Width  ; dk10  ; Rise       ; dk11|[0]     ;
+--------+--------------+----------------+------------------+-------+------------+--------------+


+-----------------------------------------------------------------------------------------------+
; Minimum Pulse Width: 'dk11'                                                                   ;
+--------+--------------+----------------+------------------+-------+------------+--------------+
; Slack  ; Actual Width ; Required Width ; Type             ; Clock ; Clock Edge ; Target       ;
+--------+--------------+----------------+------------------+-------+------------+--------------+
; -5.500 ; 0.500        ; 6.000          ; High Pulse Width ; dk11  ; Rise       ; dk12         ;
; -5.500 ; 0.500        ; 6.000          ; Low Pulse Width  ; dk11  ; Rise       ; dk12         ;
; 0.500  ; 0.500        ; 0.000          ; High Pulse Width ; dk11  ; Rise       ; dk11|dataout ;
; 0.500  ; 0.500        ; 0.000          ; Low Pulse Width  ; dk11  ; Rise       ; dk11|dataout ;
; 0.500  ; 0.500        ; 0.000          ; High Pulse Width ; dk11  ; Rise       ; dk12|[0]     ;
; 0.500  ; 0.500        ; 0.000          ; Low Pulse Width  ; dk11  ; Rise       ; dk12|[0]     ;
+--------+--------------+----------------+------------------+-------+------------+--------------+


+-----------------------------------------------------------------------------------------------+
; Minimum Pulse Width: 'dk12'                                                                   ;
+--------+--------------+----------------+------------------+-------+------------+--------------+
; Slack  ; Actual Width ; Required Width ; Type             ; Clock ; Clock Edge ; Target       ;
+--------+--------------+----------------+------------------+-------+------------+--------------+
; -5.500 ; 0.500        ; 6.000          ; High Pulse Width ; dk12  ; Rise       ; dk13         ;
; -5.500 ; 0.500        ; 6.000          ; Low Pulse Width  ; dk12  ; Rise       ; dk13         ;
; 0.500  ; 0.500        ; 0.000          ; High Pulse Width ; dk12  ; Rise       ; dk12|dataout ;
; 0.500  ; 0.500        ; 0.000          ; Low Pulse Width  ; dk12  ; Rise       ; dk12|dataout ;
; 0.500  ; 0.500        ; 0.000          ; High Pulse Width ; dk12  ; Rise       ; dk13|[0]     ;
; 0.500  ; 0.500        ; 0.000          ; Low Pulse Width  ; dk12  ; Rise       ; dk13|[0]     ;
+--------+--------------+----------------+------------------+-------+------------+--------------+


+-----------------------------------------------------------------------------------------------+
; Minimum Pulse Width: 'dk13'                                                                   ;
+--------+--------------+----------------+------------------+-------+------------+--------------+
; Slack  ; Actual Width ; Required Width ; Type             ; Clock ; Clock Edge ; Target       ;
+--------+--------------+----------------+------------------+-------+------------+--------------+
; -5.500 ; 0.500        ; 6.000          ; High Pulse Width ; dk13  ; Rise       ; dk14         ;
; -5.500 ; 0.500        ; 6.000          ; Low Pulse Width  ; dk13  ; Rise       ; dk14         ;
; 0.500  ; 0.500        ; 0.000          ; High Pulse Width ; dk13  ; Rise       ; dk13|dataout ;
; 0.500  ; 0.500        ; 0.000          ; Low Pulse Width  ; dk13  ; Rise       ; dk13|dataout ;
; 0.500  ; 0.500        ; 0.000          ; High Pulse Width ; dk13  ; Rise       ; dk14|[0]     ;
; 0.500  ; 0.500        ; 0.000          ; Low Pulse Width  ; dk13  ; Rise       ; dk14|[0]     ;
+--------+--------------+----------------+------------------+-------+------------+--------------+


+-----------------------------------------------------------------------------------------------+
; Minimum Pulse Width: 'dk14'                                                                   ;
+--------+--------------+----------------+------------------+-------+------------+--------------+
; Slack  ; Actual Width ; Required Width ; Type             ; Clock ; Clock Edge ; Target       ;
+--------+--------------+----------------+------------------+-------+------------+--------------+
; -5.500 ; 0.500        ; 6.000          ; High Pulse Width ; dk14  ; Rise       ; dk15         ;
; -5.500 ; 0.500        ; 6.000          ; Low Pulse Width  ; dk14  ; Rise       ; dk15         ;
; 0.500  ; 0.500        ; 0.000          ; High Pulse Width ; dk14  ; Rise       ; dk14|dataout ;
; 0.500  ; 0.500        ; 0.000          ; Low Pulse Width  ; dk14  ; Rise       ; dk14|dataout ;
; 0.500  ; 0.500        ; 0.000          ; High Pulse Width ; dk14  ; Rise       ; dk15|[0]     ;
; 0.500  ; 0.500        ; 0.000          ; Low Pulse Width  ; dk14  ; Rise       ; dk15|[0]     ;
+--------+--------------+----------------+------------------+-------+------------+--------------+


+------------------------------------------------------------------------------------------------+
; Minimum Pulse Width: 'clock'                                                                   ;
+--------+--------------+----------------+------------------+-------+------------+---------------+
; Slack  ; Actual Width ; Required Width ; Type             ; Clock ; Clock Edge ; Target        ;
+--------+--------------+----------------+------------------+-------+------------+---------------+
; -4.500 ; 0.500        ; 5.000          ; High Pulse Width ; clock ; Rise       ; dk01          ;
; -4.500 ; 0.500        ; 5.000          ; Low Pulse Width  ; clock ; Rise       ; dk01          ;
; 0.500  ; 0.500        ; 0.000          ; High Pulse Width ; clock ; Rise       ; clock|dataout ;
; 0.500  ; 0.500        ; 0.000          ; Low Pulse Width  ; clock ; Rise       ; clock|dataout ;
; 0.500  ; 0.500        ; 0.000          ; High Pulse Width ; clock ; Rise       ; dk01|clk      ;
; 0.500  ; 0.500        ; 0.000          ; Low Pulse Width  ; clock ; Rise       ; dk01|clk      ;
+--------+--------------+----------------+------------------+-------+------------+---------------+


+------------------------------------------------------------------------+
; Setup Times                                                            ;
+------------+------------+-------+-------+------------+-----------------+
; Data Port  ; Clock Port ; Rise  ; Fall  ; Clock Edge ; Clock Reference ;
+------------+------------+-------+-------+------------+-----------------+
; data06_low ; md10_low   ; 4.000 ; 4.000 ; Rise       ; md10_low        ;
; data07_low ; md10_low   ; 4.000 ; 4.000 ; Rise       ; md10_low        ;
; data08_low ; md10_low   ; 4.000 ; 4.000 ; Rise       ; md10_low        ;
; data09_low ; md10_low   ; 4.000 ; 4.000 ; Rise       ; md10_low        ;
; data10_low ; md10_low   ; 4.000 ; 4.000 ; Rise       ; md10_low        ;
; data11_low ; md10_low   ; 4.000 ; 4.000 ; Rise       ; md10_low        ;
; md3_low    ; md10_low   ; 4.000 ; 4.000 ; Rise       ; md10_low        ;
; md4_low    ; md10_low   ; 4.000 ; 4.000 ; Rise       ; md10_low        ;
; md5_low    ; md10_low   ; 4.000 ; 4.000 ; Rise       ; md10_low        ;
; md6_low    ; md10_low   ; 4.000 ; 4.000 ; Rise       ; md10_low        ;
; md7_low    ; md10_low   ; 4.000 ; 4.000 ; Rise       ; md10_low        ;
; md8_low    ; md10_low   ; 4.000 ; 4.000 ; Rise       ; md10_low        ;
; md9_low    ; md10_low   ; 4.000 ; 4.000 ; Rise       ; md10_low        ;
; md10_low   ; md10_low   ; 4.000 ; 4.000 ; Rise       ; md10_low        ;
; md11_low   ; md10_low   ; 4.000 ; 4.000 ; Rise       ; md10_low        ;
; pause_low  ; md10_low   ; 4.000 ; 4.000 ; Rise       ; md10_low        ;
; data06_low ; md11_low   ; 4.000 ; 4.000 ; Rise       ; md11_low        ;
; data07_low ; md11_low   ; 4.000 ; 4.000 ; Rise       ; md11_low        ;
; data08_low ; md11_low   ; 4.000 ; 4.000 ; Rise       ; md11_low        ;
; data09_low ; md11_low   ; 4.000 ; 4.000 ; Rise       ; md11_low        ;
; data10_low ; md11_low   ; 4.000 ; 4.000 ; Rise       ; md11_low        ;
; data11_low ; md11_low   ; 4.000 ; 4.000 ; Rise       ; md11_low        ;
; md3_low    ; md11_low   ; 4.000 ; 4.000 ; Rise       ; md11_low        ;
; md4_low    ; md11_low   ; 4.000 ; 4.000 ; Rise       ; md11_low        ;
; md5_low    ; md11_low   ; 4.000 ; 4.000 ; Rise       ; md11_low        ;
; md6_low    ; md11_low   ; 4.000 ; 4.000 ; Rise       ; md11_low        ;
; md7_low    ; md11_low   ; 4.000 ; 4.000 ; Rise       ; md11_low        ;
; md8_low    ; md11_low   ; 4.000 ; 4.000 ; Rise       ; md11_low        ;
; md9_low    ; md11_low   ; 4.000 ; 4.000 ; Rise       ; md11_low        ;
; md10_low   ; md11_low   ; 4.000 ; 4.000 ; Rise       ; md11_low        ;
; md11_low   ; md11_low   ; 4.000 ; 4.000 ; Rise       ; md11_low        ;
; pause_low  ; md11_low   ; 4.000 ; 4.000 ; Rise       ; md11_low        ;
; data06_low ; md3_low    ; 4.000 ; 4.000 ; Rise       ; md3_low         ;
; data07_low ; md3_low    ; 4.000 ; 4.000 ; Rise       ; md3_low         ;
; data08_low ; md3_low    ; 4.000 ; 4.000 ; Rise       ; md3_low         ;
; data09_low ; md3_low    ; 4.000 ; 4.000 ; Rise       ; md3_low         ;
; data10_low ; md3_low    ; 4.000 ; 4.000 ; Rise       ; md3_low         ;
; data11_low ; md3_low    ; 4.000 ; 4.000 ; Rise       ; md3_low         ;
; md3_low    ; md3_low    ; 4.000 ; 4.000 ; Rise       ; md3_low         ;
; md4_low    ; md3_low    ; 4.000 ; 4.000 ; Rise       ; md3_low         ;
; md5_low    ; md3_low    ; 4.000 ; 4.000 ; Rise       ; md3_low         ;
; md6_low    ; md3_low    ; 4.000 ; 4.000 ; Rise       ; md3_low         ;
; md7_low    ; md3_low    ; 4.000 ; 4.000 ; Rise       ; md3_low         ;
; md8_low    ; md3_low    ; 4.000 ; 4.000 ; Rise       ; md3_low         ;
; md9_low    ; md3_low    ; 4.000 ; 4.000 ; Rise       ; md3_low         ;
; md10_low   ; md3_low    ; 4.000 ; 4.000 ; Rise       ; md3_low         ;
; md11_low   ; md3_low    ; 4.000 ; 4.000 ; Rise       ; md3_low         ;
; pause_low  ; md3_low    ; 4.000 ; 4.000 ; Rise       ; md3_low         ;
; data06_low ; md4_low    ; 4.000 ; 4.000 ; Rise       ; md4_low         ;
; data07_low ; md4_low    ; 4.000 ; 4.000 ; Rise       ; md4_low         ;
; data08_low ; md4_low    ; 4.000 ; 4.000 ; Rise       ; md4_low         ;
; data09_low ; md4_low    ; 4.000 ; 4.000 ; Rise       ; md4_low         ;
; data10_low ; md4_low    ; 4.000 ; 4.000 ; Rise       ; md4_low         ;
; data11_low ; md4_low    ; 4.000 ; 4.000 ; Rise       ; md4_low         ;
; md3_low    ; md4_low    ; 4.000 ; 4.000 ; Rise       ; md4_low         ;
; md4_low    ; md4_low    ; 4.000 ; 4.000 ; Rise       ; md4_low         ;
; md5_low    ; md4_low    ; 4.000 ; 4.000 ; Rise       ; md4_low         ;
; md6_low    ; md4_low    ; 4.000 ; 4.000 ; Rise       ; md4_low         ;
; md7_low    ; md4_low    ; 4.000 ; 4.000 ; Rise       ; md4_low         ;
; md8_low    ; md4_low    ; 4.000 ; 4.000 ; Rise       ; md4_low         ;
; md9_low    ; md4_low    ; 4.000 ; 4.000 ; Rise       ; md4_low         ;
; md10_low   ; md4_low    ; 4.000 ; 4.000 ; Rise       ; md4_low         ;
; md11_low   ; md4_low    ; 4.000 ; 4.000 ; Rise       ; md4_low         ;
; pause_low  ; md4_low    ; 4.000 ; 4.000 ; Rise       ; md4_low         ;
; data06_low ; md5_low    ; 4.000 ; 4.000 ; Rise       ; md5_low         ;
; data07_low ; md5_low    ; 4.000 ; 4.000 ; Rise       ; md5_low         ;
; data08_low ; md5_low    ; 4.000 ; 4.000 ; Rise       ; md5_low         ;
; data09_low ; md5_low    ; 4.000 ; 4.000 ; Rise       ; md5_low         ;
; data10_low ; md5_low    ; 4.000 ; 4.000 ; Rise       ; md5_low         ;
; data11_low ; md5_low    ; 4.000 ; 4.000 ; Rise       ; md5_low         ;
; md3_low    ; md5_low    ; 4.000 ; 4.000 ; Rise       ; md5_low         ;
; md4_low    ; md5_low    ; 4.000 ; 4.000 ; Rise       ; md5_low         ;
; md5_low    ; md5_low    ; 4.000 ; 4.000 ; Rise       ; md5_low         ;
; md6_low    ; md5_low    ; 4.000 ; 4.000 ; Rise       ; md5_low         ;
; md7_low    ; md5_low    ; 4.000 ; 4.000 ; Rise       ; md5_low         ;
; md8_low    ; md5_low    ; 4.000 ; 4.000 ; Rise       ; md5_low         ;
; md9_low    ; md5_low    ; 4.000 ; 4.000 ; Rise       ; md5_low         ;
; md10_low   ; md5_low    ; 4.000 ; 4.000 ; Rise       ; md5_low         ;
; md11_low   ; md5_low    ; 4.000 ; 4.000 ; Rise       ; md5_low         ;
; pause_low  ; md5_low    ; 4.000 ; 4.000 ; Rise       ; md5_low         ;
; data06_low ; md6_low    ; 4.000 ; 4.000 ; Rise       ; md6_low         ;
; data07_low ; md6_low    ; 4.000 ; 4.000 ; Rise       ; md6_low         ;
; data08_low ; md6_low    ; 4.000 ; 4.000 ; Rise       ; md6_low         ;
; data09_low ; md6_low    ; 4.000 ; 4.000 ; Rise       ; md6_low         ;
; data10_low ; md6_low    ; 4.000 ; 4.000 ; Rise       ; md6_low         ;
; data11_low ; md6_low    ; 4.000 ; 4.000 ; Rise       ; md6_low         ;
; md3_low    ; md6_low    ; 4.000 ; 4.000 ; Rise       ; md6_low         ;
; md4_low    ; md6_low    ; 4.000 ; 4.000 ; Rise       ; md6_low         ;
; md5_low    ; md6_low    ; 4.000 ; 4.000 ; Rise       ; md6_low         ;
; md6_low    ; md6_low    ; 4.000 ; 4.000 ; Rise       ; md6_low         ;
; md7_low    ; md6_low    ; 4.000 ; 4.000 ; Rise       ; md6_low         ;
; md8_low    ; md6_low    ; 4.000 ; 4.000 ; Rise       ; md6_low         ;
; md9_low    ; md6_low    ; 4.000 ; 4.000 ; Rise       ; md6_low         ;
; md10_low   ; md6_low    ; 4.000 ; 4.000 ; Rise       ; md6_low         ;
; md11_low   ; md6_low    ; 4.000 ; 4.000 ; Rise       ; md6_low         ;
; pause_low  ; md6_low    ; 4.000 ; 4.000 ; Rise       ; md6_low         ;
; data06_low ; md7_low    ; 4.000 ; 4.000 ; Rise       ; md7_low         ;
; data07_low ; md7_low    ; 4.000 ; 4.000 ; Rise       ; md7_low         ;
; data08_low ; md7_low    ; 4.000 ; 4.000 ; Rise       ; md7_low         ;
; data09_low ; md7_low    ; 4.000 ; 4.000 ; Rise       ; md7_low         ;
; data10_low ; md7_low    ; 4.000 ; 4.000 ; Rise       ; md7_low         ;
; data11_low ; md7_low    ; 4.000 ; 4.000 ; Rise       ; md7_low         ;
; md3_low    ; md7_low    ; 4.000 ; 4.000 ; Rise       ; md7_low         ;
; md4_low    ; md7_low    ; 4.000 ; 4.000 ; Rise       ; md7_low         ;
; md5_low    ; md7_low    ; 4.000 ; 4.000 ; Rise       ; md7_low         ;
; md6_low    ; md7_low    ; 4.000 ; 4.000 ; Rise       ; md7_low         ;
; md7_low    ; md7_low    ; 4.000 ; 4.000 ; Rise       ; md7_low         ;
; md8_low    ; md7_low    ; 4.000 ; 4.000 ; Rise       ; md7_low         ;
; md9_low    ; md7_low    ; 4.000 ; 4.000 ; Rise       ; md7_low         ;
; md10_low   ; md7_low    ; 4.000 ; 4.000 ; Rise       ; md7_low         ;
; md11_low   ; md7_low    ; 4.000 ; 4.000 ; Rise       ; md7_low         ;
; pause_low  ; md7_low    ; 4.000 ; 4.000 ; Rise       ; md7_low         ;
; data06_low ; md8_low    ; 4.000 ; 4.000 ; Rise       ; md8_low         ;
; data07_low ; md8_low    ; 4.000 ; 4.000 ; Rise       ; md8_low         ;
; data08_low ; md8_low    ; 4.000 ; 4.000 ; Rise       ; md8_low         ;
; data09_low ; md8_low    ; 4.000 ; 4.000 ; Rise       ; md8_low         ;
; data10_low ; md8_low    ; 4.000 ; 4.000 ; Rise       ; md8_low         ;
; data11_low ; md8_low    ; 4.000 ; 4.000 ; Rise       ; md8_low         ;
; md3_low    ; md8_low    ; 4.000 ; 4.000 ; Rise       ; md8_low         ;
; md4_low    ; md8_low    ; 4.000 ; 4.000 ; Rise       ; md8_low         ;
; md5_low    ; md8_low    ; 4.000 ; 4.000 ; Rise       ; md8_low         ;
; md6_low    ; md8_low    ; 4.000 ; 4.000 ; Rise       ; md8_low         ;
; md7_low    ; md8_low    ; 4.000 ; 4.000 ; Rise       ; md8_low         ;
; md8_low    ; md8_low    ; 4.000 ; 4.000 ; Rise       ; md8_low         ;
; md9_low    ; md8_low    ; 4.000 ; 4.000 ; Rise       ; md8_low         ;
; md10_low   ; md8_low    ; 4.000 ; 4.000 ; Rise       ; md8_low         ;
; md11_low   ; md8_low    ; 4.000 ; 4.000 ; Rise       ; md8_low         ;
; pause_low  ; md8_low    ; 4.000 ; 4.000 ; Rise       ; md8_low         ;
; data06_low ; md9_low    ; 4.000 ; 4.000 ; Rise       ; md9_low         ;
; data07_low ; md9_low    ; 4.000 ; 4.000 ; Rise       ; md9_low         ;
; data08_low ; md9_low    ; 4.000 ; 4.000 ; Rise       ; md9_low         ;
; data09_low ; md9_low    ; 4.000 ; 4.000 ; Rise       ; md9_low         ;
; data10_low ; md9_low    ; 4.000 ; 4.000 ; Rise       ; md9_low         ;
; data11_low ; md9_low    ; 4.000 ; 4.000 ; Rise       ; md9_low         ;
; md3_low    ; md9_low    ; 4.000 ; 4.000 ; Rise       ; md9_low         ;
; md4_low    ; md9_low    ; 4.000 ; 4.000 ; Rise       ; md9_low         ;
; md5_low    ; md9_low    ; 4.000 ; 4.000 ; Rise       ; md9_low         ;
; md6_low    ; md9_low    ; 4.000 ; 4.000 ; Rise       ; md9_low         ;
; md7_low    ; md9_low    ; 4.000 ; 4.000 ; Rise       ; md9_low         ;
; md8_low    ; md9_low    ; 4.000 ; 4.000 ; Rise       ; md9_low         ;
; md9_low    ; md9_low    ; 4.000 ; 4.000 ; Rise       ; md9_low         ;
; md10_low   ; md9_low    ; 4.000 ; 4.000 ; Rise       ; md9_low         ;
; md11_low   ; md9_low    ; 4.000 ; 4.000 ; Rise       ; md9_low         ;
; pause_low  ; md9_low    ; 4.000 ; 4.000 ; Rise       ; md9_low         ;
; data06_low ; pause_low  ; 4.000 ; 4.000 ; Rise       ; pause_low       ;
; data07_low ; pause_low  ; 4.000 ; 4.000 ; Rise       ; pause_low       ;
; data08_low ; pause_low  ; 4.000 ; 4.000 ; Rise       ; pause_low       ;
; data09_low ; pause_low  ; 4.000 ; 4.000 ; Rise       ; pause_low       ;
; data10_low ; pause_low  ; 4.000 ; 4.000 ; Rise       ; pause_low       ;
; data11_low ; pause_low  ; 4.000 ; 4.000 ; Rise       ; pause_low       ;
; md3_low    ; pause_low  ; 4.000 ; 4.000 ; Rise       ; pause_low       ;
; md4_low    ; pause_low  ; 4.000 ; 4.000 ; Rise       ; pause_low       ;
; md5_low    ; pause_low  ; 4.000 ; 4.000 ; Rise       ; pause_low       ;
; md6_low    ; pause_low  ; 4.000 ; 4.000 ; Rise       ; pause_low       ;
; md7_low    ; pause_low  ; 4.000 ; 4.000 ; Rise       ; pause_low       ;
; md8_low    ; pause_low  ; 4.000 ; 4.000 ; Rise       ; pause_low       ;
; md9_low    ; pause_low  ; 4.000 ; 4.000 ; Rise       ; pause_low       ;
; md10_low   ; pause_low  ; 4.000 ; 4.000 ; Rise       ; pause_low       ;
; md11_low   ; pause_low  ; 4.000 ; 4.000 ; Rise       ; pause_low       ;
; pause_low  ; pause_low  ; 4.000 ; 4.000 ; Rise       ; pause_low       ;
; data06_low ; tp3        ; 4.000 ; 4.000 ; Rise       ; tp3             ;
; data07_low ; tp3        ; 4.000 ; 4.000 ; Rise       ; tp3             ;
; data08_low ; tp3        ; 4.000 ; 4.000 ; Rise       ; tp3             ;
; data09_low ; tp3        ; 4.000 ; 4.000 ; Rise       ; tp3             ;
; data10_low ; tp3        ; 4.000 ; 4.000 ; Rise       ; tp3             ;
; data11_low ; tp3        ; 4.000 ; 4.000 ; Rise       ; tp3             ;
; md3_low    ; tp3        ; 4.000 ; 4.000 ; Rise       ; tp3             ;
; md4_low    ; tp3        ; 4.000 ; 4.000 ; Rise       ; tp3             ;
; md5_low    ; tp3        ; 4.000 ; 4.000 ; Rise       ; tp3             ;
; md6_low    ; tp3        ; 4.000 ; 4.000 ; Rise       ; tp3             ;
; md7_low    ; tp3        ; 4.000 ; 4.000 ; Rise       ; tp3             ;
; md8_low    ; tp3        ; 4.000 ; 4.000 ; Rise       ; tp3             ;
; md9_low    ; tp3        ; 4.000 ; 4.000 ; Rise       ; tp3             ;
; md10_low   ; tp3        ; 4.000 ; 4.000 ; Rise       ; tp3             ;
; md11_low   ; tp3        ; 4.000 ; 4.000 ; Rise       ; tp3             ;
; pause_low  ; tp3        ; 4.000 ; 4.000 ; Rise       ; tp3             ;
+------------+------------+-------+-------+------------+-----------------+


+------------------------------------------------------------------------+
; Hold Times                                                             ;
+------------+------------+-------+-------+------------+-----------------+
; Data Port  ; Clock Port ; Rise  ; Fall  ; Clock Edge ; Clock Reference ;
+------------+------------+-------+-------+------------+-----------------+
; data06_low ; md10_low   ; 4.000 ; 4.000 ; Rise       ; md10_low        ;
; data07_low ; md10_low   ; 4.000 ; 4.000 ; Rise       ; md10_low        ;
; data08_low ; md10_low   ; 4.000 ; 4.000 ; Rise       ; md10_low        ;
; data09_low ; md10_low   ; 4.000 ; 4.000 ; Rise       ; md10_low        ;
; data10_low ; md10_low   ; 4.000 ; 4.000 ; Rise       ; md10_low        ;
; data11_low ; md10_low   ; 4.000 ; 4.000 ; Rise       ; md10_low        ;
; md3_low    ; md10_low   ; 4.000 ; 4.000 ; Rise       ; md10_low        ;
; md4_low    ; md10_low   ; 4.000 ; 4.000 ; Rise       ; md10_low        ;
; md5_low    ; md10_low   ; 4.000 ; 4.000 ; Rise       ; md10_low        ;
; md6_low    ; md10_low   ; 4.000 ; 4.000 ; Rise       ; md10_low        ;
; md7_low    ; md10_low   ; 4.000 ; 4.000 ; Rise       ; md10_low        ;
; md8_low    ; md10_low   ; 4.000 ; 4.000 ; Rise       ; md10_low        ;
; md9_low    ; md10_low   ; 4.000 ; 4.000 ; Rise       ; md10_low        ;
; md10_low   ; md10_low   ; 4.000 ; 4.000 ; Rise       ; md10_low        ;
; md11_low   ; md10_low   ; 4.000 ; 4.000 ; Rise       ; md10_low        ;
; pause_low  ; md10_low   ; 4.000 ; 4.000 ; Rise       ; md10_low        ;
; data06_low ; md11_low   ; 4.000 ; 4.000 ; Rise       ; md11_low        ;
; data07_low ; md11_low   ; 4.000 ; 4.000 ; Rise       ; md11_low        ;
; data08_low ; md11_low   ; 4.000 ; 4.000 ; Rise       ; md11_low        ;
; data09_low ; md11_low   ; 4.000 ; 4.000 ; Rise       ; md11_low        ;
; data10_low ; md11_low   ; 4.000 ; 4.000 ; Rise       ; md11_low        ;
; data11_low ; md11_low   ; 4.000 ; 4.000 ; Rise       ; md11_low        ;
; md3_low    ; md11_low   ; 4.000 ; 4.000 ; Rise       ; md11_low        ;
; md4_low    ; md11_low   ; 4.000 ; 4.000 ; Rise       ; md11_low        ;
; md5_low    ; md11_low   ; 4.000 ; 4.000 ; Rise       ; md11_low        ;
; md6_low    ; md11_low   ; 4.000 ; 4.000 ; Rise       ; md11_low        ;
; md7_low    ; md11_low   ; 4.000 ; 4.000 ; Rise       ; md11_low        ;
; md8_low    ; md11_low   ; 4.000 ; 4.000 ; Rise       ; md11_low        ;
; md9_low    ; md11_low   ; 4.000 ; 4.000 ; Rise       ; md11_low        ;
; md10_low   ; md11_low   ; 4.000 ; 4.000 ; Rise       ; md11_low        ;
; md11_low   ; md11_low   ; 4.000 ; 4.000 ; Rise       ; md11_low        ;
; pause_low  ; md11_low   ; 4.000 ; 4.000 ; Rise       ; md11_low        ;
; data06_low ; md3_low    ; 4.000 ; 4.000 ; Rise       ; md3_low         ;
; data07_low ; md3_low    ; 4.000 ; 4.000 ; Rise       ; md3_low         ;
; data08_low ; md3_low    ; 4.000 ; 4.000 ; Rise       ; md3_low         ;
; data09_low ; md3_low    ; 4.000 ; 4.000 ; Rise       ; md3_low         ;
; data10_low ; md3_low    ; 4.000 ; 4.000 ; Rise       ; md3_low         ;
; data11_low ; md3_low    ; 4.000 ; 4.000 ; Rise       ; md3_low         ;
; md3_low    ; md3_low    ; 4.000 ; 4.000 ; Rise       ; md3_low         ;
; md4_low    ; md3_low    ; 4.000 ; 4.000 ; Rise       ; md3_low         ;
; md5_low    ; md3_low    ; 4.000 ; 4.000 ; Rise       ; md3_low         ;
; md6_low    ; md3_low    ; 4.000 ; 4.000 ; Rise       ; md3_low         ;
; md7_low    ; md3_low    ; 4.000 ; 4.000 ; Rise       ; md3_low         ;
; md8_low    ; md3_low    ; 4.000 ; 4.000 ; Rise       ; md3_low         ;
; md9_low    ; md3_low    ; 4.000 ; 4.000 ; Rise       ; md3_low         ;
; md10_low   ; md3_low    ; 4.000 ; 4.000 ; Rise       ; md3_low         ;
; md11_low   ; md3_low    ; 4.000 ; 4.000 ; Rise       ; md3_low         ;
; pause_low  ; md3_low    ; 4.000 ; 4.000 ; Rise       ; md3_low         ;
; data06_low ; md4_low    ; 4.000 ; 4.000 ; Rise       ; md4_low         ;
; data07_low ; md4_low    ; 4.000 ; 4.000 ; Rise       ; md4_low         ;
; data08_low ; md4_low    ; 4.000 ; 4.000 ; Rise       ; md4_low         ;
; data09_low ; md4_low    ; 4.000 ; 4.000 ; Rise       ; md4_low         ;
; data10_low ; md4_low    ; 4.000 ; 4.000 ; Rise       ; md4_low         ;
; data11_low ; md4_low    ; 4.000 ; 4.000 ; Rise       ; md4_low         ;
; md3_low    ; md4_low    ; 4.000 ; 4.000 ; Rise       ; md4_low         ;
; md4_low    ; md4_low    ; 4.000 ; 4.000 ; Rise       ; md4_low         ;
; md5_low    ; md4_low    ; 4.000 ; 4.000 ; Rise       ; md4_low         ;
; md6_low    ; md4_low    ; 4.000 ; 4.000 ; Rise       ; md4_low         ;
; md7_low    ; md4_low    ; 4.000 ; 4.000 ; Rise       ; md4_low         ;
; md8_low    ; md4_low    ; 4.000 ; 4.000 ; Rise       ; md4_low         ;
; md9_low    ; md4_low    ; 4.000 ; 4.000 ; Rise       ; md4_low         ;
; md10_low   ; md4_low    ; 4.000 ; 4.000 ; Rise       ; md4_low         ;
; md11_low   ; md4_low    ; 4.000 ; 4.000 ; Rise       ; md4_low         ;
; pause_low  ; md4_low    ; 4.000 ; 4.000 ; Rise       ; md4_low         ;
; data06_low ; md5_low    ; 4.000 ; 4.000 ; Rise       ; md5_low         ;
; data07_low ; md5_low    ; 4.000 ; 4.000 ; Rise       ; md5_low         ;
; data08_low ; md5_low    ; 4.000 ; 4.000 ; Rise       ; md5_low         ;
; data09_low ; md5_low    ; 4.000 ; 4.000 ; Rise       ; md5_low         ;
; data10_low ; md5_low    ; 4.000 ; 4.000 ; Rise       ; md5_low         ;
; data11_low ; md5_low    ; 4.000 ; 4.000 ; Rise       ; md5_low         ;
; md3_low    ; md5_low    ; 4.000 ; 4.000 ; Rise       ; md5_low         ;
; md4_low    ; md5_low    ; 4.000 ; 4.000 ; Rise       ; md5_low         ;
; md5_low    ; md5_low    ; 4.000 ; 4.000 ; Rise       ; md5_low         ;
; md6_low    ; md5_low    ; 4.000 ; 4.000 ; Rise       ; md5_low         ;
; md7_low    ; md5_low    ; 4.000 ; 4.000 ; Rise       ; md5_low         ;
; md8_low    ; md5_low    ; 4.000 ; 4.000 ; Rise       ; md5_low         ;
; md9_low    ; md5_low    ; 4.000 ; 4.000 ; Rise       ; md5_low         ;
; md10_low   ; md5_low    ; 4.000 ; 4.000 ; Rise       ; md5_low         ;
; md11_low   ; md5_low    ; 4.000 ; 4.000 ; Rise       ; md5_low         ;
; pause_low  ; md5_low    ; 4.000 ; 4.000 ; Rise       ; md5_low         ;
; data06_low ; md6_low    ; 4.000 ; 4.000 ; Rise       ; md6_low         ;
; data07_low ; md6_low    ; 4.000 ; 4.000 ; Rise       ; md6_low         ;
; data08_low ; md6_low    ; 4.000 ; 4.000 ; Rise       ; md6_low         ;
; data09_low ; md6_low    ; 4.000 ; 4.000 ; Rise       ; md6_low         ;
; data10_low ; md6_low    ; 4.000 ; 4.000 ; Rise       ; md6_low         ;
; data11_low ; md6_low    ; 4.000 ; 4.000 ; Rise       ; md6_low         ;
; md3_low    ; md6_low    ; 4.000 ; 4.000 ; Rise       ; md6_low         ;
; md4_low    ; md6_low    ; 4.000 ; 4.000 ; Rise       ; md6_low         ;
; md5_low    ; md6_low    ; 4.000 ; 4.000 ; Rise       ; md6_low         ;
; md6_low    ; md6_low    ; 4.000 ; 4.000 ; Rise       ; md6_low         ;
; md7_low    ; md6_low    ; 4.000 ; 4.000 ; Rise       ; md6_low         ;
; md8_low    ; md6_low    ; 4.000 ; 4.000 ; Rise       ; md6_low         ;
; md9_low    ; md6_low    ; 4.000 ; 4.000 ; Rise       ; md6_low         ;
; md10_low   ; md6_low    ; 4.000 ; 4.000 ; Rise       ; md6_low         ;
; md11_low   ; md6_low    ; 4.000 ; 4.000 ; Rise       ; md6_low         ;
; pause_low  ; md6_low    ; 4.000 ; 4.000 ; Rise       ; md6_low         ;
; data06_low ; md7_low    ; 4.000 ; 4.000 ; Rise       ; md7_low         ;
; data07_low ; md7_low    ; 4.000 ; 4.000 ; Rise       ; md7_low         ;
; data08_low ; md7_low    ; 4.000 ; 4.000 ; Rise       ; md7_low         ;
; data09_low ; md7_low    ; 4.000 ; 4.000 ; Rise       ; md7_low         ;
; data10_low ; md7_low    ; 4.000 ; 4.000 ; Rise       ; md7_low         ;
; data11_low ; md7_low    ; 4.000 ; 4.000 ; Rise       ; md7_low         ;
; md3_low    ; md7_low    ; 4.000 ; 4.000 ; Rise       ; md7_low         ;
; md4_low    ; md7_low    ; 4.000 ; 4.000 ; Rise       ; md7_low         ;
; md5_low    ; md7_low    ; 4.000 ; 4.000 ; Rise       ; md7_low         ;
; md6_low    ; md7_low    ; 4.000 ; 4.000 ; Rise       ; md7_low         ;
; md7_low    ; md7_low    ; 4.000 ; 4.000 ; Rise       ; md7_low         ;
; md8_low    ; md7_low    ; 4.000 ; 4.000 ; Rise       ; md7_low         ;
; md9_low    ; md7_low    ; 4.000 ; 4.000 ; Rise       ; md7_low         ;
; md10_low   ; md7_low    ; 4.000 ; 4.000 ; Rise       ; md7_low         ;
; md11_low   ; md7_low    ; 4.000 ; 4.000 ; Rise       ; md7_low         ;
; pause_low  ; md7_low    ; 4.000 ; 4.000 ; Rise       ; md7_low         ;
; data06_low ; md8_low    ; 4.000 ; 4.000 ; Rise       ; md8_low         ;
; data07_low ; md8_low    ; 4.000 ; 4.000 ; Rise       ; md8_low         ;
; data08_low ; md8_low    ; 4.000 ; 4.000 ; Rise       ; md8_low         ;
; data09_low ; md8_low    ; 4.000 ; 4.000 ; Rise       ; md8_low         ;
; data10_low ; md8_low    ; 4.000 ; 4.000 ; Rise       ; md8_low         ;
; data11_low ; md8_low    ; 4.000 ; 4.000 ; Rise       ; md8_low         ;
; md3_low    ; md8_low    ; 4.000 ; 4.000 ; Rise       ; md8_low         ;
; md4_low    ; md8_low    ; 4.000 ; 4.000 ; Rise       ; md8_low         ;
; md5_low    ; md8_low    ; 4.000 ; 4.000 ; Rise       ; md8_low         ;
; md6_low    ; md8_low    ; 4.000 ; 4.000 ; Rise       ; md8_low         ;
; md7_low    ; md8_low    ; 4.000 ; 4.000 ; Rise       ; md8_low         ;
; md8_low    ; md8_low    ; 4.000 ; 4.000 ; Rise       ; md8_low         ;
; md9_low    ; md8_low    ; 4.000 ; 4.000 ; Rise       ; md8_low         ;
; md10_low   ; md8_low    ; 4.000 ; 4.000 ; Rise       ; md8_low         ;
; md11_low   ; md8_low    ; 4.000 ; 4.000 ; Rise       ; md8_low         ;
; pause_low  ; md8_low    ; 4.000 ; 4.000 ; Rise       ; md8_low         ;
; data06_low ; md9_low    ; 4.000 ; 4.000 ; Rise       ; md9_low         ;
; data07_low ; md9_low    ; 4.000 ; 4.000 ; Rise       ; md9_low         ;
; data08_low ; md9_low    ; 4.000 ; 4.000 ; Rise       ; md9_low         ;
; data09_low ; md9_low    ; 4.000 ; 4.000 ; Rise       ; md9_low         ;
; data10_low ; md9_low    ; 4.000 ; 4.000 ; Rise       ; md9_low         ;
; data11_low ; md9_low    ; 4.000 ; 4.000 ; Rise       ; md9_low         ;
; md3_low    ; md9_low    ; 4.000 ; 4.000 ; Rise       ; md9_low         ;
; md4_low    ; md9_low    ; 4.000 ; 4.000 ; Rise       ; md9_low         ;
; md5_low    ; md9_low    ; 4.000 ; 4.000 ; Rise       ; md9_low         ;
; md6_low    ; md9_low    ; 4.000 ; 4.000 ; Rise       ; md9_low         ;
; md7_low    ; md9_low    ; 4.000 ; 4.000 ; Rise       ; md9_low         ;
; md8_low    ; md9_low    ; 4.000 ; 4.000 ; Rise       ; md9_low         ;
; md9_low    ; md9_low    ; 4.000 ; 4.000 ; Rise       ; md9_low         ;
; md10_low   ; md9_low    ; 4.000 ; 4.000 ; Rise       ; md9_low         ;
; md11_low   ; md9_low    ; 4.000 ; 4.000 ; Rise       ; md9_low         ;
; pause_low  ; md9_low    ; 4.000 ; 4.000 ; Rise       ; md9_low         ;
; data06_low ; pause_low  ; 4.000 ; 4.000 ; Rise       ; pause_low       ;
; data07_low ; pause_low  ; 4.000 ; 4.000 ; Rise       ; pause_low       ;
; data08_low ; pause_low  ; 4.000 ; 4.000 ; Rise       ; pause_low       ;
; data09_low ; pause_low  ; 4.000 ; 4.000 ; Rise       ; pause_low       ;
; data10_low ; pause_low  ; 4.000 ; 4.000 ; Rise       ; pause_low       ;
; data11_low ; pause_low  ; 4.000 ; 4.000 ; Rise       ; pause_low       ;
; md3_low    ; pause_low  ; 4.000 ; 4.000 ; Rise       ; pause_low       ;
; md4_low    ; pause_low  ; 4.000 ; 4.000 ; Rise       ; pause_low       ;
; md5_low    ; pause_low  ; 4.000 ; 4.000 ; Rise       ; pause_low       ;
; md6_low    ; pause_low  ; 4.000 ; 4.000 ; Rise       ; pause_low       ;
; md7_low    ; pause_low  ; 4.000 ; 4.000 ; Rise       ; pause_low       ;
; md8_low    ; pause_low  ; 4.000 ; 4.000 ; Rise       ; pause_low       ;
; md9_low    ; pause_low  ; 4.000 ; 4.000 ; Rise       ; pause_low       ;
; md10_low   ; pause_low  ; 4.000 ; 4.000 ; Rise       ; pause_low       ;
; md11_low   ; pause_low  ; 4.000 ; 4.000 ; Rise       ; pause_low       ;
; pause_low  ; pause_low  ; 4.000 ; 4.000 ; Rise       ; pause_low       ;
; data06_low ; tp3        ; 4.000 ; 4.000 ; Rise       ; tp3             ;
; data07_low ; tp3        ; 4.000 ; 4.000 ; Rise       ; tp3             ;
; data08_low ; tp3        ; 4.000 ; 4.000 ; Rise       ; tp3             ;
; data09_low ; tp3        ; 4.000 ; 4.000 ; Rise       ; tp3             ;
; data10_low ; tp3        ; 4.000 ; 4.000 ; Rise       ; tp3             ;
; data11_low ; tp3        ; 4.000 ; 4.000 ; Rise       ; tp3             ;
; md3_low    ; tp3        ; 4.000 ; 4.000 ; Rise       ; tp3             ;
; md4_low    ; tp3        ; 4.000 ; 4.000 ; Rise       ; tp3             ;
; md5_low    ; tp3        ; 4.000 ; 4.000 ; Rise       ; tp3             ;
; md6_low    ; tp3        ; 4.000 ; 4.000 ; Rise       ; tp3             ;
; md7_low    ; tp3        ; 4.000 ; 4.000 ; Rise       ; tp3             ;
; md8_low    ; tp3        ; 4.000 ; 4.000 ; Rise       ; tp3             ;
; md9_low    ; tp3        ; 4.000 ; 4.000 ; Rise       ; tp3             ;
; md10_low   ; tp3        ; 4.000 ; 4.000 ; Rise       ; tp3             ;
; md11_low   ; tp3        ; 4.000 ; 4.000 ; Rise       ; tp3             ;
; pause_low  ; tp3        ; 4.000 ; 4.000 ; Rise       ; tp3             ;
+------------+------------+-------+-------+------------+-----------------+


+-------------------------------------------------------------------------------+
; Clock to Output Times                                                         ;
+-----------------+------------+--------+--------+------------+-----------------+
; Data Port       ; Clock Port ; Rise   ; Fall   ; Clock Edge ; Clock Reference ;
+-----------------+------------+--------+--------+------------+-----------------+
; interrupt_low   ; dk14       ; 31.000 ; 31.000 ; Rise       ; dk14            ;
; skip_low        ; dk14       ; 31.000 ; 31.000 ; Rise       ; dk14            ;
; b_dixy_low      ; md10_low   ; 15.000 ; 15.000 ; Rise       ; md10_low        ;
; c0_low          ; md10_low   ; 15.000 ; 15.000 ; Rise       ; md10_low        ;
; c1_low          ; md10_low   ; 15.000 ; 15.000 ; Rise       ; md10_low        ;
; chan_low        ; md10_low   ; 15.000 ; 15.000 ; Rise       ; md10_low        ;
; col_red_low     ; md10_low   ; 15.000 ; 15.000 ; Rise       ; md10_low        ;
; data00_low      ; md10_low   ; 15.000 ; 15.000 ; Rise       ; md10_low        ;
; data01_low      ; md10_low   ; 15.000 ; 15.000 ; Rise       ; md10_low        ;
; data02_low      ; md10_low   ; 15.000 ; 15.000 ; Rise       ; md10_low        ;
; data03_low      ; md10_low   ; 15.000 ; 15.000 ; Rise       ; md10_low        ;
; data06_low      ; md10_low   ; 24.000 ; 24.000 ; Rise       ; md10_low        ;
; data07_low      ; md10_low   ; 24.000 ; 24.000 ; Rise       ; md10_low        ;
; data08_low      ; md10_low   ; 15.000 ; 15.000 ; Rise       ; md10_low        ;
; data09_low      ; md10_low   ; 24.000 ; 24.000 ; Rise       ; md10_low        ;
; data10_low      ; md10_low   ; 24.000 ; 24.000 ; Rise       ; md10_low        ;
; data11_low      ; md10_low   ; 24.000 ; 24.000 ; Rise       ; md10_low        ;
; di02_l          ; md10_low   ; 15.000 ; 15.000 ; Rise       ; md10_low        ;
; di03            ; md10_low   ; 15.000 ; 15.000 ; Rise       ; md10_low        ;
; di04            ; md10_low   ; 15.000 ; 15.000 ; Rise       ; md10_low        ;
; di05            ; md10_low   ; 15.000 ; 15.000 ; Rise       ; md10_low        ;
; di06            ; md10_low   ; 15.000 ; 15.000 ; Rise       ; md10_low        ;
; di07            ; md10_low   ; 15.000 ; 15.000 ; Rise       ; md10_low        ;
; di08            ; md10_low   ; 15.000 ; 15.000 ; Rise       ; md10_low        ;
; di09            ; md10_low   ; 15.000 ; 15.000 ; Rise       ; md10_low        ;
; di10            ; md10_low   ; 15.000 ; 15.000 ; Rise       ; md10_low        ;
; di11            ; md10_low   ; 15.000 ; 15.000 ; Rise       ; md10_low        ;
; erase_low       ; md10_low   ; 15.000 ; 15.000 ; Rise       ; md10_low        ;
; interrupt_low   ; md10_low   ; 40.000 ; 40.000 ; Rise       ; md10_low        ;
; load_x          ; md10_low   ; 15.000 ; 15.000 ; Rise       ; md10_low        ;
; load_y          ; md10_low   ; 15.000 ; 15.000 ; Rise       ; md10_low        ;
; n_t_27x         ; md10_low   ; 24.000 ; 24.000 ; Rise       ; md10_low        ;
; non_store_low   ; md10_low   ; 15.000 ; 15.000 ; Rise       ; md10_low        ;
; skip_low        ; md10_low   ; 32.000 ; 32.000 ; Rise       ; md10_low        ;
; write_thru_low  ; md10_low   ; 15.000 ; 15.000 ; Rise       ; md10_low        ;
; b_dixy_low      ; md10_low   ; 15.000 ; 15.000 ; Fall       ; md10_low        ;
; c0_low          ; md10_low   ; 15.000 ; 15.000 ; Fall       ; md10_low        ;
; c1_low          ; md10_low   ; 15.000 ; 15.000 ; Fall       ; md10_low        ;
; data00_low      ; md10_low   ; 15.000 ; 15.000 ; Fall       ; md10_low        ;
; data01_low      ; md10_low   ; 15.000 ; 15.000 ; Fall       ; md10_low        ;
; data02_low      ; md10_low   ; 15.000 ; 15.000 ; Fall       ; md10_low        ;
; data03_low      ; md10_low   ; 15.000 ; 15.000 ; Fall       ; md10_low        ;
; data06_low      ; md10_low   ; 15.000 ; 15.000 ; Fall       ; md10_low        ;
; data07_low      ; md10_low   ; 15.000 ; 15.000 ; Fall       ; md10_low        ;
; data08_low      ; md10_low   ; 15.000 ; 15.000 ; Fall       ; md10_low        ;
; data09_low      ; md10_low   ; 15.000 ; 15.000 ; Fall       ; md10_low        ;
; data10_low      ; md10_low   ; 15.000 ; 15.000 ; Fall       ; md10_low        ;
; data11_low      ; md10_low   ; 15.000 ; 15.000 ; Fall       ; md10_low        ;
; di02_l          ; md10_low   ; 15.000 ; 15.000 ; Fall       ; md10_low        ;
; di03            ; md10_low   ; 15.000 ; 15.000 ; Fall       ; md10_low        ;
; di04            ; md10_low   ; 15.000 ; 15.000 ; Fall       ; md10_low        ;
; di05            ; md10_low   ; 15.000 ; 15.000 ; Fall       ; md10_low        ;
; di06            ; md10_low   ; 15.000 ; 15.000 ; Fall       ; md10_low        ;
; di07            ; md10_low   ; 15.000 ; 15.000 ; Fall       ; md10_low        ;
; di08            ; md10_low   ; 15.000 ; 15.000 ; Fall       ; md10_low        ;
; di09            ; md10_low   ; 15.000 ; 15.000 ; Fall       ; md10_low        ;
; di10            ; md10_low   ; 15.000 ; 15.000 ; Fall       ; md10_low        ;
; di11            ; md10_low   ; 15.000 ; 15.000 ; Fall       ; md10_low        ;
; interrupt_low   ; md10_low   ; 40.000 ; 40.000 ; Fall       ; md10_low        ;
; load_x          ; md10_low   ; 15.000 ; 15.000 ; Fall       ; md10_low        ;
; load_y          ; md10_low   ; 15.000 ; 15.000 ; Fall       ; md10_low        ;
; skip_low        ; md10_low   ; 32.000 ; 32.000 ; Fall       ; md10_low        ;
; b_dixy_low      ; md11_low   ; 15.000 ; 15.000 ; Rise       ; md11_low        ;
; c0_low          ; md11_low   ; 15.000 ; 15.000 ; Rise       ; md11_low        ;
; c1_low          ; md11_low   ; 15.000 ; 15.000 ; Rise       ; md11_low        ;
; chan_low        ; md11_low   ; 15.000 ; 15.000 ; Rise       ; md11_low        ;
; col_red_low     ; md11_low   ; 15.000 ; 15.000 ; Rise       ; md11_low        ;
; data00_low      ; md11_low   ; 15.000 ; 15.000 ; Rise       ; md11_low        ;
; data01_low      ; md11_low   ; 15.000 ; 15.000 ; Rise       ; md11_low        ;
; data02_low      ; md11_low   ; 15.000 ; 15.000 ; Rise       ; md11_low        ;
; data03_low      ; md11_low   ; 15.000 ; 15.000 ; Rise       ; md11_low        ;
; data06_low      ; md11_low   ; 24.000 ; 24.000 ; Rise       ; md11_low        ;
; data07_low      ; md11_low   ; 24.000 ; 24.000 ; Rise       ; md11_low        ;
; data08_low      ; md11_low   ; 15.000 ; 15.000 ; Rise       ; md11_low        ;
; data09_low      ; md11_low   ; 24.000 ; 24.000 ; Rise       ; md11_low        ;
; data10_low      ; md11_low   ; 24.000 ; 24.000 ; Rise       ; md11_low        ;
; data11_low      ; md11_low   ; 24.000 ; 24.000 ; Rise       ; md11_low        ;
; di02_l          ; md11_low   ; 15.000 ; 15.000 ; Rise       ; md11_low        ;
; di03            ; md11_low   ; 15.000 ; 15.000 ; Rise       ; md11_low        ;
; di04            ; md11_low   ; 15.000 ; 15.000 ; Rise       ; md11_low        ;
; di05            ; md11_low   ; 15.000 ; 15.000 ; Rise       ; md11_low        ;
; di06            ; md11_low   ; 15.000 ; 15.000 ; Rise       ; md11_low        ;
; di07            ; md11_low   ; 15.000 ; 15.000 ; Rise       ; md11_low        ;
; di08            ; md11_low   ; 15.000 ; 15.000 ; Rise       ; md11_low        ;
; di09            ; md11_low   ; 15.000 ; 15.000 ; Rise       ; md11_low        ;
; di10            ; md11_low   ; 15.000 ; 15.000 ; Rise       ; md11_low        ;
; di11            ; md11_low   ; 15.000 ; 15.000 ; Rise       ; md11_low        ;
; erase_low       ; md11_low   ; 15.000 ; 15.000 ; Rise       ; md11_low        ;
; interrupt_low   ; md11_low   ; 40.000 ; 40.000 ; Rise       ; md11_low        ;
; load_x          ; md11_low   ; 15.000 ; 15.000 ; Rise       ; md11_low        ;
; load_y          ; md11_low   ; 15.000 ; 15.000 ; Rise       ; md11_low        ;
; n_t_27x         ; md11_low   ; 24.000 ; 24.000 ; Rise       ; md11_low        ;
; non_store_low   ; md11_low   ; 15.000 ; 15.000 ; Rise       ; md11_low        ;
; skip_low        ; md11_low   ; 32.000 ; 32.000 ; Rise       ; md11_low        ;
; write_thru_low  ; md11_low   ; 15.000 ; 15.000 ; Rise       ; md11_low        ;
; b_dixy_low      ; md11_low   ; 15.000 ; 15.000 ; Fall       ; md11_low        ;
; c0_low          ; md11_low   ; 15.000 ; 15.000 ; Fall       ; md11_low        ;
; c1_low          ; md11_low   ; 15.000 ; 15.000 ; Fall       ; md11_low        ;
; data00_low      ; md11_low   ; 15.000 ; 15.000 ; Fall       ; md11_low        ;
; data01_low      ; md11_low   ; 15.000 ; 15.000 ; Fall       ; md11_low        ;
; data02_low      ; md11_low   ; 15.000 ; 15.000 ; Fall       ; md11_low        ;
; data03_low      ; md11_low   ; 15.000 ; 15.000 ; Fall       ; md11_low        ;
; data06_low      ; md11_low   ; 15.000 ; 15.000 ; Fall       ; md11_low        ;
; data07_low      ; md11_low   ; 15.000 ; 15.000 ; Fall       ; md11_low        ;
; data08_low      ; md11_low   ; 15.000 ; 15.000 ; Fall       ; md11_low        ;
; data09_low      ; md11_low   ; 15.000 ; 15.000 ; Fall       ; md11_low        ;
; data10_low      ; md11_low   ; 15.000 ; 15.000 ; Fall       ; md11_low        ;
; data11_low      ; md11_low   ; 15.000 ; 15.000 ; Fall       ; md11_low        ;
; di02_l          ; md11_low   ; 15.000 ; 15.000 ; Fall       ; md11_low        ;
; di03            ; md11_low   ; 15.000 ; 15.000 ; Fall       ; md11_low        ;
; di04            ; md11_low   ; 15.000 ; 15.000 ; Fall       ; md11_low        ;
; di05            ; md11_low   ; 15.000 ; 15.000 ; Fall       ; md11_low        ;
; di06            ; md11_low   ; 15.000 ; 15.000 ; Fall       ; md11_low        ;
; di07            ; md11_low   ; 15.000 ; 15.000 ; Fall       ; md11_low        ;
; di08            ; md11_low   ; 15.000 ; 15.000 ; Fall       ; md11_low        ;
; di09            ; md11_low   ; 15.000 ; 15.000 ; Fall       ; md11_low        ;
; di10            ; md11_low   ; 15.000 ; 15.000 ; Fall       ; md11_low        ;
; di11            ; md11_low   ; 15.000 ; 15.000 ; Fall       ; md11_low        ;
; interrupt_low   ; md11_low   ; 40.000 ; 40.000 ; Fall       ; md11_low        ;
; load_x          ; md11_low   ; 15.000 ; 15.000 ; Fall       ; md11_low        ;
; load_y          ; md11_low   ; 15.000 ; 15.000 ; Fall       ; md11_low        ;
; skip_low        ; md11_low   ; 32.000 ; 32.000 ; Fall       ; md11_low        ;
; b_dixy_low      ; md3_low    ; 15.000 ; 15.000 ; Rise       ; md3_low         ;
; c0_low          ; md3_low    ; 15.000 ; 15.000 ; Rise       ; md3_low         ;
; c1_low          ; md3_low    ; 15.000 ; 15.000 ; Rise       ; md3_low         ;
; chan_low        ; md3_low    ; 15.000 ; 15.000 ; Rise       ; md3_low         ;
; col_red_low     ; md3_low    ; 15.000 ; 15.000 ; Rise       ; md3_low         ;
; data00_low      ; md3_low    ; 15.000 ; 15.000 ; Rise       ; md3_low         ;
; data01_low      ; md3_low    ; 15.000 ; 15.000 ; Rise       ; md3_low         ;
; data02_low      ; md3_low    ; 15.000 ; 15.000 ; Rise       ; md3_low         ;
; data03_low      ; md3_low    ; 15.000 ; 15.000 ; Rise       ; md3_low         ;
; data06_low      ; md3_low    ; 24.000 ; 24.000 ; Rise       ; md3_low         ;
; data07_low      ; md3_low    ; 24.000 ; 24.000 ; Rise       ; md3_low         ;
; data08_low      ; md3_low    ; 15.000 ; 15.000 ; Rise       ; md3_low         ;
; data09_low      ; md3_low    ; 24.000 ; 24.000 ; Rise       ; md3_low         ;
; data10_low      ; md3_low    ; 24.000 ; 24.000 ; Rise       ; md3_low         ;
; data11_low      ; md3_low    ; 24.000 ; 24.000 ; Rise       ; md3_low         ;
; di02_l          ; md3_low    ; 15.000 ; 15.000 ; Rise       ; md3_low         ;
; di03            ; md3_low    ; 15.000 ; 15.000 ; Rise       ; md3_low         ;
; di04            ; md3_low    ; 15.000 ; 15.000 ; Rise       ; md3_low         ;
; di05            ; md3_low    ; 15.000 ; 15.000 ; Rise       ; md3_low         ;
; di06            ; md3_low    ; 15.000 ; 15.000 ; Rise       ; md3_low         ;
; di07            ; md3_low    ; 15.000 ; 15.000 ; Rise       ; md3_low         ;
; di08            ; md3_low    ; 15.000 ; 15.000 ; Rise       ; md3_low         ;
; di09            ; md3_low    ; 15.000 ; 15.000 ; Rise       ; md3_low         ;
; di10            ; md3_low    ; 15.000 ; 15.000 ; Rise       ; md3_low         ;
; di11            ; md3_low    ; 15.000 ; 15.000 ; Rise       ; md3_low         ;
; erase_low       ; md3_low    ; 15.000 ; 15.000 ; Rise       ; md3_low         ;
; internal_io_low ; md3_low    ; 15.000 ; 15.000 ; Rise       ; md3_low         ;
; interrupt_low   ; md3_low    ; 40.000 ; 40.000 ; Rise       ; md3_low         ;
; load_x          ; md3_low    ; 15.000 ; 15.000 ; Rise       ; md3_low         ;
; load_y          ; md3_low    ; 15.000 ; 15.000 ; Rise       ; md3_low         ;
; n_t_27x         ; md3_low    ; 24.000 ; 24.000 ; Rise       ; md3_low         ;
; non_store_low   ; md3_low    ; 15.000 ; 15.000 ; Rise       ; md3_low         ;
; skip_low        ; md3_low    ; 32.000 ; 32.000 ; Rise       ; md3_low         ;
; write_thru_low  ; md3_low    ; 15.000 ; 15.000 ; Rise       ; md3_low         ;
; b_dixy_low      ; md3_low    ; 15.000 ; 15.000 ; Fall       ; md3_low         ;
; c0_low          ; md3_low    ; 15.000 ; 15.000 ; Fall       ; md3_low         ;
; c1_low          ; md3_low    ; 15.000 ; 15.000 ; Fall       ; md3_low         ;
; data00_low      ; md3_low    ; 15.000 ; 15.000 ; Fall       ; md3_low         ;
; data01_low      ; md3_low    ; 15.000 ; 15.000 ; Fall       ; md3_low         ;
; data02_low      ; md3_low    ; 15.000 ; 15.000 ; Fall       ; md3_low         ;
; data03_low      ; md3_low    ; 15.000 ; 15.000 ; Fall       ; md3_low         ;
; data06_low      ; md3_low    ; 15.000 ; 15.000 ; Fall       ; md3_low         ;
; data07_low      ; md3_low    ; 15.000 ; 15.000 ; Fall       ; md3_low         ;
; data08_low      ; md3_low    ; 15.000 ; 15.000 ; Fall       ; md3_low         ;
; data09_low      ; md3_low    ; 15.000 ; 15.000 ; Fall       ; md3_low         ;
; data10_low      ; md3_low    ; 15.000 ; 15.000 ; Fall       ; md3_low         ;
; data11_low      ; md3_low    ; 15.000 ; 15.000 ; Fall       ; md3_low         ;
; di02_l          ; md3_low    ; 15.000 ; 15.000 ; Fall       ; md3_low         ;
; di03            ; md3_low    ; 15.000 ; 15.000 ; Fall       ; md3_low         ;
; di04            ; md3_low    ; 15.000 ; 15.000 ; Fall       ; md3_low         ;
; di05            ; md3_low    ; 15.000 ; 15.000 ; Fall       ; md3_low         ;
; di06            ; md3_low    ; 15.000 ; 15.000 ; Fall       ; md3_low         ;
; di07            ; md3_low    ; 15.000 ; 15.000 ; Fall       ; md3_low         ;
; di08            ; md3_low    ; 15.000 ; 15.000 ; Fall       ; md3_low         ;
; di09            ; md3_low    ; 15.000 ; 15.000 ; Fall       ; md3_low         ;
; di10            ; md3_low    ; 15.000 ; 15.000 ; Fall       ; md3_low         ;
; di11            ; md3_low    ; 15.000 ; 15.000 ; Fall       ; md3_low         ;
; internal_io_low ; md3_low    ; 15.000 ; 15.000 ; Fall       ; md3_low         ;
; interrupt_low   ; md3_low    ; 40.000 ; 40.000 ; Fall       ; md3_low         ;
; load_x          ; md3_low    ; 15.000 ; 15.000 ; Fall       ; md3_low         ;
; load_y          ; md3_low    ; 15.000 ; 15.000 ; Fall       ; md3_low         ;
; skip_low        ; md3_low    ; 32.000 ; 32.000 ; Fall       ; md3_low         ;
; b_dixy_low      ; md4_low    ; 15.000 ; 15.000 ; Rise       ; md4_low         ;
; c0_low          ; md4_low    ; 15.000 ; 15.000 ; Rise       ; md4_low         ;
; c1_low          ; md4_low    ; 15.000 ; 15.000 ; Rise       ; md4_low         ;
; chan_low        ; md4_low    ; 15.000 ; 15.000 ; Rise       ; md4_low         ;
; col_red_low     ; md4_low    ; 15.000 ; 15.000 ; Rise       ; md4_low         ;
; data00_low      ; md4_low    ; 15.000 ; 15.000 ; Rise       ; md4_low         ;
; data01_low      ; md4_low    ; 15.000 ; 15.000 ; Rise       ; md4_low         ;
; data02_low      ; md4_low    ; 15.000 ; 15.000 ; Rise       ; md4_low         ;
; data03_low      ; md4_low    ; 15.000 ; 15.000 ; Rise       ; md4_low         ;
; data06_low      ; md4_low    ; 24.000 ; 24.000 ; Rise       ; md4_low         ;
; data07_low      ; md4_low    ; 24.000 ; 24.000 ; Rise       ; md4_low         ;
; data08_low      ; md4_low    ; 15.000 ; 15.000 ; Rise       ; md4_low         ;
; data09_low      ; md4_low    ; 24.000 ; 24.000 ; Rise       ; md4_low         ;
; data10_low      ; md4_low    ; 24.000 ; 24.000 ; Rise       ; md4_low         ;
; data11_low      ; md4_low    ; 24.000 ; 24.000 ; Rise       ; md4_low         ;
; di02_l          ; md4_low    ; 15.000 ; 15.000 ; Rise       ; md4_low         ;
; di03            ; md4_low    ; 15.000 ; 15.000 ; Rise       ; md4_low         ;
; di04            ; md4_low    ; 15.000 ; 15.000 ; Rise       ; md4_low         ;
; di05            ; md4_low    ; 15.000 ; 15.000 ; Rise       ; md4_low         ;
; di06            ; md4_low    ; 15.000 ; 15.000 ; Rise       ; md4_low         ;
; di07            ; md4_low    ; 15.000 ; 15.000 ; Rise       ; md4_low         ;
; di08            ; md4_low    ; 15.000 ; 15.000 ; Rise       ; md4_low         ;
; di09            ; md4_low    ; 15.000 ; 15.000 ; Rise       ; md4_low         ;
; di10            ; md4_low    ; 15.000 ; 15.000 ; Rise       ; md4_low         ;
; di11            ; md4_low    ; 15.000 ; 15.000 ; Rise       ; md4_low         ;
; erase_low       ; md4_low    ; 15.000 ; 15.000 ; Rise       ; md4_low         ;
; internal_io_low ; md4_low    ; 15.000 ; 15.000 ; Rise       ; md4_low         ;
; interrupt_low   ; md4_low    ; 40.000 ; 40.000 ; Rise       ; md4_low         ;
; load_x          ; md4_low    ; 15.000 ; 15.000 ; Rise       ; md4_low         ;
; load_y          ; md4_low    ; 15.000 ; 15.000 ; Rise       ; md4_low         ;
; n_t_27x         ; md4_low    ; 24.000 ; 24.000 ; Rise       ; md4_low         ;
; non_store_low   ; md4_low    ; 15.000 ; 15.000 ; Rise       ; md4_low         ;
; skip_low        ; md4_low    ; 32.000 ; 32.000 ; Rise       ; md4_low         ;
; write_thru_low  ; md4_low    ; 15.000 ; 15.000 ; Rise       ; md4_low         ;
; b_dixy_low      ; md4_low    ; 15.000 ; 15.000 ; Fall       ; md4_low         ;
; c0_low          ; md4_low    ; 15.000 ; 15.000 ; Fall       ; md4_low         ;
; c1_low          ; md4_low    ; 15.000 ; 15.000 ; Fall       ; md4_low         ;
; data00_low      ; md4_low    ; 15.000 ; 15.000 ; Fall       ; md4_low         ;
; data01_low      ; md4_low    ; 15.000 ; 15.000 ; Fall       ; md4_low         ;
; data02_low      ; md4_low    ; 15.000 ; 15.000 ; Fall       ; md4_low         ;
; data03_low      ; md4_low    ; 15.000 ; 15.000 ; Fall       ; md4_low         ;
; data06_low      ; md4_low    ; 15.000 ; 15.000 ; Fall       ; md4_low         ;
; data07_low      ; md4_low    ; 15.000 ; 15.000 ; Fall       ; md4_low         ;
; data08_low      ; md4_low    ; 15.000 ; 15.000 ; Fall       ; md4_low         ;
; data09_low      ; md4_low    ; 15.000 ; 15.000 ; Fall       ; md4_low         ;
; data10_low      ; md4_low    ; 15.000 ; 15.000 ; Fall       ; md4_low         ;
; data11_low      ; md4_low    ; 15.000 ; 15.000 ; Fall       ; md4_low         ;
; di02_l          ; md4_low    ; 15.000 ; 15.000 ; Fall       ; md4_low         ;
; di03            ; md4_low    ; 15.000 ; 15.000 ; Fall       ; md4_low         ;
; di04            ; md4_low    ; 15.000 ; 15.000 ; Fall       ; md4_low         ;
; di05            ; md4_low    ; 15.000 ; 15.000 ; Fall       ; md4_low         ;
; di06            ; md4_low    ; 15.000 ; 15.000 ; Fall       ; md4_low         ;
; di07            ; md4_low    ; 15.000 ; 15.000 ; Fall       ; md4_low         ;
; di08            ; md4_low    ; 15.000 ; 15.000 ; Fall       ; md4_low         ;
; di09            ; md4_low    ; 15.000 ; 15.000 ; Fall       ; md4_low         ;
; di10            ; md4_low    ; 15.000 ; 15.000 ; Fall       ; md4_low         ;
; di11            ; md4_low    ; 15.000 ; 15.000 ; Fall       ; md4_low         ;
; internal_io_low ; md4_low    ; 15.000 ; 15.000 ; Fall       ; md4_low         ;
; interrupt_low   ; md4_low    ; 40.000 ; 40.000 ; Fall       ; md4_low         ;
; load_x          ; md4_low    ; 15.000 ; 15.000 ; Fall       ; md4_low         ;
; load_y          ; md4_low    ; 15.000 ; 15.000 ; Fall       ; md4_low         ;
; skip_low        ; md4_low    ; 32.000 ; 32.000 ; Fall       ; md4_low         ;
; b_dixy_low      ; md5_low    ; 15.000 ; 15.000 ; Rise       ; md5_low         ;
; c0_low          ; md5_low    ; 15.000 ; 15.000 ; Rise       ; md5_low         ;
; c1_low          ; md5_low    ; 15.000 ; 15.000 ; Rise       ; md5_low         ;
; chan_low        ; md5_low    ; 15.000 ; 15.000 ; Rise       ; md5_low         ;
; col_red_low     ; md5_low    ; 15.000 ; 15.000 ; Rise       ; md5_low         ;
; data00_low      ; md5_low    ; 15.000 ; 15.000 ; Rise       ; md5_low         ;
; data01_low      ; md5_low    ; 15.000 ; 15.000 ; Rise       ; md5_low         ;
; data02_low      ; md5_low    ; 15.000 ; 15.000 ; Rise       ; md5_low         ;
; data03_low      ; md5_low    ; 15.000 ; 15.000 ; Rise       ; md5_low         ;
; data06_low      ; md5_low    ; 24.000 ; 24.000 ; Rise       ; md5_low         ;
; data07_low      ; md5_low    ; 24.000 ; 24.000 ; Rise       ; md5_low         ;
; data08_low      ; md5_low    ; 15.000 ; 15.000 ; Rise       ; md5_low         ;
; data09_low      ; md5_low    ; 24.000 ; 24.000 ; Rise       ; md5_low         ;
; data10_low      ; md5_low    ; 24.000 ; 24.000 ; Rise       ; md5_low         ;
; data11_low      ; md5_low    ; 24.000 ; 24.000 ; Rise       ; md5_low         ;
; di02_l          ; md5_low    ; 15.000 ; 15.000 ; Rise       ; md5_low         ;
; di03            ; md5_low    ; 15.000 ; 15.000 ; Rise       ; md5_low         ;
; di04            ; md5_low    ; 15.000 ; 15.000 ; Rise       ; md5_low         ;
; di05            ; md5_low    ; 15.000 ; 15.000 ; Rise       ; md5_low         ;
; di06            ; md5_low    ; 15.000 ; 15.000 ; Rise       ; md5_low         ;
; di07            ; md5_low    ; 15.000 ; 15.000 ; Rise       ; md5_low         ;
; di08            ; md5_low    ; 15.000 ; 15.000 ; Rise       ; md5_low         ;
; di09            ; md5_low    ; 15.000 ; 15.000 ; Rise       ; md5_low         ;
; di10            ; md5_low    ; 15.000 ; 15.000 ; Rise       ; md5_low         ;
; di11            ; md5_low    ; 15.000 ; 15.000 ; Rise       ; md5_low         ;
; erase_low       ; md5_low    ; 15.000 ; 15.000 ; Rise       ; md5_low         ;
; internal_io_low ; md5_low    ; 15.000 ; 15.000 ; Rise       ; md5_low         ;
; interrupt_low   ; md5_low    ; 40.000 ; 40.000 ; Rise       ; md5_low         ;
; load_x          ; md5_low    ; 15.000 ; 15.000 ; Rise       ; md5_low         ;
; load_y          ; md5_low    ; 15.000 ; 15.000 ; Rise       ; md5_low         ;
; n_t_27x         ; md5_low    ; 24.000 ; 24.000 ; Rise       ; md5_low         ;
; non_store_low   ; md5_low    ; 15.000 ; 15.000 ; Rise       ; md5_low         ;
; skip_low        ; md5_low    ; 32.000 ; 32.000 ; Rise       ; md5_low         ;
; write_thru_low  ; md5_low    ; 15.000 ; 15.000 ; Rise       ; md5_low         ;
; b_dixy_low      ; md5_low    ; 15.000 ; 15.000 ; Fall       ; md5_low         ;
; c0_low          ; md5_low    ; 15.000 ; 15.000 ; Fall       ; md5_low         ;
; c1_low          ; md5_low    ; 15.000 ; 15.000 ; Fall       ; md5_low         ;
; data00_low      ; md5_low    ; 15.000 ; 15.000 ; Fall       ; md5_low         ;
; data01_low      ; md5_low    ; 15.000 ; 15.000 ; Fall       ; md5_low         ;
; data02_low      ; md5_low    ; 15.000 ; 15.000 ; Fall       ; md5_low         ;
; data03_low      ; md5_low    ; 15.000 ; 15.000 ; Fall       ; md5_low         ;
; data06_low      ; md5_low    ; 15.000 ; 15.000 ; Fall       ; md5_low         ;
; data07_low      ; md5_low    ; 15.000 ; 15.000 ; Fall       ; md5_low         ;
; data08_low      ; md5_low    ; 15.000 ; 15.000 ; Fall       ; md5_low         ;
; data09_low      ; md5_low    ; 15.000 ; 15.000 ; Fall       ; md5_low         ;
; data10_low      ; md5_low    ; 15.000 ; 15.000 ; Fall       ; md5_low         ;
; data11_low      ; md5_low    ; 15.000 ; 15.000 ; Fall       ; md5_low         ;
; di02_l          ; md5_low    ; 15.000 ; 15.000 ; Fall       ; md5_low         ;
; di03            ; md5_low    ; 15.000 ; 15.000 ; Fall       ; md5_low         ;
; di04            ; md5_low    ; 15.000 ; 15.000 ; Fall       ; md5_low         ;
; di05            ; md5_low    ; 15.000 ; 15.000 ; Fall       ; md5_low         ;
; di06            ; md5_low    ; 15.000 ; 15.000 ; Fall       ; md5_low         ;
; di07            ; md5_low    ; 15.000 ; 15.000 ; Fall       ; md5_low         ;
; di08            ; md5_low    ; 15.000 ; 15.000 ; Fall       ; md5_low         ;
; di09            ; md5_low    ; 15.000 ; 15.000 ; Fall       ; md5_low         ;
; di10            ; md5_low    ; 15.000 ; 15.000 ; Fall       ; md5_low         ;
; di11            ; md5_low    ; 15.000 ; 15.000 ; Fall       ; md5_low         ;
; internal_io_low ; md5_low    ; 15.000 ; 15.000 ; Fall       ; md5_low         ;
; interrupt_low   ; md5_low    ; 40.000 ; 40.000 ; Fall       ; md5_low         ;
; load_x          ; md5_low    ; 15.000 ; 15.000 ; Fall       ; md5_low         ;
; load_y          ; md5_low    ; 15.000 ; 15.000 ; Fall       ; md5_low         ;
; skip_low        ; md5_low    ; 32.000 ; 32.000 ; Fall       ; md5_low         ;
; b_dixy_low      ; md6_low    ; 15.000 ; 15.000 ; Rise       ; md6_low         ;
; c0_low          ; md6_low    ; 15.000 ; 15.000 ; Rise       ; md6_low         ;
; c1_low          ; md6_low    ; 15.000 ; 15.000 ; Rise       ; md6_low         ;
; chan_low        ; md6_low    ; 15.000 ; 15.000 ; Rise       ; md6_low         ;
; col_red_low     ; md6_low    ; 15.000 ; 15.000 ; Rise       ; md6_low         ;
; data00_low      ; md6_low    ; 15.000 ; 15.000 ; Rise       ; md6_low         ;
; data01_low      ; md6_low    ; 15.000 ; 15.000 ; Rise       ; md6_low         ;
; data02_low      ; md6_low    ; 15.000 ; 15.000 ; Rise       ; md6_low         ;
; data03_low      ; md6_low    ; 15.000 ; 15.000 ; Rise       ; md6_low         ;
; data06_low      ; md6_low    ; 24.000 ; 24.000 ; Rise       ; md6_low         ;
; data07_low      ; md6_low    ; 24.000 ; 24.000 ; Rise       ; md6_low         ;
; data08_low      ; md6_low    ; 15.000 ; 15.000 ; Rise       ; md6_low         ;
; data09_low      ; md6_low    ; 24.000 ; 24.000 ; Rise       ; md6_low         ;
; data10_low      ; md6_low    ; 24.000 ; 24.000 ; Rise       ; md6_low         ;
; data11_low      ; md6_low    ; 24.000 ; 24.000 ; Rise       ; md6_low         ;
; di02_l          ; md6_low    ; 15.000 ; 15.000 ; Rise       ; md6_low         ;
; di03            ; md6_low    ; 15.000 ; 15.000 ; Rise       ; md6_low         ;
; di04            ; md6_low    ; 15.000 ; 15.000 ; Rise       ; md6_low         ;
; di05            ; md6_low    ; 15.000 ; 15.000 ; Rise       ; md6_low         ;
; di06            ; md6_low    ; 15.000 ; 15.000 ; Rise       ; md6_low         ;
; di07            ; md6_low    ; 15.000 ; 15.000 ; Rise       ; md6_low         ;
; di08            ; md6_low    ; 15.000 ; 15.000 ; Rise       ; md6_low         ;
; di09            ; md6_low    ; 15.000 ; 15.000 ; Rise       ; md6_low         ;
; di10            ; md6_low    ; 15.000 ; 15.000 ; Rise       ; md6_low         ;
; di11            ; md6_low    ; 15.000 ; 15.000 ; Rise       ; md6_low         ;
; erase_low       ; md6_low    ; 15.000 ; 15.000 ; Rise       ; md6_low         ;
; internal_io_low ; md6_low    ; 15.000 ; 15.000 ; Rise       ; md6_low         ;
; interrupt_low   ; md6_low    ; 40.000 ; 40.000 ; Rise       ; md6_low         ;
; load_x          ; md6_low    ; 15.000 ; 15.000 ; Rise       ; md6_low         ;
; load_y          ; md6_low    ; 15.000 ; 15.000 ; Rise       ; md6_low         ;
; n_t_27x         ; md6_low    ; 24.000 ; 24.000 ; Rise       ; md6_low         ;
; non_store_low   ; md6_low    ; 15.000 ; 15.000 ; Rise       ; md6_low         ;
; skip_low        ; md6_low    ; 32.000 ; 32.000 ; Rise       ; md6_low         ;
; write_thru_low  ; md6_low    ; 15.000 ; 15.000 ; Rise       ; md6_low         ;
; b_dixy_low      ; md6_low    ; 15.000 ; 15.000 ; Fall       ; md6_low         ;
; c0_low          ; md6_low    ; 15.000 ; 15.000 ; Fall       ; md6_low         ;
; c1_low          ; md6_low    ; 15.000 ; 15.000 ; Fall       ; md6_low         ;
; data00_low      ; md6_low    ; 15.000 ; 15.000 ; Fall       ; md6_low         ;
; data01_low      ; md6_low    ; 15.000 ; 15.000 ; Fall       ; md6_low         ;
; data02_low      ; md6_low    ; 15.000 ; 15.000 ; Fall       ; md6_low         ;
; data03_low      ; md6_low    ; 15.000 ; 15.000 ; Fall       ; md6_low         ;
; data06_low      ; md6_low    ; 15.000 ; 15.000 ; Fall       ; md6_low         ;
; data07_low      ; md6_low    ; 15.000 ; 15.000 ; Fall       ; md6_low         ;
; data08_low      ; md6_low    ; 15.000 ; 15.000 ; Fall       ; md6_low         ;
; data09_low      ; md6_low    ; 15.000 ; 15.000 ; Fall       ; md6_low         ;
; data10_low      ; md6_low    ; 15.000 ; 15.000 ; Fall       ; md6_low         ;
; data11_low      ; md6_low    ; 15.000 ; 15.000 ; Fall       ; md6_low         ;
; di02_l          ; md6_low    ; 15.000 ; 15.000 ; Fall       ; md6_low         ;
; di03            ; md6_low    ; 15.000 ; 15.000 ; Fall       ; md6_low         ;
; di04            ; md6_low    ; 15.000 ; 15.000 ; Fall       ; md6_low         ;
; di05            ; md6_low    ; 15.000 ; 15.000 ; Fall       ; md6_low         ;
; di06            ; md6_low    ; 15.000 ; 15.000 ; Fall       ; md6_low         ;
; di07            ; md6_low    ; 15.000 ; 15.000 ; Fall       ; md6_low         ;
; di08            ; md6_low    ; 15.000 ; 15.000 ; Fall       ; md6_low         ;
; di09            ; md6_low    ; 15.000 ; 15.000 ; Fall       ; md6_low         ;
; di10            ; md6_low    ; 15.000 ; 15.000 ; Fall       ; md6_low         ;
; di11            ; md6_low    ; 15.000 ; 15.000 ; Fall       ; md6_low         ;
; internal_io_low ; md6_low    ; 15.000 ; 15.000 ; Fall       ; md6_low         ;
; interrupt_low   ; md6_low    ; 40.000 ; 40.000 ; Fall       ; md6_low         ;
; load_x          ; md6_low    ; 15.000 ; 15.000 ; Fall       ; md6_low         ;
; load_y          ; md6_low    ; 15.000 ; 15.000 ; Fall       ; md6_low         ;
; skip_low        ; md6_low    ; 32.000 ; 32.000 ; Fall       ; md6_low         ;
; b_dixy_low      ; md7_low    ; 15.000 ; 15.000 ; Rise       ; md7_low         ;
; c0_low          ; md7_low    ; 15.000 ; 15.000 ; Rise       ; md7_low         ;
; c1_low          ; md7_low    ; 15.000 ; 15.000 ; Rise       ; md7_low         ;
; chan_low        ; md7_low    ; 15.000 ; 15.000 ; Rise       ; md7_low         ;
; col_red_low     ; md7_low    ; 15.000 ; 15.000 ; Rise       ; md7_low         ;
; data00_low      ; md7_low    ; 15.000 ; 15.000 ; Rise       ; md7_low         ;
; data01_low      ; md7_low    ; 15.000 ; 15.000 ; Rise       ; md7_low         ;
; data02_low      ; md7_low    ; 15.000 ; 15.000 ; Rise       ; md7_low         ;
; data03_low      ; md7_low    ; 15.000 ; 15.000 ; Rise       ; md7_low         ;
; data06_low      ; md7_low    ; 24.000 ; 24.000 ; Rise       ; md7_low         ;
; data07_low      ; md7_low    ; 24.000 ; 24.000 ; Rise       ; md7_low         ;
; data08_low      ; md7_low    ; 15.000 ; 15.000 ; Rise       ; md7_low         ;
; data09_low      ; md7_low    ; 24.000 ; 24.000 ; Rise       ; md7_low         ;
; data10_low      ; md7_low    ; 24.000 ; 24.000 ; Rise       ; md7_low         ;
; data11_low      ; md7_low    ; 24.000 ; 24.000 ; Rise       ; md7_low         ;
; di02_l          ; md7_low    ; 15.000 ; 15.000 ; Rise       ; md7_low         ;
; di03            ; md7_low    ; 15.000 ; 15.000 ; Rise       ; md7_low         ;
; di04            ; md7_low    ; 15.000 ; 15.000 ; Rise       ; md7_low         ;
; di05            ; md7_low    ; 15.000 ; 15.000 ; Rise       ; md7_low         ;
; di06            ; md7_low    ; 15.000 ; 15.000 ; Rise       ; md7_low         ;
; di07            ; md7_low    ; 15.000 ; 15.000 ; Rise       ; md7_low         ;
; di08            ; md7_low    ; 15.000 ; 15.000 ; Rise       ; md7_low         ;
; di09            ; md7_low    ; 15.000 ; 15.000 ; Rise       ; md7_low         ;
; di10            ; md7_low    ; 15.000 ; 15.000 ; Rise       ; md7_low         ;
; di11            ; md7_low    ; 15.000 ; 15.000 ; Rise       ; md7_low         ;
; erase_low       ; md7_low    ; 15.000 ; 15.000 ; Rise       ; md7_low         ;
; internal_io_low ; md7_low    ; 15.000 ; 15.000 ; Rise       ; md7_low         ;
; interrupt_low   ; md7_low    ; 40.000 ; 40.000 ; Rise       ; md7_low         ;
; load_x          ; md7_low    ; 15.000 ; 15.000 ; Rise       ; md7_low         ;
; load_y          ; md7_low    ; 15.000 ; 15.000 ; Rise       ; md7_low         ;
; n_t_27x         ; md7_low    ; 24.000 ; 24.000 ; Rise       ; md7_low         ;
; non_store_low   ; md7_low    ; 15.000 ; 15.000 ; Rise       ; md7_low         ;
; skip_low        ; md7_low    ; 32.000 ; 32.000 ; Rise       ; md7_low         ;
; write_thru_low  ; md7_low    ; 15.000 ; 15.000 ; Rise       ; md7_low         ;
; b_dixy_low      ; md7_low    ; 15.000 ; 15.000 ; Fall       ; md7_low         ;
; c0_low          ; md7_low    ; 15.000 ; 15.000 ; Fall       ; md7_low         ;
; c1_low          ; md7_low    ; 15.000 ; 15.000 ; Fall       ; md7_low         ;
; data00_low      ; md7_low    ; 15.000 ; 15.000 ; Fall       ; md7_low         ;
; data01_low      ; md7_low    ; 15.000 ; 15.000 ; Fall       ; md7_low         ;
; data02_low      ; md7_low    ; 15.000 ; 15.000 ; Fall       ; md7_low         ;
; data03_low      ; md7_low    ; 15.000 ; 15.000 ; Fall       ; md7_low         ;
; data06_low      ; md7_low    ; 15.000 ; 15.000 ; Fall       ; md7_low         ;
; data07_low      ; md7_low    ; 15.000 ; 15.000 ; Fall       ; md7_low         ;
; data08_low      ; md7_low    ; 15.000 ; 15.000 ; Fall       ; md7_low         ;
; data09_low      ; md7_low    ; 15.000 ; 15.000 ; Fall       ; md7_low         ;
; data10_low      ; md7_low    ; 15.000 ; 15.000 ; Fall       ; md7_low         ;
; data11_low      ; md7_low    ; 15.000 ; 15.000 ; Fall       ; md7_low         ;
; di02_l          ; md7_low    ; 15.000 ; 15.000 ; Fall       ; md7_low         ;
; di03            ; md7_low    ; 15.000 ; 15.000 ; Fall       ; md7_low         ;
; di04            ; md7_low    ; 15.000 ; 15.000 ; Fall       ; md7_low         ;
; di05            ; md7_low    ; 15.000 ; 15.000 ; Fall       ; md7_low         ;
; di06            ; md7_low    ; 15.000 ; 15.000 ; Fall       ; md7_low         ;
; di07            ; md7_low    ; 15.000 ; 15.000 ; Fall       ; md7_low         ;
; di08            ; md7_low    ; 15.000 ; 15.000 ; Fall       ; md7_low         ;
; di09            ; md7_low    ; 15.000 ; 15.000 ; Fall       ; md7_low         ;
; di10            ; md7_low    ; 15.000 ; 15.000 ; Fall       ; md7_low         ;
; di11            ; md7_low    ; 15.000 ; 15.000 ; Fall       ; md7_low         ;
; internal_io_low ; md7_low    ; 15.000 ; 15.000 ; Fall       ; md7_low         ;
; interrupt_low   ; md7_low    ; 40.000 ; 40.000 ; Fall       ; md7_low         ;
; load_x          ; md7_low    ; 15.000 ; 15.000 ; Fall       ; md7_low         ;
; load_y          ; md7_low    ; 15.000 ; 15.000 ; Fall       ; md7_low         ;
; skip_low        ; md7_low    ; 32.000 ; 32.000 ; Fall       ; md7_low         ;
; b_dixy_low      ; md8_low    ; 15.000 ; 15.000 ; Rise       ; md8_low         ;
; c0_low          ; md8_low    ; 15.000 ; 15.000 ; Rise       ; md8_low         ;
; c1_low          ; md8_low    ; 15.000 ; 15.000 ; Rise       ; md8_low         ;
; chan_low        ; md8_low    ; 15.000 ; 15.000 ; Rise       ; md8_low         ;
; col_red_low     ; md8_low    ; 15.000 ; 15.000 ; Rise       ; md8_low         ;
; data00_low      ; md8_low    ; 15.000 ; 15.000 ; Rise       ; md8_low         ;
; data01_low      ; md8_low    ; 15.000 ; 15.000 ; Rise       ; md8_low         ;
; data02_low      ; md8_low    ; 15.000 ; 15.000 ; Rise       ; md8_low         ;
; data03_low      ; md8_low    ; 15.000 ; 15.000 ; Rise       ; md8_low         ;
; data06_low      ; md8_low    ; 24.000 ; 24.000 ; Rise       ; md8_low         ;
; data07_low      ; md8_low    ; 24.000 ; 24.000 ; Rise       ; md8_low         ;
; data08_low      ; md8_low    ; 15.000 ; 15.000 ; Rise       ; md8_low         ;
; data09_low      ; md8_low    ; 24.000 ; 24.000 ; Rise       ; md8_low         ;
; data10_low      ; md8_low    ; 24.000 ; 24.000 ; Rise       ; md8_low         ;
; data11_low      ; md8_low    ; 24.000 ; 24.000 ; Rise       ; md8_low         ;
; di02_l          ; md8_low    ; 15.000 ; 15.000 ; Rise       ; md8_low         ;
; di03            ; md8_low    ; 15.000 ; 15.000 ; Rise       ; md8_low         ;
; di04            ; md8_low    ; 15.000 ; 15.000 ; Rise       ; md8_low         ;
; di05            ; md8_low    ; 15.000 ; 15.000 ; Rise       ; md8_low         ;
; di06            ; md8_low    ; 15.000 ; 15.000 ; Rise       ; md8_low         ;
; di07            ; md8_low    ; 15.000 ; 15.000 ; Rise       ; md8_low         ;
; di08            ; md8_low    ; 15.000 ; 15.000 ; Rise       ; md8_low         ;
; di09            ; md8_low    ; 15.000 ; 15.000 ; Rise       ; md8_low         ;
; di10            ; md8_low    ; 15.000 ; 15.000 ; Rise       ; md8_low         ;
; di11            ; md8_low    ; 15.000 ; 15.000 ; Rise       ; md8_low         ;
; erase_low       ; md8_low    ; 15.000 ; 15.000 ; Rise       ; md8_low         ;
; internal_io_low ; md8_low    ; 15.000 ; 15.000 ; Rise       ; md8_low         ;
; interrupt_low   ; md8_low    ; 40.000 ; 40.000 ; Rise       ; md8_low         ;
; load_x          ; md8_low    ; 15.000 ; 15.000 ; Rise       ; md8_low         ;
; load_y          ; md8_low    ; 15.000 ; 15.000 ; Rise       ; md8_low         ;
; n_t_27x         ; md8_low    ; 24.000 ; 24.000 ; Rise       ; md8_low         ;
; non_store_low   ; md8_low    ; 15.000 ; 15.000 ; Rise       ; md8_low         ;
; skip_low        ; md8_low    ; 32.000 ; 32.000 ; Rise       ; md8_low         ;
; write_thru_low  ; md8_low    ; 15.000 ; 15.000 ; Rise       ; md8_low         ;
; b_dixy_low      ; md8_low    ; 15.000 ; 15.000 ; Fall       ; md8_low         ;
; c0_low          ; md8_low    ; 15.000 ; 15.000 ; Fall       ; md8_low         ;
; c1_low          ; md8_low    ; 15.000 ; 15.000 ; Fall       ; md8_low         ;
; data00_low      ; md8_low    ; 15.000 ; 15.000 ; Fall       ; md8_low         ;
; data01_low      ; md8_low    ; 15.000 ; 15.000 ; Fall       ; md8_low         ;
; data02_low      ; md8_low    ; 15.000 ; 15.000 ; Fall       ; md8_low         ;
; data03_low      ; md8_low    ; 15.000 ; 15.000 ; Fall       ; md8_low         ;
; data06_low      ; md8_low    ; 15.000 ; 15.000 ; Fall       ; md8_low         ;
; data07_low      ; md8_low    ; 15.000 ; 15.000 ; Fall       ; md8_low         ;
; data08_low      ; md8_low    ; 15.000 ; 15.000 ; Fall       ; md8_low         ;
; data09_low      ; md8_low    ; 15.000 ; 15.000 ; Fall       ; md8_low         ;
; data10_low      ; md8_low    ; 15.000 ; 15.000 ; Fall       ; md8_low         ;
; data11_low      ; md8_low    ; 15.000 ; 15.000 ; Fall       ; md8_low         ;
; di02_l          ; md8_low    ; 15.000 ; 15.000 ; Fall       ; md8_low         ;
; di03            ; md8_low    ; 15.000 ; 15.000 ; Fall       ; md8_low         ;
; di04            ; md8_low    ; 15.000 ; 15.000 ; Fall       ; md8_low         ;
; di05            ; md8_low    ; 15.000 ; 15.000 ; Fall       ; md8_low         ;
; di06            ; md8_low    ; 15.000 ; 15.000 ; Fall       ; md8_low         ;
; di07            ; md8_low    ; 15.000 ; 15.000 ; Fall       ; md8_low         ;
; di08            ; md8_low    ; 15.000 ; 15.000 ; Fall       ; md8_low         ;
; di09            ; md8_low    ; 15.000 ; 15.000 ; Fall       ; md8_low         ;
; di10            ; md8_low    ; 15.000 ; 15.000 ; Fall       ; md8_low         ;
; di11            ; md8_low    ; 15.000 ; 15.000 ; Fall       ; md8_low         ;
; internal_io_low ; md8_low    ; 15.000 ; 15.000 ; Fall       ; md8_low         ;
; interrupt_low   ; md8_low    ; 40.000 ; 40.000 ; Fall       ; md8_low         ;
; load_x          ; md8_low    ; 15.000 ; 15.000 ; Fall       ; md8_low         ;
; load_y          ; md8_low    ; 15.000 ; 15.000 ; Fall       ; md8_low         ;
; skip_low        ; md8_low    ; 32.000 ; 32.000 ; Fall       ; md8_low         ;
; b_dixy_low      ; md9_low    ; 15.000 ; 15.000 ; Rise       ; md9_low         ;
; c0_low          ; md9_low    ; 15.000 ; 15.000 ; Rise       ; md9_low         ;
; c1_low          ; md9_low    ; 15.000 ; 15.000 ; Rise       ; md9_low         ;
; chan_low        ; md9_low    ; 15.000 ; 15.000 ; Rise       ; md9_low         ;
; col_red_low     ; md9_low    ; 15.000 ; 15.000 ; Rise       ; md9_low         ;
; data00_low      ; md9_low    ; 15.000 ; 15.000 ; Rise       ; md9_low         ;
; data01_low      ; md9_low    ; 15.000 ; 15.000 ; Rise       ; md9_low         ;
; data02_low      ; md9_low    ; 15.000 ; 15.000 ; Rise       ; md9_low         ;
; data03_low      ; md9_low    ; 15.000 ; 15.000 ; Rise       ; md9_low         ;
; data06_low      ; md9_low    ; 24.000 ; 24.000 ; Rise       ; md9_low         ;
; data07_low      ; md9_low    ; 24.000 ; 24.000 ; Rise       ; md9_low         ;
; data08_low      ; md9_low    ; 15.000 ; 15.000 ; Rise       ; md9_low         ;
; data09_low      ; md9_low    ; 24.000 ; 24.000 ; Rise       ; md9_low         ;
; data10_low      ; md9_low    ; 24.000 ; 24.000 ; Rise       ; md9_low         ;
; data11_low      ; md9_low    ; 24.000 ; 24.000 ; Rise       ; md9_low         ;
; di02_l          ; md9_low    ; 15.000 ; 15.000 ; Rise       ; md9_low         ;
; di03            ; md9_low    ; 15.000 ; 15.000 ; Rise       ; md9_low         ;
; di04            ; md9_low    ; 15.000 ; 15.000 ; Rise       ; md9_low         ;
; di05            ; md9_low    ; 15.000 ; 15.000 ; Rise       ; md9_low         ;
; di06            ; md9_low    ; 15.000 ; 15.000 ; Rise       ; md9_low         ;
; di07            ; md9_low    ; 15.000 ; 15.000 ; Rise       ; md9_low         ;
; di08            ; md9_low    ; 15.000 ; 15.000 ; Rise       ; md9_low         ;
; di09            ; md9_low    ; 15.000 ; 15.000 ; Rise       ; md9_low         ;
; di10            ; md9_low    ; 15.000 ; 15.000 ; Rise       ; md9_low         ;
; di11            ; md9_low    ; 15.000 ; 15.000 ; Rise       ; md9_low         ;
; erase_low       ; md9_low    ; 15.000 ; 15.000 ; Rise       ; md9_low         ;
; interrupt_low   ; md9_low    ; 40.000 ; 40.000 ; Rise       ; md9_low         ;
; load_x          ; md9_low    ; 15.000 ; 15.000 ; Rise       ; md9_low         ;
; load_y          ; md9_low    ; 15.000 ; 15.000 ; Rise       ; md9_low         ;
; n_t_27x         ; md9_low    ; 24.000 ; 24.000 ; Rise       ; md9_low         ;
; non_store_low   ; md9_low    ; 15.000 ; 15.000 ; Rise       ; md9_low         ;
; skip_low        ; md9_low    ; 32.000 ; 32.000 ; Rise       ; md9_low         ;
; write_thru_low  ; md9_low    ; 15.000 ; 15.000 ; Rise       ; md9_low         ;
; b_dixy_low      ; md9_low    ; 15.000 ; 15.000 ; Fall       ; md9_low         ;
; c0_low          ; md9_low    ; 15.000 ; 15.000 ; Fall       ; md9_low         ;
; c1_low          ; md9_low    ; 15.000 ; 15.000 ; Fall       ; md9_low         ;
; data00_low      ; md9_low    ; 15.000 ; 15.000 ; Fall       ; md9_low         ;
; data01_low      ; md9_low    ; 15.000 ; 15.000 ; Fall       ; md9_low         ;
; data02_low      ; md9_low    ; 15.000 ; 15.000 ; Fall       ; md9_low         ;
; data03_low      ; md9_low    ; 15.000 ; 15.000 ; Fall       ; md9_low         ;
; data06_low      ; md9_low    ; 15.000 ; 15.000 ; Fall       ; md9_low         ;
; data07_low      ; md9_low    ; 15.000 ; 15.000 ; Fall       ; md9_low         ;
; data08_low      ; md9_low    ; 15.000 ; 15.000 ; Fall       ; md9_low         ;
; data09_low      ; md9_low    ; 15.000 ; 15.000 ; Fall       ; md9_low         ;
; data10_low      ; md9_low    ; 15.000 ; 15.000 ; Fall       ; md9_low         ;
; data11_low      ; md9_low    ; 15.000 ; 15.000 ; Fall       ; md9_low         ;
; di02_l          ; md9_low    ; 15.000 ; 15.000 ; Fall       ; md9_low         ;
; di03            ; md9_low    ; 15.000 ; 15.000 ; Fall       ; md9_low         ;
; di04            ; md9_low    ; 15.000 ; 15.000 ; Fall       ; md9_low         ;
; di05            ; md9_low    ; 15.000 ; 15.000 ; Fall       ; md9_low         ;
; di06            ; md9_low    ; 15.000 ; 15.000 ; Fall       ; md9_low         ;
; di07            ; md9_low    ; 15.000 ; 15.000 ; Fall       ; md9_low         ;
; di08            ; md9_low    ; 15.000 ; 15.000 ; Fall       ; md9_low         ;
; di09            ; md9_low    ; 15.000 ; 15.000 ; Fall       ; md9_low         ;
; di10            ; md9_low    ; 15.000 ; 15.000 ; Fall       ; md9_low         ;
; di11            ; md9_low    ; 15.000 ; 15.000 ; Fall       ; md9_low         ;
; interrupt_low   ; md9_low    ; 40.000 ; 40.000 ; Fall       ; md9_low         ;
; load_x          ; md9_low    ; 15.000 ; 15.000 ; Fall       ; md9_low         ;
; load_y          ; md9_low    ; 15.000 ; 15.000 ; Fall       ; md9_low         ;
; skip_low        ; md9_low    ; 32.000 ; 32.000 ; Fall       ; md9_low         ;
; b_dixy_low      ; pause_low  ; 15.000 ; 15.000 ; Rise       ; pause_low       ;
; c0_low          ; pause_low  ; 15.000 ; 15.000 ; Rise       ; pause_low       ;
; c1_low          ; pause_low  ; 15.000 ; 15.000 ; Rise       ; pause_low       ;
; chan_low        ; pause_low  ; 15.000 ; 15.000 ; Rise       ; pause_low       ;
; col_red_low     ; pause_low  ; 15.000 ; 15.000 ; Rise       ; pause_low       ;
; data00_low      ; pause_low  ; 15.000 ; 15.000 ; Rise       ; pause_low       ;
; data01_low      ; pause_low  ; 15.000 ; 15.000 ; Rise       ; pause_low       ;
; data02_low      ; pause_low  ; 15.000 ; 15.000 ; Rise       ; pause_low       ;
; data03_low      ; pause_low  ; 15.000 ; 15.000 ; Rise       ; pause_low       ;
; data06_low      ; pause_low  ; 24.000 ; 24.000 ; Rise       ; pause_low       ;
; data07_low      ; pause_low  ; 24.000 ; 24.000 ; Rise       ; pause_low       ;
; data08_low      ; pause_low  ; 15.000 ; 15.000 ; Rise       ; pause_low       ;
; data09_low      ; pause_low  ; 24.000 ; 24.000 ; Rise       ; pause_low       ;
; data10_low      ; pause_low  ; 24.000 ; 24.000 ; Rise       ; pause_low       ;
; data11_low      ; pause_low  ; 24.000 ; 24.000 ; Rise       ; pause_low       ;
; di02_l          ; pause_low  ; 15.000 ; 15.000 ; Rise       ; pause_low       ;
; di03            ; pause_low  ; 15.000 ; 15.000 ; Rise       ; pause_low       ;
; di04            ; pause_low  ; 15.000 ; 15.000 ; Rise       ; pause_low       ;
; di05            ; pause_low  ; 15.000 ; 15.000 ; Rise       ; pause_low       ;
; di06            ; pause_low  ; 15.000 ; 15.000 ; Rise       ; pause_low       ;
; di07            ; pause_low  ; 15.000 ; 15.000 ; Rise       ; pause_low       ;
; di08            ; pause_low  ; 15.000 ; 15.000 ; Rise       ; pause_low       ;
; di09            ; pause_low  ; 15.000 ; 15.000 ; Rise       ; pause_low       ;
; di10            ; pause_low  ; 15.000 ; 15.000 ; Rise       ; pause_low       ;
; di11            ; pause_low  ; 15.000 ; 15.000 ; Rise       ; pause_low       ;
; erase_low       ; pause_low  ; 15.000 ; 15.000 ; Rise       ; pause_low       ;
; internal_io_low ; pause_low  ; 15.000 ; 15.000 ; Rise       ; pause_low       ;
; interrupt_low   ; pause_low  ; 40.000 ; 40.000 ; Rise       ; pause_low       ;
; load_x          ; pause_low  ; 15.000 ; 15.000 ; Rise       ; pause_low       ;
; load_y          ; pause_low  ; 15.000 ; 15.000 ; Rise       ; pause_low       ;
; n_t_27x         ; pause_low  ; 24.000 ; 24.000 ; Rise       ; pause_low       ;
; non_store_low   ; pause_low  ; 15.000 ; 15.000 ; Rise       ; pause_low       ;
; skip_low        ; pause_low  ; 32.000 ; 32.000 ; Rise       ; pause_low       ;
; write_thru_low  ; pause_low  ; 15.000 ; 15.000 ; Rise       ; pause_low       ;
; b_dixy_low      ; pause_low  ; 15.000 ; 15.000 ; Fall       ; pause_low       ;
; c0_low          ; pause_low  ; 15.000 ; 15.000 ; Fall       ; pause_low       ;
; c1_low          ; pause_low  ; 15.000 ; 15.000 ; Fall       ; pause_low       ;
; data00_low      ; pause_low  ; 15.000 ; 15.000 ; Fall       ; pause_low       ;
; data01_low      ; pause_low  ; 15.000 ; 15.000 ; Fall       ; pause_low       ;
; data02_low      ; pause_low  ; 15.000 ; 15.000 ; Fall       ; pause_low       ;
; data03_low      ; pause_low  ; 15.000 ; 15.000 ; Fall       ; pause_low       ;
; data06_low      ; pause_low  ; 15.000 ; 15.000 ; Fall       ; pause_low       ;
; data07_low      ; pause_low  ; 15.000 ; 15.000 ; Fall       ; pause_low       ;
; data08_low      ; pause_low  ; 15.000 ; 15.000 ; Fall       ; pause_low       ;
; data09_low      ; pause_low  ; 15.000 ; 15.000 ; Fall       ; pause_low       ;
; data10_low      ; pause_low  ; 15.000 ; 15.000 ; Fall       ; pause_low       ;
; data11_low      ; pause_low  ; 15.000 ; 15.000 ; Fall       ; pause_low       ;
; di02_l          ; pause_low  ; 15.000 ; 15.000 ; Fall       ; pause_low       ;
; di03            ; pause_low  ; 15.000 ; 15.000 ; Fall       ; pause_low       ;
; di04            ; pause_low  ; 15.000 ; 15.000 ; Fall       ; pause_low       ;
; di05            ; pause_low  ; 15.000 ; 15.000 ; Fall       ; pause_low       ;
; di06            ; pause_low  ; 15.000 ; 15.000 ; Fall       ; pause_low       ;
; di07            ; pause_low  ; 15.000 ; 15.000 ; Fall       ; pause_low       ;
; di08            ; pause_low  ; 15.000 ; 15.000 ; Fall       ; pause_low       ;
; di09            ; pause_low  ; 15.000 ; 15.000 ; Fall       ; pause_low       ;
; di10            ; pause_low  ; 15.000 ; 15.000 ; Fall       ; pause_low       ;
; di11            ; pause_low  ; 15.000 ; 15.000 ; Fall       ; pause_low       ;
; internal_io_low ; pause_low  ; 15.000 ; 15.000 ; Fall       ; pause_low       ;
; interrupt_low   ; pause_low  ; 40.000 ; 40.000 ; Fall       ; pause_low       ;
; load_x          ; pause_low  ; 15.000 ; 15.000 ; Fall       ; pause_low       ;
; load_y          ; pause_low  ; 15.000 ; 15.000 ; Fall       ; pause_low       ;
; skip_low        ; pause_low  ; 32.000 ; 32.000 ; Fall       ; pause_low       ;
; b_dixy_low      ; tp3        ; 15.000 ; 15.000 ; Rise       ; tp3             ;
; chan_low        ; tp3        ; 15.000 ; 15.000 ; Rise       ; tp3             ;
; col_red_low     ; tp3        ; 15.000 ; 15.000 ; Rise       ; tp3             ;
; data06_low      ; tp3        ; 24.000 ; 24.000 ; Rise       ; tp3             ;
; data07_low      ; tp3        ; 24.000 ; 24.000 ; Rise       ; tp3             ;
; data09_low      ; tp3        ; 24.000 ; 24.000 ; Rise       ; tp3             ;
; data10_low      ; tp3        ; 24.000 ; 24.000 ; Rise       ; tp3             ;
; data11_low      ; tp3        ; 24.000 ; 24.000 ; Rise       ; tp3             ;
; erase_low       ; tp3        ; 15.000 ; 15.000 ; Rise       ; tp3             ;
; interrupt_low   ; tp3        ; 24.000 ; 24.000 ; Rise       ; tp3             ;
; load_x          ; tp3        ; 15.000 ; 15.000 ; Rise       ; tp3             ;
; load_y          ; tp3        ; 15.000 ; 15.000 ; Rise       ; tp3             ;
; n_t_27x         ; tp3        ; 24.000 ; 24.000 ; Rise       ; tp3             ;
; non_store_low   ; tp3        ; 15.000 ; 15.000 ; Rise       ; tp3             ;
; write_thru_low  ; tp3        ; 15.000 ; 15.000 ; Rise       ; tp3             ;
; b_dixy_low      ; tp3        ; 15.000 ; 15.000 ; Fall       ; tp3             ;
; load_x          ; tp3        ; 15.000 ; 15.000 ; Fall       ; tp3             ;
; load_y          ; tp3        ; 15.000 ; 15.000 ; Fall       ; tp3             ;
+-----------------+------------+--------+--------+------------+-----------------+


+-------------------------------------------------------------------------------+
; Minimum Clock to Output Times                                                 ;
+-----------------+------------+--------+--------+------------+-----------------+
; Data Port       ; Clock Port ; Rise   ; Fall   ; Clock Edge ; Clock Reference ;
+-----------------+------------+--------+--------+------------+-----------------+
; interrupt_low   ; dk14       ; 31.000 ; 31.000 ; Rise       ; dk14            ;
; skip_low        ; dk14       ; 31.000 ; 31.000 ; Rise       ; dk14            ;
; b_dixy_low      ; md10_low   ; 15.000 ; 15.000 ; Rise       ; md10_low        ;
; c0_low          ; md10_low   ; 15.000 ; 15.000 ; Rise       ; md10_low        ;
; c1_low          ; md10_low   ; 15.000 ; 15.000 ; Rise       ; md10_low        ;
; chan_low        ; md10_low   ; 15.000 ; 15.000 ; Rise       ; md10_low        ;
; col_red_low     ; md10_low   ; 15.000 ; 15.000 ; Rise       ; md10_low        ;
; data00_low      ; md10_low   ; 15.000 ; 15.000 ; Rise       ; md10_low        ;
; data01_low      ; md10_low   ; 15.000 ; 15.000 ; Rise       ; md10_low        ;
; data02_low      ; md10_low   ; 15.000 ; 15.000 ; Rise       ; md10_low        ;
; data03_low      ; md10_low   ; 15.000 ; 15.000 ; Rise       ; md10_low        ;
; data06_low      ; md10_low   ; 15.000 ; 15.000 ; Rise       ; md10_low        ;
; data07_low      ; md10_low   ; 15.000 ; 15.000 ; Rise       ; md10_low        ;
; data08_low      ; md10_low   ; 15.000 ; 15.000 ; Rise       ; md10_low        ;
; data09_low      ; md10_low   ; 15.000 ; 15.000 ; Rise       ; md10_low        ;
; data10_low      ; md10_low   ; 15.000 ; 15.000 ; Rise       ; md10_low        ;
; data11_low      ; md10_low   ; 15.000 ; 15.000 ; Rise       ; md10_low        ;
; di02_l          ; md10_low   ; 15.000 ; 15.000 ; Rise       ; md10_low        ;
; di03            ; md10_low   ; 15.000 ; 15.000 ; Rise       ; md10_low        ;
; di04            ; md10_low   ; 15.000 ; 15.000 ; Rise       ; md10_low        ;
; di05            ; md10_low   ; 15.000 ; 15.000 ; Rise       ; md10_low        ;
; di06            ; md10_low   ; 15.000 ; 15.000 ; Rise       ; md10_low        ;
; di07            ; md10_low   ; 15.000 ; 15.000 ; Rise       ; md10_low        ;
; di08            ; md10_low   ; 15.000 ; 15.000 ; Rise       ; md10_low        ;
; di09            ; md10_low   ; 15.000 ; 15.000 ; Rise       ; md10_low        ;
; di10            ; md10_low   ; 15.000 ; 15.000 ; Rise       ; md10_low        ;
; di11            ; md10_low   ; 15.000 ; 15.000 ; Rise       ; md10_low        ;
; erase_low       ; md10_low   ; 15.000 ; 15.000 ; Rise       ; md10_low        ;
; interrupt_low   ; md10_low   ; 24.000 ; 24.000 ; Rise       ; md10_low        ;
; load_x          ; md10_low   ; 15.000 ; 15.000 ; Rise       ; md10_low        ;
; load_y          ; md10_low   ; 15.000 ; 15.000 ; Rise       ; md10_low        ;
; n_t_27x         ; md10_low   ; 24.000 ; 24.000 ; Rise       ; md10_low        ;
; non_store_low   ; md10_low   ; 15.000 ; 15.000 ; Rise       ; md10_low        ;
; skip_low        ; md10_low   ; 15.000 ; 15.000 ; Rise       ; md10_low        ;
; write_thru_low  ; md10_low   ; 15.000 ; 15.000 ; Rise       ; md10_low        ;
; b_dixy_low      ; md10_low   ; 15.000 ; 15.000 ; Fall       ; md10_low        ;
; c0_low          ; md10_low   ; 15.000 ; 15.000 ; Fall       ; md10_low        ;
; c1_low          ; md10_low   ; 15.000 ; 15.000 ; Fall       ; md10_low        ;
; data00_low      ; md10_low   ; 15.000 ; 15.000 ; Fall       ; md10_low        ;
; data01_low      ; md10_low   ; 15.000 ; 15.000 ; Fall       ; md10_low        ;
; data02_low      ; md10_low   ; 15.000 ; 15.000 ; Fall       ; md10_low        ;
; data03_low      ; md10_low   ; 15.000 ; 15.000 ; Fall       ; md10_low        ;
; data06_low      ; md10_low   ; 15.000 ; 15.000 ; Fall       ; md10_low        ;
; data07_low      ; md10_low   ; 15.000 ; 15.000 ; Fall       ; md10_low        ;
; data08_low      ; md10_low   ; 15.000 ; 15.000 ; Fall       ; md10_low        ;
; data09_low      ; md10_low   ; 15.000 ; 15.000 ; Fall       ; md10_low        ;
; data10_low      ; md10_low   ; 15.000 ; 15.000 ; Fall       ; md10_low        ;
; data11_low      ; md10_low   ; 15.000 ; 15.000 ; Fall       ; md10_low        ;
; di02_l          ; md10_low   ; 15.000 ; 15.000 ; Fall       ; md10_low        ;
; di03            ; md10_low   ; 15.000 ; 15.000 ; Fall       ; md10_low        ;
; di04            ; md10_low   ; 15.000 ; 15.000 ; Fall       ; md10_low        ;
; di05            ; md10_low   ; 15.000 ; 15.000 ; Fall       ; md10_low        ;
; di06            ; md10_low   ; 15.000 ; 15.000 ; Fall       ; md10_low        ;
; di07            ; md10_low   ; 15.000 ; 15.000 ; Fall       ; md10_low        ;
; di08            ; md10_low   ; 15.000 ; 15.000 ; Fall       ; md10_low        ;
; di09            ; md10_low   ; 15.000 ; 15.000 ; Fall       ; md10_low        ;
; di10            ; md10_low   ; 15.000 ; 15.000 ; Fall       ; md10_low        ;
; di11            ; md10_low   ; 15.000 ; 15.000 ; Fall       ; md10_low        ;
; interrupt_low   ; md10_low   ; 24.000 ; 24.000 ; Fall       ; md10_low        ;
; load_x          ; md10_low   ; 15.000 ; 15.000 ; Fall       ; md10_low        ;
; load_y          ; md10_low   ; 15.000 ; 15.000 ; Fall       ; md10_low        ;
; skip_low        ; md10_low   ; 15.000 ; 15.000 ; Fall       ; md10_low        ;
; b_dixy_low      ; md11_low   ; 15.000 ; 15.000 ; Rise       ; md11_low        ;
; c0_low          ; md11_low   ; 15.000 ; 15.000 ; Rise       ; md11_low        ;
; c1_low          ; md11_low   ; 15.000 ; 15.000 ; Rise       ; md11_low        ;
; chan_low        ; md11_low   ; 15.000 ; 15.000 ; Rise       ; md11_low        ;
; col_red_low     ; md11_low   ; 15.000 ; 15.000 ; Rise       ; md11_low        ;
; data00_low      ; md11_low   ; 15.000 ; 15.000 ; Rise       ; md11_low        ;
; data01_low      ; md11_low   ; 15.000 ; 15.000 ; Rise       ; md11_low        ;
; data02_low      ; md11_low   ; 15.000 ; 15.000 ; Rise       ; md11_low        ;
; data03_low      ; md11_low   ; 15.000 ; 15.000 ; Rise       ; md11_low        ;
; data06_low      ; md11_low   ; 15.000 ; 15.000 ; Rise       ; md11_low        ;
; data07_low      ; md11_low   ; 15.000 ; 15.000 ; Rise       ; md11_low        ;
; data08_low      ; md11_low   ; 15.000 ; 15.000 ; Rise       ; md11_low        ;
; data09_low      ; md11_low   ; 15.000 ; 15.000 ; Rise       ; md11_low        ;
; data10_low      ; md11_low   ; 15.000 ; 15.000 ; Rise       ; md11_low        ;
; data11_low      ; md11_low   ; 15.000 ; 15.000 ; Rise       ; md11_low        ;
; di02_l          ; md11_low   ; 15.000 ; 15.000 ; Rise       ; md11_low        ;
; di03            ; md11_low   ; 15.000 ; 15.000 ; Rise       ; md11_low        ;
; di04            ; md11_low   ; 15.000 ; 15.000 ; Rise       ; md11_low        ;
; di05            ; md11_low   ; 15.000 ; 15.000 ; Rise       ; md11_low        ;
; di06            ; md11_low   ; 15.000 ; 15.000 ; Rise       ; md11_low        ;
; di07            ; md11_low   ; 15.000 ; 15.000 ; Rise       ; md11_low        ;
; di08            ; md11_low   ; 15.000 ; 15.000 ; Rise       ; md11_low        ;
; di09            ; md11_low   ; 15.000 ; 15.000 ; Rise       ; md11_low        ;
; di10            ; md11_low   ; 15.000 ; 15.000 ; Rise       ; md11_low        ;
; di11            ; md11_low   ; 15.000 ; 15.000 ; Rise       ; md11_low        ;
; erase_low       ; md11_low   ; 15.000 ; 15.000 ; Rise       ; md11_low        ;
; interrupt_low   ; md11_low   ; 24.000 ; 24.000 ; Rise       ; md11_low        ;
; load_x          ; md11_low   ; 15.000 ; 15.000 ; Rise       ; md11_low        ;
; load_y          ; md11_low   ; 15.000 ; 15.000 ; Rise       ; md11_low        ;
; n_t_27x         ; md11_low   ; 24.000 ; 24.000 ; Rise       ; md11_low        ;
; non_store_low   ; md11_low   ; 15.000 ; 15.000 ; Rise       ; md11_low        ;
; skip_low        ; md11_low   ; 15.000 ; 15.000 ; Rise       ; md11_low        ;
; write_thru_low  ; md11_low   ; 15.000 ; 15.000 ; Rise       ; md11_low        ;
; b_dixy_low      ; md11_low   ; 15.000 ; 15.000 ; Fall       ; md11_low        ;
; c0_low          ; md11_low   ; 15.000 ; 15.000 ; Fall       ; md11_low        ;
; c1_low          ; md11_low   ; 15.000 ; 15.000 ; Fall       ; md11_low        ;
; data00_low      ; md11_low   ; 15.000 ; 15.000 ; Fall       ; md11_low        ;
; data01_low      ; md11_low   ; 15.000 ; 15.000 ; Fall       ; md11_low        ;
; data02_low      ; md11_low   ; 15.000 ; 15.000 ; Fall       ; md11_low        ;
; data03_low      ; md11_low   ; 15.000 ; 15.000 ; Fall       ; md11_low        ;
; data06_low      ; md11_low   ; 15.000 ; 15.000 ; Fall       ; md11_low        ;
; data07_low      ; md11_low   ; 15.000 ; 15.000 ; Fall       ; md11_low        ;
; data08_low      ; md11_low   ; 15.000 ; 15.000 ; Fall       ; md11_low        ;
; data09_low      ; md11_low   ; 15.000 ; 15.000 ; Fall       ; md11_low        ;
; data10_low      ; md11_low   ; 15.000 ; 15.000 ; Fall       ; md11_low        ;
; data11_low      ; md11_low   ; 15.000 ; 15.000 ; Fall       ; md11_low        ;
; di02_l          ; md11_low   ; 15.000 ; 15.000 ; Fall       ; md11_low        ;
; di03            ; md11_low   ; 15.000 ; 15.000 ; Fall       ; md11_low        ;
; di04            ; md11_low   ; 15.000 ; 15.000 ; Fall       ; md11_low        ;
; di05            ; md11_low   ; 15.000 ; 15.000 ; Fall       ; md11_low        ;
; di06            ; md11_low   ; 15.000 ; 15.000 ; Fall       ; md11_low        ;
; di07            ; md11_low   ; 15.000 ; 15.000 ; Fall       ; md11_low        ;
; di08            ; md11_low   ; 15.000 ; 15.000 ; Fall       ; md11_low        ;
; di09            ; md11_low   ; 15.000 ; 15.000 ; Fall       ; md11_low        ;
; di10            ; md11_low   ; 15.000 ; 15.000 ; Fall       ; md11_low        ;
; di11            ; md11_low   ; 15.000 ; 15.000 ; Fall       ; md11_low        ;
; interrupt_low   ; md11_low   ; 24.000 ; 24.000 ; Fall       ; md11_low        ;
; load_x          ; md11_low   ; 15.000 ; 15.000 ; Fall       ; md11_low        ;
; load_y          ; md11_low   ; 15.000 ; 15.000 ; Fall       ; md11_low        ;
; skip_low        ; md11_low   ; 15.000 ; 15.000 ; Fall       ; md11_low        ;
; b_dixy_low      ; md3_low    ; 15.000 ; 15.000 ; Rise       ; md3_low         ;
; c0_low          ; md3_low    ; 15.000 ; 15.000 ; Rise       ; md3_low         ;
; c1_low          ; md3_low    ; 15.000 ; 15.000 ; Rise       ; md3_low         ;
; chan_low        ; md3_low    ; 15.000 ; 15.000 ; Rise       ; md3_low         ;
; col_red_low     ; md3_low    ; 15.000 ; 15.000 ; Rise       ; md3_low         ;
; data00_low      ; md3_low    ; 15.000 ; 15.000 ; Rise       ; md3_low         ;
; data01_low      ; md3_low    ; 15.000 ; 15.000 ; Rise       ; md3_low         ;
; data02_low      ; md3_low    ; 15.000 ; 15.000 ; Rise       ; md3_low         ;
; data03_low      ; md3_low    ; 15.000 ; 15.000 ; Rise       ; md3_low         ;
; data06_low      ; md3_low    ; 15.000 ; 15.000 ; Rise       ; md3_low         ;
; data07_low      ; md3_low    ; 15.000 ; 15.000 ; Rise       ; md3_low         ;
; data08_low      ; md3_low    ; 15.000 ; 15.000 ; Rise       ; md3_low         ;
; data09_low      ; md3_low    ; 15.000 ; 15.000 ; Rise       ; md3_low         ;
; data10_low      ; md3_low    ; 15.000 ; 15.000 ; Rise       ; md3_low         ;
; data11_low      ; md3_low    ; 15.000 ; 15.000 ; Rise       ; md3_low         ;
; di02_l          ; md3_low    ; 15.000 ; 15.000 ; Rise       ; md3_low         ;
; di03            ; md3_low    ; 15.000 ; 15.000 ; Rise       ; md3_low         ;
; di04            ; md3_low    ; 15.000 ; 15.000 ; Rise       ; md3_low         ;
; di05            ; md3_low    ; 15.000 ; 15.000 ; Rise       ; md3_low         ;
; di06            ; md3_low    ; 15.000 ; 15.000 ; Rise       ; md3_low         ;
; di07            ; md3_low    ; 15.000 ; 15.000 ; Rise       ; md3_low         ;
; di08            ; md3_low    ; 15.000 ; 15.000 ; Rise       ; md3_low         ;
; di09            ; md3_low    ; 15.000 ; 15.000 ; Rise       ; md3_low         ;
; di10            ; md3_low    ; 15.000 ; 15.000 ; Rise       ; md3_low         ;
; di11            ; md3_low    ; 15.000 ; 15.000 ; Rise       ; md3_low         ;
; erase_low       ; md3_low    ; 15.000 ; 15.000 ; Rise       ; md3_low         ;
; internal_io_low ; md3_low    ; 15.000 ; 15.000 ; Rise       ; md3_low         ;
; interrupt_low   ; md3_low    ; 24.000 ; 24.000 ; Rise       ; md3_low         ;
; load_x          ; md3_low    ; 15.000 ; 15.000 ; Rise       ; md3_low         ;
; load_y          ; md3_low    ; 15.000 ; 15.000 ; Rise       ; md3_low         ;
; n_t_27x         ; md3_low    ; 24.000 ; 24.000 ; Rise       ; md3_low         ;
; non_store_low   ; md3_low    ; 15.000 ; 15.000 ; Rise       ; md3_low         ;
; skip_low        ; md3_low    ; 15.000 ; 15.000 ; Rise       ; md3_low         ;
; write_thru_low  ; md3_low    ; 15.000 ; 15.000 ; Rise       ; md3_low         ;
; b_dixy_low      ; md3_low    ; 15.000 ; 15.000 ; Fall       ; md3_low         ;
; c0_low          ; md3_low    ; 15.000 ; 15.000 ; Fall       ; md3_low         ;
; c1_low          ; md3_low    ; 15.000 ; 15.000 ; Fall       ; md3_low         ;
; data00_low      ; md3_low    ; 15.000 ; 15.000 ; Fall       ; md3_low         ;
; data01_low      ; md3_low    ; 15.000 ; 15.000 ; Fall       ; md3_low         ;
; data02_low      ; md3_low    ; 15.000 ; 15.000 ; Fall       ; md3_low         ;
; data03_low      ; md3_low    ; 15.000 ; 15.000 ; Fall       ; md3_low         ;
; data06_low      ; md3_low    ; 15.000 ; 15.000 ; Fall       ; md3_low         ;
; data07_low      ; md3_low    ; 15.000 ; 15.000 ; Fall       ; md3_low         ;
; data08_low      ; md3_low    ; 15.000 ; 15.000 ; Fall       ; md3_low         ;
; data09_low      ; md3_low    ; 15.000 ; 15.000 ; Fall       ; md3_low         ;
; data10_low      ; md3_low    ; 15.000 ; 15.000 ; Fall       ; md3_low         ;
; data11_low      ; md3_low    ; 15.000 ; 15.000 ; Fall       ; md3_low         ;
; di02_l          ; md3_low    ; 15.000 ; 15.000 ; Fall       ; md3_low         ;
; di03            ; md3_low    ; 15.000 ; 15.000 ; Fall       ; md3_low         ;
; di04            ; md3_low    ; 15.000 ; 15.000 ; Fall       ; md3_low         ;
; di05            ; md3_low    ; 15.000 ; 15.000 ; Fall       ; md3_low         ;
; di06            ; md3_low    ; 15.000 ; 15.000 ; Fall       ; md3_low         ;
; di07            ; md3_low    ; 15.000 ; 15.000 ; Fall       ; md3_low         ;
; di08            ; md3_low    ; 15.000 ; 15.000 ; Fall       ; md3_low         ;
; di09            ; md3_low    ; 15.000 ; 15.000 ; Fall       ; md3_low         ;
; di10            ; md3_low    ; 15.000 ; 15.000 ; Fall       ; md3_low         ;
; di11            ; md3_low    ; 15.000 ; 15.000 ; Fall       ; md3_low         ;
; internal_io_low ; md3_low    ; 15.000 ; 15.000 ; Fall       ; md3_low         ;
; interrupt_low   ; md3_low    ; 24.000 ; 24.000 ; Fall       ; md3_low         ;
; load_x          ; md3_low    ; 15.000 ; 15.000 ; Fall       ; md3_low         ;
; load_y          ; md3_low    ; 15.000 ; 15.000 ; Fall       ; md3_low         ;
; skip_low        ; md3_low    ; 15.000 ; 15.000 ; Fall       ; md3_low         ;
; b_dixy_low      ; md4_low    ; 15.000 ; 15.000 ; Rise       ; md4_low         ;
; c0_low          ; md4_low    ; 15.000 ; 15.000 ; Rise       ; md4_low         ;
; c1_low          ; md4_low    ; 15.000 ; 15.000 ; Rise       ; md4_low         ;
; chan_low        ; md4_low    ; 15.000 ; 15.000 ; Rise       ; md4_low         ;
; col_red_low     ; md4_low    ; 15.000 ; 15.000 ; Rise       ; md4_low         ;
; data00_low      ; md4_low    ; 15.000 ; 15.000 ; Rise       ; md4_low         ;
; data01_low      ; md4_low    ; 15.000 ; 15.000 ; Rise       ; md4_low         ;
; data02_low      ; md4_low    ; 15.000 ; 15.000 ; Rise       ; md4_low         ;
; data03_low      ; md4_low    ; 15.000 ; 15.000 ; Rise       ; md4_low         ;
; data06_low      ; md4_low    ; 15.000 ; 15.000 ; Rise       ; md4_low         ;
; data07_low      ; md4_low    ; 15.000 ; 15.000 ; Rise       ; md4_low         ;
; data08_low      ; md4_low    ; 15.000 ; 15.000 ; Rise       ; md4_low         ;
; data09_low      ; md4_low    ; 15.000 ; 15.000 ; Rise       ; md4_low         ;
; data10_low      ; md4_low    ; 15.000 ; 15.000 ; Rise       ; md4_low         ;
; data11_low      ; md4_low    ; 15.000 ; 15.000 ; Rise       ; md4_low         ;
; di02_l          ; md4_low    ; 15.000 ; 15.000 ; Rise       ; md4_low         ;
; di03            ; md4_low    ; 15.000 ; 15.000 ; Rise       ; md4_low         ;
; di04            ; md4_low    ; 15.000 ; 15.000 ; Rise       ; md4_low         ;
; di05            ; md4_low    ; 15.000 ; 15.000 ; Rise       ; md4_low         ;
; di06            ; md4_low    ; 15.000 ; 15.000 ; Rise       ; md4_low         ;
; di07            ; md4_low    ; 15.000 ; 15.000 ; Rise       ; md4_low         ;
; di08            ; md4_low    ; 15.000 ; 15.000 ; Rise       ; md4_low         ;
; di09            ; md4_low    ; 15.000 ; 15.000 ; Rise       ; md4_low         ;
; di10            ; md4_low    ; 15.000 ; 15.000 ; Rise       ; md4_low         ;
; di11            ; md4_low    ; 15.000 ; 15.000 ; Rise       ; md4_low         ;
; erase_low       ; md4_low    ; 15.000 ; 15.000 ; Rise       ; md4_low         ;
; internal_io_low ; md4_low    ; 15.000 ; 15.000 ; Rise       ; md4_low         ;
; interrupt_low   ; md4_low    ; 24.000 ; 24.000 ; Rise       ; md4_low         ;
; load_x          ; md4_low    ; 15.000 ; 15.000 ; Rise       ; md4_low         ;
; load_y          ; md4_low    ; 15.000 ; 15.000 ; Rise       ; md4_low         ;
; n_t_27x         ; md4_low    ; 24.000 ; 24.000 ; Rise       ; md4_low         ;
; non_store_low   ; md4_low    ; 15.000 ; 15.000 ; Rise       ; md4_low         ;
; skip_low        ; md4_low    ; 15.000 ; 15.000 ; Rise       ; md4_low         ;
; write_thru_low  ; md4_low    ; 15.000 ; 15.000 ; Rise       ; md4_low         ;
; b_dixy_low      ; md4_low    ; 15.000 ; 15.000 ; Fall       ; md4_low         ;
; c0_low          ; md4_low    ; 15.000 ; 15.000 ; Fall       ; md4_low         ;
; c1_low          ; md4_low    ; 15.000 ; 15.000 ; Fall       ; md4_low         ;
; data00_low      ; md4_low    ; 15.000 ; 15.000 ; Fall       ; md4_low         ;
; data01_low      ; md4_low    ; 15.000 ; 15.000 ; Fall       ; md4_low         ;
; data02_low      ; md4_low    ; 15.000 ; 15.000 ; Fall       ; md4_low         ;
; data03_low      ; md4_low    ; 15.000 ; 15.000 ; Fall       ; md4_low         ;
; data06_low      ; md4_low    ; 15.000 ; 15.000 ; Fall       ; md4_low         ;
; data07_low      ; md4_low    ; 15.000 ; 15.000 ; Fall       ; md4_low         ;
; data08_low      ; md4_low    ; 15.000 ; 15.000 ; Fall       ; md4_low         ;
; data09_low      ; md4_low    ; 15.000 ; 15.000 ; Fall       ; md4_low         ;
; data10_low      ; md4_low    ; 15.000 ; 15.000 ; Fall       ; md4_low         ;
; data11_low      ; md4_low    ; 15.000 ; 15.000 ; Fall       ; md4_low         ;
; di02_l          ; md4_low    ; 15.000 ; 15.000 ; Fall       ; md4_low         ;
; di03            ; md4_low    ; 15.000 ; 15.000 ; Fall       ; md4_low         ;
; di04            ; md4_low    ; 15.000 ; 15.000 ; Fall       ; md4_low         ;
; di05            ; md4_low    ; 15.000 ; 15.000 ; Fall       ; md4_low         ;
; di06            ; md4_low    ; 15.000 ; 15.000 ; Fall       ; md4_low         ;
; di07            ; md4_low    ; 15.000 ; 15.000 ; Fall       ; md4_low         ;
; di08            ; md4_low    ; 15.000 ; 15.000 ; Fall       ; md4_low         ;
; di09            ; md4_low    ; 15.000 ; 15.000 ; Fall       ; md4_low         ;
; di10            ; md4_low    ; 15.000 ; 15.000 ; Fall       ; md4_low         ;
; di11            ; md4_low    ; 15.000 ; 15.000 ; Fall       ; md4_low         ;
; internal_io_low ; md4_low    ; 15.000 ; 15.000 ; Fall       ; md4_low         ;
; interrupt_low   ; md4_low    ; 24.000 ; 24.000 ; Fall       ; md4_low         ;
; load_x          ; md4_low    ; 15.000 ; 15.000 ; Fall       ; md4_low         ;
; load_y          ; md4_low    ; 15.000 ; 15.000 ; Fall       ; md4_low         ;
; skip_low        ; md4_low    ; 15.000 ; 15.000 ; Fall       ; md4_low         ;
; b_dixy_low      ; md5_low    ; 15.000 ; 15.000 ; Rise       ; md5_low         ;
; c0_low          ; md5_low    ; 15.000 ; 15.000 ; Rise       ; md5_low         ;
; c1_low          ; md5_low    ; 15.000 ; 15.000 ; Rise       ; md5_low         ;
; chan_low        ; md5_low    ; 15.000 ; 15.000 ; Rise       ; md5_low         ;
; col_red_low     ; md5_low    ; 15.000 ; 15.000 ; Rise       ; md5_low         ;
; data00_low      ; md5_low    ; 15.000 ; 15.000 ; Rise       ; md5_low         ;
; data01_low      ; md5_low    ; 15.000 ; 15.000 ; Rise       ; md5_low         ;
; data02_low      ; md5_low    ; 15.000 ; 15.000 ; Rise       ; md5_low         ;
; data03_low      ; md5_low    ; 15.000 ; 15.000 ; Rise       ; md5_low         ;
; data06_low      ; md5_low    ; 15.000 ; 15.000 ; Rise       ; md5_low         ;
; data07_low      ; md5_low    ; 15.000 ; 15.000 ; Rise       ; md5_low         ;
; data08_low      ; md5_low    ; 15.000 ; 15.000 ; Rise       ; md5_low         ;
; data09_low      ; md5_low    ; 15.000 ; 15.000 ; Rise       ; md5_low         ;
; data10_low      ; md5_low    ; 15.000 ; 15.000 ; Rise       ; md5_low         ;
; data11_low      ; md5_low    ; 15.000 ; 15.000 ; Rise       ; md5_low         ;
; di02_l          ; md5_low    ; 15.000 ; 15.000 ; Rise       ; md5_low         ;
; di03            ; md5_low    ; 15.000 ; 15.000 ; Rise       ; md5_low         ;
; di04            ; md5_low    ; 15.000 ; 15.000 ; Rise       ; md5_low         ;
; di05            ; md5_low    ; 15.000 ; 15.000 ; Rise       ; md5_low         ;
; di06            ; md5_low    ; 15.000 ; 15.000 ; Rise       ; md5_low         ;
; di07            ; md5_low    ; 15.000 ; 15.000 ; Rise       ; md5_low         ;
; di08            ; md5_low    ; 15.000 ; 15.000 ; Rise       ; md5_low         ;
; di09            ; md5_low    ; 15.000 ; 15.000 ; Rise       ; md5_low         ;
; di10            ; md5_low    ; 15.000 ; 15.000 ; Rise       ; md5_low         ;
; di11            ; md5_low    ; 15.000 ; 15.000 ; Rise       ; md5_low         ;
; erase_low       ; md5_low    ; 15.000 ; 15.000 ; Rise       ; md5_low         ;
; internal_io_low ; md5_low    ; 15.000 ; 15.000 ; Rise       ; md5_low         ;
; interrupt_low   ; md5_low    ; 24.000 ; 24.000 ; Rise       ; md5_low         ;
; load_x          ; md5_low    ; 15.000 ; 15.000 ; Rise       ; md5_low         ;
; load_y          ; md5_low    ; 15.000 ; 15.000 ; Rise       ; md5_low         ;
; n_t_27x         ; md5_low    ; 24.000 ; 24.000 ; Rise       ; md5_low         ;
; non_store_low   ; md5_low    ; 15.000 ; 15.000 ; Rise       ; md5_low         ;
; skip_low        ; md5_low    ; 15.000 ; 15.000 ; Rise       ; md5_low         ;
; write_thru_low  ; md5_low    ; 15.000 ; 15.000 ; Rise       ; md5_low         ;
; b_dixy_low      ; md5_low    ; 15.000 ; 15.000 ; Fall       ; md5_low         ;
; c0_low          ; md5_low    ; 15.000 ; 15.000 ; Fall       ; md5_low         ;
; c1_low          ; md5_low    ; 15.000 ; 15.000 ; Fall       ; md5_low         ;
; data00_low      ; md5_low    ; 15.000 ; 15.000 ; Fall       ; md5_low         ;
; data01_low      ; md5_low    ; 15.000 ; 15.000 ; Fall       ; md5_low         ;
; data02_low      ; md5_low    ; 15.000 ; 15.000 ; Fall       ; md5_low         ;
; data03_low      ; md5_low    ; 15.000 ; 15.000 ; Fall       ; md5_low         ;
; data06_low      ; md5_low    ; 15.000 ; 15.000 ; Fall       ; md5_low         ;
; data07_low      ; md5_low    ; 15.000 ; 15.000 ; Fall       ; md5_low         ;
; data08_low      ; md5_low    ; 15.000 ; 15.000 ; Fall       ; md5_low         ;
; data09_low      ; md5_low    ; 15.000 ; 15.000 ; Fall       ; md5_low         ;
; data10_low      ; md5_low    ; 15.000 ; 15.000 ; Fall       ; md5_low         ;
; data11_low      ; md5_low    ; 15.000 ; 15.000 ; Fall       ; md5_low         ;
; di02_l          ; md5_low    ; 15.000 ; 15.000 ; Fall       ; md5_low         ;
; di03            ; md5_low    ; 15.000 ; 15.000 ; Fall       ; md5_low         ;
; di04            ; md5_low    ; 15.000 ; 15.000 ; Fall       ; md5_low         ;
; di05            ; md5_low    ; 15.000 ; 15.000 ; Fall       ; md5_low         ;
; di06            ; md5_low    ; 15.000 ; 15.000 ; Fall       ; md5_low         ;
; di07            ; md5_low    ; 15.000 ; 15.000 ; Fall       ; md5_low         ;
; di08            ; md5_low    ; 15.000 ; 15.000 ; Fall       ; md5_low         ;
; di09            ; md5_low    ; 15.000 ; 15.000 ; Fall       ; md5_low         ;
; di10            ; md5_low    ; 15.000 ; 15.000 ; Fall       ; md5_low         ;
; di11            ; md5_low    ; 15.000 ; 15.000 ; Fall       ; md5_low         ;
; internal_io_low ; md5_low    ; 15.000 ; 15.000 ; Fall       ; md5_low         ;
; interrupt_low   ; md5_low    ; 24.000 ; 24.000 ; Fall       ; md5_low         ;
; load_x          ; md5_low    ; 15.000 ; 15.000 ; Fall       ; md5_low         ;
; load_y          ; md5_low    ; 15.000 ; 15.000 ; Fall       ; md5_low         ;
; skip_low        ; md5_low    ; 15.000 ; 15.000 ; Fall       ; md5_low         ;
; b_dixy_low      ; md6_low    ; 15.000 ; 15.000 ; Rise       ; md6_low         ;
; c0_low          ; md6_low    ; 15.000 ; 15.000 ; Rise       ; md6_low         ;
; c1_low          ; md6_low    ; 15.000 ; 15.000 ; Rise       ; md6_low         ;
; chan_low        ; md6_low    ; 15.000 ; 15.000 ; Rise       ; md6_low         ;
; col_red_low     ; md6_low    ; 15.000 ; 15.000 ; Rise       ; md6_low         ;
; data00_low      ; md6_low    ; 15.000 ; 15.000 ; Rise       ; md6_low         ;
; data01_low      ; md6_low    ; 15.000 ; 15.000 ; Rise       ; md6_low         ;
; data02_low      ; md6_low    ; 15.000 ; 15.000 ; Rise       ; md6_low         ;
; data03_low      ; md6_low    ; 15.000 ; 15.000 ; Rise       ; md6_low         ;
; data06_low      ; md6_low    ; 15.000 ; 15.000 ; Rise       ; md6_low         ;
; data07_low      ; md6_low    ; 15.000 ; 15.000 ; Rise       ; md6_low         ;
; data08_low      ; md6_low    ; 15.000 ; 15.000 ; Rise       ; md6_low         ;
; data09_low      ; md6_low    ; 15.000 ; 15.000 ; Rise       ; md6_low         ;
; data10_low      ; md6_low    ; 15.000 ; 15.000 ; Rise       ; md6_low         ;
; data11_low      ; md6_low    ; 15.000 ; 15.000 ; Rise       ; md6_low         ;
; di02_l          ; md6_low    ; 15.000 ; 15.000 ; Rise       ; md6_low         ;
; di03            ; md6_low    ; 15.000 ; 15.000 ; Rise       ; md6_low         ;
; di04            ; md6_low    ; 15.000 ; 15.000 ; Rise       ; md6_low         ;
; di05            ; md6_low    ; 15.000 ; 15.000 ; Rise       ; md6_low         ;
; di06            ; md6_low    ; 15.000 ; 15.000 ; Rise       ; md6_low         ;
; di07            ; md6_low    ; 15.000 ; 15.000 ; Rise       ; md6_low         ;
; di08            ; md6_low    ; 15.000 ; 15.000 ; Rise       ; md6_low         ;
; di09            ; md6_low    ; 15.000 ; 15.000 ; Rise       ; md6_low         ;
; di10            ; md6_low    ; 15.000 ; 15.000 ; Rise       ; md6_low         ;
; di11            ; md6_low    ; 15.000 ; 15.000 ; Rise       ; md6_low         ;
; erase_low       ; md6_low    ; 15.000 ; 15.000 ; Rise       ; md6_low         ;
; internal_io_low ; md6_low    ; 15.000 ; 15.000 ; Rise       ; md6_low         ;
; interrupt_low   ; md6_low    ; 24.000 ; 24.000 ; Rise       ; md6_low         ;
; load_x          ; md6_low    ; 15.000 ; 15.000 ; Rise       ; md6_low         ;
; load_y          ; md6_low    ; 15.000 ; 15.000 ; Rise       ; md6_low         ;
; n_t_27x         ; md6_low    ; 24.000 ; 24.000 ; Rise       ; md6_low         ;
; non_store_low   ; md6_low    ; 15.000 ; 15.000 ; Rise       ; md6_low         ;
; skip_low        ; md6_low    ; 15.000 ; 15.000 ; Rise       ; md6_low         ;
; write_thru_low  ; md6_low    ; 15.000 ; 15.000 ; Rise       ; md6_low         ;
; b_dixy_low      ; md6_low    ; 15.000 ; 15.000 ; Fall       ; md6_low         ;
; c0_low          ; md6_low    ; 15.000 ; 15.000 ; Fall       ; md6_low         ;
; c1_low          ; md6_low    ; 15.000 ; 15.000 ; Fall       ; md6_low         ;
; data00_low      ; md6_low    ; 15.000 ; 15.000 ; Fall       ; md6_low         ;
; data01_low      ; md6_low    ; 15.000 ; 15.000 ; Fall       ; md6_low         ;
; data02_low      ; md6_low    ; 15.000 ; 15.000 ; Fall       ; md6_low         ;
; data03_low      ; md6_low    ; 15.000 ; 15.000 ; Fall       ; md6_low         ;
; data06_low      ; md6_low    ; 15.000 ; 15.000 ; Fall       ; md6_low         ;
; data07_low      ; md6_low    ; 15.000 ; 15.000 ; Fall       ; md6_low         ;
; data08_low      ; md6_low    ; 15.000 ; 15.000 ; Fall       ; md6_low         ;
; data09_low      ; md6_low    ; 15.000 ; 15.000 ; Fall       ; md6_low         ;
; data10_low      ; md6_low    ; 15.000 ; 15.000 ; Fall       ; md6_low         ;
; data11_low      ; md6_low    ; 15.000 ; 15.000 ; Fall       ; md6_low         ;
; di02_l          ; md6_low    ; 15.000 ; 15.000 ; Fall       ; md6_low         ;
; di03            ; md6_low    ; 15.000 ; 15.000 ; Fall       ; md6_low         ;
; di04            ; md6_low    ; 15.000 ; 15.000 ; Fall       ; md6_low         ;
; di05            ; md6_low    ; 15.000 ; 15.000 ; Fall       ; md6_low         ;
; di06            ; md6_low    ; 15.000 ; 15.000 ; Fall       ; md6_low         ;
; di07            ; md6_low    ; 15.000 ; 15.000 ; Fall       ; md6_low         ;
; di08            ; md6_low    ; 15.000 ; 15.000 ; Fall       ; md6_low         ;
; di09            ; md6_low    ; 15.000 ; 15.000 ; Fall       ; md6_low         ;
; di10            ; md6_low    ; 15.000 ; 15.000 ; Fall       ; md6_low         ;
; di11            ; md6_low    ; 15.000 ; 15.000 ; Fall       ; md6_low         ;
; internal_io_low ; md6_low    ; 15.000 ; 15.000 ; Fall       ; md6_low         ;
; interrupt_low   ; md6_low    ; 24.000 ; 24.000 ; Fall       ; md6_low         ;
; load_x          ; md6_low    ; 15.000 ; 15.000 ; Fall       ; md6_low         ;
; load_y          ; md6_low    ; 15.000 ; 15.000 ; Fall       ; md6_low         ;
; skip_low        ; md6_low    ; 15.000 ; 15.000 ; Fall       ; md6_low         ;
; b_dixy_low      ; md7_low    ; 15.000 ; 15.000 ; Rise       ; md7_low         ;
; c0_low          ; md7_low    ; 15.000 ; 15.000 ; Rise       ; md7_low         ;
; c1_low          ; md7_low    ; 15.000 ; 15.000 ; Rise       ; md7_low         ;
; chan_low        ; md7_low    ; 15.000 ; 15.000 ; Rise       ; md7_low         ;
; col_red_low     ; md7_low    ; 15.000 ; 15.000 ; Rise       ; md7_low         ;
; data00_low      ; md7_low    ; 15.000 ; 15.000 ; Rise       ; md7_low         ;
; data01_low      ; md7_low    ; 15.000 ; 15.000 ; Rise       ; md7_low         ;
; data02_low      ; md7_low    ; 15.000 ; 15.000 ; Rise       ; md7_low         ;
; data03_low      ; md7_low    ; 15.000 ; 15.000 ; Rise       ; md7_low         ;
; data06_low      ; md7_low    ; 15.000 ; 15.000 ; Rise       ; md7_low         ;
; data07_low      ; md7_low    ; 15.000 ; 15.000 ; Rise       ; md7_low         ;
; data08_low      ; md7_low    ; 15.000 ; 15.000 ; Rise       ; md7_low         ;
; data09_low      ; md7_low    ; 15.000 ; 15.000 ; Rise       ; md7_low         ;
; data10_low      ; md7_low    ; 15.000 ; 15.000 ; Rise       ; md7_low         ;
; data11_low      ; md7_low    ; 15.000 ; 15.000 ; Rise       ; md7_low         ;
; di02_l          ; md7_low    ; 15.000 ; 15.000 ; Rise       ; md7_low         ;
; di03            ; md7_low    ; 15.000 ; 15.000 ; Rise       ; md7_low         ;
; di04            ; md7_low    ; 15.000 ; 15.000 ; Rise       ; md7_low         ;
; di05            ; md7_low    ; 15.000 ; 15.000 ; Rise       ; md7_low         ;
; di06            ; md7_low    ; 15.000 ; 15.000 ; Rise       ; md7_low         ;
; di07            ; md7_low    ; 15.000 ; 15.000 ; Rise       ; md7_low         ;
; di08            ; md7_low    ; 15.000 ; 15.000 ; Rise       ; md7_low         ;
; di09            ; md7_low    ; 15.000 ; 15.000 ; Rise       ; md7_low         ;
; di10            ; md7_low    ; 15.000 ; 15.000 ; Rise       ; md7_low         ;
; di11            ; md7_low    ; 15.000 ; 15.000 ; Rise       ; md7_low         ;
; erase_low       ; md7_low    ; 15.000 ; 15.000 ; Rise       ; md7_low         ;
; internal_io_low ; md7_low    ; 15.000 ; 15.000 ; Rise       ; md7_low         ;
; interrupt_low   ; md7_low    ; 24.000 ; 24.000 ; Rise       ; md7_low         ;
; load_x          ; md7_low    ; 15.000 ; 15.000 ; Rise       ; md7_low         ;
; load_y          ; md7_low    ; 15.000 ; 15.000 ; Rise       ; md7_low         ;
; n_t_27x         ; md7_low    ; 24.000 ; 24.000 ; Rise       ; md7_low         ;
; non_store_low   ; md7_low    ; 15.000 ; 15.000 ; Rise       ; md7_low         ;
; skip_low        ; md7_low    ; 15.000 ; 15.000 ; Rise       ; md7_low         ;
; write_thru_low  ; md7_low    ; 15.000 ; 15.000 ; Rise       ; md7_low         ;
; b_dixy_low      ; md7_low    ; 15.000 ; 15.000 ; Fall       ; md7_low         ;
; c0_low          ; md7_low    ; 15.000 ; 15.000 ; Fall       ; md7_low         ;
; c1_low          ; md7_low    ; 15.000 ; 15.000 ; Fall       ; md7_low         ;
; data00_low      ; md7_low    ; 15.000 ; 15.000 ; Fall       ; md7_low         ;
; data01_low      ; md7_low    ; 15.000 ; 15.000 ; Fall       ; md7_low         ;
; data02_low      ; md7_low    ; 15.000 ; 15.000 ; Fall       ; md7_low         ;
; data03_low      ; md7_low    ; 15.000 ; 15.000 ; Fall       ; md7_low         ;
; data06_low      ; md7_low    ; 15.000 ; 15.000 ; Fall       ; md7_low         ;
; data07_low      ; md7_low    ; 15.000 ; 15.000 ; Fall       ; md7_low         ;
; data08_low      ; md7_low    ; 15.000 ; 15.000 ; Fall       ; md7_low         ;
; data09_low      ; md7_low    ; 15.000 ; 15.000 ; Fall       ; md7_low         ;
; data10_low      ; md7_low    ; 15.000 ; 15.000 ; Fall       ; md7_low         ;
; data11_low      ; md7_low    ; 15.000 ; 15.000 ; Fall       ; md7_low         ;
; di02_l          ; md7_low    ; 15.000 ; 15.000 ; Fall       ; md7_low         ;
; di03            ; md7_low    ; 15.000 ; 15.000 ; Fall       ; md7_low         ;
; di04            ; md7_low    ; 15.000 ; 15.000 ; Fall       ; md7_low         ;
; di05            ; md7_low    ; 15.000 ; 15.000 ; Fall       ; md7_low         ;
; di06            ; md7_low    ; 15.000 ; 15.000 ; Fall       ; md7_low         ;
; di07            ; md7_low    ; 15.000 ; 15.000 ; Fall       ; md7_low         ;
; di08            ; md7_low    ; 15.000 ; 15.000 ; Fall       ; md7_low         ;
; di09            ; md7_low    ; 15.000 ; 15.000 ; Fall       ; md7_low         ;
; di10            ; md7_low    ; 15.000 ; 15.000 ; Fall       ; md7_low         ;
; di11            ; md7_low    ; 15.000 ; 15.000 ; Fall       ; md7_low         ;
; internal_io_low ; md7_low    ; 15.000 ; 15.000 ; Fall       ; md7_low         ;
; interrupt_low   ; md7_low    ; 24.000 ; 24.000 ; Fall       ; md7_low         ;
; load_x          ; md7_low    ; 15.000 ; 15.000 ; Fall       ; md7_low         ;
; load_y          ; md7_low    ; 15.000 ; 15.000 ; Fall       ; md7_low         ;
; skip_low        ; md7_low    ; 15.000 ; 15.000 ; Fall       ; md7_low         ;
; b_dixy_low      ; md8_low    ; 15.000 ; 15.000 ; Rise       ; md8_low         ;
; c0_low          ; md8_low    ; 15.000 ; 15.000 ; Rise       ; md8_low         ;
; c1_low          ; md8_low    ; 15.000 ; 15.000 ; Rise       ; md8_low         ;
; chan_low        ; md8_low    ; 15.000 ; 15.000 ; Rise       ; md8_low         ;
; col_red_low     ; md8_low    ; 15.000 ; 15.000 ; Rise       ; md8_low         ;
; data00_low      ; md8_low    ; 15.000 ; 15.000 ; Rise       ; md8_low         ;
; data01_low      ; md8_low    ; 15.000 ; 15.000 ; Rise       ; md8_low         ;
; data02_low      ; md8_low    ; 15.000 ; 15.000 ; Rise       ; md8_low         ;
; data03_low      ; md8_low    ; 15.000 ; 15.000 ; Rise       ; md8_low         ;
; data06_low      ; md8_low    ; 15.000 ; 15.000 ; Rise       ; md8_low         ;
; data07_low      ; md8_low    ; 15.000 ; 15.000 ; Rise       ; md8_low         ;
; data08_low      ; md8_low    ; 15.000 ; 15.000 ; Rise       ; md8_low         ;
; data09_low      ; md8_low    ; 15.000 ; 15.000 ; Rise       ; md8_low         ;
; data10_low      ; md8_low    ; 15.000 ; 15.000 ; Rise       ; md8_low         ;
; data11_low      ; md8_low    ; 15.000 ; 15.000 ; Rise       ; md8_low         ;
; di02_l          ; md8_low    ; 15.000 ; 15.000 ; Rise       ; md8_low         ;
; di03            ; md8_low    ; 15.000 ; 15.000 ; Rise       ; md8_low         ;
; di04            ; md8_low    ; 15.000 ; 15.000 ; Rise       ; md8_low         ;
; di05            ; md8_low    ; 15.000 ; 15.000 ; Rise       ; md8_low         ;
; di06            ; md8_low    ; 15.000 ; 15.000 ; Rise       ; md8_low         ;
; di07            ; md8_low    ; 15.000 ; 15.000 ; Rise       ; md8_low         ;
; di08            ; md8_low    ; 15.000 ; 15.000 ; Rise       ; md8_low         ;
; di09            ; md8_low    ; 15.000 ; 15.000 ; Rise       ; md8_low         ;
; di10            ; md8_low    ; 15.000 ; 15.000 ; Rise       ; md8_low         ;
; di11            ; md8_low    ; 15.000 ; 15.000 ; Rise       ; md8_low         ;
; erase_low       ; md8_low    ; 15.000 ; 15.000 ; Rise       ; md8_low         ;
; internal_io_low ; md8_low    ; 15.000 ; 15.000 ; Rise       ; md8_low         ;
; interrupt_low   ; md8_low    ; 24.000 ; 24.000 ; Rise       ; md8_low         ;
; load_x          ; md8_low    ; 15.000 ; 15.000 ; Rise       ; md8_low         ;
; load_y          ; md8_low    ; 15.000 ; 15.000 ; Rise       ; md8_low         ;
; n_t_27x         ; md8_low    ; 24.000 ; 24.000 ; Rise       ; md8_low         ;
; non_store_low   ; md8_low    ; 15.000 ; 15.000 ; Rise       ; md8_low         ;
; skip_low        ; md8_low    ; 15.000 ; 15.000 ; Rise       ; md8_low         ;
; write_thru_low  ; md8_low    ; 15.000 ; 15.000 ; Rise       ; md8_low         ;
; b_dixy_low      ; md8_low    ; 15.000 ; 15.000 ; Fall       ; md8_low         ;
; c0_low          ; md8_low    ; 15.000 ; 15.000 ; Fall       ; md8_low         ;
; c1_low          ; md8_low    ; 15.000 ; 15.000 ; Fall       ; md8_low         ;
; data00_low      ; md8_low    ; 15.000 ; 15.000 ; Fall       ; md8_low         ;
; data01_low      ; md8_low    ; 15.000 ; 15.000 ; Fall       ; md8_low         ;
; data02_low      ; md8_low    ; 15.000 ; 15.000 ; Fall       ; md8_low         ;
; data03_low      ; md8_low    ; 15.000 ; 15.000 ; Fall       ; md8_low         ;
; data06_low      ; md8_low    ; 15.000 ; 15.000 ; Fall       ; md8_low         ;
; data07_low      ; md8_low    ; 15.000 ; 15.000 ; Fall       ; md8_low         ;
; data08_low      ; md8_low    ; 15.000 ; 15.000 ; Fall       ; md8_low         ;
; data09_low      ; md8_low    ; 15.000 ; 15.000 ; Fall       ; md8_low         ;
; data10_low      ; md8_low    ; 15.000 ; 15.000 ; Fall       ; md8_low         ;
; data11_low      ; md8_low    ; 15.000 ; 15.000 ; Fall       ; md8_low         ;
; di02_l          ; md8_low    ; 15.000 ; 15.000 ; Fall       ; md8_low         ;
; di03            ; md8_low    ; 15.000 ; 15.000 ; Fall       ; md8_low         ;
; di04            ; md8_low    ; 15.000 ; 15.000 ; Fall       ; md8_low         ;
; di05            ; md8_low    ; 15.000 ; 15.000 ; Fall       ; md8_low         ;
; di06            ; md8_low    ; 15.000 ; 15.000 ; Fall       ; md8_low         ;
; di07            ; md8_low    ; 15.000 ; 15.000 ; Fall       ; md8_low         ;
; di08            ; md8_low    ; 15.000 ; 15.000 ; Fall       ; md8_low         ;
; di09            ; md8_low    ; 15.000 ; 15.000 ; Fall       ; md8_low         ;
; di10            ; md8_low    ; 15.000 ; 15.000 ; Fall       ; md8_low         ;
; di11            ; md8_low    ; 15.000 ; 15.000 ; Fall       ; md8_low         ;
; internal_io_low ; md8_low    ; 15.000 ; 15.000 ; Fall       ; md8_low         ;
; interrupt_low   ; md8_low    ; 24.000 ; 24.000 ; Fall       ; md8_low         ;
; load_x          ; md8_low    ; 15.000 ; 15.000 ; Fall       ; md8_low         ;
; load_y          ; md8_low    ; 15.000 ; 15.000 ; Fall       ; md8_low         ;
; skip_low        ; md8_low    ; 15.000 ; 15.000 ; Fall       ; md8_low         ;
; b_dixy_low      ; md9_low    ; 15.000 ; 15.000 ; Rise       ; md9_low         ;
; c0_low          ; md9_low    ; 15.000 ; 15.000 ; Rise       ; md9_low         ;
; c1_low          ; md9_low    ; 15.000 ; 15.000 ; Rise       ; md9_low         ;
; chan_low        ; md9_low    ; 15.000 ; 15.000 ; Rise       ; md9_low         ;
; col_red_low     ; md9_low    ; 15.000 ; 15.000 ; Rise       ; md9_low         ;
; data00_low      ; md9_low    ; 15.000 ; 15.000 ; Rise       ; md9_low         ;
; data01_low      ; md9_low    ; 15.000 ; 15.000 ; Rise       ; md9_low         ;
; data02_low      ; md9_low    ; 15.000 ; 15.000 ; Rise       ; md9_low         ;
; data03_low      ; md9_low    ; 15.000 ; 15.000 ; Rise       ; md9_low         ;
; data06_low      ; md9_low    ; 15.000 ; 15.000 ; Rise       ; md9_low         ;
; data07_low      ; md9_low    ; 15.000 ; 15.000 ; Rise       ; md9_low         ;
; data08_low      ; md9_low    ; 15.000 ; 15.000 ; Rise       ; md9_low         ;
; data09_low      ; md9_low    ; 15.000 ; 15.000 ; Rise       ; md9_low         ;
; data10_low      ; md9_low    ; 15.000 ; 15.000 ; Rise       ; md9_low         ;
; data11_low      ; md9_low    ; 15.000 ; 15.000 ; Rise       ; md9_low         ;
; di02_l          ; md9_low    ; 15.000 ; 15.000 ; Rise       ; md9_low         ;
; di03            ; md9_low    ; 15.000 ; 15.000 ; Rise       ; md9_low         ;
; di04            ; md9_low    ; 15.000 ; 15.000 ; Rise       ; md9_low         ;
; di05            ; md9_low    ; 15.000 ; 15.000 ; Rise       ; md9_low         ;
; di06            ; md9_low    ; 15.000 ; 15.000 ; Rise       ; md9_low         ;
; di07            ; md9_low    ; 15.000 ; 15.000 ; Rise       ; md9_low         ;
; di08            ; md9_low    ; 15.000 ; 15.000 ; Rise       ; md9_low         ;
; di09            ; md9_low    ; 15.000 ; 15.000 ; Rise       ; md9_low         ;
; di10            ; md9_low    ; 15.000 ; 15.000 ; Rise       ; md9_low         ;
; di11            ; md9_low    ; 15.000 ; 15.000 ; Rise       ; md9_low         ;
; erase_low       ; md9_low    ; 15.000 ; 15.000 ; Rise       ; md9_low         ;
; interrupt_low   ; md9_low    ; 24.000 ; 24.000 ; Rise       ; md9_low         ;
; load_x          ; md9_low    ; 15.000 ; 15.000 ; Rise       ; md9_low         ;
; load_y          ; md9_low    ; 15.000 ; 15.000 ; Rise       ; md9_low         ;
; n_t_27x         ; md9_low    ; 24.000 ; 24.000 ; Rise       ; md9_low         ;
; non_store_low   ; md9_low    ; 15.000 ; 15.000 ; Rise       ; md9_low         ;
; skip_low        ; md9_low    ; 15.000 ; 15.000 ; Rise       ; md9_low         ;
; write_thru_low  ; md9_low    ; 15.000 ; 15.000 ; Rise       ; md9_low         ;
; b_dixy_low      ; md9_low    ; 15.000 ; 15.000 ; Fall       ; md9_low         ;
; c0_low          ; md9_low    ; 15.000 ; 15.000 ; Fall       ; md9_low         ;
; c1_low          ; md9_low    ; 15.000 ; 15.000 ; Fall       ; md9_low         ;
; data00_low      ; md9_low    ; 15.000 ; 15.000 ; Fall       ; md9_low         ;
; data01_low      ; md9_low    ; 15.000 ; 15.000 ; Fall       ; md9_low         ;
; data02_low      ; md9_low    ; 15.000 ; 15.000 ; Fall       ; md9_low         ;
; data03_low      ; md9_low    ; 15.000 ; 15.000 ; Fall       ; md9_low         ;
; data06_low      ; md9_low    ; 15.000 ; 15.000 ; Fall       ; md9_low         ;
; data07_low      ; md9_low    ; 15.000 ; 15.000 ; Fall       ; md9_low         ;
; data08_low      ; md9_low    ; 15.000 ; 15.000 ; Fall       ; md9_low         ;
; data09_low      ; md9_low    ; 15.000 ; 15.000 ; Fall       ; md9_low         ;
; data10_low      ; md9_low    ; 15.000 ; 15.000 ; Fall       ; md9_low         ;
; data11_low      ; md9_low    ; 15.000 ; 15.000 ; Fall       ; md9_low         ;
; di02_l          ; md9_low    ; 15.000 ; 15.000 ; Fall       ; md9_low         ;
; di03            ; md9_low    ; 15.000 ; 15.000 ; Fall       ; md9_low         ;
; di04            ; md9_low    ; 15.000 ; 15.000 ; Fall       ; md9_low         ;
; di05            ; md9_low    ; 15.000 ; 15.000 ; Fall       ; md9_low         ;
; di06            ; md9_low    ; 15.000 ; 15.000 ; Fall       ; md9_low         ;
; di07            ; md9_low    ; 15.000 ; 15.000 ; Fall       ; md9_low         ;
; di08            ; md9_low    ; 15.000 ; 15.000 ; Fall       ; md9_low         ;
; di09            ; md9_low    ; 15.000 ; 15.000 ; Fall       ; md9_low         ;
; di10            ; md9_low    ; 15.000 ; 15.000 ; Fall       ; md9_low         ;
; di11            ; md9_low    ; 15.000 ; 15.000 ; Fall       ; md9_low         ;
; interrupt_low   ; md9_low    ; 24.000 ; 24.000 ; Fall       ; md9_low         ;
; load_x          ; md9_low    ; 15.000 ; 15.000 ; Fall       ; md9_low         ;
; load_y          ; md9_low    ; 15.000 ; 15.000 ; Fall       ; md9_low         ;
; skip_low        ; md9_low    ; 15.000 ; 15.000 ; Fall       ; md9_low         ;
; b_dixy_low      ; pause_low  ; 15.000 ; 15.000 ; Rise       ; pause_low       ;
; c0_low          ; pause_low  ; 15.000 ; 15.000 ; Rise       ; pause_low       ;
; c1_low          ; pause_low  ; 15.000 ; 15.000 ; Rise       ; pause_low       ;
; chan_low        ; pause_low  ; 15.000 ; 15.000 ; Rise       ; pause_low       ;
; col_red_low     ; pause_low  ; 15.000 ; 15.000 ; Rise       ; pause_low       ;
; data00_low      ; pause_low  ; 15.000 ; 15.000 ; Rise       ; pause_low       ;
; data01_low      ; pause_low  ; 15.000 ; 15.000 ; Rise       ; pause_low       ;
; data02_low      ; pause_low  ; 15.000 ; 15.000 ; Rise       ; pause_low       ;
; data03_low      ; pause_low  ; 15.000 ; 15.000 ; Rise       ; pause_low       ;
; data06_low      ; pause_low  ; 15.000 ; 15.000 ; Rise       ; pause_low       ;
; data07_low      ; pause_low  ; 15.000 ; 15.000 ; Rise       ; pause_low       ;
; data08_low      ; pause_low  ; 15.000 ; 15.000 ; Rise       ; pause_low       ;
; data09_low      ; pause_low  ; 15.000 ; 15.000 ; Rise       ; pause_low       ;
; data10_low      ; pause_low  ; 15.000 ; 15.000 ; Rise       ; pause_low       ;
; data11_low      ; pause_low  ; 15.000 ; 15.000 ; Rise       ; pause_low       ;
; di02_l          ; pause_low  ; 15.000 ; 15.000 ; Rise       ; pause_low       ;
; di03            ; pause_low  ; 15.000 ; 15.000 ; Rise       ; pause_low       ;
; di04            ; pause_low  ; 15.000 ; 15.000 ; Rise       ; pause_low       ;
; di05            ; pause_low  ; 15.000 ; 15.000 ; Rise       ; pause_low       ;
; di06            ; pause_low  ; 15.000 ; 15.000 ; Rise       ; pause_low       ;
; di07            ; pause_low  ; 15.000 ; 15.000 ; Rise       ; pause_low       ;
; di08            ; pause_low  ; 15.000 ; 15.000 ; Rise       ; pause_low       ;
; di09            ; pause_low  ; 15.000 ; 15.000 ; Rise       ; pause_low       ;
; di10            ; pause_low  ; 15.000 ; 15.000 ; Rise       ; pause_low       ;
; di11            ; pause_low  ; 15.000 ; 15.000 ; Rise       ; pause_low       ;
; erase_low       ; pause_low  ; 15.000 ; 15.000 ; Rise       ; pause_low       ;
; internal_io_low ; pause_low  ; 15.000 ; 15.000 ; Rise       ; pause_low       ;
; interrupt_low   ; pause_low  ; 24.000 ; 24.000 ; Rise       ; pause_low       ;
; load_x          ; pause_low  ; 15.000 ; 15.000 ; Rise       ; pause_low       ;
; load_y          ; pause_low  ; 15.000 ; 15.000 ; Rise       ; pause_low       ;
; n_t_27x         ; pause_low  ; 24.000 ; 24.000 ; Rise       ; pause_low       ;
; non_store_low   ; pause_low  ; 15.000 ; 15.000 ; Rise       ; pause_low       ;
; skip_low        ; pause_low  ; 15.000 ; 15.000 ; Rise       ; pause_low       ;
; write_thru_low  ; pause_low  ; 15.000 ; 15.000 ; Rise       ; pause_low       ;
; b_dixy_low      ; pause_low  ; 15.000 ; 15.000 ; Fall       ; pause_low       ;
; c0_low          ; pause_low  ; 15.000 ; 15.000 ; Fall       ; pause_low       ;
; c1_low          ; pause_low  ; 15.000 ; 15.000 ; Fall       ; pause_low       ;
; data00_low      ; pause_low  ; 15.000 ; 15.000 ; Fall       ; pause_low       ;
; data01_low      ; pause_low  ; 15.000 ; 15.000 ; Fall       ; pause_low       ;
; data02_low      ; pause_low  ; 15.000 ; 15.000 ; Fall       ; pause_low       ;
; data03_low      ; pause_low  ; 15.000 ; 15.000 ; Fall       ; pause_low       ;
; data06_low      ; pause_low  ; 15.000 ; 15.000 ; Fall       ; pause_low       ;
; data07_low      ; pause_low  ; 15.000 ; 15.000 ; Fall       ; pause_low       ;
; data08_low      ; pause_low  ; 15.000 ; 15.000 ; Fall       ; pause_low       ;
; data09_low      ; pause_low  ; 15.000 ; 15.000 ; Fall       ; pause_low       ;
; data10_low      ; pause_low  ; 15.000 ; 15.000 ; Fall       ; pause_low       ;
; data11_low      ; pause_low  ; 15.000 ; 15.000 ; Fall       ; pause_low       ;
; di02_l          ; pause_low  ; 15.000 ; 15.000 ; Fall       ; pause_low       ;
; di03            ; pause_low  ; 15.000 ; 15.000 ; Fall       ; pause_low       ;
; di04            ; pause_low  ; 15.000 ; 15.000 ; Fall       ; pause_low       ;
; di05            ; pause_low  ; 15.000 ; 15.000 ; Fall       ; pause_low       ;
; di06            ; pause_low  ; 15.000 ; 15.000 ; Fall       ; pause_low       ;
; di07            ; pause_low  ; 15.000 ; 15.000 ; Fall       ; pause_low       ;
; di08            ; pause_low  ; 15.000 ; 15.000 ; Fall       ; pause_low       ;
; di09            ; pause_low  ; 15.000 ; 15.000 ; Fall       ; pause_low       ;
; di10            ; pause_low  ; 15.000 ; 15.000 ; Fall       ; pause_low       ;
; di11            ; pause_low  ; 15.000 ; 15.000 ; Fall       ; pause_low       ;
; internal_io_low ; pause_low  ; 15.000 ; 15.000 ; Fall       ; pause_low       ;
; interrupt_low   ; pause_low  ; 24.000 ; 24.000 ; Fall       ; pause_low       ;
; load_x          ; pause_low  ; 15.000 ; 15.000 ; Fall       ; pause_low       ;
; load_y          ; pause_low  ; 15.000 ; 15.000 ; Fall       ; pause_low       ;
; skip_low        ; pause_low  ; 15.000 ; 15.000 ; Fall       ; pause_low       ;
; b_dixy_low      ; tp3        ; 15.000 ; 15.000 ; Rise       ; tp3             ;
; chan_low        ; tp3        ; 15.000 ; 15.000 ; Rise       ; tp3             ;
; col_red_low     ; tp3        ; 15.000 ; 15.000 ; Rise       ; tp3             ;
; data06_low      ; tp3        ; 24.000 ; 24.000 ; Rise       ; tp3             ;
; data07_low      ; tp3        ; 24.000 ; 24.000 ; Rise       ; tp3             ;
; data09_low      ; tp3        ; 24.000 ; 24.000 ; Rise       ; tp3             ;
; data10_low      ; tp3        ; 24.000 ; 24.000 ; Rise       ; tp3             ;
; data11_low      ; tp3        ; 24.000 ; 24.000 ; Rise       ; tp3             ;
; erase_low       ; tp3        ; 15.000 ; 15.000 ; Rise       ; tp3             ;
; interrupt_low   ; tp3        ; 24.000 ; 24.000 ; Rise       ; tp3             ;
; load_x          ; tp3        ; 15.000 ; 15.000 ; Rise       ; tp3             ;
; load_y          ; tp3        ; 15.000 ; 15.000 ; Rise       ; tp3             ;
; n_t_27x         ; tp3        ; 24.000 ; 24.000 ; Rise       ; tp3             ;
; non_store_low   ; tp3        ; 15.000 ; 15.000 ; Rise       ; tp3             ;
; write_thru_low  ; tp3        ; 15.000 ; 15.000 ; Rise       ; tp3             ;
; b_dixy_low      ; tp3        ; 15.000 ; 15.000 ; Fall       ; tp3             ;
; load_x          ; tp3        ; 15.000 ; 15.000 ; Fall       ; tp3             ;
; load_y          ; tp3        ; 15.000 ; 15.000 ; Fall       ; tp3             ;
+-----------------+------------+--------+--------+------------+-----------------+


+--------------------------------------------------------+
; Propagation Delay                                      ;
+------------+---------------+----+--------+--------+----+
; Input Port ; Output Port   ; RR ; RF     ; FR     ; FF ;
+------------+---------------+----+--------+--------+----+
; d00_l      ; data00_low    ;    ; 15.000 ; 15.000 ;    ;
; d01_l      ; data01_low    ;    ; 15.000 ; 15.000 ;    ;
; d02_l      ; data02_low    ;    ; 15.000 ; 15.000 ;    ;
; d03_l      ; data03_low    ;    ; 15.000 ; 15.000 ;    ;
; d08_l      ; data08_low    ;    ; 15.000 ; 15.000 ;    ;
; d09_l      ; data09_low    ;    ; 15.000 ; 15.000 ;    ;
; d10_l      ; data10_low    ;    ; 15.000 ; 15.000 ;    ;
; d11_l      ; data11_low    ;    ; 15.000 ; 15.000 ;    ;
; data02_low ; di02_l        ;    ; 15.000 ; 15.000 ;    ;
; data03_low ; di03          ;    ; 15.000 ; 15.000 ;    ;
; data04_low ; di04          ;    ; 15.000 ; 15.000 ;    ;
; data05_low ; di05          ;    ; 15.000 ; 15.000 ;    ;
; data06_low ; di06          ;    ; 15.000 ; 15.000 ;    ;
; data07_low ; di07          ;    ; 15.000 ; 15.000 ;    ;
; data08_low ; di08          ;    ; 15.000 ; 15.000 ;    ;
; data09_low ; di09          ;    ; 15.000 ; 15.000 ;    ;
; data10_low ; di10          ;    ; 15.000 ; 15.000 ;    ;
; data11_low ; di11          ;    ; 15.000 ; 15.000 ;    ;
; initialize ; interrupt_low ;    ; 40.000 ; 40.000 ;    ;
+------------+---------------+----+--------+--------+----+


+--------------------------------------------------------+
; Minimum Propagation Delay                              ;
+------------+---------------+----+--------+--------+----+
; Input Port ; Output Port   ; RR ; RF     ; FR     ; FF ;
+------------+---------------+----+--------+--------+----+
; d00_l      ; data00_low    ;    ; 15.000 ; 15.000 ;    ;
; d01_l      ; data01_low    ;    ; 15.000 ; 15.000 ;    ;
; d02_l      ; data02_low    ;    ; 15.000 ; 15.000 ;    ;
; d03_l      ; data03_low    ;    ; 15.000 ; 15.000 ;    ;
; d08_l      ; data08_low    ;    ; 15.000 ; 15.000 ;    ;
; d09_l      ; data09_low    ;    ; 15.000 ; 15.000 ;    ;
; d10_l      ; data10_low    ;    ; 15.000 ; 15.000 ;    ;
; d11_l      ; data11_low    ;    ; 15.000 ; 15.000 ;    ;
; data02_low ; di02_l        ;    ; 15.000 ; 15.000 ;    ;
; data03_low ; di03          ;    ; 15.000 ; 15.000 ;    ;
; data04_low ; di04          ;    ; 15.000 ; 15.000 ;    ;
; data05_low ; di05          ;    ; 15.000 ; 15.000 ;    ;
; data06_low ; di06          ;    ; 15.000 ; 15.000 ;    ;
; data07_low ; di07          ;    ; 15.000 ; 15.000 ;    ;
; data08_low ; di08          ;    ; 15.000 ; 15.000 ;    ;
; data09_low ; di09          ;    ; 15.000 ; 15.000 ;    ;
; data10_low ; di10          ;    ; 15.000 ; 15.000 ;    ;
; data11_low ; di11          ;    ; 15.000 ; 15.000 ;    ;
; initialize ; interrupt_low ;    ; 24.000 ; 24.000 ;    ;
+------------+---------------+----+--------+--------+----+


+--------------------------------------------------------------------+
; Setup Transfers                                                    ;
+------------+-----------+----------+----------+----------+----------+
; From Clock ; To Clock  ; RR Paths ; FR Paths ; RF Paths ; FF Paths ;
+------------+-----------+----------+----------+----------+----------+
; clock      ; clock     ; 1        ; 0        ; 0        ; 0        ;
; dk01       ; clock     ; 1        ; 1        ; 0        ; 0        ;
; dk01       ; dk01      ; 1        ; 0        ; 0        ; 0        ;
; dk02       ; dk01      ; 1        ; 1        ; 0        ; 0        ;
; dk02       ; dk02      ; 1        ; 0        ; 0        ; 0        ;
; dk03       ; dk02      ; 1        ; 1        ; 0        ; 0        ;
; dk03       ; dk03      ; 2        ; 2        ; 2        ; 2        ;
; dk05       ; dk03      ; 2        ; 2        ; 2        ; 2        ;
; dk05       ; dk05      ; 1        ; 0        ; 0        ; 0        ;
; dk06       ; dk05      ; 1        ; 1        ; 0        ; 0        ;
; dk06       ; dk06      ; 1        ; 0        ; 0        ; 0        ;
; dk07       ; dk06      ; 1        ; 1        ; 0        ; 0        ;
; dk07       ; dk07      ; 1        ; 0        ; 0        ; 0        ;
; dk08       ; dk07      ; 1        ; 1        ; 0        ; 0        ;
; dk08       ; dk08      ; 1        ; 0        ; 0        ; 0        ;
; dk09       ; dk08      ; 1        ; 1        ; 0        ; 0        ;
; dk09       ; dk09      ; 1        ; 0        ; 0        ; 0        ;
; dk10       ; dk09      ; 1        ; 1        ; 0        ; 0        ;
; dk10       ; dk10      ; 1        ; 0        ; 0        ; 0        ;
; dk11       ; dk10      ; 1        ; 1        ; 0        ; 0        ;
; dk11       ; dk11      ; 1        ; 0        ; 0        ; 0        ;
; dk12       ; dk11      ; 1        ; 1        ; 0        ; 0        ;
; dk12       ; dk12      ; 1        ; 0        ; 0        ; 0        ;
; dk13       ; dk12      ; 1        ; 1        ; 0        ; 0        ;
; dk13       ; dk13      ; 1        ; 0        ; 0        ; 0        ;
; dk14       ; dk13      ; 1        ; 1        ; 0        ; 0        ;
; dk14       ; dk14      ; 1        ; 0        ; 0        ; 0        ;
; md3_low    ; md3_low   ; 12       ; 12       ; 0        ; 0        ;
; md4_low    ; md3_low   ; 12       ; 12       ; 0        ; 0        ;
; md5_low    ; md3_low   ; 12       ; 12       ; 0        ; 0        ;
; md6_low    ; md3_low   ; 12       ; 12       ; 0        ; 0        ;
; md7_low    ; md3_low   ; 12       ; 12       ; 0        ; 0        ;
; md8_low    ; md3_low   ; 12       ; 12       ; 0        ; 0        ;
; md9_low    ; md3_low   ; 12       ; 12       ; 0        ; 0        ;
; md10_low   ; md3_low   ; 6        ; 6        ; 0        ; 0        ;
; md11_low   ; md3_low   ; 12       ; 12       ; 0        ; 0        ;
; pause_low  ; md3_low   ; 12       ; 12       ; 0        ; 0        ;
; md3_low    ; md4_low   ; 12       ; 12       ; 0        ; 0        ;
; md4_low    ; md4_low   ; 12       ; 12       ; 0        ; 0        ;
; md5_low    ; md4_low   ; 12       ; 12       ; 0        ; 0        ;
; md6_low    ; md4_low   ; 12       ; 12       ; 0        ; 0        ;
; md7_low    ; md4_low   ; 12       ; 12       ; 0        ; 0        ;
; md8_low    ; md4_low   ; 12       ; 12       ; 0        ; 0        ;
; md9_low    ; md4_low   ; 12       ; 12       ; 0        ; 0        ;
; md10_low   ; md4_low   ; 6        ; 6        ; 0        ; 0        ;
; md11_low   ; md4_low   ; 12       ; 12       ; 0        ; 0        ;
; pause_low  ; md4_low   ; 12       ; 12       ; 0        ; 0        ;
; md3_low    ; md5_low   ; 12       ; 12       ; 0        ; 0        ;
; md4_low    ; md5_low   ; 12       ; 12       ; 0        ; 0        ;
; md5_low    ; md5_low   ; 12       ; 12       ; 0        ; 0        ;
; md6_low    ; md5_low   ; 12       ; 12       ; 0        ; 0        ;
; md7_low    ; md5_low   ; 12       ; 12       ; 0        ; 0        ;
; md8_low    ; md5_low   ; 12       ; 12       ; 0        ; 0        ;
; md9_low    ; md5_low   ; 12       ; 12       ; 0        ; 0        ;
; md10_low   ; md5_low   ; 6        ; 6        ; 0        ; 0        ;
; md11_low   ; md5_low   ; 12       ; 12       ; 0        ; 0        ;
; pause_low  ; md5_low   ; 12       ; 12       ; 0        ; 0        ;
; md3_low    ; md6_low   ; 12       ; 12       ; 0        ; 0        ;
; md4_low    ; md6_low   ; 12       ; 12       ; 0        ; 0        ;
; md5_low    ; md6_low   ; 12       ; 12       ; 0        ; 0        ;
; md6_low    ; md6_low   ; 12       ; 12       ; 0        ; 0        ;
; md7_low    ; md6_low   ; 12       ; 12       ; 0        ; 0        ;
; md8_low    ; md6_low   ; 12       ; 12       ; 0        ; 0        ;
; md9_low    ; md6_low   ; 12       ; 12       ; 0        ; 0        ;
; md10_low   ; md6_low   ; 6        ; 6        ; 0        ; 0        ;
; md11_low   ; md6_low   ; 12       ; 12       ; 0        ; 0        ;
; pause_low  ; md6_low   ; 12       ; 12       ; 0        ; 0        ;
; md3_low    ; md7_low   ; 12       ; 12       ; 0        ; 0        ;
; md4_low    ; md7_low   ; 12       ; 12       ; 0        ; 0        ;
; md5_low    ; md7_low   ; 12       ; 12       ; 0        ; 0        ;
; md6_low    ; md7_low   ; 12       ; 12       ; 0        ; 0        ;
; md7_low    ; md7_low   ; 12       ; 12       ; 0        ; 0        ;
; md8_low    ; md7_low   ; 12       ; 12       ; 0        ; 0        ;
; md9_low    ; md7_low   ; 12       ; 12       ; 0        ; 0        ;
; md10_low   ; md7_low   ; 6        ; 6        ; 0        ; 0        ;
; md11_low   ; md7_low   ; 12       ; 12       ; 0        ; 0        ;
; pause_low  ; md7_low   ; 12       ; 12       ; 0        ; 0        ;
; md3_low    ; md8_low   ; 12       ; 12       ; 0        ; 0        ;
; md4_low    ; md8_low   ; 12       ; 12       ; 0        ; 0        ;
; md5_low    ; md8_low   ; 12       ; 12       ; 0        ; 0        ;
; md6_low    ; md8_low   ; 12       ; 12       ; 0        ; 0        ;
; md7_low    ; md8_low   ; 12       ; 12       ; 0        ; 0        ;
; md8_low    ; md8_low   ; 12       ; 12       ; 0        ; 0        ;
; md9_low    ; md8_low   ; 12       ; 12       ; 0        ; 0        ;
; md10_low   ; md8_low   ; 6        ; 6        ; 0        ; 0        ;
; md11_low   ; md8_low   ; 12       ; 12       ; 0        ; 0        ;
; pause_low  ; md8_low   ; 12       ; 12       ; 0        ; 0        ;
; md3_low    ; md9_low   ; 12       ; 12       ; 0        ; 0        ;
; md4_low    ; md9_low   ; 12       ; 12       ; 0        ; 0        ;
; md5_low    ; md9_low   ; 12       ; 12       ; 0        ; 0        ;
; md6_low    ; md9_low   ; 12       ; 12       ; 0        ; 0        ;
; md7_low    ; md9_low   ; 12       ; 12       ; 0        ; 0        ;
; md8_low    ; md9_low   ; 12       ; 12       ; 0        ; 0        ;
; md9_low    ; md9_low   ; 12       ; 12       ; 0        ; 0        ;
; md10_low   ; md9_low   ; 6        ; 6        ; 0        ; 0        ;
; md11_low   ; md9_low   ; 12       ; 12       ; 0        ; 0        ;
; pause_low  ; md9_low   ; 12       ; 12       ; 0        ; 0        ;
; md3_low    ; md10_low  ; 12       ; 12       ; 0        ; 0        ;
; md4_low    ; md10_low  ; 12       ; 12       ; 0        ; 0        ;
; md5_low    ; md10_low  ; 12       ; 12       ; 0        ; 0        ;
; md6_low    ; md10_low  ; 12       ; 12       ; 0        ; 0        ;
; md7_low    ; md10_low  ; 12       ; 12       ; 0        ; 0        ;
; md8_low    ; md10_low  ; 12       ; 12       ; 0        ; 0        ;
; md9_low    ; md10_low  ; 12       ; 12       ; 0        ; 0        ;
; md10_low   ; md10_low  ; 6        ; 6        ; 0        ; 0        ;
; md11_low   ; md10_low  ; 12       ; 12       ; 0        ; 0        ;
; pause_low  ; md10_low  ; 12       ; 12       ; 0        ; 0        ;
; md3_low    ; md11_low  ; 12       ; 12       ; 0        ; 0        ;
; md4_low    ; md11_low  ; 12       ; 12       ; 0        ; 0        ;
; md5_low    ; md11_low  ; 12       ; 12       ; 0        ; 0        ;
; md6_low    ; md11_low  ; 12       ; 12       ; 0        ; 0        ;
; md7_low    ; md11_low  ; 12       ; 12       ; 0        ; 0        ;
; md8_low    ; md11_low  ; 12       ; 12       ; 0        ; 0        ;
; md9_low    ; md11_low  ; 12       ; 12       ; 0        ; 0        ;
; md10_low   ; md11_low  ; 6        ; 6        ; 0        ; 0        ;
; md11_low   ; md11_low  ; 12       ; 12       ; 0        ; 0        ;
; pause_low  ; md11_low  ; 12       ; 12       ; 0        ; 0        ;
; md3_low    ; pause_low ; 12       ; 12       ; 0        ; 0        ;
; md4_low    ; pause_low ; 12       ; 12       ; 0        ; 0        ;
; md5_low    ; pause_low ; 12       ; 12       ; 0        ; 0        ;
; md6_low    ; pause_low ; 12       ; 12       ; 0        ; 0        ;
; md7_low    ; pause_low ; 12       ; 12       ; 0        ; 0        ;
; md8_low    ; pause_low ; 12       ; 12       ; 0        ; 0        ;
; md9_low    ; pause_low ; 12       ; 12       ; 0        ; 0        ;
; md10_low   ; pause_low ; 6        ; 6        ; 0        ; 0        ;
; md11_low   ; pause_low ; 12       ; 12       ; 0        ; 0        ;
; pause_low  ; pause_low ; 12       ; 12       ; 0        ; 0        ;
; md3_low    ; tp3       ; 12       ; 12       ; 0        ; 0        ;
; md4_low    ; tp3       ; 12       ; 12       ; 0        ; 0        ;
; md5_low    ; tp3       ; 12       ; 12       ; 0        ; 0        ;
; md6_low    ; tp3       ; 12       ; 12       ; 0        ; 0        ;
; md7_low    ; tp3       ; 12       ; 12       ; 0        ; 0        ;
; md8_low    ; tp3       ; 12       ; 12       ; 0        ; 0        ;
; md9_low    ; tp3       ; 12       ; 12       ; 0        ; 0        ;
; md10_low   ; tp3       ; 6        ; 6        ; 0        ; 0        ;
; md11_low   ; tp3       ; 12       ; 12       ; 0        ; 0        ;
; pause_low  ; tp3       ; 12       ; 12       ; 0        ; 0        ;
+------------+-----------+----------+----------+----------+----------+
Entries labeled "false path" only account for clock-to-clock false paths and not path-based false paths. As a result, actual path counts may be lower than reported.


+--------------------------------------------------------------------+
; Hold Transfers                                                     ;
+------------+-----------+----------+----------+----------+----------+
; From Clock ; To Clock  ; RR Paths ; FR Paths ; RF Paths ; FF Paths ;
+------------+-----------+----------+----------+----------+----------+
; clock      ; clock     ; 1        ; 0        ; 0        ; 0        ;
; dk01       ; clock     ; 1        ; 1        ; 0        ; 0        ;
; dk01       ; dk01      ; 1        ; 0        ; 0        ; 0        ;
; dk02       ; dk01      ; 1        ; 1        ; 0        ; 0        ;
; dk02       ; dk02      ; 1        ; 0        ; 0        ; 0        ;
; dk03       ; dk02      ; 1        ; 1        ; 0        ; 0        ;
; dk03       ; dk03      ; 2        ; 2        ; 2        ; 2        ;
; dk05       ; dk03      ; 2        ; 2        ; 2        ; 2        ;
; dk05       ; dk05      ; 1        ; 0        ; 0        ; 0        ;
; dk06       ; dk05      ; 1        ; 1        ; 0        ; 0        ;
; dk06       ; dk06      ; 1        ; 0        ; 0        ; 0        ;
; dk07       ; dk06      ; 1        ; 1        ; 0        ; 0        ;
; dk07       ; dk07      ; 1        ; 0        ; 0        ; 0        ;
; dk08       ; dk07      ; 1        ; 1        ; 0        ; 0        ;
; dk08       ; dk08      ; 1        ; 0        ; 0        ; 0        ;
; dk09       ; dk08      ; 1        ; 1        ; 0        ; 0        ;
; dk09       ; dk09      ; 1        ; 0        ; 0        ; 0        ;
; dk10       ; dk09      ; 1        ; 1        ; 0        ; 0        ;
; dk10       ; dk10      ; 1        ; 0        ; 0        ; 0        ;
; dk11       ; dk10      ; 1        ; 1        ; 0        ; 0        ;
; dk11       ; dk11      ; 1        ; 0        ; 0        ; 0        ;
; dk12       ; dk11      ; 1        ; 1        ; 0        ; 0        ;
; dk12       ; dk12      ; 1        ; 0        ; 0        ; 0        ;
; dk13       ; dk12      ; 1        ; 1        ; 0        ; 0        ;
; dk13       ; dk13      ; 1        ; 0        ; 0        ; 0        ;
; dk14       ; dk13      ; 1        ; 1        ; 0        ; 0        ;
; dk14       ; dk14      ; 1        ; 0        ; 0        ; 0        ;
; md3_low    ; md3_low   ; 12       ; 12       ; 0        ; 0        ;
; md4_low    ; md3_low   ; 12       ; 12       ; 0        ; 0        ;
; md5_low    ; md3_low   ; 12       ; 12       ; 0        ; 0        ;
; md6_low    ; md3_low   ; 12       ; 12       ; 0        ; 0        ;
; md7_low    ; md3_low   ; 12       ; 12       ; 0        ; 0        ;
; md8_low    ; md3_low   ; 12       ; 12       ; 0        ; 0        ;
; md9_low    ; md3_low   ; 12       ; 12       ; 0        ; 0        ;
; md10_low   ; md3_low   ; 6        ; 6        ; 0        ; 0        ;
; md11_low   ; md3_low   ; 12       ; 12       ; 0        ; 0        ;
; pause_low  ; md3_low   ; 12       ; 12       ; 0        ; 0        ;
; md3_low    ; md4_low   ; 12       ; 12       ; 0        ; 0        ;
; md4_low    ; md4_low   ; 12       ; 12       ; 0        ; 0        ;
; md5_low    ; md4_low   ; 12       ; 12       ; 0        ; 0        ;
; md6_low    ; md4_low   ; 12       ; 12       ; 0        ; 0        ;
; md7_low    ; md4_low   ; 12       ; 12       ; 0        ; 0        ;
; md8_low    ; md4_low   ; 12       ; 12       ; 0        ; 0        ;
; md9_low    ; md4_low   ; 12       ; 12       ; 0        ; 0        ;
; md10_low   ; md4_low   ; 6        ; 6        ; 0        ; 0        ;
; md11_low   ; md4_low   ; 12       ; 12       ; 0        ; 0        ;
; pause_low  ; md4_low   ; 12       ; 12       ; 0        ; 0        ;
; md3_low    ; md5_low   ; 12       ; 12       ; 0        ; 0        ;
; md4_low    ; md5_low   ; 12       ; 12       ; 0        ; 0        ;
; md5_low    ; md5_low   ; 12       ; 12       ; 0        ; 0        ;
; md6_low    ; md5_low   ; 12       ; 12       ; 0        ; 0        ;
; md7_low    ; md5_low   ; 12       ; 12       ; 0        ; 0        ;
; md8_low    ; md5_low   ; 12       ; 12       ; 0        ; 0        ;
; md9_low    ; md5_low   ; 12       ; 12       ; 0        ; 0        ;
; md10_low   ; md5_low   ; 6        ; 6        ; 0        ; 0        ;
; md11_low   ; md5_low   ; 12       ; 12       ; 0        ; 0        ;
; pause_low  ; md5_low   ; 12       ; 12       ; 0        ; 0        ;
; md3_low    ; md6_low   ; 12       ; 12       ; 0        ; 0        ;
; md4_low    ; md6_low   ; 12       ; 12       ; 0        ; 0        ;
; md5_low    ; md6_low   ; 12       ; 12       ; 0        ; 0        ;
; md6_low    ; md6_low   ; 12       ; 12       ; 0        ; 0        ;
; md7_low    ; md6_low   ; 12       ; 12       ; 0        ; 0        ;
; md8_low    ; md6_low   ; 12       ; 12       ; 0        ; 0        ;
; md9_low    ; md6_low   ; 12       ; 12       ; 0        ; 0        ;
; md10_low   ; md6_low   ; 6        ; 6        ; 0        ; 0        ;
; md11_low   ; md6_low   ; 12       ; 12       ; 0        ; 0        ;
; pause_low  ; md6_low   ; 12       ; 12       ; 0        ; 0        ;
; md3_low    ; md7_low   ; 12       ; 12       ; 0        ; 0        ;
; md4_low    ; md7_low   ; 12       ; 12       ; 0        ; 0        ;
; md5_low    ; md7_low   ; 12       ; 12       ; 0        ; 0        ;
; md6_low    ; md7_low   ; 12       ; 12       ; 0        ; 0        ;
; md7_low    ; md7_low   ; 12       ; 12       ; 0        ; 0        ;
; md8_low    ; md7_low   ; 12       ; 12       ; 0        ; 0        ;
; md9_low    ; md7_low   ; 12       ; 12       ; 0        ; 0        ;
; md10_low   ; md7_low   ; 6        ; 6        ; 0        ; 0        ;
; md11_low   ; md7_low   ; 12       ; 12       ; 0        ; 0        ;
; pause_low  ; md7_low   ; 12       ; 12       ; 0        ; 0        ;
; md3_low    ; md8_low   ; 12       ; 12       ; 0        ; 0        ;
; md4_low    ; md8_low   ; 12       ; 12       ; 0        ; 0        ;
; md5_low    ; md8_low   ; 12       ; 12       ; 0        ; 0        ;
; md6_low    ; md8_low   ; 12       ; 12       ; 0        ; 0        ;
; md7_low    ; md8_low   ; 12       ; 12       ; 0        ; 0        ;
; md8_low    ; md8_low   ; 12       ; 12       ; 0        ; 0        ;
; md9_low    ; md8_low   ; 12       ; 12       ; 0        ; 0        ;
; md10_low   ; md8_low   ; 6        ; 6        ; 0        ; 0        ;
; md11_low   ; md8_low   ; 12       ; 12       ; 0        ; 0        ;
; pause_low  ; md8_low   ; 12       ; 12       ; 0        ; 0        ;
; md3_low    ; md9_low   ; 12       ; 12       ; 0        ; 0        ;
; md4_low    ; md9_low   ; 12       ; 12       ; 0        ; 0        ;
; md5_low    ; md9_low   ; 12       ; 12       ; 0        ; 0        ;
; md6_low    ; md9_low   ; 12       ; 12       ; 0        ; 0        ;
; md7_low    ; md9_low   ; 12       ; 12       ; 0        ; 0        ;
; md8_low    ; md9_low   ; 12       ; 12       ; 0        ; 0        ;
; md9_low    ; md9_low   ; 12       ; 12       ; 0        ; 0        ;
; md10_low   ; md9_low   ; 6        ; 6        ; 0        ; 0        ;
; md11_low   ; md9_low   ; 12       ; 12       ; 0        ; 0        ;
; pause_low  ; md9_low   ; 12       ; 12       ; 0        ; 0        ;
; md3_low    ; md10_low  ; 12       ; 12       ; 0        ; 0        ;
; md4_low    ; md10_low  ; 12       ; 12       ; 0        ; 0        ;
; md5_low    ; md10_low  ; 12       ; 12       ; 0        ; 0        ;
; md6_low    ; md10_low  ; 12       ; 12       ; 0        ; 0        ;
; md7_low    ; md10_low  ; 12       ; 12       ; 0        ; 0        ;
; md8_low    ; md10_low  ; 12       ; 12       ; 0        ; 0        ;
; md9_low    ; md10_low  ; 12       ; 12       ; 0        ; 0        ;
; md10_low   ; md10_low  ; 6        ; 6        ; 0        ; 0        ;
; md11_low   ; md10_low  ; 12       ; 12       ; 0        ; 0        ;
; pause_low  ; md10_low  ; 12       ; 12       ; 0        ; 0        ;
; md3_low    ; md11_low  ; 12       ; 12       ; 0        ; 0        ;
; md4_low    ; md11_low  ; 12       ; 12       ; 0        ; 0        ;
; md5_low    ; md11_low  ; 12       ; 12       ; 0        ; 0        ;
; md6_low    ; md11_low  ; 12       ; 12       ; 0        ; 0        ;
; md7_low    ; md11_low  ; 12       ; 12       ; 0        ; 0        ;
; md8_low    ; md11_low  ; 12       ; 12       ; 0        ; 0        ;
; md9_low    ; md11_low  ; 12       ; 12       ; 0        ; 0        ;
; md10_low   ; md11_low  ; 6        ; 6        ; 0        ; 0        ;
; md11_low   ; md11_low  ; 12       ; 12       ; 0        ; 0        ;
; pause_low  ; md11_low  ; 12       ; 12       ; 0        ; 0        ;
; md3_low    ; pause_low ; 12       ; 12       ; 0        ; 0        ;
; md4_low    ; pause_low ; 12       ; 12       ; 0        ; 0        ;
; md5_low    ; pause_low ; 12       ; 12       ; 0        ; 0        ;
; md6_low    ; pause_low ; 12       ; 12       ; 0        ; 0        ;
; md7_low    ; pause_low ; 12       ; 12       ; 0        ; 0        ;
; md8_low    ; pause_low ; 12       ; 12       ; 0        ; 0        ;
; md9_low    ; pause_low ; 12       ; 12       ; 0        ; 0        ;
; md10_low   ; pause_low ; 6        ; 6        ; 0        ; 0        ;
; md11_low   ; pause_low ; 12       ; 12       ; 0        ; 0        ;
; pause_low  ; pause_low ; 12       ; 12       ; 0        ; 0        ;
; md3_low    ; tp3       ; 12       ; 12       ; 0        ; 0        ;
; md4_low    ; tp3       ; 12       ; 12       ; 0        ; 0        ;
; md5_low    ; tp3       ; 12       ; 12       ; 0        ; 0        ;
; md6_low    ; tp3       ; 12       ; 12       ; 0        ; 0        ;
; md7_low    ; tp3       ; 12       ; 12       ; 0        ; 0        ;
; md8_low    ; tp3       ; 12       ; 12       ; 0        ; 0        ;
; md9_low    ; tp3       ; 12       ; 12       ; 0        ; 0        ;
; md10_low   ; tp3       ; 6        ; 6        ; 0        ; 0        ;
; md11_low   ; tp3       ; 12       ; 12       ; 0        ; 0        ;
; pause_low  ; tp3       ; 12       ; 12       ; 0        ; 0        ;
+------------+-----------+----------+----------+----------+----------+
Entries labeled "false path" only account for clock-to-clock false paths and not path-based false paths. As a result, actual path counts may be lower than reported.


+--------------------------------------------------------------------+
; Recovery Transfers                                                 ;
+------------+-----------+----------+----------+----------+----------+
; From Clock ; To Clock  ; RR Paths ; FR Paths ; RF Paths ; FF Paths ;
+------------+-----------+----------+----------+----------+----------+
; clock      ; clock     ; 1        ; 1        ; 0        ; 0        ;
; dk03       ; clock     ; 1        ; 1        ; 0        ; 0        ;
; clock      ; dk01      ; 1        ; 1        ; 0        ; 0        ;
; dk03       ; dk01      ; 1        ; 1        ; 0        ; 0        ;
; clock      ; dk02      ; 1        ; 1        ; 0        ; 0        ;
; dk03       ; dk02      ; 1        ; 1        ; 0        ; 0        ;
; md3_low    ; md3_low   ; 6        ; 6        ; 0        ; 0        ;
; md4_low    ; md3_low   ; 6        ; 6        ; 0        ; 0        ;
; md5_low    ; md3_low   ; 6        ; 6        ; 0        ; 0        ;
; md6_low    ; md3_low   ; 6        ; 6        ; 0        ; 0        ;
; md7_low    ; md3_low   ; 6        ; 6        ; 0        ; 0        ;
; md8_low    ; md3_low   ; 6        ; 6        ; 0        ; 0        ;
; md9_low    ; md3_low   ; 6        ; 6        ; 0        ; 0        ;
; md10_low   ; md3_low   ; 6        ; 6        ; 0        ; 0        ;
; md11_low   ; md3_low   ; 6        ; 6        ; 0        ; 0        ;
; pause_low  ; md3_low   ; 6        ; 6        ; 0        ; 0        ;
; tp3        ; md3_low   ; 6        ; 6        ; 0        ; 0        ;
; md3_low    ; md4_low   ; 6        ; 6        ; 0        ; 0        ;
; md4_low    ; md4_low   ; 6        ; 6        ; 0        ; 0        ;
; md5_low    ; md4_low   ; 6        ; 6        ; 0        ; 0        ;
; md6_low    ; md4_low   ; 6        ; 6        ; 0        ; 0        ;
; md7_low    ; md4_low   ; 6        ; 6        ; 0        ; 0        ;
; md8_low    ; md4_low   ; 6        ; 6        ; 0        ; 0        ;
; md9_low    ; md4_low   ; 6        ; 6        ; 0        ; 0        ;
; md10_low   ; md4_low   ; 6        ; 6        ; 0        ; 0        ;
; md11_low   ; md4_low   ; 6        ; 6        ; 0        ; 0        ;
; pause_low  ; md4_low   ; 6        ; 6        ; 0        ; 0        ;
; tp3        ; md4_low   ; 6        ; 6        ; 0        ; 0        ;
; md3_low    ; md5_low   ; 6        ; 6        ; 0        ; 0        ;
; md4_low    ; md5_low   ; 6        ; 6        ; 0        ; 0        ;
; md5_low    ; md5_low   ; 6        ; 6        ; 0        ; 0        ;
; md6_low    ; md5_low   ; 6        ; 6        ; 0        ; 0        ;
; md7_low    ; md5_low   ; 6        ; 6        ; 0        ; 0        ;
; md8_low    ; md5_low   ; 6        ; 6        ; 0        ; 0        ;
; md9_low    ; md5_low   ; 6        ; 6        ; 0        ; 0        ;
; md10_low   ; md5_low   ; 6        ; 6        ; 0        ; 0        ;
; md11_low   ; md5_low   ; 6        ; 6        ; 0        ; 0        ;
; pause_low  ; md5_low   ; 6        ; 6        ; 0        ; 0        ;
; tp3        ; md5_low   ; 6        ; 6        ; 0        ; 0        ;
; md3_low    ; md6_low   ; 6        ; 6        ; 0        ; 0        ;
; md4_low    ; md6_low   ; 6        ; 6        ; 0        ; 0        ;
; md5_low    ; md6_low   ; 6        ; 6        ; 0        ; 0        ;
; md6_low    ; md6_low   ; 6        ; 6        ; 0        ; 0        ;
; md7_low    ; md6_low   ; 6        ; 6        ; 0        ; 0        ;
; md8_low    ; md6_low   ; 6        ; 6        ; 0        ; 0        ;
; md9_low    ; md6_low   ; 6        ; 6        ; 0        ; 0        ;
; md10_low   ; md6_low   ; 6        ; 6        ; 0        ; 0        ;
; md11_low   ; md6_low   ; 6        ; 6        ; 0        ; 0        ;
; pause_low  ; md6_low   ; 6        ; 6        ; 0        ; 0        ;
; tp3        ; md6_low   ; 6        ; 6        ; 0        ; 0        ;
; md3_low    ; md7_low   ; 6        ; 6        ; 0        ; 0        ;
; md4_low    ; md7_low   ; 6        ; 6        ; 0        ; 0        ;
; md5_low    ; md7_low   ; 6        ; 6        ; 0        ; 0        ;
; md6_low    ; md7_low   ; 6        ; 6        ; 0        ; 0        ;
; md7_low    ; md7_low   ; 6        ; 6        ; 0        ; 0        ;
; md8_low    ; md7_low   ; 6        ; 6        ; 0        ; 0        ;
; md9_low    ; md7_low   ; 6        ; 6        ; 0        ; 0        ;
; md10_low   ; md7_low   ; 6        ; 6        ; 0        ; 0        ;
; md11_low   ; md7_low   ; 6        ; 6        ; 0        ; 0        ;
; pause_low  ; md7_low   ; 6        ; 6        ; 0        ; 0        ;
; tp3        ; md7_low   ; 6        ; 6        ; 0        ; 0        ;
; md3_low    ; md8_low   ; 6        ; 6        ; 0        ; 0        ;
; md4_low    ; md8_low   ; 6        ; 6        ; 0        ; 0        ;
; md5_low    ; md8_low   ; 6        ; 6        ; 0        ; 0        ;
; md6_low    ; md8_low   ; 6        ; 6        ; 0        ; 0        ;
; md7_low    ; md8_low   ; 6        ; 6        ; 0        ; 0        ;
; md8_low    ; md8_low   ; 6        ; 6        ; 0        ; 0        ;
; md9_low    ; md8_low   ; 6        ; 6        ; 0        ; 0        ;
; md10_low   ; md8_low   ; 6        ; 6        ; 0        ; 0        ;
; md11_low   ; md8_low   ; 6        ; 6        ; 0        ; 0        ;
; pause_low  ; md8_low   ; 6        ; 6        ; 0        ; 0        ;
; tp3        ; md8_low   ; 6        ; 6        ; 0        ; 0        ;
; md3_low    ; md9_low   ; 6        ; 6        ; 0        ; 0        ;
; md4_low    ; md9_low   ; 6        ; 6        ; 0        ; 0        ;
; md5_low    ; md9_low   ; 6        ; 6        ; 0        ; 0        ;
; md6_low    ; md9_low   ; 6        ; 6        ; 0        ; 0        ;
; md7_low    ; md9_low   ; 6        ; 6        ; 0        ; 0        ;
; md8_low    ; md9_low   ; 6        ; 6        ; 0        ; 0        ;
; md9_low    ; md9_low   ; 6        ; 6        ; 0        ; 0        ;
; md10_low   ; md9_low   ; 6        ; 6        ; 0        ; 0        ;
; md11_low   ; md9_low   ; 6        ; 6        ; 0        ; 0        ;
; pause_low  ; md9_low   ; 6        ; 6        ; 0        ; 0        ;
; tp3        ; md9_low   ; 6        ; 6        ; 0        ; 0        ;
; md3_low    ; md10_low  ; 6        ; 6        ; 0        ; 0        ;
; md4_low    ; md10_low  ; 6        ; 6        ; 0        ; 0        ;
; md5_low    ; md10_low  ; 6        ; 6        ; 0        ; 0        ;
; md6_low    ; md10_low  ; 6        ; 6        ; 0        ; 0        ;
; md7_low    ; md10_low  ; 6        ; 6        ; 0        ; 0        ;
; md8_low    ; md10_low  ; 6        ; 6        ; 0        ; 0        ;
; md9_low    ; md10_low  ; 6        ; 6        ; 0        ; 0        ;
; md10_low   ; md10_low  ; 6        ; 6        ; 0        ; 0        ;
; md11_low   ; md10_low  ; 6        ; 6        ; 0        ; 0        ;
; pause_low  ; md10_low  ; 6        ; 6        ; 0        ; 0        ;
; tp3        ; md10_low  ; 6        ; 6        ; 0        ; 0        ;
; md3_low    ; md11_low  ; 6        ; 6        ; 0        ; 0        ;
; md4_low    ; md11_low  ; 6        ; 6        ; 0        ; 0        ;
; md5_low    ; md11_low  ; 6        ; 6        ; 0        ; 0        ;
; md6_low    ; md11_low  ; 6        ; 6        ; 0        ; 0        ;
; md7_low    ; md11_low  ; 6        ; 6        ; 0        ; 0        ;
; md8_low    ; md11_low  ; 6        ; 6        ; 0        ; 0        ;
; md9_low    ; md11_low  ; 6        ; 6        ; 0        ; 0        ;
; md10_low   ; md11_low  ; 6        ; 6        ; 0        ; 0        ;
; md11_low   ; md11_low  ; 6        ; 6        ; 0        ; 0        ;
; pause_low  ; md11_low  ; 6        ; 6        ; 0        ; 0        ;
; tp3        ; md11_low  ; 6        ; 6        ; 0        ; 0        ;
; md3_low    ; pause_low ; 6        ; 6        ; 0        ; 0        ;
; md4_low    ; pause_low ; 6        ; 6        ; 0        ; 0        ;
; md5_low    ; pause_low ; 6        ; 6        ; 0        ; 0        ;
; md6_low    ; pause_low ; 6        ; 6        ; 0        ; 0        ;
; md7_low    ; pause_low ; 6        ; 6        ; 0        ; 0        ;
; md8_low    ; pause_low ; 6        ; 6        ; 0        ; 0        ;
; md9_low    ; pause_low ; 6        ; 6        ; 0        ; 0        ;
; md10_low   ; pause_low ; 6        ; 6        ; 0        ; 0        ;
; md11_low   ; pause_low ; 6        ; 6        ; 0        ; 0        ;
; pause_low  ; pause_low ; 6        ; 6        ; 0        ; 0        ;
; tp3        ; pause_low ; 6        ; 6        ; 0        ; 0        ;
; md3_low    ; tp3       ; 6        ; 6        ; 0        ; 0        ;
; md4_low    ; tp3       ; 6        ; 6        ; 0        ; 0        ;
; md5_low    ; tp3       ; 6        ; 6        ; 0        ; 0        ;
; md6_low    ; tp3       ; 6        ; 6        ; 0        ; 0        ;
; md7_low    ; tp3       ; 6        ; 6        ; 0        ; 0        ;
; md8_low    ; tp3       ; 6        ; 6        ; 0        ; 0        ;
; md9_low    ; tp3       ; 6        ; 6        ; 0        ; 0        ;
; md10_low   ; tp3       ; 6        ; 6        ; 0        ; 0        ;
; md11_low   ; tp3       ; 6        ; 6        ; 0        ; 0        ;
; pause_low  ; tp3       ; 6        ; 6        ; 0        ; 0        ;
; tp3        ; tp3       ; 6        ; 6        ; 0        ; 0        ;
+------------+-----------+----------+----------+----------+----------+
Entries labeled "false path" only account for clock-to-clock false paths and not path-based false paths. As a result, actual path counts may be lower than reported.


+--------------------------------------------------------------------+
; Removal Transfers                                                  ;
+------------+-----------+----------+----------+----------+----------+
; From Clock ; To Clock  ; RR Paths ; FR Paths ; RF Paths ; FF Paths ;
+------------+-----------+----------+----------+----------+----------+
; clock      ; clock     ; 1        ; 1        ; 0        ; 0        ;
; dk03       ; clock     ; 1        ; 1        ; 0        ; 0        ;
; clock      ; dk01      ; 1        ; 1        ; 0        ; 0        ;
; dk03       ; dk01      ; 1        ; 1        ; 0        ; 0        ;
; clock      ; dk02      ; 1        ; 1        ; 0        ; 0        ;
; dk03       ; dk02      ; 1        ; 1        ; 0        ; 0        ;
; md3_low    ; md3_low   ; 6        ; 6        ; 0        ; 0        ;
; md4_low    ; md3_low   ; 6        ; 6        ; 0        ; 0        ;
; md5_low    ; md3_low   ; 6        ; 6        ; 0        ; 0        ;
; md6_low    ; md3_low   ; 6        ; 6        ; 0        ; 0        ;
; md7_low    ; md3_low   ; 6        ; 6        ; 0        ; 0        ;
; md8_low    ; md3_low   ; 6        ; 6        ; 0        ; 0        ;
; md9_low    ; md3_low   ; 6        ; 6        ; 0        ; 0        ;
; md10_low   ; md3_low   ; 6        ; 6        ; 0        ; 0        ;
; md11_low   ; md3_low   ; 6        ; 6        ; 0        ; 0        ;
; pause_low  ; md3_low   ; 6        ; 6        ; 0        ; 0        ;
; tp3        ; md3_low   ; 6        ; 6        ; 0        ; 0        ;
; md3_low    ; md4_low   ; 6        ; 6        ; 0        ; 0        ;
; md4_low    ; md4_low   ; 6        ; 6        ; 0        ; 0        ;
; md5_low    ; md4_low   ; 6        ; 6        ; 0        ; 0        ;
; md6_low    ; md4_low   ; 6        ; 6        ; 0        ; 0        ;
; md7_low    ; md4_low   ; 6        ; 6        ; 0        ; 0        ;
; md8_low    ; md4_low   ; 6        ; 6        ; 0        ; 0        ;
; md9_low    ; md4_low   ; 6        ; 6        ; 0        ; 0        ;
; md10_low   ; md4_low   ; 6        ; 6        ; 0        ; 0        ;
; md11_low   ; md4_low   ; 6        ; 6        ; 0        ; 0        ;
; pause_low  ; md4_low   ; 6        ; 6        ; 0        ; 0        ;
; tp3        ; md4_low   ; 6        ; 6        ; 0        ; 0        ;
; md3_low    ; md5_low   ; 6        ; 6        ; 0        ; 0        ;
; md4_low    ; md5_low   ; 6        ; 6        ; 0        ; 0        ;
; md5_low    ; md5_low   ; 6        ; 6        ; 0        ; 0        ;
; md6_low    ; md5_low   ; 6        ; 6        ; 0        ; 0        ;
; md7_low    ; md5_low   ; 6        ; 6        ; 0        ; 0        ;
; md8_low    ; md5_low   ; 6        ; 6        ; 0        ; 0        ;
; md9_low    ; md5_low   ; 6        ; 6        ; 0        ; 0        ;
; md10_low   ; md5_low   ; 6        ; 6        ; 0        ; 0        ;
; md11_low   ; md5_low   ; 6        ; 6        ; 0        ; 0        ;
; pause_low  ; md5_low   ; 6        ; 6        ; 0        ; 0        ;
; tp3        ; md5_low   ; 6        ; 6        ; 0        ; 0        ;
; md3_low    ; md6_low   ; 6        ; 6        ; 0        ; 0        ;
; md4_low    ; md6_low   ; 6        ; 6        ; 0        ; 0        ;
; md5_low    ; md6_low   ; 6        ; 6        ; 0        ; 0        ;
; md6_low    ; md6_low   ; 6        ; 6        ; 0        ; 0        ;
; md7_low    ; md6_low   ; 6        ; 6        ; 0        ; 0        ;
; md8_low    ; md6_low   ; 6        ; 6        ; 0        ; 0        ;
; md9_low    ; md6_low   ; 6        ; 6        ; 0        ; 0        ;
; md10_low   ; md6_low   ; 6        ; 6        ; 0        ; 0        ;
; md11_low   ; md6_low   ; 6        ; 6        ; 0        ; 0        ;
; pause_low  ; md6_low   ; 6        ; 6        ; 0        ; 0        ;
; tp3        ; md6_low   ; 6        ; 6        ; 0        ; 0        ;
; md3_low    ; md7_low   ; 6        ; 6        ; 0        ; 0        ;
; md4_low    ; md7_low   ; 6        ; 6        ; 0        ; 0        ;
; md5_low    ; md7_low   ; 6        ; 6        ; 0        ; 0        ;
; md6_low    ; md7_low   ; 6        ; 6        ; 0        ; 0        ;
; md7_low    ; md7_low   ; 6        ; 6        ; 0        ; 0        ;
; md8_low    ; md7_low   ; 6        ; 6        ; 0        ; 0        ;
; md9_low    ; md7_low   ; 6        ; 6        ; 0        ; 0        ;
; md10_low   ; md7_low   ; 6        ; 6        ; 0        ; 0        ;
; md11_low   ; md7_low   ; 6        ; 6        ; 0        ; 0        ;
; pause_low  ; md7_low   ; 6        ; 6        ; 0        ; 0        ;
; tp3        ; md7_low   ; 6        ; 6        ; 0        ; 0        ;
; md3_low    ; md8_low   ; 6        ; 6        ; 0        ; 0        ;
; md4_low    ; md8_low   ; 6        ; 6        ; 0        ; 0        ;
; md5_low    ; md8_low   ; 6        ; 6        ; 0        ; 0        ;
; md6_low    ; md8_low   ; 6        ; 6        ; 0        ; 0        ;
; md7_low    ; md8_low   ; 6        ; 6        ; 0        ; 0        ;
; md8_low    ; md8_low   ; 6        ; 6        ; 0        ; 0        ;
; md9_low    ; md8_low   ; 6        ; 6        ; 0        ; 0        ;
; md10_low   ; md8_low   ; 6        ; 6        ; 0        ; 0        ;
; md11_low   ; md8_low   ; 6        ; 6        ; 0        ; 0        ;
; pause_low  ; md8_low   ; 6        ; 6        ; 0        ; 0        ;
; tp3        ; md8_low   ; 6        ; 6        ; 0        ; 0        ;
; md3_low    ; md9_low   ; 6        ; 6        ; 0        ; 0        ;
; md4_low    ; md9_low   ; 6        ; 6        ; 0        ; 0        ;
; md5_low    ; md9_low   ; 6        ; 6        ; 0        ; 0        ;
; md6_low    ; md9_low   ; 6        ; 6        ; 0        ; 0        ;
; md7_low    ; md9_low   ; 6        ; 6        ; 0        ; 0        ;
; md8_low    ; md9_low   ; 6        ; 6        ; 0        ; 0        ;
; md9_low    ; md9_low   ; 6        ; 6        ; 0        ; 0        ;
; md10_low   ; md9_low   ; 6        ; 6        ; 0        ; 0        ;
; md11_low   ; md9_low   ; 6        ; 6        ; 0        ; 0        ;
; pause_low  ; md9_low   ; 6        ; 6        ; 0        ; 0        ;
; tp3        ; md9_low   ; 6        ; 6        ; 0        ; 0        ;
; md3_low    ; md10_low  ; 6        ; 6        ; 0        ; 0        ;
; md4_low    ; md10_low  ; 6        ; 6        ; 0        ; 0        ;
; md5_low    ; md10_low  ; 6        ; 6        ; 0        ; 0        ;
; md6_low    ; md10_low  ; 6        ; 6        ; 0        ; 0        ;
; md7_low    ; md10_low  ; 6        ; 6        ; 0        ; 0        ;
; md8_low    ; md10_low  ; 6        ; 6        ; 0        ; 0        ;
; md9_low    ; md10_low  ; 6        ; 6        ; 0        ; 0        ;
; md10_low   ; md10_low  ; 6        ; 6        ; 0        ; 0        ;
; md11_low   ; md10_low  ; 6        ; 6        ; 0        ; 0        ;
; pause_low  ; md10_low  ; 6        ; 6        ; 0        ; 0        ;
; tp3        ; md10_low  ; 6        ; 6        ; 0        ; 0        ;
; md3_low    ; md11_low  ; 6        ; 6        ; 0        ; 0        ;
; md4_low    ; md11_low  ; 6        ; 6        ; 0        ; 0        ;
; md5_low    ; md11_low  ; 6        ; 6        ; 0        ; 0        ;
; md6_low    ; md11_low  ; 6        ; 6        ; 0        ; 0        ;
; md7_low    ; md11_low  ; 6        ; 6        ; 0        ; 0        ;
; md8_low    ; md11_low  ; 6        ; 6        ; 0        ; 0        ;
; md9_low    ; md11_low  ; 6        ; 6        ; 0        ; 0        ;
; md10_low   ; md11_low  ; 6        ; 6        ; 0        ; 0        ;
; md11_low   ; md11_low  ; 6        ; 6        ; 0        ; 0        ;
; pause_low  ; md11_low  ; 6        ; 6        ; 0        ; 0        ;
; tp3        ; md11_low  ; 6        ; 6        ; 0        ; 0        ;
; md3_low    ; pause_low ; 6        ; 6        ; 0        ; 0        ;
; md4_low    ; pause_low ; 6        ; 6        ; 0        ; 0        ;
; md5_low    ; pause_low ; 6        ; 6        ; 0        ; 0        ;
; md6_low    ; pause_low ; 6        ; 6        ; 0        ; 0        ;
; md7_low    ; pause_low ; 6        ; 6        ; 0        ; 0        ;
; md8_low    ; pause_low ; 6        ; 6        ; 0        ; 0        ;
; md9_low    ; pause_low ; 6        ; 6        ; 0        ; 0        ;
; md10_low   ; pause_low ; 6        ; 6        ; 0        ; 0        ;
; md11_low   ; pause_low ; 6        ; 6        ; 0        ; 0        ;
; pause_low  ; pause_low ; 6        ; 6        ; 0        ; 0        ;
; tp3        ; pause_low ; 6        ; 6        ; 0        ; 0        ;
; md3_low    ; tp3       ; 6        ; 6        ; 0        ; 0        ;
; md4_low    ; tp3       ; 6        ; 6        ; 0        ; 0        ;
; md5_low    ; tp3       ; 6        ; 6        ; 0        ; 0        ;
; md6_low    ; tp3       ; 6        ; 6        ; 0        ; 0        ;
; md7_low    ; tp3       ; 6        ; 6        ; 0        ; 0        ;
; md8_low    ; tp3       ; 6        ; 6        ; 0        ; 0        ;
; md9_low    ; tp3       ; 6        ; 6        ; 0        ; 0        ;
; md10_low   ; tp3       ; 6        ; 6        ; 0        ; 0        ;
; md11_low   ; tp3       ; 6        ; 6        ; 0        ; 0        ;
; pause_low  ; tp3       ; 6        ; 6        ; 0        ; 0        ;
; tp3        ; tp3       ; 6        ; 6        ; 0        ; 0        ;
+------------+-----------+----------+----------+----------+----------+
Entries labeled "false path" only account for clock-to-clock false paths and not path-based false paths. As a result, actual path counts may be lower than reported.


---------------
; Report TCCS ;
---------------
No dedicated SERDES Transmitter circuitry present in device or used in design


---------------
; Report RSKM ;
---------------
No dedicated SERDES Receiver circuitry present in device or used in design


+------------------------------------------------+
; Unconstrained Paths                            ;
+---------------------------------+-------+------+
; Property                        ; Setup ; Hold ;
+---------------------------------+-------+------+
; Illegal Clocks                  ; 0     ; 0    ;
; Unconstrained Clocks            ; 0     ; 0    ;
; Unconstrained Input Ports       ; 30    ; 30   ;
; Unconstrained Input Port Paths  ; 311   ; 311  ;
; Unconstrained Output Ports      ; 34    ; 34   ;
; Unconstrained Output Port Paths ; 314   ; 314  ;
+---------------------------------+-------+------+


+------------------------------------+
; TimeQuest Timing Analyzer Messages ;
+------------------------------------+
Info: *******************************************************************
Info: Running Quartus II 64-Bit TimeQuest Timing Analyzer
    Info: Version 13.0.1 Build 232 06/12/2013 Service Pack 1 SJ Web Edition
    Info: Processing started: Thu Sep 18 07:37:17 2025
Info: Command: quartus_sta warv -c warv
Info: qsta_default_script.tcl version: #1
Info (306004): Started post-fitting delay annotation
Info (306005): Delay annotation completed successfully
Warning (335095): TimeQuest Timing Analyzer does not support the analysis of latches as synchronous elements for the currently selected device family.
Critical Warning (332012): Synopsys Design Constraints File file not found: 'warv.sdc'. A Synopsys Design Constraints File is required by the TimeQuest Timing Analyzer to get proper timing constraints. Without it, the Compiler will not properly optimize the design.
Info (332142): No user constrained base clocks found in the design. Calling "derive_clocks -period 1.0"
Info (332105): Deriving Clocks
    Info (332105): create_clock -period 1.000 -name tp3 tp3
    Info (332105): create_clock -period 1.000 -name md10_low md10_low
    Info (332105): create_clock -period 1.000 -name md11_low md11_low
    Info (332105): create_clock -period 1.000 -name pause_low pause_low
    Info (332105): create_clock -period 1.000 -name md4_low md4_low
    Info (332105): create_clock -period 1.000 -name md3_low md3_low
    Info (332105): create_clock -period 1.000 -name md7_low md7_low
    Info (332105): create_clock -period 1.000 -name md6_low md6_low
    Info (332105): create_clock -period 1.000 -name md8_low md8_low
    Info (332105): create_clock -period 1.000 -name md5_low md5_low
    Info (332105): create_clock -period 1.000 -name md9_low md9_low
    Info (332105): create_clock -period 1.000 -name clock clock
    Info (332105): create_clock -period 1.000 -name dk02 dk02
    Info (332105): create_clock -period 1.000 -name dk01 dk01
    Info (332105): create_clock -period 1.000 -name dk03 dk03
    Info (332105): create_clock -period 1.000 -name dk05 dk05
    Info (332105): create_clock -period 1.000 -name dk06 dk06
    Info (332105): create_clock -period 1.000 -name dk07 dk07
    Info (332105): create_clock -period 1.000 -name dk08 dk08
    Info (332105): create_clock -period 1.000 -name dk09 dk09
    Info (332105): create_clock -period 1.000 -name dk10 dk10
    Info (332105): create_clock -period 1.000 -name dk11 dk11
    Info (332105): create_clock -period 1.000 -name dk12 dk12
    Info (332105): create_clock -period 1.000 -name dk13 dk13
    Info (332105): create_clock -period 1.000 -name dk14 dk14
Warning (332125): Found combinational loop of 2 nodes
    Warning (332126): Node "dk8flg~9|[0]"
    Warning (332126): Node "dk8flg~9|dataout"
Warning (332125): Found combinational loop of 2 nodes
    Warning (332126): Node "dk8ie~14|[0]"
    Warning (332126): Node "dk8ie~14|dataout"
Warning (332125): Found combinational loop of 8 nodes
    Warning (332126): Node "dk04~8sexp|dataout"
    Warning (332126): Node "dk04~7sexp|datain[1]"
    Warning (332126): Node "dk04~7sexp|dataout"
    Warning (332126): Node "dk04~8sexp|datain[1]"
    Warning (332126): Node "dk04~5sexp|datain[2]"
    Warning (332126): Node "dk04~5sexp|dataout"
    Warning (332126): Node "dk04~5sexp|datain[1]"
    Warning (332126): Node "dk04~8sexp|datain[0]"
Info (332097): The following timing edges are non-unate.  TimeQuest will assume pos-unate behavior for these edges in the clock network.
    Info (332098): From: dk04~7sexp|datain[0]  to: dk04~8sexp|dataout
Info: Found TIMEQUEST_REPORT_SCRIPT_INCLUDE_DEFAULT_ANALYSIS = ON
Critical Warning (332148): Timing requirements not met
Info (332146): Worst-case setup slack is -12.000
    Info (332119):     Slack End Point TNS Clock 
    Info (332119): ========= ============= =====================
    Info (332119):   -12.000       -12.000 dk14 
    Info (332119):    -8.500        -8.500 clock 
    Info (332119):    -3.500       -21.000 md10_low 
    Info (332119):    -3.500       -21.000 md11_low 
    Info (332119):    -3.500       -21.000 md3_low 
    Info (332119):    -3.500       -21.000 md4_low 
    Info (332119):    -3.500       -21.000 md5_low 
    Info (332119):    -3.500       -21.000 md6_low 
    Info (332119):    -3.500       -21.000 md7_low 
    Info (332119):    -3.500       -21.000 md8_low 
    Info (332119):    -3.500       -21.000 md9_low 
    Info (332119):    -3.500       -21.000 pause_low 
    Info (332119):    -3.500       -21.000 tp3 
    Info (332119):    -3.500        -3.500 dk01 
    Info (332119):    -3.500        -3.500 dk02 
    Info (332119):    -3.500        -3.500 dk05 
    Info (332119):    -3.500        -3.500 dk06 
    Info (332119):    -3.500        -3.500 dk07 
    Info (332119):    -3.500        -3.500 dk08 
    Info (332119):    -3.500        -3.500 dk09 
    Info (332119):    -3.500        -3.500 dk10 
    Info (332119):    -3.500        -3.500 dk11 
    Info (332119):    -3.500        -3.500 dk12 
    Info (332119):    -3.500        -3.500 dk13 
    Info (332119):    12.500         0.000 dk03 
Info (332146): Worst-case hold slack is -20.000
    Info (332119):     Slack End Point TNS Clock 
    Info (332119): ========= ============= =====================
    Info (332119):   -20.000       -20.000 dk03 
    Info (332119):    -4.000       -24.000 md10_low 
    Info (332119):    -4.000       -24.000 md11_low 
    Info (332119):    -4.000       -24.000 md3_low 
    Info (332119):    -4.000       -24.000 md4_low 
    Info (332119):    -4.000       -24.000 md5_low 
    Info (332119):    -4.000       -24.000 md6_low 
    Info (332119):    -4.000       -24.000 md7_low 
    Info (332119):    -4.000       -24.000 md8_low 
    Info (332119):    -4.000       -24.000 md9_low 
    Info (332119):    -4.000       -24.000 pause_low 
    Info (332119):    -4.000       -24.000 tp3 
    Info (332119):    -4.000        -4.000 dk01 
    Info (332119):    -4.000        -4.000 dk02 
    Info (332119):    -4.000        -4.000 dk05 
    Info (332119):    -4.000        -4.000 dk06 
    Info (332119):    -4.000        -4.000 dk07 
    Info (332119):    -4.000        -4.000 dk08 
    Info (332119):    -4.000        -4.000 dk09 
    Info (332119):    -4.000        -4.000 dk10 
    Info (332119):    -4.000        -4.000 dk11 
    Info (332119):    -4.000        -4.000 dk12 
    Info (332119):    -4.000        -4.000 dk13 
    Info (332119):     1.000         0.000 clock 
    Info (332119):     5.000         0.000 dk14 
Info (332146): Worst-case recovery slack is -23.500
    Info (332119):     Slack End Point TNS Clock 
    Info (332119): ========= ============= =====================
    Info (332119):   -23.500      -141.000 md10_low 
    Info (332119):   -23.500      -141.000 md11_low 
    Info (332119):   -23.500      -141.000 md3_low 
    Info (332119):   -23.500      -141.000 md4_low 
    Info (332119):   -23.500      -141.000 md5_low 
    Info (332119):   -23.500      -141.000 md6_low 
    Info (332119):   -23.500      -141.000 md7_low 
    Info (332119):   -23.500      -141.000 md8_low 
    Info (332119):   -23.500      -141.000 md9_low 
    Info (332119):   -23.500      -141.000 pause_low 
    Info (332119):   -23.500      -141.000 tp3 
    Info (332119):   -14.500       -14.500 clock 
    Info (332119):    -9.500        -9.500 dk01 
    Info (332119):    -9.500        -9.500 dk02 
Info (332146): Worst-case removal slack is 0.000
    Info (332119):     Slack End Point TNS Clock 
    Info (332119): ========= ============= =====================
    Info (332119):     0.000         0.000 dk01 
    Info (332119):     0.000         0.000 dk02 
    Info (332119):     5.000         0.000 clock 
    Info (332119):    16.000         0.000 md10_low 
    Info (332119):    16.000         0.000 md11_low 
    Info (332119):    16.000         0.000 md3_low 
    Info (332119):    16.000         0.000 md4_low 
    Info (332119):    16.000         0.000 md5_low 
    Info (332119):    16.000         0.000 md6_low 
    Info (332119):    16.000         0.000 md7_low 
    Info (332119):    16.000         0.000 md8_low 
    Info (332119):    16.000         0.000 md9_low 
    Info (332119):    16.000         0.000 pause_low 
    Info (332119):    16.000         0.000 tp3 
Info (332146): Worst-case minimum pulse width slack is -5.500
    Info (332119):     Slack End Point TNS Clock 
    Info (332119): ========= ============= =====================
    Info (332119):    -5.500       -66.000 md10_low 
    Info (332119):    -5.500       -66.000 md11_low 
    Info (332119):    -5.500       -66.000 md3_low 
    Info (332119):    -5.500       -66.000 md4_low 
    Info (332119):    -5.500       -66.000 md5_low 
    Info (332119):    -5.500       -66.000 md6_low 
    Info (332119):    -5.500       -66.000 md7_low 
    Info (332119):    -5.500       -66.000 md8_low 
    Info (332119):    -5.500       -66.000 md9_low 
    Info (332119):    -5.500       -66.000 pause_low 
    Info (332119):    -5.500       -66.000 tp3 
    Info (332119):    -5.500       -22.000 dk03 
    Info (332119):    -5.500       -11.000 dk01 
    Info (332119):    -5.500       -11.000 dk02 
    Info (332119):    -5.500       -11.000 dk05 
    Info (332119):    -5.500       -11.000 dk06 
    Info (332119):    -5.500       -11.000 dk07 
    Info (332119):    -5.500       -11.000 dk08 
    Info (332119):    -5.500       -11.000 dk09 
    Info (332119):    -5.500       -11.000 dk10 
    Info (332119):    -5.500       -11.000 dk11 
    Info (332119):    -5.500       -11.000 dk12 
    Info (332119):    -5.500       -11.000 dk13 
    Info (332119):    -5.500       -11.000 dk14 
    Info (332119):    -4.500        -9.000 clock 
Info (332001): The selected device family is not supported by the report_metastability command.
Info (332102): Design is not fully constrained for setup requirements
Info (332102): Design is not fully constrained for hold requirements
Info (144001): Generated suppressed messages file /home/vrs/Eagle/projects/DEC/Mxxx/M885/warv/output_files/warv.sta.smsg
Info: Quartus II 64-Bit TimeQuest Timing Analyzer was successful. 0 errors, 18 warnings
    Info: Peak virtual memory: 488 megabytes
    Info: Processing ended: Thu Sep 18 07:37:21 2025
    Info: Elapsed time: 00:00:04
    Info: Total CPU time (on all processors): 00:00:04


+-----------------------------------------------+
; TimeQuest Timing Analyzer Suppressed Messages ;
+-----------------------------------------------+
The suppressed messages can be found in /home/vrs/Eagle/projects/DEC/Mxxx/M885/warv/output_files/warv.sta.smsg.


