TimeQuest Timing Analyzer report for rx8i
Wed Apr 29 00:51:36 2020
Quartus II 64-Bit Version 13.0.1 Build 232 06/12/2013 Service Pack 1 SJ Web Edition


---------------------
; Table of Contents ;
---------------------
  1. Legal Notice
  2. TimeQuest Timing Analyzer Summary
  3. Parallel Compilation
  4. Clocks
  5. Fmax Summary
  6. Setup Summary
  7. Hold Summary
  8. Recovery Summary
  9. Removal Summary
 10. Minimum Pulse Width Summary
 11. Propagation Delay
 12. Minimum Propagation Delay
 13. Clock Transfers
 14. Report TCCS
 15. Report RSKM
 16. Unconstrained Paths
 17. TimeQuest Timing Analyzer Messages



----------------
; Legal Notice ;
----------------
Copyright (C) 1991-2013 Altera Corporation
Your use of Altera Corporation's design tools, logic functions 
and other software and tools, and its AMPP partner logic 
functions, and any output files from any of the foregoing 
(including device programming or simulation files), and any 
associated documentation or information are expressly subject 
to the terms and conditions of the Altera Program License 
Subscription Agreement, Altera MegaCore Function License 
Agreement, or other applicable license agreement, including, 
without limitation, that your use is for the sole purpose of 
programming logic devices manufactured by Altera and sold by 
Altera or its authorized distributors.  Please refer to the 
applicable agreement for further details.



+----------------------------------------------------------------------------------------+
; TimeQuest Timing Analyzer Summary                                                      ;
+--------------------+-------------------------------------------------------------------+
; Quartus II Version ; Version 13.0.1 Build 232 06/12/2013 Service Pack 1 SJ Web Edition ;
; Revision Name      ; rx8i                                                              ;
; Device Family      ; MAX7000S                                                          ;
; Device Name        ; EPM7128SLC84-15                                                   ;
; Timing Models      ; Final                                                             ;
; Delay Model        ; Slow Model                                                        ;
; Rise/Fall Delays   ; Unavailable                                                       ;
+--------------------+-------------------------------------------------------------------+


Parallel compilation was disabled, but you have multiple processors available. Enable parallel compilation to reduce compilation time.
+-------------------------------------+
; Parallel Compilation                ;
+----------------------------+--------+
; Processors                 ; Number ;
+----------------------------+--------+
; Number detected on machine ; 4      ;
; Maximum allowed            ; 1      ;
+----------------------------+--------+


----------
; Clocks ;
----------
No clocks to report.


----------------
; Fmax Summary ;
----------------
No paths to report.


-----------------
; Setup Summary ;
-----------------
No paths to report.


----------------
; Hold Summary ;
----------------
No paths to report.


--------------------
; Recovery Summary ;
--------------------
No paths to report.


-------------------
; Removal Summary ;
-------------------
No paths to report.


-------------------------------
; Minimum Pulse Width Summary ;
-------------------------------
No paths to report.


+-----------------------------------------------------------------------+
; Propagation Delay                                                     ;
+---------------+---------------+---------+---------+---------+---------+
; Input Port    ; Output Port   ; RR      ; RF      ; FR      ; FF      ;
+---------------+---------------+---------+---------+---------+---------+
; bac00         ; ac00l         ;         ; 51.000  ; 51.000  ;         ;
; bac01         ; ac00l         ;         ; 78.000  ; 78.000  ;         ;
; bac01         ; ac01l         ;         ; 51.000  ; 51.000  ;         ;
; bac02         ; ac00l         ;         ; 105.000 ; 105.000 ;         ;
; bac02         ; ac01l         ;         ; 78.000  ; 78.000  ;         ;
; bac02         ; ac02l         ;         ; 51.000  ; 51.000  ;         ;
; bac03         ; ac00l         ;         ; 132.000 ; 132.000 ;         ;
; bac03         ; ac01l         ;         ; 105.000 ; 105.000 ;         ;
; bac03         ; ac02l         ;         ; 78.000  ; 78.000  ;         ;
; bac03         ; ac03l         ;         ; 51.000  ; 51.000  ;         ;
; bac04         ; ac00l         ; 166.000 ; 175.000 ; 175.000 ; 166.000 ;
; bac04         ; ac01l         ; 139.000 ; 148.000 ; 148.000 ; 139.000 ;
; bac04         ; ac02l         ; 112.000 ; 121.000 ; 121.000 ; 112.000 ;
; bac04         ; ac03l         ; 85.000  ; 94.000  ; 94.000  ; 85.000  ;
; bac04         ; ac04l         ; 50.000  ; 58.000  ; 58.000  ; 50.000  ;
; bac04         ; ac05l         ; 50.000  ; 33.000  ; 33.000  ; 50.000  ;
; bac04         ; ac06l         ; 50.000  ; 33.000  ; 33.000  ; 50.000  ;
; bac04         ; ac07l         ; 50.000  ; 33.000  ; 33.000  ; 50.000  ;
; bac04         ; ac08l         ; 50.000  ; 33.000  ; 33.000  ; 50.000  ;
; bac04         ; ac09l         ; 50.000  ; 33.000  ; 33.000  ; 50.000  ;
; bac04         ; ac10l         ; 50.000  ; 33.000  ; 33.000  ; 50.000  ;
; bac04         ; ac11l         ; 50.000  ; 42.000  ; 42.000  ; 50.000  ;
; bac04         ; birq          ;         ; 94.000  ; 94.000  ;         ;
; bac04         ; bskip         ;         ; 94.000  ; 94.000  ;         ;
; bac04         ; rx_12_bit_low ;         ; 40.000  ; 40.000  ;         ;
; bac04         ; rx_run_low    ; 75.000  ; 67.000  ; 67.000  ; 75.000  ;
; bac05         ; ac00l         ; 166.000 ; 175.000 ; 175.000 ; 166.000 ;
; bac05         ; ac01l         ; 139.000 ; 148.000 ; 148.000 ; 139.000 ;
; bac05         ; ac02l         ; 112.000 ; 121.000 ; 121.000 ; 112.000 ;
; bac05         ; ac03l         ; 85.000  ; 94.000  ; 94.000  ; 85.000  ;
; bac05         ; ac04l         ; 50.000  ; 58.000  ; 58.000  ; 50.000  ;
; bac05         ; ac05l         ; 50.000  ; 33.000  ; 33.000  ; 50.000  ;
; bac05         ; ac06l         ; 50.000  ; 33.000  ; 33.000  ; 50.000  ;
; bac05         ; ac07l         ; 50.000  ; 33.000  ; 33.000  ; 50.000  ;
; bac05         ; ac08l         ; 50.000  ; 33.000  ; 33.000  ; 50.000  ;
; bac05         ; ac09l         ; 50.000  ; 33.000  ; 33.000  ; 50.000  ;
; bac05         ; ac10l         ; 50.000  ; 33.000  ; 33.000  ; 50.000  ;
; bac05         ; ac11l         ; 50.000  ; 42.000  ; 42.000  ; 50.000  ;
; bac05         ; birq          ;         ; 94.000  ; 94.000  ;         ;
; bac05         ; bskip         ;         ; 94.000  ; 94.000  ;         ;
; bac05         ; rx_12_bit_low ;         ; 40.000  ; 40.000  ;         ;
; bac05         ; rx_run_low    ; 75.000  ; 67.000  ; 67.000  ; 75.000  ;
; bac06         ; ac00l         ; 166.000 ; 175.000 ; 175.000 ; 166.000 ;
; bac06         ; ac01l         ; 139.000 ; 148.000 ; 148.000 ; 139.000 ;
; bac06         ; ac02l         ; 112.000 ; 121.000 ; 121.000 ; 112.000 ;
; bac06         ; ac03l         ; 85.000  ; 94.000  ; 94.000  ; 85.000  ;
; bac06         ; ac04l         ; 50.000  ; 58.000  ; 58.000  ; 50.000  ;
; bac06         ; ac05l         ; 50.000  ; 33.000  ; 33.000  ; 50.000  ;
; bac06         ; ac06l         ; 50.000  ; 33.000  ; 33.000  ; 50.000  ;
; bac06         ; ac07l         ; 50.000  ; 33.000  ; 33.000  ; 50.000  ;
; bac06         ; ac08l         ; 50.000  ; 33.000  ; 33.000  ; 50.000  ;
; bac06         ; ac09l         ; 50.000  ; 33.000  ; 33.000  ; 50.000  ;
; bac06         ; ac10l         ; 50.000  ; 33.000  ; 33.000  ; 50.000  ;
; bac06         ; ac11l         ; 50.000  ; 42.000  ; 42.000  ; 50.000  ;
; bac06         ; birq          ;         ; 94.000  ; 94.000  ;         ;
; bac06         ; bskip         ;         ; 94.000  ; 94.000  ;         ;
; bac06         ; rx_12_bit_low ;         ; 40.000  ; 40.000  ;         ;
; bac06         ; rx_run_low    ; 75.000  ; 67.000  ; 67.000  ; 75.000  ;
; bac07         ; ac00l         ; 166.000 ; 175.000 ; 175.000 ; 166.000 ;
; bac07         ; ac01l         ; 139.000 ; 148.000 ; 148.000 ; 139.000 ;
; bac07         ; ac02l         ; 112.000 ; 121.000 ; 121.000 ; 112.000 ;
; bac07         ; ac03l         ; 85.000  ; 94.000  ; 94.000  ; 85.000  ;
; bac07         ; ac04l         ; 50.000  ; 58.000  ; 58.000  ; 50.000  ;
; bac07         ; ac05l         ; 50.000  ; 33.000  ; 33.000  ; 50.000  ;
; bac07         ; ac06l         ; 50.000  ; 33.000  ; 33.000  ; 50.000  ;
; bac07         ; ac07l         ; 50.000  ; 33.000  ; 33.000  ; 50.000  ;
; bac07         ; ac08l         ; 50.000  ; 33.000  ; 33.000  ; 50.000  ;
; bac07         ; ac09l         ; 50.000  ; 33.000  ; 33.000  ; 50.000  ;
; bac07         ; ac10l         ; 50.000  ; 33.000  ; 33.000  ; 50.000  ;
; bac07         ; ac11l         ; 50.000  ; 42.000  ; 42.000  ; 50.000  ;
; bac07         ; birq          ;         ; 94.000  ; 94.000  ;         ;
; bac07         ; bskip         ;         ; 94.000  ; 94.000  ;         ;
; bac07         ; rx_12_bit_low ;         ; 40.000  ; 40.000  ;         ;
; bac07         ; rx_run_low    ; 75.000  ; 67.000  ; 67.000  ; 75.000  ;
; bac08         ; ac00l         ; 166.000 ; 175.000 ; 175.000 ; 166.000 ;
; bac08         ; ac01l         ; 139.000 ; 148.000 ; 148.000 ; 139.000 ;
; bac08         ; ac02l         ; 112.000 ; 121.000 ; 121.000 ; 112.000 ;
; bac08         ; ac03l         ; 85.000  ; 94.000  ; 94.000  ; 85.000  ;
; bac08         ; ac04l         ; 50.000  ; 58.000  ; 58.000  ; 50.000  ;
; bac08         ; ac05l         ; 50.000  ; 33.000  ; 33.000  ; 50.000  ;
; bac08         ; ac06l         ; 50.000  ; 33.000  ; 33.000  ; 50.000  ;
; bac08         ; ac07l         ; 50.000  ; 33.000  ; 33.000  ; 50.000  ;
; bac08         ; ac08l         ; 50.000  ; 33.000  ; 33.000  ; 50.000  ;
; bac08         ; ac09l         ; 50.000  ; 33.000  ; 33.000  ; 50.000  ;
; bac08         ; ac10l         ; 50.000  ; 33.000  ; 33.000  ; 50.000  ;
; bac08         ; ac11l         ; 50.000  ; 42.000  ; 42.000  ; 50.000  ;
; bac08         ; birq          ;         ; 94.000  ; 94.000  ;         ;
; bac08         ; bskip         ;         ; 94.000  ; 94.000  ;         ;
; bac08         ; rx_12_bit_low ;         ; 40.000  ; 40.000  ;         ;
; bac08         ; rx_run_low    ; 75.000  ; 67.000  ; 67.000  ; 75.000  ;
; bac09         ; ac00l         ; 166.000 ; 175.000 ; 175.000 ; 166.000 ;
; bac09         ; ac01l         ; 139.000 ; 148.000 ; 148.000 ; 139.000 ;
; bac09         ; ac02l         ; 112.000 ; 121.000 ; 121.000 ; 112.000 ;
; bac09         ; ac03l         ; 85.000  ; 94.000  ; 94.000  ; 85.000  ;
; bac09         ; ac04l         ; 50.000  ; 58.000  ; 58.000  ; 50.000  ;
; bac09         ; ac05l         ; 50.000  ; 33.000  ; 33.000  ; 50.000  ;
; bac09         ; ac06l         ; 50.000  ; 33.000  ; 33.000  ; 50.000  ;
; bac09         ; ac07l         ; 50.000  ; 33.000  ; 33.000  ; 50.000  ;
; bac09         ; ac08l         ; 50.000  ; 33.000  ; 33.000  ; 50.000  ;
; bac09         ; ac09l         ; 50.000  ; 33.000  ; 33.000  ; 50.000  ;
; bac09         ; ac10l         ; 50.000  ; 33.000  ; 33.000  ; 50.000  ;
; bac09         ; ac11l         ; 50.000  ; 42.000  ; 42.000  ; 50.000  ;
; bac09         ; birq          ;         ; 94.000  ; 94.000  ;         ;
; bac09         ; bskip         ;         ; 94.000  ; 94.000  ;         ;
; bac09         ; rx_12_bit_low ;         ; 40.000  ; 40.000  ;         ;
; bac09         ; rx_run_low    ; 75.000  ; 67.000  ; 67.000  ; 75.000  ;
; bac10         ; ac00l         ; 166.000 ; 175.000 ; 175.000 ; 166.000 ;
; bac10         ; ac01l         ; 139.000 ; 148.000 ; 148.000 ; 139.000 ;
; bac10         ; ac02l         ; 112.000 ; 121.000 ; 121.000 ; 112.000 ;
; bac10         ; ac03l         ; 85.000  ; 94.000  ; 94.000  ; 85.000  ;
; bac10         ; ac04l         ; 50.000  ; 58.000  ; 58.000  ; 50.000  ;
; bac10         ; ac05l         ; 50.000  ; 33.000  ; 33.000  ; 50.000  ;
; bac10         ; ac06l         ; 50.000  ; 33.000  ; 33.000  ; 50.000  ;
; bac10         ; ac07l         ; 50.000  ; 33.000  ; 33.000  ; 50.000  ;
; bac10         ; ac08l         ; 50.000  ; 33.000  ; 33.000  ; 50.000  ;
; bac10         ; ac09l         ; 50.000  ; 33.000  ; 33.000  ; 50.000  ;
; bac10         ; ac10l         ; 50.000  ; 33.000  ; 33.000  ; 50.000  ;
; bac10         ; ac11l         ; 50.000  ; 42.000  ; 42.000  ; 50.000  ;
; bac10         ; birq          ;         ; 94.000  ; 94.000  ;         ;
; bac10         ; bskip         ;         ; 94.000  ; 94.000  ;         ;
; bac10         ; rx_12_bit_low ;         ; 40.000  ; 40.000  ;         ;
; bac10         ; rx_run_low    ; 75.000  ; 67.000  ; 67.000  ; 75.000  ;
; bac11         ; ac00l         ; 166.000 ; 175.000 ; 175.000 ; 166.000 ;
; bac11         ; ac01l         ; 139.000 ; 148.000 ; 148.000 ; 139.000 ;
; bac11         ; ac02l         ; 112.000 ; 121.000 ; 121.000 ; 112.000 ;
; bac11         ; ac03l         ; 85.000  ; 94.000  ; 94.000  ; 85.000  ;
; bac11         ; ac04l         ; 50.000  ; 58.000  ; 58.000  ; 50.000  ;
; bac11         ; ac05l         ; 50.000  ; 33.000  ; 33.000  ; 50.000  ;
; bac11         ; ac06l         ; 50.000  ; 33.000  ; 33.000  ; 50.000  ;
; bac11         ; ac07l         ; 50.000  ; 33.000  ; 33.000  ; 50.000  ;
; bac11         ; ac08l         ; 50.000  ; 33.000  ; 33.000  ; 50.000  ;
; bac11         ; ac09l         ; 50.000  ; 33.000  ; 33.000  ; 50.000  ;
; bac11         ; ac10l         ; 50.000  ; 33.000  ; 33.000  ; 50.000  ;
; bac11         ; ac11l         ; 50.000  ; 42.000  ; 42.000  ; 50.000  ;
; bac11         ; birq          ; 42.000  ; 94.000  ; 94.000  ; 42.000  ;
; bac11         ; bskip         ;         ; 94.000  ; 94.000  ;         ;
; bac11         ; rx_12_bit_low ;         ; 40.000  ; 40.000  ;         ;
; bac11         ; rx_run_low    ; 75.000  ; 67.000  ; 67.000  ; 75.000  ;
; biop1         ; ac00l         ; 210.000 ; 219.000 ; 219.000 ; 210.000 ;
; biop1         ; ac01l         ; 183.000 ; 192.000 ; 192.000 ; 183.000 ;
; biop1         ; ac02l         ; 156.000 ; 165.000 ; 165.000 ; 156.000 ;
; biop1         ; ac03l         ; 129.000 ; 138.000 ; 138.000 ; 129.000 ;
; biop1         ; ac04l         ; 94.000  ; 102.000 ; 102.000 ; 94.000  ;
; biop1         ; ac05l         ; 94.000  ; 77.000  ; 77.000  ; 94.000  ;
; biop1         ; ac06l         ; 94.000  ; 77.000  ; 77.000  ; 94.000  ;
; biop1         ; ac07l         ; 94.000  ; 77.000  ; 77.000  ; 94.000  ;
; biop1         ; ac08l         ; 94.000  ; 77.000  ; 77.000  ; 94.000  ;
; biop1         ; ac09l         ; 94.000  ; 77.000  ; 77.000  ; 94.000  ;
; biop1         ; ac10l         ; 94.000  ; 77.000  ; 77.000  ; 94.000  ;
; biop1         ; ac11l         ; 94.000  ; 86.000  ; 86.000  ; 94.000  ;
; biop1         ; baclr         ;         ; 33.000  ; 33.000  ;         ;
; biop1         ; birq          ; 120.000 ; 138.000 ; 138.000 ; 120.000 ;
; biop1         ; bskip         ; 120.000 ; 138.000 ; 138.000 ; 120.000 ;
; biop1         ; n_t_7x        ;         ; 33.000  ; 33.000  ;         ;
; biop1         ; n_t_8x        ;         ; 33.000  ; 33.000  ;         ;
; biop1         ; n_t_9x        ;         ; 33.000  ; 33.000  ;         ;
; biop1         ; rx_12_bit_low ; 66.000  ; 84.000  ; 84.000  ; 66.000  ;
; biop1         ; rx_init_low   ; 59.000  ; 41.000  ; 41.000  ; 59.000  ;
; biop1         ; rx_run_low    ; 119.000 ; 111.000 ; 111.000 ; 119.000 ;
; biop2         ; ac00l         ; 219.000 ; 210.000 ; 210.000 ; 219.000 ;
; biop2         ; ac01l         ; 192.000 ; 183.000 ; 183.000 ; 192.000 ;
; biop2         ; ac02l         ; 165.000 ; 156.000 ; 156.000 ; 165.000 ;
; biop2         ; ac03l         ; 138.000 ; 129.000 ; 129.000 ; 138.000 ;
; biop2         ; ac04l         ; 102.000 ; 94.000  ; 94.000  ; 102.000 ;
; biop2         ; ac05l         ; 77.000  ; 94.000  ; 94.000  ; 77.000  ;
; biop2         ; ac06l         ; 77.000  ; 94.000  ; 94.000  ; 77.000  ;
; biop2         ; ac07l         ; 77.000  ; 94.000  ; 94.000  ; 77.000  ;
; biop2         ; ac08l         ; 77.000  ; 94.000  ; 94.000  ; 77.000  ;
; biop2         ; ac09l         ; 77.000  ; 94.000  ; 94.000  ; 77.000  ;
; biop2         ; ac10l         ; 77.000  ; 94.000  ; 94.000  ; 77.000  ;
; biop2         ; ac11l         ; 86.000  ; 94.000  ; 94.000  ; 86.000  ;
; biop2         ; baclr         ; 33.000  ;         ;         ; 33.000  ;
; biop2         ; birq          ; 138.000 ; 120.000 ; 120.000 ; 138.000 ;
; biop2         ; bskip         ; 138.000 ; 120.000 ; 120.000 ; 138.000 ;
; biop2         ; n_t_7x        ; 33.000  ;         ;         ; 33.000  ;
; biop2         ; n_t_8x        ; 33.000  ;         ;         ; 33.000  ;
; biop2         ; n_t_9x        ; 33.000  ;         ;         ; 33.000  ;
; biop2         ; rx_12_bit_low ; 84.000  ; 66.000  ; 66.000  ; 84.000  ;
; biop2         ; rx_init_low   ; 41.000  ; 59.000  ; 59.000  ; 41.000  ;
; biop2         ; rx_run_low    ; 111.000 ; 119.000 ; 119.000 ; 111.000 ;
; biop4         ; ac00l         ; 219.000 ; 210.000 ; 210.000 ; 219.000 ;
; biop4         ; ac01l         ; 192.000 ; 183.000 ; 183.000 ; 192.000 ;
; biop4         ; ac02l         ; 165.000 ; 156.000 ; 156.000 ; 165.000 ;
; biop4         ; ac03l         ; 138.000 ; 129.000 ; 129.000 ; 138.000 ;
; biop4         ; ac04l         ; 102.000 ; 94.000  ; 94.000  ; 102.000 ;
; biop4         ; ac05l         ; 77.000  ; 94.000  ; 94.000  ; 77.000  ;
; biop4         ; ac06l         ; 77.000  ; 94.000  ; 94.000  ; 77.000  ;
; biop4         ; ac07l         ; 77.000  ; 94.000  ; 94.000  ; 77.000  ;
; biop4         ; ac08l         ; 77.000  ; 94.000  ; 94.000  ; 77.000  ;
; biop4         ; ac09l         ; 77.000  ; 94.000  ; 94.000  ; 77.000  ;
; biop4         ; ac10l         ; 77.000  ; 94.000  ; 94.000  ; 77.000  ;
; biop4         ; ac11l         ; 86.000  ; 94.000  ; 94.000  ; 86.000  ;
; biop4         ; baclr         ; 33.000  ;         ;         ; 33.000  ;
; biop4         ; birq          ; 138.000 ; 120.000 ; 120.000 ; 138.000 ;
; biop4         ; bskip         ; 138.000 ; 120.000 ; 120.000 ; 138.000 ;
; biop4         ; n_t_7x        ; 33.000  ;         ;         ; 33.000  ;
; biop4         ; n_t_8x        ; 33.000  ;         ;         ; 33.000  ;
; biop4         ; n_t_9x        ; 33.000  ;         ;         ; 33.000  ;
; biop4         ; rx_12_bit_low ; 84.000  ; 66.000  ; 66.000  ; 84.000  ;
; biop4         ; rx_init_low   ; 41.000  ; 59.000  ; 59.000  ; 41.000  ;
; biop4         ; rx_run_low    ; 111.000 ; 119.000 ; 119.000 ; 111.000 ;
; bmb00         ; ac00l         ; 227.000 ; 218.000 ; 218.000 ; 227.000 ;
; bmb00         ; ac01l         ; 200.000 ; 191.000 ; 191.000 ; 200.000 ;
; bmb00         ; ac02l         ; 173.000 ; 164.000 ; 164.000 ; 173.000 ;
; bmb00         ; ac03l         ; 146.000 ; 137.000 ; 137.000 ; 146.000 ;
; bmb00         ; ac04l         ; 110.000 ; 102.000 ; 102.000 ; 110.000 ;
; bmb00         ; ac05l         ; 85.000  ; 102.000 ; 102.000 ; 85.000  ;
; bmb00         ; ac06l         ; 85.000  ; 102.000 ; 102.000 ; 85.000  ;
; bmb00         ; ac07l         ; 85.000  ; 102.000 ; 102.000 ; 85.000  ;
; bmb00         ; ac08l         ; 85.000  ; 102.000 ; 102.000 ; 85.000  ;
; bmb00         ; ac09l         ; 85.000  ; 102.000 ; 102.000 ; 85.000  ;
; bmb00         ; ac10l         ; 85.000  ; 102.000 ; 102.000 ; 85.000  ;
; bmb00         ; ac11l         ; 94.000  ; 102.000 ; 102.000 ; 94.000  ;
; bmb00         ; baclr         ; 41.000  ;         ;         ; 41.000  ;
; bmb00         ; birq          ; 146.000 ; 128.000 ; 128.000 ; 146.000 ;
; bmb00         ; bskip         ; 146.000 ; 128.000 ; 128.000 ; 146.000 ;
; bmb00         ; n_t_7x        ; 41.000  ;         ;         ; 41.000  ;
; bmb00         ; n_t_8x        ; 41.000  ;         ;         ; 41.000  ;
; bmb00         ; n_t_9x        ; 41.000  ;         ;         ; 41.000  ;
; bmb00         ; rx_12_bit_low ; 92.000  ; 74.000  ; 74.000  ; 92.000  ;
; bmb00         ; rx_init_low   ;         ; 67.000  ; 67.000  ;         ;
; bmb00         ; rx_run_low    ; 119.000 ; 127.000 ; 127.000 ; 119.000 ;
; bmb01         ; ac00l         ; 218.000 ; 227.000 ; 227.000 ; 218.000 ;
; bmb01         ; ac01l         ; 191.000 ; 200.000 ; 200.000 ; 191.000 ;
; bmb01         ; ac02l         ; 164.000 ; 173.000 ; 173.000 ; 164.000 ;
; bmb01         ; ac03l         ; 137.000 ; 146.000 ; 146.000 ; 137.000 ;
; bmb01         ; ac04l         ; 102.000 ; 110.000 ; 110.000 ; 102.000 ;
; bmb01         ; ac05l         ; 102.000 ; 85.000  ; 85.000  ; 102.000 ;
; bmb01         ; ac06l         ; 102.000 ; 85.000  ; 85.000  ; 102.000 ;
; bmb01         ; ac07l         ; 102.000 ; 85.000  ; 85.000  ; 102.000 ;
; bmb01         ; ac08l         ; 102.000 ; 85.000  ; 85.000  ; 102.000 ;
; bmb01         ; ac09l         ; 102.000 ; 85.000  ; 85.000  ; 102.000 ;
; bmb01         ; ac10l         ; 102.000 ; 85.000  ; 85.000  ; 102.000 ;
; bmb01         ; ac11l         ; 102.000 ; 94.000  ; 94.000  ; 102.000 ;
; bmb01         ; baclr         ;         ; 41.000  ; 41.000  ;         ;
; bmb01         ; birq          ; 128.000 ; 146.000 ; 146.000 ; 128.000 ;
; bmb01         ; bskip         ; 128.000 ; 146.000 ; 146.000 ; 128.000 ;
; bmb01         ; n_t_7x        ;         ; 41.000  ; 41.000  ;         ;
; bmb01         ; n_t_8x        ;         ; 41.000  ; 41.000  ;         ;
; bmb01         ; n_t_9x        ;         ; 41.000  ; 41.000  ;         ;
; bmb01         ; rx_12_bit_low ; 74.000  ; 92.000  ; 92.000  ; 74.000  ;
; bmb01         ; rx_init_low   ; 67.000  ;         ;         ; 67.000  ;
; bmb01         ; rx_run_low    ; 127.000 ; 119.000 ; 119.000 ; 127.000 ;
; bmb02         ; ac00l         ; 227.000 ; 218.000 ; 218.000 ; 227.000 ;
; bmb02         ; ac01l         ; 200.000 ; 191.000 ; 191.000 ; 200.000 ;
; bmb02         ; ac02l         ; 173.000 ; 164.000 ; 164.000 ; 173.000 ;
; bmb02         ; ac03l         ; 146.000 ; 137.000 ; 137.000 ; 146.000 ;
; bmb02         ; ac04l         ; 110.000 ; 102.000 ; 102.000 ; 110.000 ;
; bmb02         ; ac05l         ; 85.000  ; 102.000 ; 102.000 ; 85.000  ;
; bmb02         ; ac06l         ; 85.000  ; 102.000 ; 102.000 ; 85.000  ;
; bmb02         ; ac07l         ; 85.000  ; 102.000 ; 102.000 ; 85.000  ;
; bmb02         ; ac08l         ; 85.000  ; 102.000 ; 102.000 ; 85.000  ;
; bmb02         ; ac09l         ; 85.000  ; 102.000 ; 102.000 ; 85.000  ;
; bmb02         ; ac10l         ; 85.000  ; 102.000 ; 102.000 ; 85.000  ;
; bmb02         ; ac11l         ; 94.000  ; 102.000 ; 102.000 ; 94.000  ;
; bmb02         ; baclr         ; 41.000  ;         ;         ; 41.000  ;
; bmb02         ; birq          ; 146.000 ; 128.000 ; 128.000 ; 146.000 ;
; bmb02         ; bskip         ; 146.000 ; 128.000 ; 128.000 ; 146.000 ;
; bmb02         ; n_t_7x        ; 41.000  ;         ;         ; 41.000  ;
; bmb02         ; n_t_8x        ; 41.000  ;         ;         ; 41.000  ;
; bmb02         ; n_t_9x        ; 41.000  ;         ;         ; 41.000  ;
; bmb02         ; rx_12_bit_low ; 92.000  ; 74.000  ; 74.000  ; 92.000  ;
; bmb02         ; rx_init_low   ;         ; 67.000  ; 67.000  ;         ;
; bmb02         ; rx_run_low    ; 119.000 ; 127.000 ; 127.000 ; 119.000 ;
; bmb09         ; ac00l         ; 201.000 ; 192.000 ; 192.000 ; 201.000 ;
; bmb09         ; ac01l         ; 174.000 ; 165.000 ; 165.000 ; 174.000 ;
; bmb09         ; ac02l         ; 147.000 ; 138.000 ; 138.000 ; 147.000 ;
; bmb09         ; ac03l         ; 120.000 ; 111.000 ; 111.000 ; 120.000 ;
; bmb09         ; ac04l         ; 84.000  ; 76.000  ; 76.000  ; 84.000  ;
; bmb09         ; ac05l         ; 59.000  ; 76.000  ; 76.000  ; 59.000  ;
; bmb09         ; ac06l         ; 59.000  ; 76.000  ; 76.000  ; 59.000  ;
; bmb09         ; ac07l         ; 59.000  ; 76.000  ; 76.000  ; 59.000  ;
; bmb09         ; ac08l         ; 59.000  ; 76.000  ; 76.000  ; 59.000  ;
; bmb09         ; ac09l         ; 59.000  ; 76.000  ; 76.000  ; 59.000  ;
; bmb09         ; ac10l         ; 59.000  ; 76.000  ; 76.000  ; 59.000  ;
; bmb09         ; ac11l         ; 68.000  ; 76.000  ; 76.000  ; 68.000  ;
; bmb09         ; baclr         ;         ; 15.000  ; 15.000  ;         ;
; bmb09         ; birq          ; 120.000 ; 94.000  ; 94.000  ; 120.000 ;
; bmb09         ; bskip         ; 120.000 ; 94.000  ; 94.000  ; 120.000 ;
; bmb09         ; rx_12_bit_low ; 66.000  ; 41.000  ; 41.000  ; 66.000  ;
; bmb09         ; rx_init_low   ;         ; 41.000  ; 41.000  ;         ;
; bmb09         ; rx_run_low    ; 93.000  ; 101.000 ; 101.000 ; 93.000  ;
; bmb10         ; ac00l         ; 201.000 ; 192.000 ; 192.000 ; 201.000 ;
; bmb10         ; ac01l         ; 174.000 ; 165.000 ; 165.000 ; 174.000 ;
; bmb10         ; ac02l         ; 147.000 ; 138.000 ; 138.000 ; 147.000 ;
; bmb10         ; ac03l         ; 120.000 ; 111.000 ; 111.000 ; 120.000 ;
; bmb10         ; ac04l         ; 84.000  ; 76.000  ; 76.000  ; 84.000  ;
; bmb10         ; ac05l         ; 59.000  ; 76.000  ; 76.000  ; 59.000  ;
; bmb10         ; ac06l         ; 59.000  ; 76.000  ; 76.000  ; 59.000  ;
; bmb10         ; ac07l         ; 59.000  ; 76.000  ; 76.000  ; 59.000  ;
; bmb10         ; ac08l         ; 59.000  ; 76.000  ; 76.000  ; 59.000  ;
; bmb10         ; ac09l         ; 59.000  ; 76.000  ; 76.000  ; 59.000  ;
; bmb10         ; ac10l         ; 59.000  ; 76.000  ; 76.000  ; 59.000  ;
; bmb10         ; ac11l         ; 68.000  ; 76.000  ; 76.000  ; 68.000  ;
; bmb10         ; baclr         ;         ; 15.000  ; 15.000  ;         ;
; bmb10         ; birq          ; 120.000 ; 94.000  ; 94.000  ; 120.000 ;
; bmb10         ; bskip         ; 120.000 ; 94.000  ; 94.000  ; 120.000 ;
; bmb10         ; rx_12_bit_low ; 66.000  ; 41.000  ; 41.000  ; 66.000  ;
; bmb10         ; rx_init_low   ;         ; 41.000  ; 41.000  ;         ;
; bmb10         ; rx_run_low    ; 93.000  ; 101.000 ; 101.000 ; 93.000  ;
; bmb11         ; ac00l         ; 201.000 ; 192.000 ; 192.000 ; 201.000 ;
; bmb11         ; ac01l         ; 174.000 ; 165.000 ; 165.000 ; 174.000 ;
; bmb11         ; ac02l         ; 147.000 ; 138.000 ; 138.000 ; 147.000 ;
; bmb11         ; ac03l         ; 120.000 ; 111.000 ; 111.000 ; 120.000 ;
; bmb11         ; ac04l         ; 84.000  ; 76.000  ; 76.000  ; 84.000  ;
; bmb11         ; ac05l         ; 59.000  ; 76.000  ; 76.000  ; 59.000  ;
; bmb11         ; ac06l         ; 59.000  ; 76.000  ; 76.000  ; 59.000  ;
; bmb11         ; ac07l         ; 59.000  ; 76.000  ; 76.000  ; 59.000  ;
; bmb11         ; ac08l         ; 59.000  ; 76.000  ; 76.000  ; 59.000  ;
; bmb11         ; ac09l         ; 59.000  ; 76.000  ; 76.000  ; 59.000  ;
; bmb11         ; ac10l         ; 59.000  ; 76.000  ; 76.000  ; 59.000  ;
; bmb11         ; ac11l         ; 68.000  ; 76.000  ; 76.000  ; 68.000  ;
; bmb11         ; baclr         ; 15.000  ;         ;         ; 15.000  ;
; bmb11         ; birq          ; 120.000 ; 102.000 ; 102.000 ; 120.000 ;
; bmb11         ; bskip         ; 120.000 ; 102.000 ; 102.000 ; 120.000 ;
; bmb11         ; rx_12_bit_low ; 66.000  ; 48.000  ; 48.000  ; 66.000  ;
; bmb11         ; rx_init_low   ;         ; 41.000  ; 41.000  ;         ;
; bmb11         ; rx_run_low    ; 93.000  ; 101.000 ; 101.000 ; 93.000  ;
; bts3          ; ac00l         ; 219.000 ; 219.000 ; 219.000 ; 219.000 ;
; bts3          ; ac01l         ; 192.000 ; 192.000 ; 192.000 ; 192.000 ;
; bts3          ; ac02l         ; 165.000 ; 165.000 ; 165.000 ; 165.000 ;
; bts3          ; ac03l         ; 138.000 ; 138.000 ; 138.000 ; 138.000 ;
; bts3          ; ac04l         ; 102.000 ; 102.000 ; 102.000 ; 102.000 ;
; bts3          ; ac05l         ; 94.000  ; 94.000  ; 94.000  ; 94.000  ;
; bts3          ; ac06l         ; 94.000  ; 94.000  ; 94.000  ; 94.000  ;
; bts3          ; ac07l         ; 94.000  ; 94.000  ; 94.000  ; 94.000  ;
; bts3          ; ac08l         ; 94.000  ; 94.000  ; 94.000  ; 94.000  ;
; bts3          ; ac09l         ; 94.000  ; 94.000  ; 94.000  ; 94.000  ;
; bts3          ; ac10l         ; 94.000  ; 94.000  ; 94.000  ; 94.000  ;
; bts3          ; ac11l         ; 94.000  ; 94.000  ; 94.000  ; 94.000  ;
; bts3          ; baclr         ; 33.000  ; 33.000  ; 33.000  ; 33.000  ;
; bts3          ; birq          ; 138.000 ; 138.000 ; 138.000 ; 138.000 ;
; bts3          ; bskip         ; 138.000 ; 138.000 ; 138.000 ; 138.000 ;
; bts3          ; n_t_7x        ; 33.000  ; 33.000  ; 33.000  ; 33.000  ;
; bts3          ; n_t_8x        ; 33.000  ; 33.000  ; 33.000  ; 33.000  ;
; bts3          ; n_t_9x        ; 33.000  ; 33.000  ; 33.000  ; 33.000  ;
; bts3          ; rx_12_bit_low ; 84.000  ; 84.000  ; 84.000  ; 84.000  ;
; bts3          ; rx_init_low   ; 59.000  ; 59.000  ; 59.000  ; 59.000  ;
; bts3          ; rx_run_low    ; 119.000 ; 119.000 ; 119.000 ; 119.000 ;
; initialize    ; ac00l         ; 166.000 ; 175.000 ; 175.000 ; 166.000 ;
; initialize    ; ac01l         ; 139.000 ; 148.000 ; 148.000 ; 139.000 ;
; initialize    ; ac02l         ; 112.000 ; 121.000 ; 121.000 ; 112.000 ;
; initialize    ; ac03l         ; 85.000  ; 94.000  ; 94.000  ; 85.000  ;
; initialize    ; ac04l         ; 50.000  ; 58.000  ; 58.000  ; 50.000  ;
; initialize    ; ac05l         ; 50.000  ; 33.000  ; 33.000  ; 50.000  ;
; initialize    ; ac06l         ; 50.000  ; 33.000  ; 33.000  ; 50.000  ;
; initialize    ; ac07l         ; 50.000  ; 33.000  ; 33.000  ; 50.000  ;
; initialize    ; ac08l         ; 50.000  ; 33.000  ; 33.000  ; 50.000  ;
; initialize    ; ac09l         ; 50.000  ; 33.000  ; 33.000  ; 50.000  ;
; initialize    ; ac10l         ; 50.000  ; 33.000  ; 33.000  ; 50.000  ;
; initialize    ; ac11l         ; 50.000  ; 42.000  ; 42.000  ; 50.000  ;
; initialize    ; birq          ; 59.000  ; 94.000  ; 94.000  ; 59.000  ;
; initialize    ; bskip         ; 59.000  ; 94.000  ; 94.000  ; 59.000  ;
; initialize    ; rx_12_bit_low ;         ; 40.000  ; 40.000  ;         ;
; initialize    ; rx_init_low   ;         ; 15.000  ; 15.000  ;         ;
; initialize    ; rx_run_low    ; 75.000  ; 67.000  ; 67.000  ; 75.000  ;
; md03_low      ; ac00l         ; 192.000 ; 201.000 ; 201.000 ; 192.000 ;
; md03_low      ; ac01l         ; 165.000 ; 174.000 ; 174.000 ; 165.000 ;
; md03_low      ; ac02l         ; 138.000 ; 147.000 ; 147.000 ; 138.000 ;
; md03_low      ; ac03l         ; 111.000 ; 120.000 ; 120.000 ; 111.000 ;
; md03_low      ; ac04l         ; 76.000  ; 84.000  ; 84.000  ; 76.000  ;
; md03_low      ; ac05l         ; 76.000  ; 59.000  ; 59.000  ; 76.000  ;
; md03_low      ; ac06l         ; 76.000  ; 59.000  ; 59.000  ; 76.000  ;
; md03_low      ; ac07l         ; 76.000  ; 59.000  ; 59.000  ; 76.000  ;
; md03_low      ; ac08l         ; 76.000  ; 59.000  ; 59.000  ; 76.000  ;
; md03_low      ; ac09l         ; 76.000  ; 59.000  ; 59.000  ; 76.000  ;
; md03_low      ; ac10l         ; 76.000  ; 59.000  ; 59.000  ; 76.000  ;
; md03_low      ; ac11l         ; 76.000  ; 68.000  ; 68.000  ; 76.000  ;
; md03_low      ; baclr         ;         ; 15.000  ; 15.000  ;         ;
; md03_low      ; birq          ; 102.000 ; 120.000 ; 120.000 ; 102.000 ;
; md03_low      ; bskip         ; 102.000 ; 120.000 ; 120.000 ; 102.000 ;
; md03_low      ; rx_12_bit_low ; 48.000  ; 66.000  ; 66.000  ; 48.000  ;
; md03_low      ; rx_init_low   ; 41.000  ;         ;         ; 41.000  ;
; md03_low      ; rx_run_low    ; 101.000 ; 93.000  ; 93.000  ; 101.000 ;
; md04_low      ; ac00l         ; 192.000 ; 201.000 ; 201.000 ; 192.000 ;
; md04_low      ; ac01l         ; 165.000 ; 174.000 ; 174.000 ; 165.000 ;
; md04_low      ; ac02l         ; 138.000 ; 147.000 ; 147.000 ; 138.000 ;
; md04_low      ; ac03l         ; 111.000 ; 120.000 ; 120.000 ; 111.000 ;
; md04_low      ; ac04l         ; 76.000  ; 84.000  ; 84.000  ; 76.000  ;
; md04_low      ; ac05l         ; 76.000  ; 59.000  ; 59.000  ; 76.000  ;
; md04_low      ; ac06l         ; 76.000  ; 59.000  ; 59.000  ; 76.000  ;
; md04_low      ; ac07l         ; 76.000  ; 59.000  ; 59.000  ; 76.000  ;
; md04_low      ; ac08l         ; 76.000  ; 59.000  ; 59.000  ; 76.000  ;
; md04_low      ; ac09l         ; 76.000  ; 59.000  ; 59.000  ; 76.000  ;
; md04_low      ; ac10l         ; 76.000  ; 59.000  ; 59.000  ; 76.000  ;
; md04_low      ; ac11l         ; 76.000  ; 68.000  ; 68.000  ; 76.000  ;
; md04_low      ; baclr         ;         ; 15.000  ; 15.000  ;         ;
; md04_low      ; birq          ; 102.000 ; 120.000 ; 120.000 ; 102.000 ;
; md04_low      ; bskip         ; 102.000 ; 120.000 ; 120.000 ; 102.000 ;
; md04_low      ; rx_12_bit_low ; 48.000  ; 66.000  ; 66.000  ; 48.000  ;
; md04_low      ; rx_init_low   ; 41.000  ;         ;         ; 41.000  ;
; md04_low      ; rx_run_low    ; 101.000 ; 93.000  ; 93.000  ; 101.000 ;
; md05_low      ; ac00l         ; 192.000 ; 201.000 ; 201.000 ; 192.000 ;
; md05_low      ; ac01l         ; 165.000 ; 174.000 ; 174.000 ; 165.000 ;
; md05_low      ; ac02l         ; 138.000 ; 147.000 ; 147.000 ; 138.000 ;
; md05_low      ; ac03l         ; 111.000 ; 120.000 ; 120.000 ; 111.000 ;
; md05_low      ; ac04l         ; 76.000  ; 84.000  ; 84.000  ; 76.000  ;
; md05_low      ; ac05l         ; 76.000  ; 59.000  ; 59.000  ; 76.000  ;
; md05_low      ; ac06l         ; 76.000  ; 59.000  ; 59.000  ; 76.000  ;
; md05_low      ; ac07l         ; 76.000  ; 59.000  ; 59.000  ; 76.000  ;
; md05_low      ; ac08l         ; 76.000  ; 59.000  ; 59.000  ; 76.000  ;
; md05_low      ; ac09l         ; 76.000  ; 59.000  ; 59.000  ; 76.000  ;
; md05_low      ; ac10l         ; 76.000  ; 59.000  ; 59.000  ; 76.000  ;
; md05_low      ; ac11l         ; 76.000  ; 68.000  ; 68.000  ; 76.000  ;
; md05_low      ; baclr         ;         ; 15.000  ; 15.000  ;         ;
; md05_low      ; birq          ; 102.000 ; 120.000 ; 120.000 ; 102.000 ;
; md05_low      ; bskip         ; 102.000 ; 120.000 ; 120.000 ; 102.000 ;
; md05_low      ; rx_12_bit_low ; 48.000  ; 66.000  ; 66.000  ; 48.000  ;
; md05_low      ; rx_init_low   ; 41.000  ;         ;         ; 41.000  ;
; md05_low      ; rx_run_low    ; 101.000 ; 93.000  ; 93.000  ; 101.000 ;
; md06_low      ; n_t_9x        ;         ; 15.000  ; 15.000  ;         ;
; md07_low      ; n_t_8x        ;         ; 15.000  ; 15.000  ;         ;
; md08_low      ; n_t_7x        ;         ; 15.000  ; 15.000  ;         ;
; n_t_1x        ; ac00l         ; 192.000 ; 201.000 ; 201.000 ; 192.000 ;
; n_t_1x        ; ac01l         ; 165.000 ; 174.000 ; 174.000 ; 165.000 ;
; n_t_1x        ; ac02l         ; 138.000 ; 147.000 ; 147.000 ; 138.000 ;
; n_t_1x        ; ac03l         ; 111.000 ; 120.000 ; 120.000 ; 111.000 ;
; n_t_1x        ; ac04l         ; 76.000  ; 84.000  ; 84.000  ; 76.000  ;
; n_t_1x        ; ac05l         ; 76.000  ; 59.000  ; 59.000  ; 76.000  ;
; n_t_1x        ; ac06l         ; 76.000  ; 59.000  ; 59.000  ; 76.000  ;
; n_t_1x        ; ac07l         ; 76.000  ; 59.000  ; 59.000  ; 76.000  ;
; n_t_1x        ; ac08l         ; 76.000  ; 59.000  ; 59.000  ; 76.000  ;
; n_t_1x        ; ac09l         ; 76.000  ; 59.000  ; 59.000  ; 76.000  ;
; n_t_1x        ; ac10l         ; 76.000  ; 59.000  ; 59.000  ; 76.000  ;
; n_t_1x        ; ac11l         ; 76.000  ; 68.000  ; 68.000  ; 76.000  ;
; n_t_1x        ; baclr         ;         ; 15.000  ; 15.000  ;         ;
; n_t_1x        ; birq          ; 102.000 ; 120.000 ; 120.000 ; 102.000 ;
; n_t_1x        ; bskip         ; 102.000 ; 120.000 ; 120.000 ; 102.000 ;
; n_t_1x        ; rx_12_bit_low ; 48.000  ; 66.000  ; 66.000  ; 48.000  ;
; n_t_1x        ; rx_init_low   ; 41.000  ;         ;         ; 41.000  ;
; n_t_1x        ; rx_run_low    ; 101.000 ; 93.000  ; 93.000  ; 101.000 ;
; n_t_5x        ; ac00l         ; 192.000 ; 201.000 ; 201.000 ; 192.000 ;
; n_t_5x        ; ac01l         ; 165.000 ; 174.000 ; 174.000 ; 165.000 ;
; n_t_5x        ; ac02l         ; 138.000 ; 147.000 ; 147.000 ; 138.000 ;
; n_t_5x        ; ac03l         ; 111.000 ; 120.000 ; 120.000 ; 111.000 ;
; n_t_5x        ; ac04l         ; 76.000  ; 84.000  ; 84.000  ; 76.000  ;
; n_t_5x        ; ac05l         ; 76.000  ; 59.000  ; 59.000  ; 76.000  ;
; n_t_5x        ; ac06l         ; 76.000  ; 59.000  ; 59.000  ; 76.000  ;
; n_t_5x        ; ac07l         ; 76.000  ; 59.000  ; 59.000  ; 76.000  ;
; n_t_5x        ; ac08l         ; 76.000  ; 59.000  ; 59.000  ; 76.000  ;
; n_t_5x        ; ac09l         ; 76.000  ; 59.000  ; 59.000  ; 76.000  ;
; n_t_5x        ; ac10l         ; 76.000  ; 59.000  ; 59.000  ; 76.000  ;
; n_t_5x        ; ac11l         ; 76.000  ; 68.000  ; 68.000  ; 76.000  ;
; n_t_5x        ; baclr         ;         ; 15.000  ; 15.000  ;         ;
; n_t_5x        ; birq          ; 102.000 ; 120.000 ; 120.000 ; 102.000 ;
; n_t_5x        ; bskip         ; 102.000 ; 120.000 ; 120.000 ; 102.000 ;
; n_t_5x        ; rx_12_bit_low ; 48.000  ; 66.000  ; 66.000  ; 48.000  ;
; n_t_5x        ; rx_init_low   ; 41.000  ;         ;         ; 41.000  ;
; n_t_5x        ; rx_run_low    ; 101.000 ; 93.000  ; 93.000  ; 101.000 ;
; n_t_6x        ; ac00l         ; 192.000 ; 201.000 ; 201.000 ; 192.000 ;
; n_t_6x        ; ac01l         ; 165.000 ; 174.000 ; 174.000 ; 165.000 ;
; n_t_6x        ; ac02l         ; 138.000 ; 147.000 ; 147.000 ; 138.000 ;
; n_t_6x        ; ac03l         ; 111.000 ; 120.000 ; 120.000 ; 111.000 ;
; n_t_6x        ; ac04l         ; 76.000  ; 84.000  ; 84.000  ; 76.000  ;
; n_t_6x        ; ac05l         ; 76.000  ; 59.000  ; 59.000  ; 76.000  ;
; n_t_6x        ; ac06l         ; 76.000  ; 59.000  ; 59.000  ; 76.000  ;
; n_t_6x        ; ac07l         ; 76.000  ; 59.000  ; 59.000  ; 76.000  ;
; n_t_6x        ; ac08l         ; 76.000  ; 59.000  ; 59.000  ; 76.000  ;
; n_t_6x        ; ac09l         ; 76.000  ; 59.000  ; 59.000  ; 76.000  ;
; n_t_6x        ; ac10l         ; 76.000  ; 59.000  ; 59.000  ; 76.000  ;
; n_t_6x        ; ac11l         ; 76.000  ; 68.000  ; 68.000  ; 76.000  ;
; n_t_6x        ; baclr         ;         ; 15.000  ; 15.000  ;         ;
; n_t_6x        ; birq          ; 102.000 ; 120.000 ; 120.000 ; 102.000 ;
; n_t_6x        ; bskip         ; 102.000 ; 120.000 ; 120.000 ; 102.000 ;
; n_t_6x        ; rx_12_bit_low ; 48.000  ; 66.000  ; 66.000  ; 48.000  ;
; n_t_6x        ; rx_init_low   ; 41.000  ;         ;         ; 41.000  ;
; n_t_6x        ; rx_run_low    ; 101.000 ; 93.000  ; 93.000  ; 101.000 ;
; rx_data_low   ; ac00l         ; 166.000 ; 175.000 ; 175.000 ; 166.000 ;
; rx_data_low   ; ac01l         ; 139.000 ; 148.000 ; 148.000 ; 139.000 ;
; rx_data_low   ; ac02l         ; 112.000 ; 121.000 ; 121.000 ; 112.000 ;
; rx_data_low   ; ac03l         ; 85.000  ; 94.000  ; 94.000  ; 85.000  ;
; rx_data_low   ; ac04l         ; 50.000  ; 58.000  ; 58.000  ; 50.000  ;
; rx_data_low   ; ac05l         ; 50.000  ; 33.000  ; 33.000  ; 50.000  ;
; rx_data_low   ; ac06l         ; 50.000  ; 33.000  ; 33.000  ; 50.000  ;
; rx_data_low   ; ac07l         ; 50.000  ; 33.000  ; 33.000  ; 50.000  ;
; rx_data_low   ; ac08l         ; 50.000  ; 33.000  ; 33.000  ; 50.000  ;
; rx_data_low   ; ac09l         ; 50.000  ; 33.000  ; 33.000  ; 50.000  ;
; rx_data_low   ; ac10l         ; 50.000  ; 33.000  ; 33.000  ; 50.000  ;
; rx_data_low   ; ac11l         ; 50.000  ; 42.000  ; 42.000  ; 50.000  ;
; rx_data_low   ; birq          ;         ; 94.000  ; 94.000  ;         ;
; rx_data_low   ; bskip         ;         ; 94.000  ; 94.000  ;         ;
; rx_data_low   ; rx_12_bit_low ;         ; 40.000  ; 40.000  ;         ;
; rx_data_low   ; rx_run_low    ; 75.000  ; 67.000  ; 67.000  ; 75.000  ;
; rx_done_low   ; ac00l         ; 166.000 ; 175.000 ; 175.000 ; 166.000 ;
; rx_done_low   ; ac01l         ; 139.000 ; 148.000 ; 148.000 ; 139.000 ;
; rx_done_low   ; ac02l         ; 112.000 ; 121.000 ; 121.000 ; 112.000 ;
; rx_done_low   ; ac03l         ; 85.000  ; 94.000  ; 94.000  ; 85.000  ;
; rx_done_low   ; ac04l         ; 50.000  ; 58.000  ; 58.000  ; 50.000  ;
; rx_done_low   ; ac05l         ; 50.000  ; 33.000  ; 33.000  ; 50.000  ;
; rx_done_low   ; ac06l         ; 50.000  ; 33.000  ; 33.000  ; 50.000  ;
; rx_done_low   ; ac07l         ; 50.000  ; 33.000  ; 33.000  ; 50.000  ;
; rx_done_low   ; ac08l         ; 50.000  ; 33.000  ; 33.000  ; 50.000  ;
; rx_done_low   ; ac09l         ; 50.000  ; 33.000  ; 33.000  ; 50.000  ;
; rx_done_low   ; ac10l         ; 50.000  ; 33.000  ; 33.000  ; 50.000  ;
; rx_done_low   ; ac11l         ; 50.000  ; 42.000  ; 42.000  ; 50.000  ;
; rx_done_low   ; birq          ; 59.000  ; 94.000  ; 94.000  ; 59.000  ;
; rx_done_low   ; bskip         ;         ; 94.000  ; 94.000  ;         ;
; rx_done_low   ; rx_12_bit_low ;         ; 40.000  ; 40.000  ;         ;
; rx_done_low   ; rx_run_low    ; 75.000  ; 67.000  ; 67.000  ; 75.000  ;
; rx_out_low    ; ac00l         ; 166.000 ; 175.000 ; 175.000 ; 166.000 ;
; rx_out_low    ; ac01l         ; 139.000 ; 148.000 ; 148.000 ; 139.000 ;
; rx_out_low    ; ac02l         ; 112.000 ; 121.000 ; 121.000 ; 112.000 ;
; rx_out_low    ; ac03l         ; 85.000  ; 94.000  ; 94.000  ; 85.000  ;
; rx_out_low    ; ac04l         ; 50.000  ; 58.000  ; 58.000  ; 50.000  ;
; rx_out_low    ; ac05l         ; 50.000  ; 33.000  ; 33.000  ; 50.000  ;
; rx_out_low    ; ac06l         ; 50.000  ; 33.000  ; 33.000  ; 50.000  ;
; rx_out_low    ; ac07l         ; 50.000  ; 33.000  ; 33.000  ; 50.000  ;
; rx_out_low    ; ac08l         ; 50.000  ; 33.000  ; 33.000  ; 50.000  ;
; rx_out_low    ; ac09l         ; 50.000  ; 33.000  ; 33.000  ; 50.000  ;
; rx_out_low    ; ac10l         ; 50.000  ; 33.000  ; 33.000  ; 50.000  ;
; rx_out_low    ; ac11l         ; 50.000  ; 42.000  ; 42.000  ; 50.000  ;
; rx_out_low    ; birq          ; 42.000  ; 94.000  ; 94.000  ; 42.000  ;
; rx_out_low    ; bskip         ;         ; 94.000  ; 94.000  ;         ;
; rx_out_low    ; rx_12_bit_low ;         ; 40.000  ; 40.000  ;         ;
; rx_out_low    ; rx_run_low    ; 75.000  ; 67.000  ; 67.000  ; 75.000  ;
; rx_shift_low  ; ac00l         ; 166.000 ; 175.000 ; 175.000 ; 166.000 ;
; rx_shift_low  ; ac01l         ; 139.000 ; 148.000 ; 148.000 ; 139.000 ;
; rx_shift_low  ; ac02l         ; 112.000 ; 121.000 ; 121.000 ; 112.000 ;
; rx_shift_low  ; ac03l         ; 85.000  ; 94.000  ; 94.000  ; 85.000  ;
; rx_shift_low  ; ac04l         ; 50.000  ; 58.000  ; 58.000  ; 50.000  ;
; rx_shift_low  ; ac05l         ; 50.000  ; 33.000  ; 33.000  ; 50.000  ;
; rx_shift_low  ; ac06l         ; 50.000  ; 33.000  ; 33.000  ; 50.000  ;
; rx_shift_low  ; ac07l         ; 50.000  ; 33.000  ; 33.000  ; 50.000  ;
; rx_shift_low  ; ac08l         ; 50.000  ; 33.000  ; 33.000  ; 50.000  ;
; rx_shift_low  ; ac09l         ; 50.000  ; 33.000  ; 33.000  ; 50.000  ;
; rx_shift_low  ; ac10l         ; 50.000  ; 33.000  ; 33.000  ; 50.000  ;
; rx_shift_low  ; ac11l         ; 50.000  ; 42.000  ; 42.000  ; 50.000  ;
; rx_shift_low  ; birq          ;         ; 94.000  ; 94.000  ;         ;
; rx_shift_low  ; bskip         ;         ; 94.000  ; 94.000  ;         ;
; rx_shift_low  ; rx_12_bit_low ;         ; 40.000  ; 40.000  ;         ;
; rx_shift_low  ; rx_run_low    ; 75.000  ; 67.000  ; 67.000  ; 75.000  ;
; rx_tr_req_low ; ac00l         ; 166.000 ; 175.000 ; 175.000 ; 166.000 ;
; rx_tr_req_low ; ac01l         ; 139.000 ; 148.000 ; 148.000 ; 139.000 ;
; rx_tr_req_low ; ac02l         ; 112.000 ; 121.000 ; 121.000 ; 112.000 ;
; rx_tr_req_low ; ac03l         ; 85.000  ; 94.000  ; 94.000  ; 85.000  ;
; rx_tr_req_low ; ac04l         ; 50.000  ; 58.000  ; 58.000  ; 50.000  ;
; rx_tr_req_low ; ac05l         ; 50.000  ; 33.000  ; 33.000  ; 50.000  ;
; rx_tr_req_low ; ac06l         ; 50.000  ; 33.000  ; 33.000  ; 50.000  ;
; rx_tr_req_low ; ac07l         ; 50.000  ; 33.000  ; 33.000  ; 50.000  ;
; rx_tr_req_low ; ac08l         ; 50.000  ; 33.000  ; 33.000  ; 50.000  ;
; rx_tr_req_low ; ac09l         ; 50.000  ; 33.000  ; 33.000  ; 50.000  ;
; rx_tr_req_low ; ac10l         ; 50.000  ; 33.000  ; 33.000  ; 50.000  ;
; rx_tr_req_low ; ac11l         ; 50.000  ; 42.000  ; 42.000  ; 50.000  ;
; rx_tr_req_low ; birq          ;         ; 94.000  ; 94.000  ;         ;
; rx_tr_req_low ; bskip         ; 59.000  ; 94.000  ; 94.000  ; 59.000  ;
; rx_tr_req_low ; rx_12_bit_low ;         ; 40.000  ; 40.000  ;         ;
; rx_tr_req_low ; rx_run_low    ; 75.000  ; 67.000  ; 67.000  ; 75.000  ;
; tp4           ; ac00l         ; 184.000 ; 193.000 ; 193.000 ; 184.000 ;
; tp4           ; ac01l         ; 157.000 ; 166.000 ; 166.000 ; 157.000 ;
; tp4           ; ac02l         ; 130.000 ; 139.000 ; 139.000 ; 130.000 ;
; tp4           ; ac03l         ; 103.000 ; 112.000 ; 112.000 ; 103.000 ;
; tp4           ; ac04l         ; 68.000  ; 76.000  ; 76.000  ; 68.000  ;
; tp4           ; ac05l         ; 68.000  ; 51.000  ; 51.000  ; 68.000  ;
; tp4           ; ac06l         ; 68.000  ; 51.000  ; 51.000  ; 68.000  ;
; tp4           ; ac07l         ; 68.000  ; 51.000  ; 51.000  ; 68.000  ;
; tp4           ; ac08l         ; 68.000  ; 51.000  ; 51.000  ; 68.000  ;
; tp4           ; ac09l         ; 68.000  ; 51.000  ; 51.000  ; 68.000  ;
; tp4           ; ac10l         ; 68.000  ; 51.000  ; 51.000  ; 68.000  ;
; tp4           ; ac11l         ; 68.000  ; 60.000  ; 60.000  ; 68.000  ;
; tp4           ; birq          ; 86.000  ; 112.000 ; 112.000 ; 86.000  ;
; tp4           ; bskip         ; 86.000  ; 112.000 ; 112.000 ; 86.000  ;
; tp4           ; rx_12_bit_low ; 33.000  ; 58.000  ; 58.000  ; 33.000  ;
; tp4           ; rx_init_low   ; 33.000  ;         ;         ; 33.000  ;
; tp4           ; rx_run_low    ; 93.000  ; 85.000  ; 85.000  ; 93.000  ;
+---------------+---------------+---------+---------+---------+---------+


+---------------------------------------------------------------------+
; Minimum Propagation Delay                                           ;
+---------------+---------------+--------+---------+---------+--------+
; Input Port    ; Output Port   ; RR     ; RF      ; FR      ; FF     ;
+---------------+---------------+--------+---------+---------+--------+
; bac00         ; ac00l         ;        ; 51.000  ; 51.000  ;        ;
; bac01         ; ac00l         ;        ; 78.000  ; 78.000  ;        ;
; bac01         ; ac01l         ;        ; 51.000  ; 51.000  ;        ;
; bac02         ; ac00l         ;        ; 105.000 ; 105.000 ;        ;
; bac02         ; ac01l         ;        ; 78.000  ; 78.000  ;        ;
; bac02         ; ac02l         ;        ; 51.000  ; 51.000  ;        ;
; bac03         ; ac00l         ;        ; 132.000 ; 132.000 ;        ;
; bac03         ; ac01l         ;        ; 105.000 ; 105.000 ;        ;
; bac03         ; ac02l         ;        ; 78.000  ; 78.000  ;        ;
; bac03         ; ac03l         ;        ; 51.000  ; 51.000  ;        ;
; bac04         ; ac00l         ; 42.000 ; 31.000  ; 31.000  ; 42.000 ;
; bac04         ; ac01l         ; 42.000 ; 31.000  ; 31.000  ; 42.000 ;
; bac04         ; ac02l         ; 42.000 ; 31.000  ; 31.000  ; 42.000 ;
; bac04         ; ac03l         ; 42.000 ; 31.000  ; 31.000  ; 42.000 ;
; bac04         ; ac04l         ; 33.000 ; 24.000  ; 24.000  ; 33.000 ;
; bac04         ; ac05l         ; 49.000 ; 31.000  ; 31.000  ; 49.000 ;
; bac04         ; ac06l         ; 49.000 ; 31.000  ; 31.000  ; 49.000 ;
; bac04         ; ac07l         ; 49.000 ; 31.000  ; 31.000  ; 49.000 ;
; bac04         ; ac08l         ; 49.000 ; 31.000  ; 31.000  ; 49.000 ;
; bac04         ; ac09l         ; 49.000 ; 31.000  ; 31.000  ; 49.000 ;
; bac04         ; ac10l         ; 49.000 ; 31.000  ; 31.000  ; 49.000 ;
; bac04         ; ac11l         ; 49.000 ; 31.000  ; 31.000  ; 49.000 ;
; bac04         ; birq          ;        ; 51.000  ; 51.000  ;        ;
; bac04         ; bskip         ;        ; 77.000  ; 77.000  ;        ;
; bac04         ; rx_12_bit_low ;        ; 40.000  ; 40.000  ;        ;
; bac04         ; rx_run_low    ; 50.000 ; 58.000  ; 58.000  ; 50.000 ;
; bac05         ; ac00l         ; 42.000 ; 31.000  ; 31.000  ; 42.000 ;
; bac05         ; ac01l         ; 42.000 ; 31.000  ; 31.000  ; 42.000 ;
; bac05         ; ac02l         ; 42.000 ; 31.000  ; 31.000  ; 42.000 ;
; bac05         ; ac03l         ; 42.000 ; 31.000  ; 31.000  ; 42.000 ;
; bac05         ; ac04l         ; 33.000 ; 32.000  ; 32.000  ; 33.000 ;
; bac05         ; ac05l         ; 49.000 ; 31.000  ; 31.000  ; 49.000 ;
; bac05         ; ac06l         ; 49.000 ; 31.000  ; 31.000  ; 49.000 ;
; bac05         ; ac07l         ; 49.000 ; 31.000  ; 31.000  ; 49.000 ;
; bac05         ; ac08l         ; 49.000 ; 31.000  ; 31.000  ; 49.000 ;
; bac05         ; ac09l         ; 49.000 ; 31.000  ; 31.000  ; 49.000 ;
; bac05         ; ac10l         ; 49.000 ; 31.000  ; 31.000  ; 49.000 ;
; bac05         ; ac11l         ; 49.000 ; 31.000  ; 31.000  ; 49.000 ;
; bac05         ; birq          ;        ; 51.000  ; 51.000  ;        ;
; bac05         ; bskip         ;        ; 77.000  ; 77.000  ;        ;
; bac05         ; rx_12_bit_low ;        ; 40.000  ; 40.000  ;        ;
; bac05         ; rx_run_low    ; 50.000 ; 58.000  ; 58.000  ; 50.000 ;
; bac06         ; ac00l         ; 42.000 ; 31.000  ; 31.000  ; 42.000 ;
; bac06         ; ac01l         ; 42.000 ; 31.000  ; 31.000  ; 42.000 ;
; bac06         ; ac02l         ; 42.000 ; 31.000  ; 31.000  ; 42.000 ;
; bac06         ; ac03l         ; 42.000 ; 31.000  ; 31.000  ; 42.000 ;
; bac06         ; ac04l         ; 33.000 ; 32.000  ; 32.000  ; 33.000 ;
; bac06         ; ac05l         ; 49.000 ; 31.000  ; 31.000  ; 49.000 ;
; bac06         ; ac06l         ; 15.000 ; 31.000  ; 31.000  ; 15.000 ;
; bac06         ; ac07l         ; 49.000 ; 31.000  ; 31.000  ; 49.000 ;
; bac06         ; ac08l         ; 49.000 ; 31.000  ; 31.000  ; 49.000 ;
; bac06         ; ac09l         ; 49.000 ; 31.000  ; 31.000  ; 49.000 ;
; bac06         ; ac10l         ; 49.000 ; 31.000  ; 31.000  ; 49.000 ;
; bac06         ; ac11l         ; 49.000 ; 31.000  ; 31.000  ; 49.000 ;
; bac06         ; birq          ;        ; 51.000  ; 51.000  ;        ;
; bac06         ; bskip         ;        ; 77.000  ; 77.000  ;        ;
; bac06         ; rx_12_bit_low ;        ; 40.000  ; 40.000  ;        ;
; bac06         ; rx_run_low    ; 50.000 ; 58.000  ; 58.000  ; 50.000 ;
; bac07         ; ac00l         ; 42.000 ; 31.000  ; 31.000  ; 42.000 ;
; bac07         ; ac01l         ; 42.000 ; 31.000  ; 31.000  ; 42.000 ;
; bac07         ; ac02l         ; 42.000 ; 31.000  ; 31.000  ; 42.000 ;
; bac07         ; ac03l         ; 42.000 ; 31.000  ; 31.000  ; 42.000 ;
; bac07         ; ac04l         ; 33.000 ; 32.000  ; 32.000  ; 33.000 ;
; bac07         ; ac05l         ; 49.000 ; 31.000  ; 31.000  ; 49.000 ;
; bac07         ; ac06l         ; 49.000 ; 31.000  ; 31.000  ; 49.000 ;
; bac07         ; ac07l         ; 49.000 ; 31.000  ; 31.000  ; 49.000 ;
; bac07         ; ac08l         ; 49.000 ; 31.000  ; 31.000  ; 49.000 ;
; bac07         ; ac09l         ; 49.000 ; 31.000  ; 31.000  ; 49.000 ;
; bac07         ; ac10l         ; 49.000 ; 31.000  ; 31.000  ; 49.000 ;
; bac07         ; ac11l         ; 49.000 ; 31.000  ; 31.000  ; 49.000 ;
; bac07         ; birq          ;        ; 51.000  ; 51.000  ;        ;
; bac07         ; bskip         ;        ; 77.000  ; 77.000  ;        ;
; bac07         ; rx_12_bit_low ;        ; 40.000  ; 40.000  ;        ;
; bac07         ; rx_run_low    ; 50.000 ; 58.000  ; 58.000  ; 50.000 ;
; bac08         ; ac00l         ; 42.000 ; 31.000  ; 31.000  ; 42.000 ;
; bac08         ; ac01l         ; 42.000 ; 31.000  ; 31.000  ; 42.000 ;
; bac08         ; ac02l         ; 42.000 ; 31.000  ; 31.000  ; 42.000 ;
; bac08         ; ac03l         ; 42.000 ; 31.000  ; 31.000  ; 42.000 ;
; bac08         ; ac04l         ; 33.000 ; 32.000  ; 32.000  ; 33.000 ;
; bac08         ; ac05l         ; 49.000 ; 31.000  ; 31.000  ; 49.000 ;
; bac08         ; ac06l         ; 49.000 ; 31.000  ; 31.000  ; 49.000 ;
; bac08         ; ac07l         ; 49.000 ; 31.000  ; 31.000  ; 49.000 ;
; bac08         ; ac08l         ; 15.000 ; 31.000  ; 31.000  ; 15.000 ;
; bac08         ; ac09l         ; 49.000 ; 31.000  ; 31.000  ; 49.000 ;
; bac08         ; ac10l         ; 49.000 ; 31.000  ; 31.000  ; 49.000 ;
; bac08         ; ac11l         ; 49.000 ; 31.000  ; 31.000  ; 49.000 ;
; bac08         ; birq          ;        ; 51.000  ; 51.000  ;        ;
; bac08         ; bskip         ;        ; 77.000  ; 77.000  ;        ;
; bac08         ; rx_12_bit_low ;        ; 40.000  ; 40.000  ;        ;
; bac08         ; rx_run_low    ; 50.000 ; 58.000  ; 58.000  ; 50.000 ;
; bac09         ; ac00l         ; 42.000 ; 31.000  ; 31.000  ; 42.000 ;
; bac09         ; ac01l         ; 42.000 ; 31.000  ; 31.000  ; 42.000 ;
; bac09         ; ac02l         ; 42.000 ; 31.000  ; 31.000  ; 42.000 ;
; bac09         ; ac03l         ; 42.000 ; 31.000  ; 31.000  ; 42.000 ;
; bac09         ; ac04l         ; 33.000 ; 32.000  ; 32.000  ; 33.000 ;
; bac09         ; ac05l         ; 49.000 ; 31.000  ; 31.000  ; 49.000 ;
; bac09         ; ac06l         ; 49.000 ; 31.000  ; 31.000  ; 49.000 ;
; bac09         ; ac07l         ; 49.000 ; 31.000  ; 31.000  ; 49.000 ;
; bac09         ; ac08l         ; 49.000 ; 31.000  ; 31.000  ; 49.000 ;
; bac09         ; ac09l         ; 49.000 ; 31.000  ; 31.000  ; 49.000 ;
; bac09         ; ac10l         ; 49.000 ; 31.000  ; 31.000  ; 49.000 ;
; bac09         ; ac11l         ; 49.000 ; 31.000  ; 31.000  ; 49.000 ;
; bac09         ; birq          ;        ; 51.000  ; 51.000  ;        ;
; bac09         ; bskip         ;        ; 77.000  ; 77.000  ;        ;
; bac09         ; rx_12_bit_low ;        ; 40.000  ; 40.000  ;        ;
; bac09         ; rx_run_low    ; 50.000 ; 58.000  ; 58.000  ; 50.000 ;
; bac10         ; ac00l         ; 42.000 ; 31.000  ; 31.000  ; 42.000 ;
; bac10         ; ac01l         ; 42.000 ; 31.000  ; 31.000  ; 42.000 ;
; bac10         ; ac02l         ; 42.000 ; 31.000  ; 31.000  ; 42.000 ;
; bac10         ; ac03l         ; 42.000 ; 31.000  ; 31.000  ; 42.000 ;
; bac10         ; ac04l         ; 33.000 ; 32.000  ; 32.000  ; 33.000 ;
; bac10         ; ac05l         ; 49.000 ; 31.000  ; 31.000  ; 49.000 ;
; bac10         ; ac06l         ; 49.000 ; 31.000  ; 31.000  ; 49.000 ;
; bac10         ; ac07l         ; 49.000 ; 31.000  ; 31.000  ; 49.000 ;
; bac10         ; ac08l         ; 49.000 ; 31.000  ; 31.000  ; 49.000 ;
; bac10         ; ac09l         ; 49.000 ; 31.000  ; 31.000  ; 49.000 ;
; bac10         ; ac10l         ; 15.000 ; 31.000  ; 31.000  ; 15.000 ;
; bac10         ; ac11l         ; 49.000 ; 31.000  ; 31.000  ; 49.000 ;
; bac10         ; birq          ;        ; 51.000  ; 51.000  ;        ;
; bac10         ; bskip         ;        ; 77.000  ; 77.000  ;        ;
; bac10         ; rx_12_bit_low ;        ; 40.000  ; 40.000  ;        ;
; bac10         ; rx_run_low    ; 50.000 ; 58.000  ; 58.000  ; 50.000 ;
; bac11         ; ac00l         ; 42.000 ; 31.000  ; 31.000  ; 42.000 ;
; bac11         ; ac01l         ; 42.000 ; 31.000  ; 31.000  ; 42.000 ;
; bac11         ; ac02l         ; 42.000 ; 31.000  ; 31.000  ; 42.000 ;
; bac11         ; ac03l         ; 42.000 ; 31.000  ; 31.000  ; 42.000 ;
; bac11         ; ac04l         ; 33.000 ; 32.000  ; 32.000  ; 33.000 ;
; bac11         ; ac05l         ; 49.000 ; 31.000  ; 31.000  ; 49.000 ;
; bac11         ; ac06l         ; 49.000 ; 31.000  ; 31.000  ; 49.000 ;
; bac11         ; ac07l         ; 49.000 ; 31.000  ; 31.000  ; 49.000 ;
; bac11         ; ac08l         ; 49.000 ; 31.000  ; 31.000  ; 49.000 ;
; bac11         ; ac09l         ; 49.000 ; 31.000  ; 31.000  ; 49.000 ;
; bac11         ; ac10l         ; 49.000 ; 31.000  ; 31.000  ; 49.000 ;
; bac11         ; ac11l         ; 49.000 ; 31.000  ; 31.000  ; 49.000 ;
; bac11         ; birq          ; 42.000 ; 77.000  ; 77.000  ; 42.000 ;
; bac11         ; bskip         ;        ; 77.000  ; 77.000  ;        ;
; bac11         ; rx_12_bit_low ;        ; 40.000  ; 40.000  ;        ;
; bac11         ; rx_run_low    ; 50.000 ; 58.000  ; 58.000  ; 50.000 ;
; biop1         ; ac00l         ; 32.000 ; 24.000  ; 24.000  ; 32.000 ;
; biop1         ; ac01l         ; 32.000 ; 24.000  ; 24.000  ; 32.000 ;
; biop1         ; ac02l         ; 32.000 ; 24.000  ; 24.000  ; 32.000 ;
; biop1         ; ac03l         ; 32.000 ; 24.000  ; 24.000  ; 32.000 ;
; biop1         ; ac04l         ; 32.000 ; 32.000  ; 32.000  ; 32.000 ;
; biop1         ; ac05l         ; 32.000 ; 24.000  ; 24.000  ; 32.000 ;
; biop1         ; ac06l         ; 32.000 ; 24.000  ; 24.000  ; 32.000 ;
; biop1         ; ac07l         ; 32.000 ; 24.000  ; 24.000  ; 32.000 ;
; biop1         ; ac08l         ; 32.000 ; 24.000  ; 24.000  ; 32.000 ;
; biop1         ; ac09l         ; 32.000 ; 24.000  ; 24.000  ; 32.000 ;
; biop1         ; ac10l         ; 32.000 ; 24.000  ; 24.000  ; 32.000 ;
; biop1         ; ac11l         ; 32.000 ; 24.000  ; 24.000  ; 32.000 ;
; biop1         ; baclr         ;        ; 24.000  ; 24.000  ;        ;
; biop1         ; birq          ; 32.000 ; 33.000  ; 33.000  ; 32.000 ;
; biop1         ; bskip         ; 33.000 ; 24.000  ; 24.000  ; 33.000 ;
; biop1         ; n_t_7x        ;        ; 24.000  ; 24.000  ;        ;
; biop1         ; n_t_8x        ;        ; 24.000  ; 24.000  ;        ;
; biop1         ; n_t_9x        ;        ; 24.000  ; 24.000  ;        ;
; biop1         ; rx_12_bit_low ; 24.000 ; 23.000  ; 23.000  ; 24.000 ;
; biop1         ; rx_init_low   ; 24.000 ; 32.000  ; 32.000  ; 24.000 ;
; biop1         ; rx_run_low    ; 15.000 ; 23.000  ; 23.000  ; 15.000 ;
; biop2         ; ac00l         ; 24.000 ; 32.000  ; 32.000  ; 24.000 ;
; biop2         ; ac01l         ; 24.000 ; 32.000  ; 32.000  ; 24.000 ;
; biop2         ; ac02l         ; 24.000 ; 32.000  ; 32.000  ; 24.000 ;
; biop2         ; ac03l         ; 24.000 ; 32.000  ; 32.000  ; 24.000 ;
; biop2         ; ac04l         ; 32.000 ; 32.000  ; 32.000  ; 32.000 ;
; biop2         ; ac05l         ; 24.000 ; 32.000  ; 32.000  ; 24.000 ;
; biop2         ; ac06l         ; 24.000 ; 32.000  ; 32.000  ; 24.000 ;
; biop2         ; ac07l         ; 24.000 ; 32.000  ; 32.000  ; 24.000 ;
; biop2         ; ac08l         ; 24.000 ; 32.000  ; 32.000  ; 24.000 ;
; biop2         ; ac09l         ; 24.000 ; 32.000  ; 32.000  ; 24.000 ;
; biop2         ; ac10l         ; 24.000 ; 32.000  ; 32.000  ; 24.000 ;
; biop2         ; ac11l         ; 24.000 ; 32.000  ; 32.000  ; 24.000 ;
; biop2         ; baclr         ; 24.000 ;         ;         ; 24.000 ;
; biop2         ; birq          ; 33.000 ; 32.000  ; 32.000  ; 33.000 ;
; biop2         ; bskip         ; 24.000 ; 33.000  ; 33.000  ; 24.000 ;
; biop2         ; n_t_7x        ; 24.000 ;         ;         ; 24.000 ;
; biop2         ; n_t_8x        ; 24.000 ;         ;         ; 24.000 ;
; biop2         ; n_t_9x        ; 24.000 ;         ;         ; 24.000 ;
; biop2         ; rx_12_bit_low ; 23.000 ; 24.000  ; 24.000  ; 23.000 ;
; biop2         ; rx_init_low   ; 32.000 ; 24.000  ; 24.000  ; 32.000 ;
; biop2         ; rx_run_low    ; 23.000 ; 15.000  ; 15.000  ; 23.000 ;
; biop4         ; ac00l         ; 24.000 ; 32.000  ; 32.000  ; 24.000 ;
; biop4         ; ac01l         ; 24.000 ; 32.000  ; 32.000  ; 24.000 ;
; biop4         ; ac02l         ; 24.000 ; 32.000  ; 32.000  ; 24.000 ;
; biop4         ; ac03l         ; 24.000 ; 32.000  ; 32.000  ; 24.000 ;
; biop4         ; ac04l         ; 32.000 ; 32.000  ; 32.000  ; 32.000 ;
; biop4         ; ac05l         ; 24.000 ; 32.000  ; 32.000  ; 24.000 ;
; biop4         ; ac06l         ; 24.000 ; 32.000  ; 32.000  ; 24.000 ;
; biop4         ; ac07l         ; 24.000 ; 32.000  ; 32.000  ; 24.000 ;
; biop4         ; ac08l         ; 24.000 ; 32.000  ; 32.000  ; 24.000 ;
; biop4         ; ac09l         ; 24.000 ; 32.000  ; 32.000  ; 24.000 ;
; biop4         ; ac10l         ; 24.000 ; 32.000  ; 32.000  ; 24.000 ;
; biop4         ; ac11l         ; 24.000 ; 32.000  ; 32.000  ; 24.000 ;
; biop4         ; baclr         ; 24.000 ;         ;         ; 24.000 ;
; biop4         ; birq          ; 33.000 ; 32.000  ; 32.000  ; 33.000 ;
; biop4         ; bskip         ; 24.000 ; 33.000  ; 33.000  ; 24.000 ;
; biop4         ; n_t_7x        ; 24.000 ;         ;         ; 24.000 ;
; biop4         ; n_t_8x        ; 24.000 ;         ;         ; 24.000 ;
; biop4         ; n_t_9x        ; 24.000 ;         ;         ; 24.000 ;
; biop4         ; rx_12_bit_low ; 23.000 ; 24.000  ; 24.000  ; 23.000 ;
; biop4         ; rx_init_low   ; 32.000 ; 24.000  ; 24.000  ; 32.000 ;
; biop4         ; rx_run_low    ; 23.000 ; 15.000  ; 15.000  ; 23.000 ;
; bmb00         ; ac00l         ; 41.000 ; 50.000  ; 50.000  ; 41.000 ;
; bmb00         ; ac01l         ; 41.000 ; 50.000  ; 50.000  ; 41.000 ;
; bmb00         ; ac02l         ; 41.000 ; 50.000  ; 50.000  ; 41.000 ;
; bmb00         ; ac03l         ; 41.000 ; 50.000  ; 50.000  ; 41.000 ;
; bmb00         ; ac04l         ; 50.000 ; 49.000  ; 49.000  ; 50.000 ;
; bmb00         ; ac05l         ; 41.000 ; 50.000  ; 50.000  ; 41.000 ;
; bmb00         ; ac06l         ; 41.000 ; 50.000  ; 50.000  ; 41.000 ;
; bmb00         ; ac07l         ; 41.000 ; 50.000  ; 50.000  ; 41.000 ;
; bmb00         ; ac08l         ; 41.000 ; 50.000  ; 50.000  ; 41.000 ;
; bmb00         ; ac09l         ; 41.000 ; 50.000  ; 50.000  ; 41.000 ;
; bmb00         ; ac10l         ; 41.000 ; 50.000  ; 50.000  ; 41.000 ;
; bmb00         ; ac11l         ; 41.000 ; 50.000  ; 50.000  ; 41.000 ;
; bmb00         ; baclr         ; 41.000 ;         ;         ; 41.000 ;
; bmb00         ; birq          ; 58.000 ; 50.000  ; 50.000  ; 58.000 ;
; bmb00         ; bskip         ; 41.000 ; 76.000  ; 76.000  ; 41.000 ;
; bmb00         ; n_t_7x        ; 41.000 ;         ;         ; 41.000 ;
; bmb00         ; n_t_8x        ; 41.000 ;         ;         ; 41.000 ;
; bmb00         ; n_t_9x        ; 41.000 ;         ;         ; 41.000 ;
; bmb00         ; rx_12_bit_low ; 41.000 ; 49.000  ; 49.000  ; 41.000 ;
; bmb00         ; rx_init_low   ;        ; 67.000  ; 67.000  ;        ;
; bmb00         ; rx_run_low    ; 41.000 ; 49.000  ; 49.000  ; 41.000 ;
; bmb01         ; ac00l         ; 50.000 ; 41.000  ; 41.000  ; 50.000 ;
; bmb01         ; ac01l         ; 50.000 ; 41.000  ; 41.000  ; 50.000 ;
; bmb01         ; ac02l         ; 50.000 ; 41.000  ; 41.000  ; 50.000 ;
; bmb01         ; ac03l         ; 50.000 ; 41.000  ; 41.000  ; 50.000 ;
; bmb01         ; ac04l         ; 49.000 ; 50.000  ; 50.000  ; 49.000 ;
; bmb01         ; ac05l         ; 50.000 ; 41.000  ; 41.000  ; 50.000 ;
; bmb01         ; ac06l         ; 50.000 ; 41.000  ; 41.000  ; 50.000 ;
; bmb01         ; ac07l         ; 50.000 ; 41.000  ; 41.000  ; 50.000 ;
; bmb01         ; ac08l         ; 50.000 ; 41.000  ; 41.000  ; 50.000 ;
; bmb01         ; ac09l         ; 50.000 ; 41.000  ; 41.000  ; 50.000 ;
; bmb01         ; ac10l         ; 50.000 ; 41.000  ; 41.000  ; 50.000 ;
; bmb01         ; ac11l         ; 50.000 ; 41.000  ; 41.000  ; 50.000 ;
; bmb01         ; baclr         ;        ; 41.000  ; 41.000  ;        ;
; bmb01         ; birq          ; 50.000 ; 58.000  ; 58.000  ; 50.000 ;
; bmb01         ; bskip         ; 76.000 ; 41.000  ; 41.000  ; 76.000 ;
; bmb01         ; n_t_7x        ;        ; 41.000  ; 41.000  ;        ;
; bmb01         ; n_t_8x        ;        ; 41.000  ; 41.000  ;        ;
; bmb01         ; n_t_9x        ;        ; 41.000  ; 41.000  ;        ;
; bmb01         ; rx_12_bit_low ; 49.000 ; 41.000  ; 41.000  ; 49.000 ;
; bmb01         ; rx_init_low   ; 67.000 ;         ;         ; 67.000 ;
; bmb01         ; rx_run_low    ; 49.000 ; 41.000  ; 41.000  ; 49.000 ;
; bmb02         ; ac00l         ; 41.000 ; 50.000  ; 50.000  ; 41.000 ;
; bmb02         ; ac01l         ; 41.000 ; 50.000  ; 50.000  ; 41.000 ;
; bmb02         ; ac02l         ; 41.000 ; 50.000  ; 50.000  ; 41.000 ;
; bmb02         ; ac03l         ; 41.000 ; 50.000  ; 50.000  ; 41.000 ;
; bmb02         ; ac04l         ; 50.000 ; 49.000  ; 49.000  ; 50.000 ;
; bmb02         ; ac05l         ; 41.000 ; 50.000  ; 50.000  ; 41.000 ;
; bmb02         ; ac06l         ; 41.000 ; 50.000  ; 50.000  ; 41.000 ;
; bmb02         ; ac07l         ; 41.000 ; 50.000  ; 50.000  ; 41.000 ;
; bmb02         ; ac08l         ; 41.000 ; 50.000  ; 50.000  ; 41.000 ;
; bmb02         ; ac09l         ; 41.000 ; 50.000  ; 50.000  ; 41.000 ;
; bmb02         ; ac10l         ; 41.000 ; 50.000  ; 50.000  ; 41.000 ;
; bmb02         ; ac11l         ; 41.000 ; 50.000  ; 50.000  ; 41.000 ;
; bmb02         ; baclr         ; 41.000 ;         ;         ; 41.000 ;
; bmb02         ; birq          ; 58.000 ; 50.000  ; 50.000  ; 58.000 ;
; bmb02         ; bskip         ; 41.000 ; 76.000  ; 76.000  ; 41.000 ;
; bmb02         ; n_t_7x        ; 41.000 ;         ;         ; 41.000 ;
; bmb02         ; n_t_8x        ; 41.000 ;         ;         ; 41.000 ;
; bmb02         ; n_t_9x        ; 41.000 ;         ;         ; 41.000 ;
; bmb02         ; rx_12_bit_low ; 41.000 ; 49.000  ; 49.000  ; 41.000 ;
; bmb02         ; rx_init_low   ;        ; 67.000  ; 67.000  ;        ;
; bmb02         ; rx_run_low    ; 41.000 ; 49.000  ; 49.000  ; 41.000 ;
; bmb09         ; ac00l         ; 24.000 ; 15.000  ; 15.000  ; 24.000 ;
; bmb09         ; ac01l         ; 24.000 ; 15.000  ; 15.000  ; 24.000 ;
; bmb09         ; ac02l         ; 24.000 ; 15.000  ; 15.000  ; 24.000 ;
; bmb09         ; ac03l         ; 24.000 ; 15.000  ; 15.000  ; 24.000 ;
; bmb09         ; ac04l         ; 23.000 ; 24.000  ; 24.000  ; 23.000 ;
; bmb09         ; ac05l         ; 24.000 ; 15.000  ; 15.000  ; 24.000 ;
; bmb09         ; ac06l         ; 24.000 ; 15.000  ; 15.000  ; 24.000 ;
; bmb09         ; ac07l         ; 24.000 ; 15.000  ; 15.000  ; 24.000 ;
; bmb09         ; ac08l         ; 24.000 ; 15.000  ; 15.000  ; 24.000 ;
; bmb09         ; ac09l         ; 24.000 ; 15.000  ; 15.000  ; 24.000 ;
; bmb09         ; ac10l         ; 24.000 ; 15.000  ; 15.000  ; 24.000 ;
; bmb09         ; ac11l         ; 24.000 ; 15.000  ; 15.000  ; 24.000 ;
; bmb09         ; baclr         ;        ; 15.000  ; 15.000  ;        ;
; bmb09         ; birq          ; 32.000 ; 24.000  ; 24.000  ; 32.000 ;
; bmb09         ; bskip         ; 59.000 ; 15.000  ; 15.000  ; 59.000 ;
; bmb09         ; rx_12_bit_low ; 23.000 ; 15.000  ; 15.000  ; 23.000 ;
; bmb09         ; rx_init_low   ;        ; 41.000  ; 41.000  ;        ;
; bmb09         ; rx_run_low    ; 23.000 ; 15.000  ; 15.000  ; 23.000 ;
; bmb10         ; ac00l         ; 15.000 ; 31.000  ; 31.000  ; 15.000 ;
; bmb10         ; ac01l         ; 15.000 ; 31.000  ; 31.000  ; 15.000 ;
; bmb10         ; ac02l         ; 15.000 ; 31.000  ; 31.000  ; 15.000 ;
; bmb10         ; ac03l         ; 15.000 ; 31.000  ; 31.000  ; 15.000 ;
; bmb10         ; ac04l         ; 24.000 ; 23.000  ; 23.000  ; 24.000 ;
; bmb10         ; ac05l         ; 15.000 ; 31.000  ; 31.000  ; 15.000 ;
; bmb10         ; ac06l         ; 15.000 ; 31.000  ; 31.000  ; 15.000 ;
; bmb10         ; ac07l         ; 15.000 ; 31.000  ; 31.000  ; 15.000 ;
; bmb10         ; ac08l         ; 15.000 ; 31.000  ; 31.000  ; 15.000 ;
; bmb10         ; ac09l         ; 15.000 ; 31.000  ; 31.000  ; 15.000 ;
; bmb10         ; ac10l         ; 15.000 ; 31.000  ; 31.000  ; 15.000 ;
; bmb10         ; ac11l         ; 15.000 ; 31.000  ; 31.000  ; 15.000 ;
; bmb10         ; baclr         ;        ; 15.000  ; 15.000  ;        ;
; bmb10         ; birq          ; 32.000 ; 24.000  ; 24.000  ; 32.000 ;
; bmb10         ; bskip         ; 15.000 ; 50.000  ; 50.000  ; 15.000 ;
; bmb10         ; rx_12_bit_low ; 23.000 ; 15.000  ; 15.000  ; 23.000 ;
; bmb10         ; rx_init_low   ;        ; 41.000  ; 41.000  ;        ;
; bmb10         ; rx_run_low    ; 15.000 ; 23.000  ; 23.000  ; 15.000 ;
; bmb11         ; ac00l         ; 32.000 ; 15.000  ; 15.000  ; 32.000 ;
; bmb11         ; ac01l         ; 32.000 ; 15.000  ; 15.000  ; 32.000 ;
; bmb11         ; ac02l         ; 32.000 ; 15.000  ; 15.000  ; 32.000 ;
; bmb11         ; ac03l         ; 32.000 ; 15.000  ; 15.000  ; 32.000 ;
; bmb11         ; ac04l         ; 23.000 ; 24.000  ; 24.000  ; 23.000 ;
; bmb11         ; ac05l         ; 32.000 ; 15.000  ; 15.000  ; 32.000 ;
; bmb11         ; ac06l         ; 32.000 ; 15.000  ; 15.000  ; 32.000 ;
; bmb11         ; ac07l         ; 32.000 ; 15.000  ; 15.000  ; 32.000 ;
; bmb11         ; ac08l         ; 32.000 ; 15.000  ; 15.000  ; 32.000 ;
; bmb11         ; ac09l         ; 32.000 ; 15.000  ; 15.000  ; 32.000 ;
; bmb11         ; ac10l         ; 32.000 ; 15.000  ; 15.000  ; 32.000 ;
; bmb11         ; ac11l         ; 32.000 ; 15.000  ; 15.000  ; 32.000 ;
; bmb11         ; baclr         ; 15.000 ;         ;         ; 15.000 ;
; bmb11         ; birq          ; 24.000 ; 32.000  ; 32.000  ; 24.000 ;
; bmb11         ; bskip         ; 15.000 ; 50.000  ; 50.000  ; 15.000 ;
; bmb11         ; rx_12_bit_low ; 15.000 ; 23.000  ; 23.000  ; 15.000 ;
; bmb11         ; rx_init_low   ;        ; 41.000  ; 41.000  ;        ;
; bmb11         ; rx_run_low    ; 23.000 ; 15.000  ; 15.000  ; 23.000 ;
; bts3          ; ac00l         ; 24.000 ; 24.000  ; 24.000  ; 24.000 ;
; bts3          ; ac01l         ; 24.000 ; 24.000  ; 24.000  ; 24.000 ;
; bts3          ; ac02l         ; 24.000 ; 24.000  ; 24.000  ; 24.000 ;
; bts3          ; ac03l         ; 24.000 ; 24.000  ; 24.000  ; 24.000 ;
; bts3          ; ac04l         ; 32.000 ; 32.000  ; 32.000  ; 32.000 ;
; bts3          ; ac05l         ; 24.000 ; 24.000  ; 24.000  ; 24.000 ;
; bts3          ; ac06l         ; 24.000 ; 24.000  ; 24.000  ; 24.000 ;
; bts3          ; ac07l         ; 24.000 ; 24.000  ; 24.000  ; 24.000 ;
; bts3          ; ac08l         ; 24.000 ; 24.000  ; 24.000  ; 24.000 ;
; bts3          ; ac09l         ; 24.000 ; 24.000  ; 24.000  ; 24.000 ;
; bts3          ; ac10l         ; 24.000 ; 24.000  ; 24.000  ; 24.000 ;
; bts3          ; ac11l         ; 24.000 ; 24.000  ; 24.000  ; 24.000 ;
; bts3          ; baclr         ; 24.000 ; 24.000  ; 24.000  ; 24.000 ;
; bts3          ; birq          ; 33.000 ; 33.000  ; 33.000  ; 33.000 ;
; bts3          ; bskip         ; 24.000 ; 24.000  ; 24.000  ; 24.000 ;
; bts3          ; n_t_7x        ; 24.000 ; 24.000  ; 24.000  ; 24.000 ;
; bts3          ; n_t_8x        ; 24.000 ; 24.000  ; 24.000  ; 24.000 ;
; bts3          ; n_t_9x        ; 24.000 ; 24.000  ; 24.000  ; 24.000 ;
; bts3          ; rx_12_bit_low ; 24.000 ; 24.000  ; 24.000  ; 24.000 ;
; bts3          ; rx_init_low   ; 50.000 ; 50.000  ; 50.000  ; 50.000 ;
; bts3          ; rx_run_low    ; 24.000 ; 24.000  ; 24.000  ; 24.000 ;
; initialize    ; ac00l         ; 24.000 ; 24.000  ; 24.000  ; 24.000 ;
; initialize    ; ac01l         ; 24.000 ; 24.000  ; 24.000  ; 24.000 ;
; initialize    ; ac02l         ; 24.000 ; 24.000  ; 24.000  ; 24.000 ;
; initialize    ; ac03l         ; 24.000 ; 24.000  ; 24.000  ; 24.000 ;
; initialize    ; ac04l         ; 24.000 ; 24.000  ; 24.000  ; 24.000 ;
; initialize    ; ac05l         ; 24.000 ; 24.000  ; 24.000  ; 24.000 ;
; initialize    ; ac06l         ; 24.000 ; 24.000  ; 24.000  ; 24.000 ;
; initialize    ; ac07l         ; 24.000 ; 24.000  ; 24.000  ; 24.000 ;
; initialize    ; ac08l         ; 24.000 ; 24.000  ; 24.000  ; 24.000 ;
; initialize    ; ac09l         ; 24.000 ; 24.000  ; 24.000  ; 24.000 ;
; initialize    ; ac10l         ; 24.000 ; 24.000  ; 24.000  ; 24.000 ;
; initialize    ; ac11l         ; 24.000 ; 24.000  ; 24.000  ; 24.000 ;
; initialize    ; birq          ; 24.000 ; 24.000  ; 24.000  ; 24.000 ;
; initialize    ; bskip         ; 50.000 ; 24.000  ; 24.000  ; 50.000 ;
; initialize    ; rx_12_bit_low ;        ; 15.000  ; 15.000  ;        ;
; initialize    ; rx_init_low   ;        ; 15.000  ; 15.000  ;        ;
; initialize    ; rx_run_low    ; 24.000 ; 15.000  ; 15.000  ; 24.000 ;
; md03_low      ; ac00l         ; 24.000 ; 15.000  ; 15.000  ; 24.000 ;
; md03_low      ; ac01l         ; 24.000 ; 15.000  ; 15.000  ; 24.000 ;
; md03_low      ; ac02l         ; 24.000 ; 15.000  ; 15.000  ; 24.000 ;
; md03_low      ; ac03l         ; 24.000 ; 15.000  ; 15.000  ; 24.000 ;
; md03_low      ; ac04l         ; 23.000 ; 24.000  ; 24.000  ; 23.000 ;
; md03_low      ; ac05l         ; 24.000 ; 15.000  ; 15.000  ; 24.000 ;
; md03_low      ; ac06l         ; 24.000 ; 15.000  ; 15.000  ; 24.000 ;
; md03_low      ; ac07l         ; 24.000 ; 15.000  ; 15.000  ; 24.000 ;
; md03_low      ; ac08l         ; 24.000 ; 15.000  ; 15.000  ; 24.000 ;
; md03_low      ; ac09l         ; 24.000 ; 15.000  ; 15.000  ; 24.000 ;
; md03_low      ; ac10l         ; 24.000 ; 15.000  ; 15.000  ; 24.000 ;
; md03_low      ; ac11l         ; 24.000 ; 15.000  ; 15.000  ; 24.000 ;
; md03_low      ; baclr         ;        ; 15.000  ; 15.000  ;        ;
; md03_low      ; birq          ; 24.000 ; 32.000  ; 32.000  ; 24.000 ;
; md03_low      ; bskip         ; 50.000 ; 15.000  ; 15.000  ; 50.000 ;
; md03_low      ; rx_12_bit_low ; 23.000 ; 15.000  ; 15.000  ; 23.000 ;
; md03_low      ; rx_init_low   ; 41.000 ;         ;         ; 41.000 ;
; md03_low      ; rx_run_low    ; 23.000 ; 15.000  ; 15.000  ; 23.000 ;
; md04_low      ; ac00l         ; 24.000 ; 15.000  ; 15.000  ; 24.000 ;
; md04_low      ; ac01l         ; 24.000 ; 15.000  ; 15.000  ; 24.000 ;
; md04_low      ; ac02l         ; 24.000 ; 15.000  ; 15.000  ; 24.000 ;
; md04_low      ; ac03l         ; 24.000 ; 15.000  ; 15.000  ; 24.000 ;
; md04_low      ; ac04l         ; 23.000 ; 24.000  ; 24.000  ; 23.000 ;
; md04_low      ; ac05l         ; 24.000 ; 15.000  ; 15.000  ; 24.000 ;
; md04_low      ; ac06l         ; 24.000 ; 15.000  ; 15.000  ; 24.000 ;
; md04_low      ; ac07l         ; 24.000 ; 15.000  ; 15.000  ; 24.000 ;
; md04_low      ; ac08l         ; 24.000 ; 15.000  ; 15.000  ; 24.000 ;
; md04_low      ; ac09l         ; 24.000 ; 15.000  ; 15.000  ; 24.000 ;
; md04_low      ; ac10l         ; 24.000 ; 15.000  ; 15.000  ; 24.000 ;
; md04_low      ; ac11l         ; 24.000 ; 15.000  ; 15.000  ; 24.000 ;
; md04_low      ; baclr         ;        ; 15.000  ; 15.000  ;        ;
; md04_low      ; birq          ; 24.000 ; 32.000  ; 32.000  ; 24.000 ;
; md04_low      ; bskip         ; 50.000 ; 15.000  ; 15.000  ; 50.000 ;
; md04_low      ; rx_12_bit_low ; 23.000 ; 15.000  ; 15.000  ; 23.000 ;
; md04_low      ; rx_init_low   ; 41.000 ;         ;         ; 41.000 ;
; md04_low      ; rx_run_low    ; 23.000 ; 15.000  ; 15.000  ; 23.000 ;
; md05_low      ; ac00l         ; 24.000 ; 15.000  ; 15.000  ; 24.000 ;
; md05_low      ; ac01l         ; 24.000 ; 15.000  ; 15.000  ; 24.000 ;
; md05_low      ; ac02l         ; 24.000 ; 15.000  ; 15.000  ; 24.000 ;
; md05_low      ; ac03l         ; 24.000 ; 15.000  ; 15.000  ; 24.000 ;
; md05_low      ; ac04l         ; 23.000 ; 24.000  ; 24.000  ; 23.000 ;
; md05_low      ; ac05l         ; 24.000 ; 15.000  ; 15.000  ; 24.000 ;
; md05_low      ; ac06l         ; 24.000 ; 15.000  ; 15.000  ; 24.000 ;
; md05_low      ; ac07l         ; 24.000 ; 15.000  ; 15.000  ; 24.000 ;
; md05_low      ; ac08l         ; 24.000 ; 15.000  ; 15.000  ; 24.000 ;
; md05_low      ; ac09l         ; 24.000 ; 15.000  ; 15.000  ; 24.000 ;
; md05_low      ; ac10l         ; 24.000 ; 15.000  ; 15.000  ; 24.000 ;
; md05_low      ; ac11l         ; 24.000 ; 15.000  ; 15.000  ; 24.000 ;
; md05_low      ; baclr         ;        ; 15.000  ; 15.000  ;        ;
; md05_low      ; birq          ; 24.000 ; 32.000  ; 32.000  ; 24.000 ;
; md05_low      ; bskip         ; 50.000 ; 15.000  ; 15.000  ; 50.000 ;
; md05_low      ; rx_12_bit_low ; 23.000 ; 15.000  ; 15.000  ; 23.000 ;
; md05_low      ; rx_init_low   ; 41.000 ;         ;         ; 41.000 ;
; md05_low      ; rx_run_low    ; 23.000 ; 15.000  ; 15.000  ; 23.000 ;
; md06_low      ; n_t_9x        ;        ; 15.000  ; 15.000  ;        ;
; md07_low      ; n_t_8x        ;        ; 15.000  ; 15.000  ;        ;
; md08_low      ; n_t_7x        ;        ; 15.000  ; 15.000  ;        ;
; n_t_1x        ; ac00l         ; 24.000 ; 15.000  ; 15.000  ; 24.000 ;
; n_t_1x        ; ac01l         ; 24.000 ; 15.000  ; 15.000  ; 24.000 ;
; n_t_1x        ; ac02l         ; 24.000 ; 15.000  ; 15.000  ; 24.000 ;
; n_t_1x        ; ac03l         ; 24.000 ; 15.000  ; 15.000  ; 24.000 ;
; n_t_1x        ; ac04l         ; 23.000 ; 24.000  ; 24.000  ; 23.000 ;
; n_t_1x        ; ac05l         ; 24.000 ; 15.000  ; 15.000  ; 24.000 ;
; n_t_1x        ; ac06l         ; 24.000 ; 15.000  ; 15.000  ; 24.000 ;
; n_t_1x        ; ac07l         ; 24.000 ; 15.000  ; 15.000  ; 24.000 ;
; n_t_1x        ; ac08l         ; 24.000 ; 15.000  ; 15.000  ; 24.000 ;
; n_t_1x        ; ac09l         ; 24.000 ; 15.000  ; 15.000  ; 24.000 ;
; n_t_1x        ; ac10l         ; 24.000 ; 15.000  ; 15.000  ; 24.000 ;
; n_t_1x        ; ac11l         ; 24.000 ; 15.000  ; 15.000  ; 24.000 ;
; n_t_1x        ; baclr         ;        ; 15.000  ; 15.000  ;        ;
; n_t_1x        ; birq          ; 24.000 ; 32.000  ; 32.000  ; 24.000 ;
; n_t_1x        ; bskip         ; 50.000 ; 15.000  ; 15.000  ; 50.000 ;
; n_t_1x        ; rx_12_bit_low ; 23.000 ; 15.000  ; 15.000  ; 23.000 ;
; n_t_1x        ; rx_init_low   ; 41.000 ;         ;         ; 41.000 ;
; n_t_1x        ; rx_run_low    ; 23.000 ; 15.000  ; 15.000  ; 23.000 ;
; n_t_5x        ; ac00l         ; 24.000 ; 15.000  ; 15.000  ; 24.000 ;
; n_t_5x        ; ac01l         ; 24.000 ; 15.000  ; 15.000  ; 24.000 ;
; n_t_5x        ; ac02l         ; 24.000 ; 15.000  ; 15.000  ; 24.000 ;
; n_t_5x        ; ac03l         ; 24.000 ; 15.000  ; 15.000  ; 24.000 ;
; n_t_5x        ; ac04l         ; 23.000 ; 24.000  ; 24.000  ; 23.000 ;
; n_t_5x        ; ac05l         ; 24.000 ; 15.000  ; 15.000  ; 24.000 ;
; n_t_5x        ; ac06l         ; 24.000 ; 15.000  ; 15.000  ; 24.000 ;
; n_t_5x        ; ac07l         ; 24.000 ; 15.000  ; 15.000  ; 24.000 ;
; n_t_5x        ; ac08l         ; 24.000 ; 15.000  ; 15.000  ; 24.000 ;
; n_t_5x        ; ac09l         ; 24.000 ; 15.000  ; 15.000  ; 24.000 ;
; n_t_5x        ; ac10l         ; 24.000 ; 15.000  ; 15.000  ; 24.000 ;
; n_t_5x        ; ac11l         ; 24.000 ; 15.000  ; 15.000  ; 24.000 ;
; n_t_5x        ; baclr         ;        ; 15.000  ; 15.000  ;        ;
; n_t_5x        ; birq          ; 24.000 ; 32.000  ; 32.000  ; 24.000 ;
; n_t_5x        ; bskip         ; 50.000 ; 15.000  ; 15.000  ; 50.000 ;
; n_t_5x        ; rx_12_bit_low ; 23.000 ; 15.000  ; 15.000  ; 23.000 ;
; n_t_5x        ; rx_init_low   ; 41.000 ;         ;         ; 41.000 ;
; n_t_5x        ; rx_run_low    ; 23.000 ; 15.000  ; 15.000  ; 23.000 ;
; n_t_6x        ; ac00l         ; 24.000 ; 15.000  ; 15.000  ; 24.000 ;
; n_t_6x        ; ac01l         ; 24.000 ; 15.000  ; 15.000  ; 24.000 ;
; n_t_6x        ; ac02l         ; 24.000 ; 15.000  ; 15.000  ; 24.000 ;
; n_t_6x        ; ac03l         ; 24.000 ; 15.000  ; 15.000  ; 24.000 ;
; n_t_6x        ; ac04l         ; 23.000 ; 24.000  ; 24.000  ; 23.000 ;
; n_t_6x        ; ac05l         ; 24.000 ; 15.000  ; 15.000  ; 24.000 ;
; n_t_6x        ; ac06l         ; 24.000 ; 15.000  ; 15.000  ; 24.000 ;
; n_t_6x        ; ac07l         ; 24.000 ; 15.000  ; 15.000  ; 24.000 ;
; n_t_6x        ; ac08l         ; 24.000 ; 15.000  ; 15.000  ; 24.000 ;
; n_t_6x        ; ac09l         ; 24.000 ; 15.000  ; 15.000  ; 24.000 ;
; n_t_6x        ; ac10l         ; 24.000 ; 15.000  ; 15.000  ; 24.000 ;
; n_t_6x        ; ac11l         ; 24.000 ; 15.000  ; 15.000  ; 24.000 ;
; n_t_6x        ; baclr         ;        ; 15.000  ; 15.000  ;        ;
; n_t_6x        ; birq          ; 24.000 ; 32.000  ; 32.000  ; 24.000 ;
; n_t_6x        ; bskip         ; 50.000 ; 15.000  ; 15.000  ; 50.000 ;
; n_t_6x        ; rx_12_bit_low ; 23.000 ; 15.000  ; 15.000  ; 23.000 ;
; n_t_6x        ; rx_init_low   ; 41.000 ;         ;         ; 41.000 ;
; n_t_6x        ; rx_run_low    ; 23.000 ; 15.000  ; 15.000  ; 23.000 ;
; rx_data_low   ; ac00l         ; 42.000 ; 31.000  ; 31.000  ; 42.000 ;
; rx_data_low   ; ac01l         ; 42.000 ; 31.000  ; 31.000  ; 42.000 ;
; rx_data_low   ; ac02l         ; 42.000 ; 31.000  ; 31.000  ; 42.000 ;
; rx_data_low   ; ac03l         ; 42.000 ; 31.000  ; 31.000  ; 42.000 ;
; rx_data_low   ; ac04l         ; 33.000 ; 32.000  ; 32.000  ; 33.000 ;
; rx_data_low   ; ac05l         ; 49.000 ; 31.000  ; 31.000  ; 49.000 ;
; rx_data_low   ; ac06l         ; 49.000 ; 31.000  ; 31.000  ; 49.000 ;
; rx_data_low   ; ac07l         ; 49.000 ; 31.000  ; 31.000  ; 49.000 ;
; rx_data_low   ; ac08l         ; 49.000 ; 31.000  ; 31.000  ; 49.000 ;
; rx_data_low   ; ac09l         ; 49.000 ; 31.000  ; 31.000  ; 49.000 ;
; rx_data_low   ; ac10l         ; 49.000 ; 31.000  ; 31.000  ; 49.000 ;
; rx_data_low   ; ac11l         ; 49.000 ; 31.000  ; 31.000  ; 49.000 ;
; rx_data_low   ; birq          ;        ; 51.000  ; 51.000  ;        ;
; rx_data_low   ; bskip         ;        ; 77.000  ; 77.000  ;        ;
; rx_data_low   ; rx_12_bit_low ;        ; 40.000  ; 40.000  ;        ;
; rx_data_low   ; rx_run_low    ; 50.000 ; 58.000  ; 58.000  ; 50.000 ;
; rx_done_low   ; ac00l         ; 42.000 ; 31.000  ; 31.000  ; 42.000 ;
; rx_done_low   ; ac01l         ; 42.000 ; 31.000  ; 31.000  ; 42.000 ;
; rx_done_low   ; ac02l         ; 42.000 ; 31.000  ; 31.000  ; 42.000 ;
; rx_done_low   ; ac03l         ; 42.000 ; 31.000  ; 31.000  ; 42.000 ;
; rx_done_low   ; ac04l         ; 23.000 ; 32.000  ; 32.000  ; 23.000 ;
; rx_done_low   ; ac05l         ; 49.000 ; 31.000  ; 31.000  ; 49.000 ;
; rx_done_low   ; ac06l         ; 49.000 ; 31.000  ; 31.000  ; 49.000 ;
; rx_done_low   ; ac07l         ; 49.000 ; 31.000  ; 31.000  ; 49.000 ;
; rx_done_low   ; ac08l         ; 49.000 ; 31.000  ; 31.000  ; 49.000 ;
; rx_done_low   ; ac09l         ; 49.000 ; 31.000  ; 31.000  ; 49.000 ;
; rx_done_low   ; ac10l         ; 49.000 ; 31.000  ; 31.000  ; 49.000 ;
; rx_done_low   ; ac11l         ; 49.000 ; 31.000  ; 31.000  ; 49.000 ;
; rx_done_low   ; birq          ; 50.000 ; 42.000  ; 42.000  ; 50.000 ;
; rx_done_low   ; bskip         ;        ; 77.000  ; 77.000  ;        ;
; rx_done_low   ; rx_12_bit_low ;        ; 40.000  ; 40.000  ;        ;
; rx_done_low   ; rx_run_low    ; 23.000 ; 23.000  ; 23.000  ; 23.000 ;
; rx_out_low    ; ac00l         ; 42.000 ; 23.000  ; 23.000  ; 42.000 ;
; rx_out_low    ; ac01l         ; 42.000 ; 23.000  ; 23.000  ; 42.000 ;
; rx_out_low    ; ac02l         ; 42.000 ; 23.000  ; 23.000  ; 42.000 ;
; rx_out_low    ; ac03l         ; 42.000 ; 23.000  ; 23.000  ; 42.000 ;
; rx_out_low    ; ac04l         ; 15.000 ; 24.000  ; 24.000  ; 15.000 ;
; rx_out_low    ; ac05l         ; 49.000 ; 23.000  ; 23.000  ; 49.000 ;
; rx_out_low    ; ac06l         ; 49.000 ; 23.000  ; 23.000  ; 49.000 ;
; rx_out_low    ; ac07l         ; 49.000 ; 23.000  ; 23.000  ; 49.000 ;
; rx_out_low    ; ac08l         ; 49.000 ; 23.000  ; 23.000  ; 49.000 ;
; rx_out_low    ; ac09l         ; 49.000 ; 23.000  ; 23.000  ; 49.000 ;
; rx_out_low    ; ac10l         ; 49.000 ; 23.000  ; 23.000  ; 49.000 ;
; rx_out_low    ; ac11l         ; 49.000 ; 23.000  ; 23.000  ; 49.000 ;
; rx_out_low    ; birq          ; 42.000 ; 51.000  ; 51.000  ; 42.000 ;
; rx_out_low    ; bskip         ;        ; 77.000  ; 77.000  ;        ;
; rx_out_low    ; rx_12_bit_low ;        ; 40.000  ; 40.000  ;        ;
; rx_out_low    ; rx_run_low    ; 50.000 ; 58.000  ; 58.000  ; 50.000 ;
; rx_shift_low  ; ac00l         ; 33.000 ; 31.000  ; 31.000  ; 33.000 ;
; rx_shift_low  ; ac01l         ; 33.000 ; 31.000  ; 31.000  ; 33.000 ;
; rx_shift_low  ; ac02l         ; 33.000 ; 31.000  ; 31.000  ; 33.000 ;
; rx_shift_low  ; ac03l         ; 33.000 ; 31.000  ; 31.000  ; 33.000 ;
; rx_shift_low  ; ac04l         ; 33.000 ; 32.000  ; 32.000  ; 33.000 ;
; rx_shift_low  ; ac05l         ; 49.000 ; 31.000  ; 31.000  ; 49.000 ;
; rx_shift_low  ; ac06l         ; 49.000 ; 31.000  ; 31.000  ; 49.000 ;
; rx_shift_low  ; ac07l         ; 49.000 ; 31.000  ; 31.000  ; 49.000 ;
; rx_shift_low  ; ac08l         ; 49.000 ; 31.000  ; 31.000  ; 49.000 ;
; rx_shift_low  ; ac09l         ; 49.000 ; 31.000  ; 31.000  ; 49.000 ;
; rx_shift_low  ; ac10l         ; 49.000 ; 31.000  ; 31.000  ; 49.000 ;
; rx_shift_low  ; ac11l         ; 49.000 ; 31.000  ; 31.000  ; 49.000 ;
; rx_shift_low  ; birq          ;        ; 51.000  ; 51.000  ;        ;
; rx_shift_low  ; bskip         ;        ; 77.000  ; 77.000  ;        ;
; rx_shift_low  ; rx_12_bit_low ;        ; 40.000  ; 40.000  ;        ;
; rx_shift_low  ; rx_run_low    ; 50.000 ; 58.000  ; 58.000  ; 50.000 ;
; rx_tr_req_low ; ac00l         ; 42.000 ; 31.000  ; 31.000  ; 42.000 ;
; rx_tr_req_low ; ac01l         ; 42.000 ; 31.000  ; 31.000  ; 42.000 ;
; rx_tr_req_low ; ac02l         ; 42.000 ; 31.000  ; 31.000  ; 42.000 ;
; rx_tr_req_low ; ac03l         ; 42.000 ; 31.000  ; 31.000  ; 42.000 ;
; rx_tr_req_low ; ac04l         ; 33.000 ; 32.000  ; 32.000  ; 33.000 ;
; rx_tr_req_low ; ac05l         ; 49.000 ; 31.000  ; 31.000  ; 49.000 ;
; rx_tr_req_low ; ac06l         ; 49.000 ; 31.000  ; 31.000  ; 49.000 ;
; rx_tr_req_low ; ac07l         ; 49.000 ; 31.000  ; 31.000  ; 49.000 ;
; rx_tr_req_low ; ac08l         ; 49.000 ; 31.000  ; 31.000  ; 49.000 ;
; rx_tr_req_low ; ac09l         ; 49.000 ; 31.000  ; 31.000  ; 49.000 ;
; rx_tr_req_low ; ac10l         ; 49.000 ; 31.000  ; 31.000  ; 49.000 ;
; rx_tr_req_low ; ac11l         ; 49.000 ; 31.000  ; 31.000  ; 49.000 ;
; rx_tr_req_low ; birq          ;        ; 51.000  ; 51.000  ;        ;
; rx_tr_req_low ; bskip         ; 50.000 ; 42.000  ; 42.000  ; 50.000 ;
; rx_tr_req_low ; rx_12_bit_low ;        ; 40.000  ; 40.000  ;        ;
; rx_tr_req_low ; rx_run_low    ; 50.000 ; 23.000  ; 23.000  ; 50.000 ;
; tp4           ; ac00l         ; 33.000 ; 33.000  ; 33.000  ; 33.000 ;
; tp4           ; ac01l         ; 33.000 ; 33.000  ; 33.000  ; 33.000 ;
; tp4           ; ac02l         ; 33.000 ; 33.000  ; 33.000  ; 33.000 ;
; tp4           ; ac03l         ; 33.000 ; 33.000  ; 33.000  ; 33.000 ;
; tp4           ; ac04l         ; 33.000 ; 33.000  ; 33.000  ; 33.000 ;
; tp4           ; ac05l         ; 33.000 ; 33.000  ; 33.000  ; 33.000 ;
; tp4           ; ac06l         ; 33.000 ; 33.000  ; 33.000  ; 33.000 ;
; tp4           ; ac07l         ; 33.000 ; 33.000  ; 33.000  ; 33.000 ;
; tp4           ; ac08l         ; 33.000 ; 33.000  ; 33.000  ; 33.000 ;
; tp4           ; ac09l         ; 33.000 ; 33.000  ; 33.000  ; 33.000 ;
; tp4           ; ac10l         ; 33.000 ; 33.000  ; 33.000  ; 33.000 ;
; tp4           ; ac11l         ; 33.000 ; 33.000  ; 33.000  ; 33.000 ;
; tp4           ; birq          ; 24.000 ; 24.000  ; 24.000  ; 24.000 ;
; tp4           ; bskip         ; 24.000 ; 24.000  ; 24.000  ; 24.000 ;
; tp4           ; rx_12_bit_low ; 24.000 ; 49.000  ; 49.000  ; 24.000 ;
; tp4           ; rx_init_low   ; 24.000 ;         ;         ; 24.000 ;
; tp4           ; rx_run_low    ; 24.000 ; 33.000  ; 33.000  ; 24.000 ;
+---------------+---------------+--------+---------+---------+--------+


-------------------
; Clock Transfers ;
-------------------
Nothing to report.


---------------
; Report TCCS ;
---------------
No dedicated SERDES Transmitter circuitry present in device or used in design


---------------
; Report RSKM ;
---------------
No dedicated SERDES Receiver circuitry present in device or used in design


+------------------------------------------------+
; Unconstrained Paths                            ;
+---------------------------------+-------+------+
; Property                        ; Setup ; Hold ;
+---------------------------------+-------+------+
; Illegal Clocks                  ; 0     ; 0    ;
; Unconstrained Clocks            ; 0     ; 0    ;
; Unconstrained Input Ports       ; 38    ; 38   ;
; Unconstrained Input Port Paths  ; 564   ; 564  ;
; Unconstrained Output Ports      ; 21    ; 21   ;
; Unconstrained Output Port Paths ; 564   ; 564  ;
+---------------------------------+-------+------+


+------------------------------------+
; TimeQuest Timing Analyzer Messages ;
+------------------------------------+
Info: *******************************************************************
Info: Running Quartus II 64-Bit TimeQuest Timing Analyzer
    Info: Version 13.0.1 Build 232 06/12/2013 Service Pack 1 SJ Web Edition
    Info: Processing started: Wed Apr 29 00:51:34 2020
Info: Command: quartus_sta rx8i -c rx8i
Info: qsta_default_script.tcl version: #1
Warning (20028): Parallel compilation is not licensed and has been disabled
Info (306004): Started post-fitting delay annotation
Info (306005): Delay annotation completed successfully
Warning (335095): TimeQuest Timing Analyzer does not support the analysis of latches as synchronous elements for the currently selected device family.
Critical Warning (332012): Synopsys Design Constraints File file not found: 'rx8i.sdc'. A Synopsys Design Constraints File is required by the TimeQuest Timing Analyzer to get proper timing constraints. Without it, the Compiler will not properly optimize the design.
Info (332142): No user constrained base clocks found in the design. Calling "derive_clocks -period 1.0"
Info (332096): The command derive_clocks did not find any clocks to derive.  No clocks were created or changed.
Warning (332125): Found combinational loop of 10 nodes
    Warning (332126): Node "msb12_m~15|[2]"
    Warning (332126): Node "msb12_m~15|dataout"
    Warning (332126): Node "msb12_m~7|[2]"
    Warning (332126): Node "msb12_m~7|dataout"
    Warning (332126): Node "msb12_m~21|[0]"
    Warning (332126): Node "msb12_m~21|dataout"
    Warning (332126): Node "msb12_m~21|[2]"
    Warning (332126): Node "msb12~9|[0]"
    Warning (332126): Node "msb12~9|dataout"
    Warning (332126): Node "msb12~9|[2]"
Warning (332125): Found combinational loop of 2 nodes
    Warning (332126): Node "run~9|[1]"
    Warning (332126): Node "run~9|dataout"
Warning (332125): Found combinational loop of 17 nodes
    Warning (332126): Node "n_t_59x_m~10|[2]"
    Warning (332126): Node "n_t_59x_m~10|dataout"
    Warning (332126): Node "n_t_59x_m~10|[0]"
    Warning (332126): Node "n_t_59x~10|[0]"
    Warning (332126): Node "n_t_59x~10|dataout"
    Warning (332126): Node "n_t_59x~10|[1]"
    Warning (332126): Node "n_t_72x_m~9|[0]"
    Warning (332126): Node "n_t_72x_m~9|dataout"
    Warning (332126): Node "n_t_72x_m~9|[2]"
    Warning (332126): Node "n_t_72x~9|[0]"
    Warning (332126): Node "n_t_72x~9|dataout"
    Warning (332126): Node "n_t_72x~9|[2]"
    Warning (332126): Node "n_t_57x~2sexp|datain[0]"
    Warning (332126): Node "n_t_57x~2sexp|dataout"
    Warning (332126): Node "n_t_58x~0sexp|datain[2]"
    Warning (332126): Node "n_t_58x~0sexp|dataout"
    Warning (332126): Node "n_t_59x~10|[5]"
Warning (332125): Found combinational loop of 17 nodes
    Warning (332126): Node "n_t_68x_m~10|[1]"
    Warning (332126): Node "n_t_68x_m~10|dataout"
    Warning (332126): Node "n_t_68x_m~10|[0]"
    Warning (332126): Node "n_t_68x~10|[0]"
    Warning (332126): Node "n_t_68x~10|dataout"
    Warning (332126): Node "n_t_68x~10|[1]"
    Warning (332126): Node "n_t_69x_m~9|[0]"
    Warning (332126): Node "n_t_69x_m~9|dataout"
    Warning (332126): Node "n_t_69x_m~9|[2]"
    Warning (332126): Node "n_t_69x~9|[0]"
    Warning (332126): Node "n_t_69x~9|dataout"
    Warning (332126): Node "n_t_69x~9|[2]"
    Warning (332126): Node "n_t_49x~2sexp|datain[0]"
    Warning (332126): Node "n_t_49x~2sexp|dataout"
    Warning (332126): Node "n_t_54x~0sexp|datain[2]"
    Warning (332126): Node "n_t_54x~0sexp|dataout"
    Warning (332126): Node "n_t_68x~10|[2]"
Warning (332125): Found combinational loop of 2 nodes
    Warning (332126): Node "run_m~9|[0]"
    Warning (332126): Node "run_m~9|dataout"
Warning (332125): Found combinational loop of 2 nodes
    Warning (332126): Node "n_t_76x~9|[1]"
    Warning (332126): Node "n_t_76x~9|dataout"
Warning (332125): Found combinational loop of 2 nodes
    Warning (332126): Node "n_t_76x_m~9|[1]"
    Warning (332126): Node "n_t_76x_m~9|dataout"
Warning (332125): Found combinational loop of 10 nodes
    Warning (332126): Node "n_t_33x~9|dataout"
    Warning (332126): Node "n_t_33x~9|[2]"
    Warning (332126): Node "n_t_33x_m~15|[2]"
    Warning (332126): Node "n_t_33x_m~15|dataout"
    Warning (332126): Node "n_t_33x_m~7|[2]"
    Warning (332126): Node "n_t_33x_m~7|dataout"
    Warning (332126): Node "n_t_33x_m~21|[0]"
    Warning (332126): Node "n_t_33x_m~21|dataout"
    Warning (332126): Node "n_t_33x_m~21|[2]"
    Warning (332126): Node "n_t_33x~9|[0]"
Warning (332125): Found combinational loop of 10 nodes
    Warning (332126): Node "n_t_2x~9|dataout"
    Warning (332126): Node "n_t_2x~9|[2]"
    Warning (332126): Node "n_t_2x_m~15|[2]"
    Warning (332126): Node "n_t_2x_m~15|dataout"
    Warning (332126): Node "n_t_2x_m~7|[2]"
    Warning (332126): Node "n_t_2x_m~7|dataout"
    Warning (332126): Node "n_t_2x_m~21|[0]"
    Warning (332126): Node "n_t_2x_m~21|dataout"
    Warning (332126): Node "n_t_2x_m~21|[2]"
    Warning (332126): Node "n_t_2x~9|[0]"
Warning (332125): Found combinational loop of 10 nodes
    Warning (332126): Node "n_t_60x~9|dataout"
    Warning (332126): Node "n_t_60x~9|[2]"
    Warning (332126): Node "n_t_60x_m~15|[2]"
    Warning (332126): Node "n_t_60x_m~15|dataout"
    Warning (332126): Node "n_t_60x_m~7|[2]"
    Warning (332126): Node "n_t_60x_m~7|dataout"
    Warning (332126): Node "n_t_60x_m~21|[0]"
    Warning (332126): Node "n_t_60x_m~21|dataout"
    Warning (332126): Node "n_t_60x_m~21|[2]"
    Warning (332126): Node "n_t_60x~9|[0]"
Warning (332125): Found combinational loop of 204 nodes
    Warning (332126): Node "enb_buf_ld_low~5|[3]"
    Warning (332126): Node "enb_buf_ld_low~5|dataout"
    Warning (332126): Node "msb8_m~7|[1]"
    Warning (332126): Node "msb8_m~7|dataout"
    Warning (332126): Node "msb8_m~20|[0]"
    Warning (332126): Node "msb8_m~20|dataout"
    Warning (332126): Node "msb8_m~20|[2]"
    Warning (332126): Node "msb8~9|[0]"
    Warning (332126): Node "msb8~9|dataout"
    Warning (332126): Node "msb8~9|[2]"
    Warning (332126): Node "data4~0sexp2|datain[0]"
    Warning (332126): Node "data4~0sexp2|dataout"
    Warning (332126): Node "msb8_m~14|[4]"
    Warning (332126): Node "msb8_m~14|dataout"
    Warning (332126): Node "msb8_m~7|[2]"
    Warning (332126): Node "maint_m~9|[15]"
    Warning (332126): Node "maint_m~9|dataout"
    Warning (332126): Node "maint_m~9|[0]"
    Warning (332126): Node "maint~9|[0]"
    Warning (332126): Node "maint~9|dataout"
    Warning (332126): Node "maint~9|[1]"
    Warning (332126): Node "data4~0sexp2|datain[1]"
    Warning (332126): Node "data4_low~4|[3]"
    Warning (332126): Node "data4_low~4|dataout"
    Warning (332126): Node "maint_m~9|[16]"
    Warning (332126): Node "msb8_m~14|[5]"
    Warning (332126): Node "msb8_m~14|[0]"
    Warning (332126): Node "c1_low~6|datain[1]"
    Warning (332126): Node "c1_low~6|dataout"
    Warning (332126): Node "n_t_63x_m~13|[2]"
    Warning (332126): Node "n_t_63x_m~13|dataout"
    Warning (332126): Node "n_t_63x_m~7|[2]"
    Warning (332126): Node "n_t_63x_m~7|dataout"
    Warning (332126): Node "n_t_63x_m~19|[0]"
    Warning (332126): Node "n_t_63x_m~19|dataout"
    Warning (332126): Node "n_t_63x_m~19|[2]"
    Warning (332126): Node "n_t_63x~9|[0]"
    Warning (332126): Node "n_t_63x~9|dataout"
    Warning (332126): Node "n_t_63x~9|[2]"
    Warning (332126): Node "data6_low~3sexp|datain[0]"
    Warning (332126): Node "data6_low~3sexp|dataout"
    Warning (332126): Node "n_t_63x_m~13|[3]"
    Warning (332126): Node "n_t_62x_m~7|[0]"
    Warning (332126): Node "n_t_62x_m~7|dataout"
    Warning (332126): Node "n_t_62x_m~18|[0]"
    Warning (332126): Node "n_t_62x_m~18|dataout"
    Warning (332126): Node "n_t_62x_m~18|[2]"
    Warning (332126): Node "n_t_62x~9|[0]"
    Warning (332126): Node "n_t_62x~9|dataout"
    Warning (332126): Node "n_t_62x~9|[2]"
    Warning (332126): Node "data5~0sexp2|datain[0]"
    Warning (332126): Node "data5~0sexp2|dataout"
    Warning (332126): Node "n_t_62x_m~7|[2]"
    Warning (332126): Node "eight_m~9|[15]"
    Warning (332126): Node "eight_m~9|dataout"
    Warning (332126): Node "eight_m~9|[0]"
    Warning (332126): Node "eight~9|[0]"
    Warning (332126): Node "eight~9|dataout"
    Warning (332126): Node "data4_low~4|[1]"
    Warning (332126): Node "n_t_63x_m~13|[1]"
    Warning (332126): Node "n_t_64x_m~13|[1]"
    Warning (332126): Node "n_t_64x_m~13|dataout"
    Warning (332126): Node "n_t_64x_m~7|[2]"
    Warning (332126): Node "n_t_64x_m~7|dataout"
    Warning (332126): Node "n_t_64x_m~19|[0]"
    Warning (332126): Node "n_t_64x_m~19|dataout"
    Warning (332126): Node "n_t_64x_m~19|[2]"
    Warning (332126): Node "n_t_64x~9|[0]"
    Warning (332126): Node "n_t_64x~9|dataout"
    Warning (332126): Node "n_t_64x~9|[2]"
    Warning (332126): Node "data7_low~3sexp|datain[0]"
    Warning (332126): Node "data7_low~3sexp|dataout"
    Warning (332126): Node "n_t_64x_m~13|[3]"
    Warning (332126): Node "n_t_63x_m~7|[0]"
    Warning (332126): Node "n_t_31x_m~13|[1]"
    Warning (332126): Node "n_t_31x_m~13|dataout"
    Warning (332126): Node "n_t_31x_m~7|[2]"
    Warning (332126): Node "n_t_31x_m~7|dataout"
    Warning (332126): Node "n_t_31x_m~19|[0]"
    Warning (332126): Node "n_t_31x_m~19|dataout"
    Warning (332126): Node "n_t_31x_m~19|[2]"
    Warning (332126): Node "n_t_31x~9|[0]"
    Warning (332126): Node "n_t_31x~9|dataout"
    Warning (332126): Node "n_t_31x~9|[2]"
    Warning (332126): Node "data8_low~3sexp|datain[0]"
    Warning (332126): Node "data8_low~3sexp|dataout"
    Warning (332126): Node "n_t_31x_m~13|[3]"
    Warning (332126): Node "n_t_64x_m~7|[0]"
    Warning (332126): Node "n_t_66x_m~13|[1]"
    Warning (332126): Node "n_t_66x_m~13|dataout"
    Warning (332126): Node "n_t_66x_m~7|[2]"
    Warning (332126): Node "n_t_66x_m~7|dataout"
    Warning (332126): Node "n_t_66x_m~19|[0]"
    Warning (332126): Node "n_t_66x_m~19|dataout"
    Warning (332126): Node "n_t_66x_m~19|[2]"
    Warning (332126): Node "n_t_66x~9|[0]"
    Warning (332126): Node "n_t_66x~9|dataout"
    Warning (332126): Node "n_t_66x~9|[2]"
    Warning (332126): Node "data9_low~3sexp|datain[0]"
    Warning (332126): Node "data9_low~3sexp|dataout"
    Warning (332126): Node "n_t_66x_m~13|[3]"
    Warning (332126): Node "n_t_31x_m~7|[0]"
    Warning (332126): Node "n_t_67x_m~16|[1]"
    Warning (332126): Node "n_t_67x_m~16|dataout"
    Warning (332126): Node "n_t_67x_m~8|[2]"
    Warning (332126): Node "n_t_67x_m~8|dataout"
    Warning (332126): Node "n_t_67x_m~22|[0]"
    Warning (332126): Node "n_t_67x_m~22|dataout"
    Warning (332126): Node "n_t_67x_m~22|[2]"
    Warning (332126): Node "n_t_67x~9|[0]"
    Warning (332126): Node "n_t_67x~9|dataout"
    Warning (332126): Node "n_t_67x~9|[2]"
    Warning (332126): Node "data10_low~3sexp|datain[0]"
    Warning (332126): Node "data10_low~3sexp|dataout"
    Warning (332126): Node "n_t_67x_m~16|[3]"
    Warning (332126): Node "n_t_66x_m~7|[0]"
    Warning (332126): Node "eight~9|[1]"
    Warning (332126): Node "data5~0sexp3|datain[0]"
    Warning (332126): Node "data5~0sexp3|dataout"
    Warning (332126): Node "n_t_62x_m~7|[3]"
    Warning (332126): Node "eight_m~9|[16]"
    Warning (332126): Node "data11~0|[0]"
    Warning (332126): Node "data11~0|dataout"
    Warning (332126): Node "n_t_65x_m~7sexp1|datain[0]"
    Warning (332126): Node "n_t_65x_m~7sexp1|dataout"
    Warning (332126): Node "n_t_65x_m~19|[4]"
    Warning (332126): Node "n_t_65x_m~19|dataout"
    Warning (332126): Node "n_t_65x_m~19|[1]"
    Warning (332126): Node "n_t_65x~9|[0]"
    Warning (332126): Node "n_t_65x~9|dataout"
    Warning (332126): Node "n_t_65x~9|[2]"
    Warning (332126): Node "data11~0|[5]"
    Warning (332126): Node "n_t_67x_m~8|[0]"
    Warning (332126): Node "msb8_m~7|[0]"
    Warning (332126): Node "data6_low~3sexp|datain[1]"
    Warning (332126): Node "data7_low~3sexp|datain[1]"
    Warning (332126): Node "done~4|datain[0]"
    Warning (332126): Node "done~4|dataout"
    Warning (332126): Node "c1_low~7|datain[2]"
    Warning (332126): Node "c1_low~7|dataout"
    Warning (332126): Node "n_t_31x_m~13|[2]"
    Warning (332126): Node "c1_low~7|datain[1]"
    Warning (332126): Node "data8_low~3sexp|datain[1]"
    Warning (332126): Node "done~3|datain[0]"
    Warning (332126): Node "done~3|dataout"
    Warning (332126): Node "c1_low~2sexp|datain[2]"
    Warning (332126): Node "c1_low~2sexp|dataout"
    Warning (332126): Node "n_t_64x_m~13|[2]"
    Warning (332126): Node "n_t_66x_m~13|[2]"
    Warning (332126): Node "c1_low~2sexp|datain[1]"
    Warning (332126): Node "data9_low~3sexp|datain[1]"
    Warning (332126): Node "c1_low~8|datain[1]"
    Warning (332126): Node "c1_low~8|dataout"
    Warning (332126): Node "n_t_67x_m~16|[2]"
    Warning (332126): Node "data10_low~3sexp|datain[1]"
    Warning (332126): Node "n_t_65x_m~13|[1]"
    Warning (332126): Node "n_t_65x_m~13|dataout"
    Warning (332126): Node "n_t_65x_m~19|[5]"
    Warning (332126): Node "done~5|datain[0]"
    Warning (332126): Node "done~5|dataout"
    Warning (332126): Node "data4_low~4|[4]"
    Warning (332126): Node "c1_low~8|datain[2]"
    Warning (332126): Node "data11~0|[16]"
    Warning (332126): Node "data11~0|[4]"
    Warning (332126): Node "done~0sexp|datain[0]"
    Warning (332126): Node "done~0sexp|dataout"
    Warning (332126): Node "c1_low~6|datain[2]"
    Warning (332126): Node "data5~0sexp4|datain[3]"
    Warning (332126): Node "data5~0sexp4|dataout"
    Warning (332126): Node "n_t_62x_m~7|[4]"
    Warning (332126): Node "eight_m~9|[17]"
    Warning (332126): Node "data5~0sexp4|datain[2]"
    Warning (332126): Node "data5~0sexp2|datain[1]"
    Warning (332126): Node "clk_parity_low~0|[12]"
    Warning (332126): Node "clk_parity_low~0|dataout"
    Warning (332126): Node "msb8~9|[1]"
    Warning (332126): Node "msb8_m~20|[1]"
    Warning (332126): Node "n_t_62x~9|[1]"
    Warning (332126): Node "n_t_62x_m~18|[1]"
    Warning (332126): Node "n_t_63x~9|[1]"
    Warning (332126): Node "n_t_63x_m~19|[1]"
    Warning (332126): Node "n_t_64x~9|[1]"
    Warning (332126): Node "n_t_64x_m~19|[1]"
    Warning (332126): Node "n_t_31x~9|[1]"
    Warning (332126): Node "n_t_31x_m~19|[1]"
    Warning (332126): Node "n_t_66x~9|[1]"
    Warning (332126): Node "n_t_66x_m~19|[1]"
    Warning (332126): Node "n_t_67x~9|[1]"
    Warning (332126): Node "n_t_67x_m~22|[1]"
    Warning (332126): Node "n_t_65x~9|[1]"
    Warning (332126): Node "n_t_65x_m~19|[0]"
    Warning (332126): Node "n_t_62x_m~7|[1]"
    Warning (332126): Node "n_t_63x_m~13|[11]"
    Warning (332126): Node "n_t_63x_m~7|[1]"
    Warning (332126): Node "n_t_64x_m~13|[11]"
    Warning (332126): Node "n_t_64x_m~7|[1]"
    Warning (332126): Node "n_t_31x_m~13|[11]"
    Warning (332126): Node "n_t_31x_m~7|[1]"
    Warning (332126): Node "n_t_66x_m~13|[11]"
    Warning (332126): Node "n_t_66x_m~7|[1]"
    Warning (332126): Node "n_t_67x_m~16|[11]"
    Warning (332126): Node "n_t_67x_m~8|[1]"
    Warning (332126): Node "n_t_65x_m~7sexp1|datain[1]"
    Warning (332126): Node "clk_parity_low~0|[0]"
Critical Warning (332081): Design contains combinational loop of 204 nodes. Estimating the delays through the loop.
Warning (332125): Found combinational loop of 2 nodes
    Warning (332126): Node "n_t_45x~9|dataout"
    Warning (332126): Node "n_t_45x~9|[1]"
Warning (332125): Found combinational loop of 2 nodes
    Warning (332126): Node "n_t_45x_m~9|dataout"
    Warning (332126): Node "n_t_45x_m~9|[0]"
Warning (332125): Found combinational loop of 2 nodes
    Warning (332126): Node "io_pause_low~9|[2]"
    Warning (332126): Node "io_pause_low~9|dataout"
Warning (332125): Found combinational loop of 2 nodes
    Warning (332126): Node "io_pause_low_m~9|[1]"
    Warning (332126): Node "io_pause_low_m~9|dataout"
Warning (332068): No clocks defined in design.
Info: Found TIMEQUEST_REPORT_SCRIPT_INCLUDE_DEFAULT_ANALYSIS = ON
Info (332159): No clocks to report
Info (332140): No fmax paths to report
Info (332140): No Setup paths to report
Info (332140): No Hold paths to report
Info (332140): No Recovery paths to report
Info (332140): No Removal paths to report
Info (332140): No Minimum Pulse Width paths to report
Info (332001): The selected device family is not supported by the report_metastability command.
Info (332102): Design is not fully constrained for setup requirements
Info (332102): Design is not fully constrained for hold requirements
Info: Quartus II 64-Bit TimeQuest Timing Analyzer was successful. 0 errors, 314 warnings
    Info: Peak virtual memory: 4515 megabytes
    Info: Processing ended: Wed Apr 29 00:51:36 2020
    Info: Elapsed time: 00:00:02
    Info: Total CPU time (on all processors): 00:00:02


