TimeQuest Timing Analyzer report for war
Wed Feb 27 21:45:14 2019
Quartus II 64-Bit Version 13.0.1 Build 232 06/12/2013 Service Pack 1 SJ Web Edition


---------------------
; Table of Contents ;
---------------------
  1. Legal Notice
  2. TimeQuest Timing Analyzer Summary
  3. Parallel Compilation
  4. Clocks
  5. Fmax Summary
  6. Setup Summary
  7. Hold Summary
  8. Recovery Summary
  9. Removal Summary
 10. Minimum Pulse Width Summary
 11. Setup: 'md10_low'
 12. Setup: 'md11_low'
 13. Setup: 'md3_low'
 14. Setup: 'md4_low'
 15. Setup: 'md5_low'
 16. Setup: 'md6_low'
 17. Setup: 'md7_low'
 18. Setup: 'md8_low'
 19. Setup: 'md9_low'
 20. Setup: 'pause_low'
 21. Setup: 'tp3'
 22. Hold: 'md10_low'
 23. Hold: 'md11_low'
 24. Hold: 'md3_low'
 25. Hold: 'md4_low'
 26. Hold: 'md5_low'
 27. Hold: 'md6_low'
 28. Hold: 'md7_low'
 29. Hold: 'md8_low'
 30. Hold: 'md9_low'
 31. Hold: 'pause_low'
 32. Hold: 'tp3'
 33. Recovery: 'del_1_low'
 34. Recovery: 'grn_delay'
 35. Recovery: 'ld_del_low'
 36. Recovery: 'red_delay'
 37. Recovery: 'set_done'
 38. Recovery: 'md10_low'
 39. Recovery: 'md11_low'
 40. Recovery: 'md3_low'
 41. Recovery: 'md4_low'
 42. Recovery: 'md5_low'
 43. Recovery: 'md6_low'
 44. Recovery: 'md7_low'
 45. Recovery: 'md8_low'
 46. Recovery: 'md9_low'
 47. Recovery: 'pause_low'
 48. Recovery: 'tp3'
 49. Removal: 'md10_low'
 50. Removal: 'md11_low'
 51. Removal: 'md3_low'
 52. Removal: 'md4_low'
 53. Removal: 'md5_low'
 54. Removal: 'md6_low'
 55. Removal: 'md7_low'
 56. Removal: 'md8_low'
 57. Removal: 'md9_low'
 58. Removal: 'pause_low'
 59. Removal: 'tp3'
 60. Removal: 'del_1_low'
 61. Removal: 'grn_delay'
 62. Removal: 'ld_del_low'
 63. Removal: 'red_delay'
 64. Removal: 'set_done'
 65. Minimum Pulse Width: 'md10_low'
 66. Minimum Pulse Width: 'md11_low'
 67. Minimum Pulse Width: 'md3_low'
 68. Minimum Pulse Width: 'md4_low'
 69. Minimum Pulse Width: 'md5_low'
 70. Minimum Pulse Width: 'md6_low'
 71. Minimum Pulse Width: 'md7_low'
 72. Minimum Pulse Width: 'md8_low'
 73. Minimum Pulse Width: 'md9_low'
 74. Minimum Pulse Width: 'pause_low'
 75. Minimum Pulse Width: 'tp3'
 76. Minimum Pulse Width: 'del_1_low'
 77. Minimum Pulse Width: 'grn_delay'
 78. Minimum Pulse Width: 'ld_del_low'
 79. Minimum Pulse Width: 'red_delay'
 80. Minimum Pulse Width: 'set_done'
 81. Setup Times
 82. Hold Times
 83. Clock to Output Times
 84. Minimum Clock to Output Times
 85. Propagation Delay
 86. Minimum Propagation Delay
 87. Setup Transfers
 88. Hold Transfers
 89. Recovery Transfers
 90. Removal Transfers
 91. Report TCCS
 92. Report RSKM
 93. Unconstrained Paths
 94. TimeQuest Timing Analyzer Messages



----------------
; Legal Notice ;
----------------
Copyright (C) 1991-2013 Altera Corporation
Your use of Altera Corporation's design tools, logic functions 
and other software and tools, and its AMPP partner logic 
functions, and any output files from any of the foregoing 
(including device programming or simulation files), and any 
associated documentation or information are expressly subject 
to the terms and conditions of the Altera Program License 
Subscription Agreement, Altera MegaCore Function License 
Agreement, or other applicable license agreement, including, 
without limitation, that your use is for the sole purpose of 
programming logic devices manufactured by Altera and sold by 
Altera or its authorized distributors.  Please refer to the 
applicable agreement for further details.



+----------------------------------------------------------------------------------------+
; TimeQuest Timing Analyzer Summary                                                      ;
+--------------------+-------------------------------------------------------------------+
; Quartus II Version ; Version 13.0.1 Build 232 06/12/2013 Service Pack 1 SJ Web Edition ;
; Revision Name      ; war                                                               ;
; Device Family      ; MAX7000S                                                          ;
; Device Name        ; EPM7128SLC84-15                                                   ;
; Timing Models      ; Final                                                             ;
; Delay Model        ; Slow Model                                                        ;
; Rise/Fall Delays   ; Unavailable                                                       ;
+--------------------+-------------------------------------------------------------------+


Parallel compilation was disabled, but you have multiple processors available. Enable parallel compilation to reduce compilation time.
+-------------------------------------+
; Parallel Compilation                ;
+----------------------------+--------+
; Processors                 ; Number ;
+----------------------------+--------+
; Number detected on machine ; 4      ;
; Maximum allowed            ; 1      ;
+----------------------------+--------+


+----------------------------------------------------------------------------------------------------------------------------------------------------------------------------------------+
; Clocks                                                                                                                                                                                 ;
+------------+------+--------+------------+-------+-------+------------+-----------+-------------+-------+--------+-----------+------------+----------+--------+--------+----------------+
; Clock Name ; Type ; Period ; Frequency  ; Rise  ; Fall  ; Duty Cycle ; Divide by ; Multiply by ; Phase ; Offset ; Edge List ; Edge Shift ; Inverted ; Master ; Source ; Targets        ;
+------------+------+--------+------------+-------+-------+------------+-----------+-------------+-------+--------+-----------+------------+----------+--------+--------+----------------+
; del_1_low  ; Base ; 1.000  ; 1000.0 MHz ; 0.000 ; 0.500 ;            ;           ;             ;       ;        ;           ;            ;          ;        ;        ; { del_1_low }  ;
; grn_delay  ; Base ; 1.000  ; 1000.0 MHz ; 0.000 ; 0.500 ;            ;           ;             ;       ;        ;           ;            ;          ;        ;        ; { grn_delay }  ;
; ld_del_low ; Base ; 1.000  ; 1000.0 MHz ; 0.000 ; 0.500 ;            ;           ;             ;       ;        ;           ;            ;          ;        ;        ; { ld_del_low } ;
; md3_low    ; Base ; 1.000  ; 1000.0 MHz ; 0.000 ; 0.500 ;            ;           ;             ;       ;        ;           ;            ;          ;        ;        ; { md3_low }    ;
; md4_low    ; Base ; 1.000  ; 1000.0 MHz ; 0.000 ; 0.500 ;            ;           ;             ;       ;        ;           ;            ;          ;        ;        ; { md4_low }    ;
; md5_low    ; Base ; 1.000  ; 1000.0 MHz ; 0.000 ; 0.500 ;            ;           ;             ;       ;        ;           ;            ;          ;        ;        ; { md5_low }    ;
; md6_low    ; Base ; 1.000  ; 1000.0 MHz ; 0.000 ; 0.500 ;            ;           ;             ;       ;        ;           ;            ;          ;        ;        ; { md6_low }    ;
; md7_low    ; Base ; 1.000  ; 1000.0 MHz ; 0.000 ; 0.500 ;            ;           ;             ;       ;        ;           ;            ;          ;        ;        ; { md7_low }    ;
; md8_low    ; Base ; 1.000  ; 1000.0 MHz ; 0.000 ; 0.500 ;            ;           ;             ;       ;        ;           ;            ;          ;        ;        ; { md8_low }    ;
; md9_low    ; Base ; 1.000  ; 1000.0 MHz ; 0.000 ; 0.500 ;            ;           ;             ;       ;        ;           ;            ;          ;        ;        ; { md9_low }    ;
; md10_low   ; Base ; 1.000  ; 1000.0 MHz ; 0.000 ; 0.500 ;            ;           ;             ;       ;        ;           ;            ;          ;        ;        ; { md10_low }   ;
; md11_low   ; Base ; 1.000  ; 1000.0 MHz ; 0.000 ; 0.500 ;            ;           ;             ;       ;        ;           ;            ;          ;        ;        ; { md11_low }   ;
; pause_low  ; Base ; 1.000  ; 1000.0 MHz ; 0.000 ; 0.500 ;            ;           ;             ;       ;        ;           ;            ;          ;        ;        ; { pause_low }  ;
; red_delay  ; Base ; 1.000  ; 1000.0 MHz ; 0.000 ; 0.500 ;            ;           ;             ;       ;        ;           ;            ;          ;        ;        ; { red_delay }  ;
; set_done   ; Base ; 1.000  ; 1000.0 MHz ; 0.000 ; 0.500 ;            ;           ;             ;       ;        ;           ;            ;          ;        ;        ; { set_done }   ;
; tp3        ; Base ; 1.000  ; 1000.0 MHz ; 0.000 ; 0.500 ;            ;           ;             ;       ;        ;           ;            ;          ;        ;        ; { tp3 }        ;
+------------+------+--------+------------+-------+-------+------------+-----------+-------------+-------+--------+-----------+------------+----------+--------+--------+----------------+


+--------------------------------------------------------------------------------------------------+
; Fmax Summary                                                                                     ;
+-----------+-----------------+------------+-------------------------------------------------------+
; Fmax      ; Restricted Fmax ; Clock Name ; Note                                                  ;
+-----------+-----------------+------------+-------------------------------------------------------+
; 125.0 MHz ; 83.33 MHz       ; md10_low   ; limit due to high minimum pulse width violation (tch) ;
; 125.0 MHz ; 83.33 MHz       ; md11_low   ; limit due to high minimum pulse width violation (tch) ;
; 125.0 MHz ; 83.33 MHz       ; md3_low    ; limit due to high minimum pulse width violation (tch) ;
; 125.0 MHz ; 83.33 MHz       ; md4_low    ; limit due to high minimum pulse width violation (tch) ;
; 125.0 MHz ; 83.33 MHz       ; md5_low    ; limit due to high minimum pulse width violation (tch) ;
; 125.0 MHz ; 83.33 MHz       ; md6_low    ; limit due to high minimum pulse width violation (tch) ;
; 125.0 MHz ; 83.33 MHz       ; md7_low    ; limit due to high minimum pulse width violation (tch) ;
; 125.0 MHz ; 83.33 MHz       ; md8_low    ; limit due to high minimum pulse width violation (tch) ;
; 125.0 MHz ; 83.33 MHz       ; md9_low    ; limit due to high minimum pulse width violation (tch) ;
; 125.0 MHz ; 83.33 MHz       ; pause_low  ; limit due to high minimum pulse width violation (tch) ;
+-----------+-----------------+------------+-------------------------------------------------------+
This panel reports FMAX for every clock in the design, regardless of the user-specified clock periods.  FMAX is only computed for paths where the source and destination registers or ports are driven by the same clock.  Paths of different clocks, including generated clocks, are ignored.  For paths between a clock and its inversion, FMAX is computed as if the rising and falling edges are scaled along with FMAX, such that the duty cycle (in terms of a percentage) is maintained. Altera recommends that you always use clock constraints and other slack reports for sign-off analysis.


+------------------------------------+
; Setup Summary                      ;
+-----------+--------+---------------+
; Clock     ; Slack  ; End Point TNS ;
+-----------+--------+---------------+
; md10_low  ; -3.500 ; -21.000       ;
; md11_low  ; -3.500 ; -21.000       ;
; md3_low   ; -3.500 ; -21.000       ;
; md4_low   ; -3.500 ; -21.000       ;
; md5_low   ; -3.500 ; -21.000       ;
; md6_low   ; -3.500 ; -21.000       ;
; md7_low   ; -3.500 ; -21.000       ;
; md8_low   ; -3.500 ; -21.000       ;
; md9_low   ; -3.500 ; -21.000       ;
; pause_low ; -3.500 ; -21.000       ;
; tp3       ; -3.500 ; -21.000       ;
+-----------+--------+---------------+


+------------------------------------+
; Hold Summary                       ;
+-----------+--------+---------------+
; Clock     ; Slack  ; End Point TNS ;
+-----------+--------+---------------+
; md10_low  ; -4.000 ; -24.000       ;
; md11_low  ; -4.000 ; -24.000       ;
; md3_low   ; -4.000 ; -24.000       ;
; md4_low   ; -4.000 ; -24.000       ;
; md5_low   ; -4.000 ; -24.000       ;
; md6_low   ; -4.000 ; -24.000       ;
; md7_low   ; -4.000 ; -24.000       ;
; md8_low   ; -4.000 ; -24.000       ;
; md9_low   ; -4.000 ; -24.000       ;
; pause_low ; -4.000 ; -24.000       ;
; tp3       ; -4.000 ; -24.000       ;
+-----------+--------+---------------+


+--------------------------------------+
; Recovery Summary                     ;
+------------+---------+---------------+
; Clock      ; Slack   ; End Point TNS ;
+------------+---------+---------------+
; del_1_low  ; -32.000 ; -32.000       ;
; grn_delay  ; -32.000 ; -32.000       ;
; ld_del_low ; -32.000 ; -32.000       ;
; red_delay  ; -32.000 ; -32.000       ;
; set_done   ; -32.000 ; -32.000       ;
; md10_low   ; -23.500 ; -141.000      ;
; md11_low   ; -23.500 ; -141.000      ;
; md3_low    ; -23.500 ; -141.000      ;
; md4_low    ; -23.500 ; -141.000      ;
; md5_low    ; -23.500 ; -141.000      ;
; md6_low    ; -23.500 ; -141.000      ;
; md7_low    ; -23.500 ; -141.000      ;
; md8_low    ; -23.500 ; -141.000      ;
; md9_low    ; -23.500 ; -141.000      ;
; pause_low  ; -23.500 ; -141.000      ;
; tp3        ; -23.500 ; -141.000      ;
+------------+---------+---------------+


+-------------------------------------+
; Removal Summary                     ;
+------------+--------+---------------+
; Clock      ; Slack  ; End Point TNS ;
+------------+--------+---------------+
; md10_low   ; 8.000  ; 0.000         ;
; md11_low   ; 8.000  ; 0.000         ;
; md3_low    ; 8.000  ; 0.000         ;
; md4_low    ; 8.000  ; 0.000         ;
; md5_low    ; 8.000  ; 0.000         ;
; md6_low    ; 8.000  ; 0.000         ;
; md7_low    ; 8.000  ; 0.000         ;
; md8_low    ; 8.000  ; 0.000         ;
; md9_low    ; 8.000  ; 0.000         ;
; pause_low  ; 8.000  ; 0.000         ;
; tp3        ; 8.000  ; 0.000         ;
; del_1_low  ; 16.000 ; 0.000         ;
; grn_delay  ; 16.000 ; 0.000         ;
; ld_del_low ; 16.000 ; 0.000         ;
; red_delay  ; 16.000 ; 0.000         ;
; set_done   ; 16.000 ; 0.000         ;
+------------+--------+---------------+


+-------------------------------------+
; Minimum Pulse Width Summary         ;
+------------+--------+---------------+
; Clock      ; Slack  ; End Point TNS ;
+------------+--------+---------------+
; md10_low   ; -5.500 ; -66.000       ;
; md11_low   ; -5.500 ; -66.000       ;
; md3_low    ; -5.500 ; -66.000       ;
; md4_low    ; -5.500 ; -66.000       ;
; md5_low    ; -5.500 ; -66.000       ;
; md6_low    ; -5.500 ; -66.000       ;
; md7_low    ; -5.500 ; -66.000       ;
; md8_low    ; -5.500 ; -66.000       ;
; md9_low    ; -5.500 ; -66.000       ;
; pause_low  ; -5.500 ; -66.000       ;
; tp3        ; -5.500 ; -66.000       ;
; del_1_low  ; -5.500 ; -11.000       ;
; grn_delay  ; -5.500 ; -11.000       ;
; ld_del_low ; -5.500 ; -11.000       ;
; red_delay  ; -5.500 ; -11.000       ;
; set_done   ; -5.500 ; -11.000       ;
+------------+--------+---------------+


+-------------------------------------------------------------------------------------------------------+
; Setup: 'md10_low'                                                                                     ;
+--------+-----------+------------+--------------+-------------+--------------+------------+------------+
; Slack  ; From Node ; To Node    ; Launch Clock ; Latch Clock ; Relationship ; Clock Skew ; Data Delay ;
+--------+-----------+------------+--------------+-------------+--------------+------------+------------+
; -3.500 ; md10_low  ; write_thru ; md10_low     ; md10_low    ; 0.500        ; 10.000     ; 10.000     ;
; -3.500 ; md10_low  ; store      ; md10_low     ; md10_low    ; 0.500        ; 10.000     ; 10.000     ;
; -3.500 ; md10_low  ; color      ; md10_low     ; md10_low    ; 0.500        ; 10.000     ; 10.000     ;
; -3.500 ; md10_low  ; chan       ; md10_low     ; md10_low    ; 0.500        ; 10.000     ; 10.000     ;
; -3.500 ; md10_low  ; int_en     ; md10_low     ; md10_low    ; 0.500        ; 10.000     ; 10.000     ;
; -3.500 ; md10_low  ; erase      ; md10_low     ; md10_low    ; 0.500        ; 10.000     ; 10.000     ;
; -3.500 ; md9_low   ; write_thru ; md9_low      ; md10_low    ; 0.500        ; 10.000     ; 10.000     ;
; -3.500 ; md9_low   ; store      ; md9_low      ; md10_low    ; 0.500        ; 10.000     ; 10.000     ;
; -3.500 ; md9_low   ; color      ; md9_low      ; md10_low    ; 0.500        ; 10.000     ; 10.000     ;
; -3.500 ; md9_low   ; chan       ; md9_low      ; md10_low    ; 0.500        ; 10.000     ; 10.000     ;
; -3.500 ; md9_low   ; int_en     ; md9_low      ; md10_low    ; 0.500        ; 10.000     ; 10.000     ;
; -3.500 ; md9_low   ; erase      ; md9_low      ; md10_low    ; 0.500        ; 10.000     ; 10.000     ;
; -3.500 ; pause_low ; write_thru ; pause_low    ; md10_low    ; 0.500        ; 10.000     ; 10.000     ;
; -3.500 ; pause_low ; store      ; pause_low    ; md10_low    ; 0.500        ; 10.000     ; 10.000     ;
; -3.500 ; pause_low ; color      ; pause_low    ; md10_low    ; 0.500        ; 10.000     ; 10.000     ;
; -3.500 ; pause_low ; chan       ; pause_low    ; md10_low    ; 0.500        ; 10.000     ; 10.000     ;
; -3.500 ; pause_low ; int_en     ; pause_low    ; md10_low    ; 0.500        ; 10.000     ; 10.000     ;
; -3.500 ; pause_low ; erase      ; pause_low    ; md10_low    ; 0.500        ; 10.000     ; 10.000     ;
; -3.500 ; md7_low   ; write_thru ; md7_low      ; md10_low    ; 0.500        ; 10.000     ; 10.000     ;
; -3.500 ; md7_low   ; store      ; md7_low      ; md10_low    ; 0.500        ; 10.000     ; 10.000     ;
; -3.500 ; md7_low   ; color      ; md7_low      ; md10_low    ; 0.500        ; 10.000     ; 10.000     ;
; -3.500 ; md7_low   ; chan       ; md7_low      ; md10_low    ; 0.500        ; 10.000     ; 10.000     ;
; -3.500 ; md7_low   ; int_en     ; md7_low      ; md10_low    ; 0.500        ; 10.000     ; 10.000     ;
; -3.500 ; md7_low   ; erase      ; md7_low      ; md10_low    ; 0.500        ; 10.000     ; 10.000     ;
; -3.500 ; md6_low   ; write_thru ; md6_low      ; md10_low    ; 0.500        ; 10.000     ; 10.000     ;
; -3.500 ; md6_low   ; store      ; md6_low      ; md10_low    ; 0.500        ; 10.000     ; 10.000     ;
; -3.500 ; md6_low   ; color      ; md6_low      ; md10_low    ; 0.500        ; 10.000     ; 10.000     ;
; -3.500 ; md6_low   ; chan       ; md6_low      ; md10_low    ; 0.500        ; 10.000     ; 10.000     ;
; -3.500 ; md6_low   ; int_en     ; md6_low      ; md10_low    ; 0.500        ; 10.000     ; 10.000     ;
; -3.500 ; md6_low   ; erase      ; md6_low      ; md10_low    ; 0.500        ; 10.000     ; 10.000     ;
; -3.500 ; md4_low   ; write_thru ; md4_low      ; md10_low    ; 0.500        ; 10.000     ; 10.000     ;
; -3.500 ; md4_low   ; store      ; md4_low      ; md10_low    ; 0.500        ; 10.000     ; 10.000     ;
; -3.500 ; md4_low   ; color      ; md4_low      ; md10_low    ; 0.500        ; 10.000     ; 10.000     ;
; -3.500 ; md4_low   ; chan       ; md4_low      ; md10_low    ; 0.500        ; 10.000     ; 10.000     ;
; -3.500 ; md4_low   ; int_en     ; md4_low      ; md10_low    ; 0.500        ; 10.000     ; 10.000     ;
; -3.500 ; md4_low   ; erase      ; md4_low      ; md10_low    ; 0.500        ; 10.000     ; 10.000     ;
; -3.500 ; md3_low   ; write_thru ; md3_low      ; md10_low    ; 0.500        ; 10.000     ; 10.000     ;
; -3.500 ; md3_low   ; store      ; md3_low      ; md10_low    ; 0.500        ; 10.000     ; 10.000     ;
; -3.500 ; md3_low   ; color      ; md3_low      ; md10_low    ; 0.500        ; 10.000     ; 10.000     ;
; -3.500 ; md3_low   ; chan       ; md3_low      ; md10_low    ; 0.500        ; 10.000     ; 10.000     ;
; -3.500 ; md3_low   ; int_en     ; md3_low      ; md10_low    ; 0.500        ; 10.000     ; 10.000     ;
; -3.500 ; md3_low   ; erase      ; md3_low      ; md10_low    ; 0.500        ; 10.000     ; 10.000     ;
; -3.500 ; md8_low   ; write_thru ; md8_low      ; md10_low    ; 0.500        ; 10.000     ; 10.000     ;
; -3.500 ; md8_low   ; store      ; md8_low      ; md10_low    ; 0.500        ; 10.000     ; 10.000     ;
; -3.500 ; md8_low   ; color      ; md8_low      ; md10_low    ; 0.500        ; 10.000     ; 10.000     ;
; -3.500 ; md8_low   ; chan       ; md8_low      ; md10_low    ; 0.500        ; 10.000     ; 10.000     ;
; -3.500 ; md8_low   ; int_en     ; md8_low      ; md10_low    ; 0.500        ; 10.000     ; 10.000     ;
; -3.500 ; md8_low   ; erase      ; md8_low      ; md10_low    ; 0.500        ; 10.000     ; 10.000     ;
; -3.500 ; md5_low   ; write_thru ; md5_low      ; md10_low    ; 0.500        ; 10.000     ; 10.000     ;
; -3.500 ; md5_low   ; store      ; md5_low      ; md10_low    ; 0.500        ; 10.000     ; 10.000     ;
; -3.500 ; md5_low   ; color      ; md5_low      ; md10_low    ; 0.500        ; 10.000     ; 10.000     ;
; -3.500 ; md5_low   ; chan       ; md5_low      ; md10_low    ; 0.500        ; 10.000     ; 10.000     ;
; -3.500 ; md5_low   ; int_en     ; md5_low      ; md10_low    ; 0.500        ; 10.000     ; 10.000     ;
; -3.500 ; md5_low   ; erase      ; md5_low      ; md10_low    ; 0.500        ; 10.000     ; 10.000     ;
; -3.500 ; md11_low  ; write_thru ; md11_low     ; md10_low    ; 0.500        ; 10.000     ; 10.000     ;
; -3.500 ; md11_low  ; store      ; md11_low     ; md10_low    ; 0.500        ; 10.000     ; 10.000     ;
; -3.500 ; md11_low  ; color      ; md11_low     ; md10_low    ; 0.500        ; 10.000     ; 10.000     ;
; -3.500 ; md11_low  ; chan       ; md11_low     ; md10_low    ; 0.500        ; 10.000     ; 10.000     ;
; -3.500 ; md11_low  ; int_en     ; md11_low     ; md10_low    ; 0.500        ; 10.000     ; 10.000     ;
; -3.500 ; md11_low  ; erase      ; md11_low     ; md10_low    ; 0.500        ; 10.000     ; 10.000     ;
; -3.000 ; md10_low  ; write_thru ; md10_low     ; md10_low    ; 1.000        ; 10.000     ; 10.000     ;
; -3.000 ; md10_low  ; store      ; md10_low     ; md10_low    ; 1.000        ; 10.000     ; 10.000     ;
; -3.000 ; md10_low  ; color      ; md10_low     ; md10_low    ; 1.000        ; 10.000     ; 10.000     ;
; -3.000 ; md10_low  ; chan       ; md10_low     ; md10_low    ; 1.000        ; 10.000     ; 10.000     ;
; -3.000 ; md10_low  ; int_en     ; md10_low     ; md10_low    ; 1.000        ; 10.000     ; 10.000     ;
; -3.000 ; md10_low  ; erase      ; md10_low     ; md10_low    ; 1.000        ; 10.000     ; 10.000     ;
; -3.000 ; md9_low   ; write_thru ; md9_low      ; md10_low    ; 1.000        ; 10.000     ; 10.000     ;
; -3.000 ; md9_low   ; store      ; md9_low      ; md10_low    ; 1.000        ; 10.000     ; 10.000     ;
; -3.000 ; md9_low   ; color      ; md9_low      ; md10_low    ; 1.000        ; 10.000     ; 10.000     ;
; -3.000 ; md9_low   ; chan       ; md9_low      ; md10_low    ; 1.000        ; 10.000     ; 10.000     ;
; -3.000 ; md9_low   ; int_en     ; md9_low      ; md10_low    ; 1.000        ; 10.000     ; 10.000     ;
; -3.000 ; md9_low   ; erase      ; md9_low      ; md10_low    ; 1.000        ; 10.000     ; 10.000     ;
; -3.000 ; pause_low ; write_thru ; pause_low    ; md10_low    ; 1.000        ; 10.000     ; 10.000     ;
; -3.000 ; pause_low ; store      ; pause_low    ; md10_low    ; 1.000        ; 10.000     ; 10.000     ;
; -3.000 ; pause_low ; color      ; pause_low    ; md10_low    ; 1.000        ; 10.000     ; 10.000     ;
; -3.000 ; pause_low ; chan       ; pause_low    ; md10_low    ; 1.000        ; 10.000     ; 10.000     ;
; -3.000 ; pause_low ; int_en     ; pause_low    ; md10_low    ; 1.000        ; 10.000     ; 10.000     ;
; -3.000 ; pause_low ; erase      ; pause_low    ; md10_low    ; 1.000        ; 10.000     ; 10.000     ;
; -3.000 ; md7_low   ; write_thru ; md7_low      ; md10_low    ; 1.000        ; 10.000     ; 10.000     ;
; -3.000 ; md7_low   ; store      ; md7_low      ; md10_low    ; 1.000        ; 10.000     ; 10.000     ;
; -3.000 ; md7_low   ; color      ; md7_low      ; md10_low    ; 1.000        ; 10.000     ; 10.000     ;
; -3.000 ; md7_low   ; chan       ; md7_low      ; md10_low    ; 1.000        ; 10.000     ; 10.000     ;
; -3.000 ; md7_low   ; int_en     ; md7_low      ; md10_low    ; 1.000        ; 10.000     ; 10.000     ;
; -3.000 ; md7_low   ; erase      ; md7_low      ; md10_low    ; 1.000        ; 10.000     ; 10.000     ;
; -3.000 ; md6_low   ; write_thru ; md6_low      ; md10_low    ; 1.000        ; 10.000     ; 10.000     ;
; -3.000 ; md6_low   ; store      ; md6_low      ; md10_low    ; 1.000        ; 10.000     ; 10.000     ;
; -3.000 ; md6_low   ; color      ; md6_low      ; md10_low    ; 1.000        ; 10.000     ; 10.000     ;
; -3.000 ; md6_low   ; chan       ; md6_low      ; md10_low    ; 1.000        ; 10.000     ; 10.000     ;
; -3.000 ; md6_low   ; int_en     ; md6_low      ; md10_low    ; 1.000        ; 10.000     ; 10.000     ;
; -3.000 ; md6_low   ; erase      ; md6_low      ; md10_low    ; 1.000        ; 10.000     ; 10.000     ;
; -3.000 ; md4_low   ; write_thru ; md4_low      ; md10_low    ; 1.000        ; 10.000     ; 10.000     ;
; -3.000 ; md4_low   ; store      ; md4_low      ; md10_low    ; 1.000        ; 10.000     ; 10.000     ;
; -3.000 ; md4_low   ; color      ; md4_low      ; md10_low    ; 1.000        ; 10.000     ; 10.000     ;
; -3.000 ; md4_low   ; chan       ; md4_low      ; md10_low    ; 1.000        ; 10.000     ; 10.000     ;
; -3.000 ; md4_low   ; int_en     ; md4_low      ; md10_low    ; 1.000        ; 10.000     ; 10.000     ;
; -3.000 ; md4_low   ; erase      ; md4_low      ; md10_low    ; 1.000        ; 10.000     ; 10.000     ;
; -3.000 ; md3_low   ; write_thru ; md3_low      ; md10_low    ; 1.000        ; 10.000     ; 10.000     ;
; -3.000 ; md3_low   ; store      ; md3_low      ; md10_low    ; 1.000        ; 10.000     ; 10.000     ;
; -3.000 ; md3_low   ; color      ; md3_low      ; md10_low    ; 1.000        ; 10.000     ; 10.000     ;
; -3.000 ; md3_low   ; chan       ; md3_low      ; md10_low    ; 1.000        ; 10.000     ; 10.000     ;
+--------+-----------+------------+--------------+-------------+--------------+------------+------------+


+-------------------------------------------------------------------------------------------------------+
; Setup: 'md11_low'                                                                                     ;
+--------+-----------+------------+--------------+-------------+--------------+------------+------------+
; Slack  ; From Node ; To Node    ; Launch Clock ; Latch Clock ; Relationship ; Clock Skew ; Data Delay ;
+--------+-----------+------------+--------------+-------------+--------------+------------+------------+
; -3.500 ; md10_low  ; write_thru ; md10_low     ; md11_low    ; 0.500        ; 10.000     ; 10.000     ;
; -3.500 ; md10_low  ; store      ; md10_low     ; md11_low    ; 0.500        ; 10.000     ; 10.000     ;
; -3.500 ; md10_low  ; color      ; md10_low     ; md11_low    ; 0.500        ; 10.000     ; 10.000     ;
; -3.500 ; md10_low  ; chan       ; md10_low     ; md11_low    ; 0.500        ; 10.000     ; 10.000     ;
; -3.500 ; md10_low  ; int_en     ; md10_low     ; md11_low    ; 0.500        ; 10.000     ; 10.000     ;
; -3.500 ; md10_low  ; erase      ; md10_low     ; md11_low    ; 0.500        ; 10.000     ; 10.000     ;
; -3.500 ; md9_low   ; write_thru ; md9_low      ; md11_low    ; 0.500        ; 10.000     ; 10.000     ;
; -3.500 ; md9_low   ; store      ; md9_low      ; md11_low    ; 0.500        ; 10.000     ; 10.000     ;
; -3.500 ; md9_low   ; color      ; md9_low      ; md11_low    ; 0.500        ; 10.000     ; 10.000     ;
; -3.500 ; md9_low   ; chan       ; md9_low      ; md11_low    ; 0.500        ; 10.000     ; 10.000     ;
; -3.500 ; md9_low   ; int_en     ; md9_low      ; md11_low    ; 0.500        ; 10.000     ; 10.000     ;
; -3.500 ; md9_low   ; erase      ; md9_low      ; md11_low    ; 0.500        ; 10.000     ; 10.000     ;
; -3.500 ; pause_low ; write_thru ; pause_low    ; md11_low    ; 0.500        ; 10.000     ; 10.000     ;
; -3.500 ; pause_low ; store      ; pause_low    ; md11_low    ; 0.500        ; 10.000     ; 10.000     ;
; -3.500 ; pause_low ; color      ; pause_low    ; md11_low    ; 0.500        ; 10.000     ; 10.000     ;
; -3.500 ; pause_low ; chan       ; pause_low    ; md11_low    ; 0.500        ; 10.000     ; 10.000     ;
; -3.500 ; pause_low ; int_en     ; pause_low    ; md11_low    ; 0.500        ; 10.000     ; 10.000     ;
; -3.500 ; pause_low ; erase      ; pause_low    ; md11_low    ; 0.500        ; 10.000     ; 10.000     ;
; -3.500 ; md7_low   ; write_thru ; md7_low      ; md11_low    ; 0.500        ; 10.000     ; 10.000     ;
; -3.500 ; md7_low   ; store      ; md7_low      ; md11_low    ; 0.500        ; 10.000     ; 10.000     ;
; -3.500 ; md7_low   ; color      ; md7_low      ; md11_low    ; 0.500        ; 10.000     ; 10.000     ;
; -3.500 ; md7_low   ; chan       ; md7_low      ; md11_low    ; 0.500        ; 10.000     ; 10.000     ;
; -3.500 ; md7_low   ; int_en     ; md7_low      ; md11_low    ; 0.500        ; 10.000     ; 10.000     ;
; -3.500 ; md7_low   ; erase      ; md7_low      ; md11_low    ; 0.500        ; 10.000     ; 10.000     ;
; -3.500 ; md6_low   ; write_thru ; md6_low      ; md11_low    ; 0.500        ; 10.000     ; 10.000     ;
; -3.500 ; md6_low   ; store      ; md6_low      ; md11_low    ; 0.500        ; 10.000     ; 10.000     ;
; -3.500 ; md6_low   ; color      ; md6_low      ; md11_low    ; 0.500        ; 10.000     ; 10.000     ;
; -3.500 ; md6_low   ; chan       ; md6_low      ; md11_low    ; 0.500        ; 10.000     ; 10.000     ;
; -3.500 ; md6_low   ; int_en     ; md6_low      ; md11_low    ; 0.500        ; 10.000     ; 10.000     ;
; -3.500 ; md6_low   ; erase      ; md6_low      ; md11_low    ; 0.500        ; 10.000     ; 10.000     ;
; -3.500 ; md4_low   ; write_thru ; md4_low      ; md11_low    ; 0.500        ; 10.000     ; 10.000     ;
; -3.500 ; md4_low   ; store      ; md4_low      ; md11_low    ; 0.500        ; 10.000     ; 10.000     ;
; -3.500 ; md4_low   ; color      ; md4_low      ; md11_low    ; 0.500        ; 10.000     ; 10.000     ;
; -3.500 ; md4_low   ; chan       ; md4_low      ; md11_low    ; 0.500        ; 10.000     ; 10.000     ;
; -3.500 ; md4_low   ; int_en     ; md4_low      ; md11_low    ; 0.500        ; 10.000     ; 10.000     ;
; -3.500 ; md4_low   ; erase      ; md4_low      ; md11_low    ; 0.500        ; 10.000     ; 10.000     ;
; -3.500 ; md3_low   ; write_thru ; md3_low      ; md11_low    ; 0.500        ; 10.000     ; 10.000     ;
; -3.500 ; md3_low   ; store      ; md3_low      ; md11_low    ; 0.500        ; 10.000     ; 10.000     ;
; -3.500 ; md3_low   ; color      ; md3_low      ; md11_low    ; 0.500        ; 10.000     ; 10.000     ;
; -3.500 ; md3_low   ; chan       ; md3_low      ; md11_low    ; 0.500        ; 10.000     ; 10.000     ;
; -3.500 ; md3_low   ; int_en     ; md3_low      ; md11_low    ; 0.500        ; 10.000     ; 10.000     ;
; -3.500 ; md3_low   ; erase      ; md3_low      ; md11_low    ; 0.500        ; 10.000     ; 10.000     ;
; -3.500 ; md8_low   ; write_thru ; md8_low      ; md11_low    ; 0.500        ; 10.000     ; 10.000     ;
; -3.500 ; md8_low   ; store      ; md8_low      ; md11_low    ; 0.500        ; 10.000     ; 10.000     ;
; -3.500 ; md8_low   ; color      ; md8_low      ; md11_low    ; 0.500        ; 10.000     ; 10.000     ;
; -3.500 ; md8_low   ; chan       ; md8_low      ; md11_low    ; 0.500        ; 10.000     ; 10.000     ;
; -3.500 ; md8_low   ; int_en     ; md8_low      ; md11_low    ; 0.500        ; 10.000     ; 10.000     ;
; -3.500 ; md8_low   ; erase      ; md8_low      ; md11_low    ; 0.500        ; 10.000     ; 10.000     ;
; -3.500 ; md5_low   ; write_thru ; md5_low      ; md11_low    ; 0.500        ; 10.000     ; 10.000     ;
; -3.500 ; md5_low   ; store      ; md5_low      ; md11_low    ; 0.500        ; 10.000     ; 10.000     ;
; -3.500 ; md5_low   ; color      ; md5_low      ; md11_low    ; 0.500        ; 10.000     ; 10.000     ;
; -3.500 ; md5_low   ; chan       ; md5_low      ; md11_low    ; 0.500        ; 10.000     ; 10.000     ;
; -3.500 ; md5_low   ; int_en     ; md5_low      ; md11_low    ; 0.500        ; 10.000     ; 10.000     ;
; -3.500 ; md5_low   ; erase      ; md5_low      ; md11_low    ; 0.500        ; 10.000     ; 10.000     ;
; -3.500 ; md11_low  ; write_thru ; md11_low     ; md11_low    ; 0.500        ; 10.000     ; 10.000     ;
; -3.500 ; md11_low  ; store      ; md11_low     ; md11_low    ; 0.500        ; 10.000     ; 10.000     ;
; -3.500 ; md11_low  ; color      ; md11_low     ; md11_low    ; 0.500        ; 10.000     ; 10.000     ;
; -3.500 ; md11_low  ; chan       ; md11_low     ; md11_low    ; 0.500        ; 10.000     ; 10.000     ;
; -3.500 ; md11_low  ; int_en     ; md11_low     ; md11_low    ; 0.500        ; 10.000     ; 10.000     ;
; -3.500 ; md11_low  ; erase      ; md11_low     ; md11_low    ; 0.500        ; 10.000     ; 10.000     ;
; -3.000 ; md10_low  ; write_thru ; md10_low     ; md11_low    ; 1.000        ; 10.000     ; 10.000     ;
; -3.000 ; md10_low  ; store      ; md10_low     ; md11_low    ; 1.000        ; 10.000     ; 10.000     ;
; -3.000 ; md10_low  ; color      ; md10_low     ; md11_low    ; 1.000        ; 10.000     ; 10.000     ;
; -3.000 ; md10_low  ; chan       ; md10_low     ; md11_low    ; 1.000        ; 10.000     ; 10.000     ;
; -3.000 ; md10_low  ; int_en     ; md10_low     ; md11_low    ; 1.000        ; 10.000     ; 10.000     ;
; -3.000 ; md10_low  ; erase      ; md10_low     ; md11_low    ; 1.000        ; 10.000     ; 10.000     ;
; -3.000 ; md9_low   ; write_thru ; md9_low      ; md11_low    ; 1.000        ; 10.000     ; 10.000     ;
; -3.000 ; md9_low   ; store      ; md9_low      ; md11_low    ; 1.000        ; 10.000     ; 10.000     ;
; -3.000 ; md9_low   ; color      ; md9_low      ; md11_low    ; 1.000        ; 10.000     ; 10.000     ;
; -3.000 ; md9_low   ; chan       ; md9_low      ; md11_low    ; 1.000        ; 10.000     ; 10.000     ;
; -3.000 ; md9_low   ; int_en     ; md9_low      ; md11_low    ; 1.000        ; 10.000     ; 10.000     ;
; -3.000 ; md9_low   ; erase      ; md9_low      ; md11_low    ; 1.000        ; 10.000     ; 10.000     ;
; -3.000 ; pause_low ; write_thru ; pause_low    ; md11_low    ; 1.000        ; 10.000     ; 10.000     ;
; -3.000 ; pause_low ; store      ; pause_low    ; md11_low    ; 1.000        ; 10.000     ; 10.000     ;
; -3.000 ; pause_low ; color      ; pause_low    ; md11_low    ; 1.000        ; 10.000     ; 10.000     ;
; -3.000 ; pause_low ; chan       ; pause_low    ; md11_low    ; 1.000        ; 10.000     ; 10.000     ;
; -3.000 ; pause_low ; int_en     ; pause_low    ; md11_low    ; 1.000        ; 10.000     ; 10.000     ;
; -3.000 ; pause_low ; erase      ; pause_low    ; md11_low    ; 1.000        ; 10.000     ; 10.000     ;
; -3.000 ; md7_low   ; write_thru ; md7_low      ; md11_low    ; 1.000        ; 10.000     ; 10.000     ;
; -3.000 ; md7_low   ; store      ; md7_low      ; md11_low    ; 1.000        ; 10.000     ; 10.000     ;
; -3.000 ; md7_low   ; color      ; md7_low      ; md11_low    ; 1.000        ; 10.000     ; 10.000     ;
; -3.000 ; md7_low   ; chan       ; md7_low      ; md11_low    ; 1.000        ; 10.000     ; 10.000     ;
; -3.000 ; md7_low   ; int_en     ; md7_low      ; md11_low    ; 1.000        ; 10.000     ; 10.000     ;
; -3.000 ; md7_low   ; erase      ; md7_low      ; md11_low    ; 1.000        ; 10.000     ; 10.000     ;
; -3.000 ; md6_low   ; write_thru ; md6_low      ; md11_low    ; 1.000        ; 10.000     ; 10.000     ;
; -3.000 ; md6_low   ; store      ; md6_low      ; md11_low    ; 1.000        ; 10.000     ; 10.000     ;
; -3.000 ; md6_low   ; color      ; md6_low      ; md11_low    ; 1.000        ; 10.000     ; 10.000     ;
; -3.000 ; md6_low   ; chan       ; md6_low      ; md11_low    ; 1.000        ; 10.000     ; 10.000     ;
; -3.000 ; md6_low   ; int_en     ; md6_low      ; md11_low    ; 1.000        ; 10.000     ; 10.000     ;
; -3.000 ; md6_low   ; erase      ; md6_low      ; md11_low    ; 1.000        ; 10.000     ; 10.000     ;
; -3.000 ; md4_low   ; write_thru ; md4_low      ; md11_low    ; 1.000        ; 10.000     ; 10.000     ;
; -3.000 ; md4_low   ; store      ; md4_low      ; md11_low    ; 1.000        ; 10.000     ; 10.000     ;
; -3.000 ; md4_low   ; color      ; md4_low      ; md11_low    ; 1.000        ; 10.000     ; 10.000     ;
; -3.000 ; md4_low   ; chan       ; md4_low      ; md11_low    ; 1.000        ; 10.000     ; 10.000     ;
; -3.000 ; md4_low   ; int_en     ; md4_low      ; md11_low    ; 1.000        ; 10.000     ; 10.000     ;
; -3.000 ; md4_low   ; erase      ; md4_low      ; md11_low    ; 1.000        ; 10.000     ; 10.000     ;
; -3.000 ; md3_low   ; write_thru ; md3_low      ; md11_low    ; 1.000        ; 10.000     ; 10.000     ;
; -3.000 ; md3_low   ; store      ; md3_low      ; md11_low    ; 1.000        ; 10.000     ; 10.000     ;
; -3.000 ; md3_low   ; color      ; md3_low      ; md11_low    ; 1.000        ; 10.000     ; 10.000     ;
; -3.000 ; md3_low   ; chan       ; md3_low      ; md11_low    ; 1.000        ; 10.000     ; 10.000     ;
+--------+-----------+------------+--------------+-------------+--------------+------------+------------+


+-------------------------------------------------------------------------------------------------------+
; Setup: 'md3_low'                                                                                      ;
+--------+-----------+------------+--------------+-------------+--------------+------------+------------+
; Slack  ; From Node ; To Node    ; Launch Clock ; Latch Clock ; Relationship ; Clock Skew ; Data Delay ;
+--------+-----------+------------+--------------+-------------+--------------+------------+------------+
; -3.500 ; md10_low  ; write_thru ; md10_low     ; md3_low     ; 0.500        ; 10.000     ; 10.000     ;
; -3.500 ; md10_low  ; store      ; md10_low     ; md3_low     ; 0.500        ; 10.000     ; 10.000     ;
; -3.500 ; md10_low  ; color      ; md10_low     ; md3_low     ; 0.500        ; 10.000     ; 10.000     ;
; -3.500 ; md10_low  ; chan       ; md10_low     ; md3_low     ; 0.500        ; 10.000     ; 10.000     ;
; -3.500 ; md10_low  ; int_en     ; md10_low     ; md3_low     ; 0.500        ; 10.000     ; 10.000     ;
; -3.500 ; md10_low  ; erase      ; md10_low     ; md3_low     ; 0.500        ; 10.000     ; 10.000     ;
; -3.500 ; md9_low   ; write_thru ; md9_low      ; md3_low     ; 0.500        ; 10.000     ; 10.000     ;
; -3.500 ; md9_low   ; store      ; md9_low      ; md3_low     ; 0.500        ; 10.000     ; 10.000     ;
; -3.500 ; md9_low   ; color      ; md9_low      ; md3_low     ; 0.500        ; 10.000     ; 10.000     ;
; -3.500 ; md9_low   ; chan       ; md9_low      ; md3_low     ; 0.500        ; 10.000     ; 10.000     ;
; -3.500 ; md9_low   ; int_en     ; md9_low      ; md3_low     ; 0.500        ; 10.000     ; 10.000     ;
; -3.500 ; md9_low   ; erase      ; md9_low      ; md3_low     ; 0.500        ; 10.000     ; 10.000     ;
; -3.500 ; pause_low ; write_thru ; pause_low    ; md3_low     ; 0.500        ; 10.000     ; 10.000     ;
; -3.500 ; pause_low ; store      ; pause_low    ; md3_low     ; 0.500        ; 10.000     ; 10.000     ;
; -3.500 ; pause_low ; color      ; pause_low    ; md3_low     ; 0.500        ; 10.000     ; 10.000     ;
; -3.500 ; pause_low ; chan       ; pause_low    ; md3_low     ; 0.500        ; 10.000     ; 10.000     ;
; -3.500 ; pause_low ; int_en     ; pause_low    ; md3_low     ; 0.500        ; 10.000     ; 10.000     ;
; -3.500 ; pause_low ; erase      ; pause_low    ; md3_low     ; 0.500        ; 10.000     ; 10.000     ;
; -3.500 ; md7_low   ; write_thru ; md7_low      ; md3_low     ; 0.500        ; 10.000     ; 10.000     ;
; -3.500 ; md7_low   ; store      ; md7_low      ; md3_low     ; 0.500        ; 10.000     ; 10.000     ;
; -3.500 ; md7_low   ; color      ; md7_low      ; md3_low     ; 0.500        ; 10.000     ; 10.000     ;
; -3.500 ; md7_low   ; chan       ; md7_low      ; md3_low     ; 0.500        ; 10.000     ; 10.000     ;
; -3.500 ; md7_low   ; int_en     ; md7_low      ; md3_low     ; 0.500        ; 10.000     ; 10.000     ;
; -3.500 ; md7_low   ; erase      ; md7_low      ; md3_low     ; 0.500        ; 10.000     ; 10.000     ;
; -3.500 ; md6_low   ; write_thru ; md6_low      ; md3_low     ; 0.500        ; 10.000     ; 10.000     ;
; -3.500 ; md6_low   ; store      ; md6_low      ; md3_low     ; 0.500        ; 10.000     ; 10.000     ;
; -3.500 ; md6_low   ; color      ; md6_low      ; md3_low     ; 0.500        ; 10.000     ; 10.000     ;
; -3.500 ; md6_low   ; chan       ; md6_low      ; md3_low     ; 0.500        ; 10.000     ; 10.000     ;
; -3.500 ; md6_low   ; int_en     ; md6_low      ; md3_low     ; 0.500        ; 10.000     ; 10.000     ;
; -3.500 ; md6_low   ; erase      ; md6_low      ; md3_low     ; 0.500        ; 10.000     ; 10.000     ;
; -3.500 ; md4_low   ; write_thru ; md4_low      ; md3_low     ; 0.500        ; 10.000     ; 10.000     ;
; -3.500 ; md4_low   ; store      ; md4_low      ; md3_low     ; 0.500        ; 10.000     ; 10.000     ;
; -3.500 ; md4_low   ; color      ; md4_low      ; md3_low     ; 0.500        ; 10.000     ; 10.000     ;
; -3.500 ; md4_low   ; chan       ; md4_low      ; md3_low     ; 0.500        ; 10.000     ; 10.000     ;
; -3.500 ; md4_low   ; int_en     ; md4_low      ; md3_low     ; 0.500        ; 10.000     ; 10.000     ;
; -3.500 ; md4_low   ; erase      ; md4_low      ; md3_low     ; 0.500        ; 10.000     ; 10.000     ;
; -3.500 ; md3_low   ; write_thru ; md3_low      ; md3_low     ; 0.500        ; 10.000     ; 10.000     ;
; -3.500 ; md3_low   ; store      ; md3_low      ; md3_low     ; 0.500        ; 10.000     ; 10.000     ;
; -3.500 ; md3_low   ; color      ; md3_low      ; md3_low     ; 0.500        ; 10.000     ; 10.000     ;
; -3.500 ; md3_low   ; chan       ; md3_low      ; md3_low     ; 0.500        ; 10.000     ; 10.000     ;
; -3.500 ; md3_low   ; int_en     ; md3_low      ; md3_low     ; 0.500        ; 10.000     ; 10.000     ;
; -3.500 ; md3_low   ; erase      ; md3_low      ; md3_low     ; 0.500        ; 10.000     ; 10.000     ;
; -3.500 ; md8_low   ; write_thru ; md8_low      ; md3_low     ; 0.500        ; 10.000     ; 10.000     ;
; -3.500 ; md8_low   ; store      ; md8_low      ; md3_low     ; 0.500        ; 10.000     ; 10.000     ;
; -3.500 ; md8_low   ; color      ; md8_low      ; md3_low     ; 0.500        ; 10.000     ; 10.000     ;
; -3.500 ; md8_low   ; chan       ; md8_low      ; md3_low     ; 0.500        ; 10.000     ; 10.000     ;
; -3.500 ; md8_low   ; int_en     ; md8_low      ; md3_low     ; 0.500        ; 10.000     ; 10.000     ;
; -3.500 ; md8_low   ; erase      ; md8_low      ; md3_low     ; 0.500        ; 10.000     ; 10.000     ;
; -3.500 ; md5_low   ; write_thru ; md5_low      ; md3_low     ; 0.500        ; 10.000     ; 10.000     ;
; -3.500 ; md5_low   ; store      ; md5_low      ; md3_low     ; 0.500        ; 10.000     ; 10.000     ;
; -3.500 ; md5_low   ; color      ; md5_low      ; md3_low     ; 0.500        ; 10.000     ; 10.000     ;
; -3.500 ; md5_low   ; chan       ; md5_low      ; md3_low     ; 0.500        ; 10.000     ; 10.000     ;
; -3.500 ; md5_low   ; int_en     ; md5_low      ; md3_low     ; 0.500        ; 10.000     ; 10.000     ;
; -3.500 ; md5_low   ; erase      ; md5_low      ; md3_low     ; 0.500        ; 10.000     ; 10.000     ;
; -3.500 ; md11_low  ; write_thru ; md11_low     ; md3_low     ; 0.500        ; 10.000     ; 10.000     ;
; -3.500 ; md11_low  ; store      ; md11_low     ; md3_low     ; 0.500        ; 10.000     ; 10.000     ;
; -3.500 ; md11_low  ; color      ; md11_low     ; md3_low     ; 0.500        ; 10.000     ; 10.000     ;
; -3.500 ; md11_low  ; chan       ; md11_low     ; md3_low     ; 0.500        ; 10.000     ; 10.000     ;
; -3.500 ; md11_low  ; int_en     ; md11_low     ; md3_low     ; 0.500        ; 10.000     ; 10.000     ;
; -3.500 ; md11_low  ; erase      ; md11_low     ; md3_low     ; 0.500        ; 10.000     ; 10.000     ;
; -3.000 ; md10_low  ; write_thru ; md10_low     ; md3_low     ; 1.000        ; 10.000     ; 10.000     ;
; -3.000 ; md10_low  ; store      ; md10_low     ; md3_low     ; 1.000        ; 10.000     ; 10.000     ;
; -3.000 ; md10_low  ; color      ; md10_low     ; md3_low     ; 1.000        ; 10.000     ; 10.000     ;
; -3.000 ; md10_low  ; chan       ; md10_low     ; md3_low     ; 1.000        ; 10.000     ; 10.000     ;
; -3.000 ; md10_low  ; int_en     ; md10_low     ; md3_low     ; 1.000        ; 10.000     ; 10.000     ;
; -3.000 ; md10_low  ; erase      ; md10_low     ; md3_low     ; 1.000        ; 10.000     ; 10.000     ;
; -3.000 ; md9_low   ; write_thru ; md9_low      ; md3_low     ; 1.000        ; 10.000     ; 10.000     ;
; -3.000 ; md9_low   ; store      ; md9_low      ; md3_low     ; 1.000        ; 10.000     ; 10.000     ;
; -3.000 ; md9_low   ; color      ; md9_low      ; md3_low     ; 1.000        ; 10.000     ; 10.000     ;
; -3.000 ; md9_low   ; chan       ; md9_low      ; md3_low     ; 1.000        ; 10.000     ; 10.000     ;
; -3.000 ; md9_low   ; int_en     ; md9_low      ; md3_low     ; 1.000        ; 10.000     ; 10.000     ;
; -3.000 ; md9_low   ; erase      ; md9_low      ; md3_low     ; 1.000        ; 10.000     ; 10.000     ;
; -3.000 ; pause_low ; write_thru ; pause_low    ; md3_low     ; 1.000        ; 10.000     ; 10.000     ;
; -3.000 ; pause_low ; store      ; pause_low    ; md3_low     ; 1.000        ; 10.000     ; 10.000     ;
; -3.000 ; pause_low ; color      ; pause_low    ; md3_low     ; 1.000        ; 10.000     ; 10.000     ;
; -3.000 ; pause_low ; chan       ; pause_low    ; md3_low     ; 1.000        ; 10.000     ; 10.000     ;
; -3.000 ; pause_low ; int_en     ; pause_low    ; md3_low     ; 1.000        ; 10.000     ; 10.000     ;
; -3.000 ; pause_low ; erase      ; pause_low    ; md3_low     ; 1.000        ; 10.000     ; 10.000     ;
; -3.000 ; md7_low   ; write_thru ; md7_low      ; md3_low     ; 1.000        ; 10.000     ; 10.000     ;
; -3.000 ; md7_low   ; store      ; md7_low      ; md3_low     ; 1.000        ; 10.000     ; 10.000     ;
; -3.000 ; md7_low   ; color      ; md7_low      ; md3_low     ; 1.000        ; 10.000     ; 10.000     ;
; -3.000 ; md7_low   ; chan       ; md7_low      ; md3_low     ; 1.000        ; 10.000     ; 10.000     ;
; -3.000 ; md7_low   ; int_en     ; md7_low      ; md3_low     ; 1.000        ; 10.000     ; 10.000     ;
; -3.000 ; md7_low   ; erase      ; md7_low      ; md3_low     ; 1.000        ; 10.000     ; 10.000     ;
; -3.000 ; md6_low   ; write_thru ; md6_low      ; md3_low     ; 1.000        ; 10.000     ; 10.000     ;
; -3.000 ; md6_low   ; store      ; md6_low      ; md3_low     ; 1.000        ; 10.000     ; 10.000     ;
; -3.000 ; md6_low   ; color      ; md6_low      ; md3_low     ; 1.000        ; 10.000     ; 10.000     ;
; -3.000 ; md6_low   ; chan       ; md6_low      ; md3_low     ; 1.000        ; 10.000     ; 10.000     ;
; -3.000 ; md6_low   ; int_en     ; md6_low      ; md3_low     ; 1.000        ; 10.000     ; 10.000     ;
; -3.000 ; md6_low   ; erase      ; md6_low      ; md3_low     ; 1.000        ; 10.000     ; 10.000     ;
; -3.000 ; md4_low   ; write_thru ; md4_low      ; md3_low     ; 1.000        ; 10.000     ; 10.000     ;
; -3.000 ; md4_low   ; store      ; md4_low      ; md3_low     ; 1.000        ; 10.000     ; 10.000     ;
; -3.000 ; md4_low   ; color      ; md4_low      ; md3_low     ; 1.000        ; 10.000     ; 10.000     ;
; -3.000 ; md4_low   ; chan       ; md4_low      ; md3_low     ; 1.000        ; 10.000     ; 10.000     ;
; -3.000 ; md4_low   ; int_en     ; md4_low      ; md3_low     ; 1.000        ; 10.000     ; 10.000     ;
; -3.000 ; md4_low   ; erase      ; md4_low      ; md3_low     ; 1.000        ; 10.000     ; 10.000     ;
; -3.000 ; md3_low   ; write_thru ; md3_low      ; md3_low     ; 1.000        ; 10.000     ; 10.000     ;
; -3.000 ; md3_low   ; store      ; md3_low      ; md3_low     ; 1.000        ; 10.000     ; 10.000     ;
; -3.000 ; md3_low   ; color      ; md3_low      ; md3_low     ; 1.000        ; 10.000     ; 10.000     ;
; -3.000 ; md3_low   ; chan       ; md3_low      ; md3_low     ; 1.000        ; 10.000     ; 10.000     ;
+--------+-----------+------------+--------------+-------------+--------------+------------+------------+


+-------------------------------------------------------------------------------------------------------+
; Setup: 'md4_low'                                                                                      ;
+--------+-----------+------------+--------------+-------------+--------------+------------+------------+
; Slack  ; From Node ; To Node    ; Launch Clock ; Latch Clock ; Relationship ; Clock Skew ; Data Delay ;
+--------+-----------+------------+--------------+-------------+--------------+------------+------------+
; -3.500 ; md10_low  ; write_thru ; md10_low     ; md4_low     ; 0.500        ; 10.000     ; 10.000     ;
; -3.500 ; md10_low  ; store      ; md10_low     ; md4_low     ; 0.500        ; 10.000     ; 10.000     ;
; -3.500 ; md10_low  ; color      ; md10_low     ; md4_low     ; 0.500        ; 10.000     ; 10.000     ;
; -3.500 ; md10_low  ; chan       ; md10_low     ; md4_low     ; 0.500        ; 10.000     ; 10.000     ;
; -3.500 ; md10_low  ; int_en     ; md10_low     ; md4_low     ; 0.500        ; 10.000     ; 10.000     ;
; -3.500 ; md10_low  ; erase      ; md10_low     ; md4_low     ; 0.500        ; 10.000     ; 10.000     ;
; -3.500 ; md9_low   ; write_thru ; md9_low      ; md4_low     ; 0.500        ; 10.000     ; 10.000     ;
; -3.500 ; md9_low   ; store      ; md9_low      ; md4_low     ; 0.500        ; 10.000     ; 10.000     ;
; -3.500 ; md9_low   ; color      ; md9_low      ; md4_low     ; 0.500        ; 10.000     ; 10.000     ;
; -3.500 ; md9_low   ; chan       ; md9_low      ; md4_low     ; 0.500        ; 10.000     ; 10.000     ;
; -3.500 ; md9_low   ; int_en     ; md9_low      ; md4_low     ; 0.500        ; 10.000     ; 10.000     ;
; -3.500 ; md9_low   ; erase      ; md9_low      ; md4_low     ; 0.500        ; 10.000     ; 10.000     ;
; -3.500 ; pause_low ; write_thru ; pause_low    ; md4_low     ; 0.500        ; 10.000     ; 10.000     ;
; -3.500 ; pause_low ; store      ; pause_low    ; md4_low     ; 0.500        ; 10.000     ; 10.000     ;
; -3.500 ; pause_low ; color      ; pause_low    ; md4_low     ; 0.500        ; 10.000     ; 10.000     ;
; -3.500 ; pause_low ; chan       ; pause_low    ; md4_low     ; 0.500        ; 10.000     ; 10.000     ;
; -3.500 ; pause_low ; int_en     ; pause_low    ; md4_low     ; 0.500        ; 10.000     ; 10.000     ;
; -3.500 ; pause_low ; erase      ; pause_low    ; md4_low     ; 0.500        ; 10.000     ; 10.000     ;
; -3.500 ; md7_low   ; write_thru ; md7_low      ; md4_low     ; 0.500        ; 10.000     ; 10.000     ;
; -3.500 ; md7_low   ; store      ; md7_low      ; md4_low     ; 0.500        ; 10.000     ; 10.000     ;
; -3.500 ; md7_low   ; color      ; md7_low      ; md4_low     ; 0.500        ; 10.000     ; 10.000     ;
; -3.500 ; md7_low   ; chan       ; md7_low      ; md4_low     ; 0.500        ; 10.000     ; 10.000     ;
; -3.500 ; md7_low   ; int_en     ; md7_low      ; md4_low     ; 0.500        ; 10.000     ; 10.000     ;
; -3.500 ; md7_low   ; erase      ; md7_low      ; md4_low     ; 0.500        ; 10.000     ; 10.000     ;
; -3.500 ; md6_low   ; write_thru ; md6_low      ; md4_low     ; 0.500        ; 10.000     ; 10.000     ;
; -3.500 ; md6_low   ; store      ; md6_low      ; md4_low     ; 0.500        ; 10.000     ; 10.000     ;
; -3.500 ; md6_low   ; color      ; md6_low      ; md4_low     ; 0.500        ; 10.000     ; 10.000     ;
; -3.500 ; md6_low   ; chan       ; md6_low      ; md4_low     ; 0.500        ; 10.000     ; 10.000     ;
; -3.500 ; md6_low   ; int_en     ; md6_low      ; md4_low     ; 0.500        ; 10.000     ; 10.000     ;
; -3.500 ; md6_low   ; erase      ; md6_low      ; md4_low     ; 0.500        ; 10.000     ; 10.000     ;
; -3.500 ; md4_low   ; write_thru ; md4_low      ; md4_low     ; 0.500        ; 10.000     ; 10.000     ;
; -3.500 ; md4_low   ; store      ; md4_low      ; md4_low     ; 0.500        ; 10.000     ; 10.000     ;
; -3.500 ; md4_low   ; color      ; md4_low      ; md4_low     ; 0.500        ; 10.000     ; 10.000     ;
; -3.500 ; md4_low   ; chan       ; md4_low      ; md4_low     ; 0.500        ; 10.000     ; 10.000     ;
; -3.500 ; md4_low   ; int_en     ; md4_low      ; md4_low     ; 0.500        ; 10.000     ; 10.000     ;
; -3.500 ; md4_low   ; erase      ; md4_low      ; md4_low     ; 0.500        ; 10.000     ; 10.000     ;
; -3.500 ; md3_low   ; write_thru ; md3_low      ; md4_low     ; 0.500        ; 10.000     ; 10.000     ;
; -3.500 ; md3_low   ; store      ; md3_low      ; md4_low     ; 0.500        ; 10.000     ; 10.000     ;
; -3.500 ; md3_low   ; color      ; md3_low      ; md4_low     ; 0.500        ; 10.000     ; 10.000     ;
; -3.500 ; md3_low   ; chan       ; md3_low      ; md4_low     ; 0.500        ; 10.000     ; 10.000     ;
; -3.500 ; md3_low   ; int_en     ; md3_low      ; md4_low     ; 0.500        ; 10.000     ; 10.000     ;
; -3.500 ; md3_low   ; erase      ; md3_low      ; md4_low     ; 0.500        ; 10.000     ; 10.000     ;
; -3.500 ; md8_low   ; write_thru ; md8_low      ; md4_low     ; 0.500        ; 10.000     ; 10.000     ;
; -3.500 ; md8_low   ; store      ; md8_low      ; md4_low     ; 0.500        ; 10.000     ; 10.000     ;
; -3.500 ; md8_low   ; color      ; md8_low      ; md4_low     ; 0.500        ; 10.000     ; 10.000     ;
; -3.500 ; md8_low   ; chan       ; md8_low      ; md4_low     ; 0.500        ; 10.000     ; 10.000     ;
; -3.500 ; md8_low   ; int_en     ; md8_low      ; md4_low     ; 0.500        ; 10.000     ; 10.000     ;
; -3.500 ; md8_low   ; erase      ; md8_low      ; md4_low     ; 0.500        ; 10.000     ; 10.000     ;
; -3.500 ; md5_low   ; write_thru ; md5_low      ; md4_low     ; 0.500        ; 10.000     ; 10.000     ;
; -3.500 ; md5_low   ; store      ; md5_low      ; md4_low     ; 0.500        ; 10.000     ; 10.000     ;
; -3.500 ; md5_low   ; color      ; md5_low      ; md4_low     ; 0.500        ; 10.000     ; 10.000     ;
; -3.500 ; md5_low   ; chan       ; md5_low      ; md4_low     ; 0.500        ; 10.000     ; 10.000     ;
; -3.500 ; md5_low   ; int_en     ; md5_low      ; md4_low     ; 0.500        ; 10.000     ; 10.000     ;
; -3.500 ; md5_low   ; erase      ; md5_low      ; md4_low     ; 0.500        ; 10.000     ; 10.000     ;
; -3.500 ; md11_low  ; write_thru ; md11_low     ; md4_low     ; 0.500        ; 10.000     ; 10.000     ;
; -3.500 ; md11_low  ; store      ; md11_low     ; md4_low     ; 0.500        ; 10.000     ; 10.000     ;
; -3.500 ; md11_low  ; color      ; md11_low     ; md4_low     ; 0.500        ; 10.000     ; 10.000     ;
; -3.500 ; md11_low  ; chan       ; md11_low     ; md4_low     ; 0.500        ; 10.000     ; 10.000     ;
; -3.500 ; md11_low  ; int_en     ; md11_low     ; md4_low     ; 0.500        ; 10.000     ; 10.000     ;
; -3.500 ; md11_low  ; erase      ; md11_low     ; md4_low     ; 0.500        ; 10.000     ; 10.000     ;
; -3.000 ; md10_low  ; write_thru ; md10_low     ; md4_low     ; 1.000        ; 10.000     ; 10.000     ;
; -3.000 ; md10_low  ; store      ; md10_low     ; md4_low     ; 1.000        ; 10.000     ; 10.000     ;
; -3.000 ; md10_low  ; color      ; md10_low     ; md4_low     ; 1.000        ; 10.000     ; 10.000     ;
; -3.000 ; md10_low  ; chan       ; md10_low     ; md4_low     ; 1.000        ; 10.000     ; 10.000     ;
; -3.000 ; md10_low  ; int_en     ; md10_low     ; md4_low     ; 1.000        ; 10.000     ; 10.000     ;
; -3.000 ; md10_low  ; erase      ; md10_low     ; md4_low     ; 1.000        ; 10.000     ; 10.000     ;
; -3.000 ; md9_low   ; write_thru ; md9_low      ; md4_low     ; 1.000        ; 10.000     ; 10.000     ;
; -3.000 ; md9_low   ; store      ; md9_low      ; md4_low     ; 1.000        ; 10.000     ; 10.000     ;
; -3.000 ; md9_low   ; color      ; md9_low      ; md4_low     ; 1.000        ; 10.000     ; 10.000     ;
; -3.000 ; md9_low   ; chan       ; md9_low      ; md4_low     ; 1.000        ; 10.000     ; 10.000     ;
; -3.000 ; md9_low   ; int_en     ; md9_low      ; md4_low     ; 1.000        ; 10.000     ; 10.000     ;
; -3.000 ; md9_low   ; erase      ; md9_low      ; md4_low     ; 1.000        ; 10.000     ; 10.000     ;
; -3.000 ; pause_low ; write_thru ; pause_low    ; md4_low     ; 1.000        ; 10.000     ; 10.000     ;
; -3.000 ; pause_low ; store      ; pause_low    ; md4_low     ; 1.000        ; 10.000     ; 10.000     ;
; -3.000 ; pause_low ; color      ; pause_low    ; md4_low     ; 1.000        ; 10.000     ; 10.000     ;
; -3.000 ; pause_low ; chan       ; pause_low    ; md4_low     ; 1.000        ; 10.000     ; 10.000     ;
; -3.000 ; pause_low ; int_en     ; pause_low    ; md4_low     ; 1.000        ; 10.000     ; 10.000     ;
; -3.000 ; pause_low ; erase      ; pause_low    ; md4_low     ; 1.000        ; 10.000     ; 10.000     ;
; -3.000 ; md7_low   ; write_thru ; md7_low      ; md4_low     ; 1.000        ; 10.000     ; 10.000     ;
; -3.000 ; md7_low   ; store      ; md7_low      ; md4_low     ; 1.000        ; 10.000     ; 10.000     ;
; -3.000 ; md7_low   ; color      ; md7_low      ; md4_low     ; 1.000        ; 10.000     ; 10.000     ;
; -3.000 ; md7_low   ; chan       ; md7_low      ; md4_low     ; 1.000        ; 10.000     ; 10.000     ;
; -3.000 ; md7_low   ; int_en     ; md7_low      ; md4_low     ; 1.000        ; 10.000     ; 10.000     ;
; -3.000 ; md7_low   ; erase      ; md7_low      ; md4_low     ; 1.000        ; 10.000     ; 10.000     ;
; -3.000 ; md6_low   ; write_thru ; md6_low      ; md4_low     ; 1.000        ; 10.000     ; 10.000     ;
; -3.000 ; md6_low   ; store      ; md6_low      ; md4_low     ; 1.000        ; 10.000     ; 10.000     ;
; -3.000 ; md6_low   ; color      ; md6_low      ; md4_low     ; 1.000        ; 10.000     ; 10.000     ;
; -3.000 ; md6_low   ; chan       ; md6_low      ; md4_low     ; 1.000        ; 10.000     ; 10.000     ;
; -3.000 ; md6_low   ; int_en     ; md6_low      ; md4_low     ; 1.000        ; 10.000     ; 10.000     ;
; -3.000 ; md6_low   ; erase      ; md6_low      ; md4_low     ; 1.000        ; 10.000     ; 10.000     ;
; -3.000 ; md4_low   ; write_thru ; md4_low      ; md4_low     ; 1.000        ; 10.000     ; 10.000     ;
; -3.000 ; md4_low   ; store      ; md4_low      ; md4_low     ; 1.000        ; 10.000     ; 10.000     ;
; -3.000 ; md4_low   ; color      ; md4_low      ; md4_low     ; 1.000        ; 10.000     ; 10.000     ;
; -3.000 ; md4_low   ; chan       ; md4_low      ; md4_low     ; 1.000        ; 10.000     ; 10.000     ;
; -3.000 ; md4_low   ; int_en     ; md4_low      ; md4_low     ; 1.000        ; 10.000     ; 10.000     ;
; -3.000 ; md4_low   ; erase      ; md4_low      ; md4_low     ; 1.000        ; 10.000     ; 10.000     ;
; -3.000 ; md3_low   ; write_thru ; md3_low      ; md4_low     ; 1.000        ; 10.000     ; 10.000     ;
; -3.000 ; md3_low   ; store      ; md3_low      ; md4_low     ; 1.000        ; 10.000     ; 10.000     ;
; -3.000 ; md3_low   ; color      ; md3_low      ; md4_low     ; 1.000        ; 10.000     ; 10.000     ;
; -3.000 ; md3_low   ; chan       ; md3_low      ; md4_low     ; 1.000        ; 10.000     ; 10.000     ;
+--------+-----------+------------+--------------+-------------+--------------+------------+------------+


+-------------------------------------------------------------------------------------------------------+
; Setup: 'md5_low'                                                                                      ;
+--------+-----------+------------+--------------+-------------+--------------+------------+------------+
; Slack  ; From Node ; To Node    ; Launch Clock ; Latch Clock ; Relationship ; Clock Skew ; Data Delay ;
+--------+-----------+------------+--------------+-------------+--------------+------------+------------+
; -3.500 ; md10_low  ; write_thru ; md10_low     ; md5_low     ; 0.500        ; 10.000     ; 10.000     ;
; -3.500 ; md10_low  ; store      ; md10_low     ; md5_low     ; 0.500        ; 10.000     ; 10.000     ;
; -3.500 ; md10_low  ; color      ; md10_low     ; md5_low     ; 0.500        ; 10.000     ; 10.000     ;
; -3.500 ; md10_low  ; chan       ; md10_low     ; md5_low     ; 0.500        ; 10.000     ; 10.000     ;
; -3.500 ; md10_low  ; int_en     ; md10_low     ; md5_low     ; 0.500        ; 10.000     ; 10.000     ;
; -3.500 ; md10_low  ; erase      ; md10_low     ; md5_low     ; 0.500        ; 10.000     ; 10.000     ;
; -3.500 ; md9_low   ; write_thru ; md9_low      ; md5_low     ; 0.500        ; 10.000     ; 10.000     ;
; -3.500 ; md9_low   ; store      ; md9_low      ; md5_low     ; 0.500        ; 10.000     ; 10.000     ;
; -3.500 ; md9_low   ; color      ; md9_low      ; md5_low     ; 0.500        ; 10.000     ; 10.000     ;
; -3.500 ; md9_low   ; chan       ; md9_low      ; md5_low     ; 0.500        ; 10.000     ; 10.000     ;
; -3.500 ; md9_low   ; int_en     ; md9_low      ; md5_low     ; 0.500        ; 10.000     ; 10.000     ;
; -3.500 ; md9_low   ; erase      ; md9_low      ; md5_low     ; 0.500        ; 10.000     ; 10.000     ;
; -3.500 ; pause_low ; write_thru ; pause_low    ; md5_low     ; 0.500        ; 10.000     ; 10.000     ;
; -3.500 ; pause_low ; store      ; pause_low    ; md5_low     ; 0.500        ; 10.000     ; 10.000     ;
; -3.500 ; pause_low ; color      ; pause_low    ; md5_low     ; 0.500        ; 10.000     ; 10.000     ;
; -3.500 ; pause_low ; chan       ; pause_low    ; md5_low     ; 0.500        ; 10.000     ; 10.000     ;
; -3.500 ; pause_low ; int_en     ; pause_low    ; md5_low     ; 0.500        ; 10.000     ; 10.000     ;
; -3.500 ; pause_low ; erase      ; pause_low    ; md5_low     ; 0.500        ; 10.000     ; 10.000     ;
; -3.500 ; md7_low   ; write_thru ; md7_low      ; md5_low     ; 0.500        ; 10.000     ; 10.000     ;
; -3.500 ; md7_low   ; store      ; md7_low      ; md5_low     ; 0.500        ; 10.000     ; 10.000     ;
; -3.500 ; md7_low   ; color      ; md7_low      ; md5_low     ; 0.500        ; 10.000     ; 10.000     ;
; -3.500 ; md7_low   ; chan       ; md7_low      ; md5_low     ; 0.500        ; 10.000     ; 10.000     ;
; -3.500 ; md7_low   ; int_en     ; md7_low      ; md5_low     ; 0.500        ; 10.000     ; 10.000     ;
; -3.500 ; md7_low   ; erase      ; md7_low      ; md5_low     ; 0.500        ; 10.000     ; 10.000     ;
; -3.500 ; md6_low   ; write_thru ; md6_low      ; md5_low     ; 0.500        ; 10.000     ; 10.000     ;
; -3.500 ; md6_low   ; store      ; md6_low      ; md5_low     ; 0.500        ; 10.000     ; 10.000     ;
; -3.500 ; md6_low   ; color      ; md6_low      ; md5_low     ; 0.500        ; 10.000     ; 10.000     ;
; -3.500 ; md6_low   ; chan       ; md6_low      ; md5_low     ; 0.500        ; 10.000     ; 10.000     ;
; -3.500 ; md6_low   ; int_en     ; md6_low      ; md5_low     ; 0.500        ; 10.000     ; 10.000     ;
; -3.500 ; md6_low   ; erase      ; md6_low      ; md5_low     ; 0.500        ; 10.000     ; 10.000     ;
; -3.500 ; md4_low   ; write_thru ; md4_low      ; md5_low     ; 0.500        ; 10.000     ; 10.000     ;
; -3.500 ; md4_low   ; store      ; md4_low      ; md5_low     ; 0.500        ; 10.000     ; 10.000     ;
; -3.500 ; md4_low   ; color      ; md4_low      ; md5_low     ; 0.500        ; 10.000     ; 10.000     ;
; -3.500 ; md4_low   ; chan       ; md4_low      ; md5_low     ; 0.500        ; 10.000     ; 10.000     ;
; -3.500 ; md4_low   ; int_en     ; md4_low      ; md5_low     ; 0.500        ; 10.000     ; 10.000     ;
; -3.500 ; md4_low   ; erase      ; md4_low      ; md5_low     ; 0.500        ; 10.000     ; 10.000     ;
; -3.500 ; md3_low   ; write_thru ; md3_low      ; md5_low     ; 0.500        ; 10.000     ; 10.000     ;
; -3.500 ; md3_low   ; store      ; md3_low      ; md5_low     ; 0.500        ; 10.000     ; 10.000     ;
; -3.500 ; md3_low   ; color      ; md3_low      ; md5_low     ; 0.500        ; 10.000     ; 10.000     ;
; -3.500 ; md3_low   ; chan       ; md3_low      ; md5_low     ; 0.500        ; 10.000     ; 10.000     ;
; -3.500 ; md3_low   ; int_en     ; md3_low      ; md5_low     ; 0.500        ; 10.000     ; 10.000     ;
; -3.500 ; md3_low   ; erase      ; md3_low      ; md5_low     ; 0.500        ; 10.000     ; 10.000     ;
; -3.500 ; md8_low   ; write_thru ; md8_low      ; md5_low     ; 0.500        ; 10.000     ; 10.000     ;
; -3.500 ; md8_low   ; store      ; md8_low      ; md5_low     ; 0.500        ; 10.000     ; 10.000     ;
; -3.500 ; md8_low   ; color      ; md8_low      ; md5_low     ; 0.500        ; 10.000     ; 10.000     ;
; -3.500 ; md8_low   ; chan       ; md8_low      ; md5_low     ; 0.500        ; 10.000     ; 10.000     ;
; -3.500 ; md8_low   ; int_en     ; md8_low      ; md5_low     ; 0.500        ; 10.000     ; 10.000     ;
; -3.500 ; md8_low   ; erase      ; md8_low      ; md5_low     ; 0.500        ; 10.000     ; 10.000     ;
; -3.500 ; md5_low   ; write_thru ; md5_low      ; md5_low     ; 0.500        ; 10.000     ; 10.000     ;
; -3.500 ; md5_low   ; store      ; md5_low      ; md5_low     ; 0.500        ; 10.000     ; 10.000     ;
; -3.500 ; md5_low   ; color      ; md5_low      ; md5_low     ; 0.500        ; 10.000     ; 10.000     ;
; -3.500 ; md5_low   ; chan       ; md5_low      ; md5_low     ; 0.500        ; 10.000     ; 10.000     ;
; -3.500 ; md5_low   ; int_en     ; md5_low      ; md5_low     ; 0.500        ; 10.000     ; 10.000     ;
; -3.500 ; md5_low   ; erase      ; md5_low      ; md5_low     ; 0.500        ; 10.000     ; 10.000     ;
; -3.500 ; md11_low  ; write_thru ; md11_low     ; md5_low     ; 0.500        ; 10.000     ; 10.000     ;
; -3.500 ; md11_low  ; store      ; md11_low     ; md5_low     ; 0.500        ; 10.000     ; 10.000     ;
; -3.500 ; md11_low  ; color      ; md11_low     ; md5_low     ; 0.500        ; 10.000     ; 10.000     ;
; -3.500 ; md11_low  ; chan       ; md11_low     ; md5_low     ; 0.500        ; 10.000     ; 10.000     ;
; -3.500 ; md11_low  ; int_en     ; md11_low     ; md5_low     ; 0.500        ; 10.000     ; 10.000     ;
; -3.500 ; md11_low  ; erase      ; md11_low     ; md5_low     ; 0.500        ; 10.000     ; 10.000     ;
; -3.000 ; md10_low  ; write_thru ; md10_low     ; md5_low     ; 1.000        ; 10.000     ; 10.000     ;
; -3.000 ; md10_low  ; store      ; md10_low     ; md5_low     ; 1.000        ; 10.000     ; 10.000     ;
; -3.000 ; md10_low  ; color      ; md10_low     ; md5_low     ; 1.000        ; 10.000     ; 10.000     ;
; -3.000 ; md10_low  ; chan       ; md10_low     ; md5_low     ; 1.000        ; 10.000     ; 10.000     ;
; -3.000 ; md10_low  ; int_en     ; md10_low     ; md5_low     ; 1.000        ; 10.000     ; 10.000     ;
; -3.000 ; md10_low  ; erase      ; md10_low     ; md5_low     ; 1.000        ; 10.000     ; 10.000     ;
; -3.000 ; md9_low   ; write_thru ; md9_low      ; md5_low     ; 1.000        ; 10.000     ; 10.000     ;
; -3.000 ; md9_low   ; store      ; md9_low      ; md5_low     ; 1.000        ; 10.000     ; 10.000     ;
; -3.000 ; md9_low   ; color      ; md9_low      ; md5_low     ; 1.000        ; 10.000     ; 10.000     ;
; -3.000 ; md9_low   ; chan       ; md9_low      ; md5_low     ; 1.000        ; 10.000     ; 10.000     ;
; -3.000 ; md9_low   ; int_en     ; md9_low      ; md5_low     ; 1.000        ; 10.000     ; 10.000     ;
; -3.000 ; md9_low   ; erase      ; md9_low      ; md5_low     ; 1.000        ; 10.000     ; 10.000     ;
; -3.000 ; pause_low ; write_thru ; pause_low    ; md5_low     ; 1.000        ; 10.000     ; 10.000     ;
; -3.000 ; pause_low ; store      ; pause_low    ; md5_low     ; 1.000        ; 10.000     ; 10.000     ;
; -3.000 ; pause_low ; color      ; pause_low    ; md5_low     ; 1.000        ; 10.000     ; 10.000     ;
; -3.000 ; pause_low ; chan       ; pause_low    ; md5_low     ; 1.000        ; 10.000     ; 10.000     ;
; -3.000 ; pause_low ; int_en     ; pause_low    ; md5_low     ; 1.000        ; 10.000     ; 10.000     ;
; -3.000 ; pause_low ; erase      ; pause_low    ; md5_low     ; 1.000        ; 10.000     ; 10.000     ;
; -3.000 ; md7_low   ; write_thru ; md7_low      ; md5_low     ; 1.000        ; 10.000     ; 10.000     ;
; -3.000 ; md7_low   ; store      ; md7_low      ; md5_low     ; 1.000        ; 10.000     ; 10.000     ;
; -3.000 ; md7_low   ; color      ; md7_low      ; md5_low     ; 1.000        ; 10.000     ; 10.000     ;
; -3.000 ; md7_low   ; chan       ; md7_low      ; md5_low     ; 1.000        ; 10.000     ; 10.000     ;
; -3.000 ; md7_low   ; int_en     ; md7_low      ; md5_low     ; 1.000        ; 10.000     ; 10.000     ;
; -3.000 ; md7_low   ; erase      ; md7_low      ; md5_low     ; 1.000        ; 10.000     ; 10.000     ;
; -3.000 ; md6_low   ; write_thru ; md6_low      ; md5_low     ; 1.000        ; 10.000     ; 10.000     ;
; -3.000 ; md6_low   ; store      ; md6_low      ; md5_low     ; 1.000        ; 10.000     ; 10.000     ;
; -3.000 ; md6_low   ; color      ; md6_low      ; md5_low     ; 1.000        ; 10.000     ; 10.000     ;
; -3.000 ; md6_low   ; chan       ; md6_low      ; md5_low     ; 1.000        ; 10.000     ; 10.000     ;
; -3.000 ; md6_low   ; int_en     ; md6_low      ; md5_low     ; 1.000        ; 10.000     ; 10.000     ;
; -3.000 ; md6_low   ; erase      ; md6_low      ; md5_low     ; 1.000        ; 10.000     ; 10.000     ;
; -3.000 ; md4_low   ; write_thru ; md4_low      ; md5_low     ; 1.000        ; 10.000     ; 10.000     ;
; -3.000 ; md4_low   ; store      ; md4_low      ; md5_low     ; 1.000        ; 10.000     ; 10.000     ;
; -3.000 ; md4_low   ; color      ; md4_low      ; md5_low     ; 1.000        ; 10.000     ; 10.000     ;
; -3.000 ; md4_low   ; chan       ; md4_low      ; md5_low     ; 1.000        ; 10.000     ; 10.000     ;
; -3.000 ; md4_low   ; int_en     ; md4_low      ; md5_low     ; 1.000        ; 10.000     ; 10.000     ;
; -3.000 ; md4_low   ; erase      ; md4_low      ; md5_low     ; 1.000        ; 10.000     ; 10.000     ;
; -3.000 ; md3_low   ; write_thru ; md3_low      ; md5_low     ; 1.000        ; 10.000     ; 10.000     ;
; -3.000 ; md3_low   ; store      ; md3_low      ; md5_low     ; 1.000        ; 10.000     ; 10.000     ;
; -3.000 ; md3_low   ; color      ; md3_low      ; md5_low     ; 1.000        ; 10.000     ; 10.000     ;
; -3.000 ; md3_low   ; chan       ; md3_low      ; md5_low     ; 1.000        ; 10.000     ; 10.000     ;
+--------+-----------+------------+--------------+-------------+--------------+------------+------------+


+-------------------------------------------------------------------------------------------------------+
; Setup: 'md6_low'                                                                                      ;
+--------+-----------+------------+--------------+-------------+--------------+------------+------------+
; Slack  ; From Node ; To Node    ; Launch Clock ; Latch Clock ; Relationship ; Clock Skew ; Data Delay ;
+--------+-----------+------------+--------------+-------------+--------------+------------+------------+
; -3.500 ; md10_low  ; write_thru ; md10_low     ; md6_low     ; 0.500        ; 10.000     ; 10.000     ;
; -3.500 ; md10_low  ; store      ; md10_low     ; md6_low     ; 0.500        ; 10.000     ; 10.000     ;
; -3.500 ; md10_low  ; color      ; md10_low     ; md6_low     ; 0.500        ; 10.000     ; 10.000     ;
; -3.500 ; md10_low  ; chan       ; md10_low     ; md6_low     ; 0.500        ; 10.000     ; 10.000     ;
; -3.500 ; md10_low  ; int_en     ; md10_low     ; md6_low     ; 0.500        ; 10.000     ; 10.000     ;
; -3.500 ; md10_low  ; erase      ; md10_low     ; md6_low     ; 0.500        ; 10.000     ; 10.000     ;
; -3.500 ; md9_low   ; write_thru ; md9_low      ; md6_low     ; 0.500        ; 10.000     ; 10.000     ;
; -3.500 ; md9_low   ; store      ; md9_low      ; md6_low     ; 0.500        ; 10.000     ; 10.000     ;
; -3.500 ; md9_low   ; color      ; md9_low      ; md6_low     ; 0.500        ; 10.000     ; 10.000     ;
; -3.500 ; md9_low   ; chan       ; md9_low      ; md6_low     ; 0.500        ; 10.000     ; 10.000     ;
; -3.500 ; md9_low   ; int_en     ; md9_low      ; md6_low     ; 0.500        ; 10.000     ; 10.000     ;
; -3.500 ; md9_low   ; erase      ; md9_low      ; md6_low     ; 0.500        ; 10.000     ; 10.000     ;
; -3.500 ; pause_low ; write_thru ; pause_low    ; md6_low     ; 0.500        ; 10.000     ; 10.000     ;
; -3.500 ; pause_low ; store      ; pause_low    ; md6_low     ; 0.500        ; 10.000     ; 10.000     ;
; -3.500 ; pause_low ; color      ; pause_low    ; md6_low     ; 0.500        ; 10.000     ; 10.000     ;
; -3.500 ; pause_low ; chan       ; pause_low    ; md6_low     ; 0.500        ; 10.000     ; 10.000     ;
; -3.500 ; pause_low ; int_en     ; pause_low    ; md6_low     ; 0.500        ; 10.000     ; 10.000     ;
; -3.500 ; pause_low ; erase      ; pause_low    ; md6_low     ; 0.500        ; 10.000     ; 10.000     ;
; -3.500 ; md7_low   ; write_thru ; md7_low      ; md6_low     ; 0.500        ; 10.000     ; 10.000     ;
; -3.500 ; md7_low   ; store      ; md7_low      ; md6_low     ; 0.500        ; 10.000     ; 10.000     ;
; -3.500 ; md7_low   ; color      ; md7_low      ; md6_low     ; 0.500        ; 10.000     ; 10.000     ;
; -3.500 ; md7_low   ; chan       ; md7_low      ; md6_low     ; 0.500        ; 10.000     ; 10.000     ;
; -3.500 ; md7_low   ; int_en     ; md7_low      ; md6_low     ; 0.500        ; 10.000     ; 10.000     ;
; -3.500 ; md7_low   ; erase      ; md7_low      ; md6_low     ; 0.500        ; 10.000     ; 10.000     ;
; -3.500 ; md6_low   ; write_thru ; md6_low      ; md6_low     ; 0.500        ; 10.000     ; 10.000     ;
; -3.500 ; md6_low   ; store      ; md6_low      ; md6_low     ; 0.500        ; 10.000     ; 10.000     ;
; -3.500 ; md6_low   ; color      ; md6_low      ; md6_low     ; 0.500        ; 10.000     ; 10.000     ;
; -3.500 ; md6_low   ; chan       ; md6_low      ; md6_low     ; 0.500        ; 10.000     ; 10.000     ;
; -3.500 ; md6_low   ; int_en     ; md6_low      ; md6_low     ; 0.500        ; 10.000     ; 10.000     ;
; -3.500 ; md6_low   ; erase      ; md6_low      ; md6_low     ; 0.500        ; 10.000     ; 10.000     ;
; -3.500 ; md4_low   ; write_thru ; md4_low      ; md6_low     ; 0.500        ; 10.000     ; 10.000     ;
; -3.500 ; md4_low   ; store      ; md4_low      ; md6_low     ; 0.500        ; 10.000     ; 10.000     ;
; -3.500 ; md4_low   ; color      ; md4_low      ; md6_low     ; 0.500        ; 10.000     ; 10.000     ;
; -3.500 ; md4_low   ; chan       ; md4_low      ; md6_low     ; 0.500        ; 10.000     ; 10.000     ;
; -3.500 ; md4_low   ; int_en     ; md4_low      ; md6_low     ; 0.500        ; 10.000     ; 10.000     ;
; -3.500 ; md4_low   ; erase      ; md4_low      ; md6_low     ; 0.500        ; 10.000     ; 10.000     ;
; -3.500 ; md3_low   ; write_thru ; md3_low      ; md6_low     ; 0.500        ; 10.000     ; 10.000     ;
; -3.500 ; md3_low   ; store      ; md3_low      ; md6_low     ; 0.500        ; 10.000     ; 10.000     ;
; -3.500 ; md3_low   ; color      ; md3_low      ; md6_low     ; 0.500        ; 10.000     ; 10.000     ;
; -3.500 ; md3_low   ; chan       ; md3_low      ; md6_low     ; 0.500        ; 10.000     ; 10.000     ;
; -3.500 ; md3_low   ; int_en     ; md3_low      ; md6_low     ; 0.500        ; 10.000     ; 10.000     ;
; -3.500 ; md3_low   ; erase      ; md3_low      ; md6_low     ; 0.500        ; 10.000     ; 10.000     ;
; -3.500 ; md8_low   ; write_thru ; md8_low      ; md6_low     ; 0.500        ; 10.000     ; 10.000     ;
; -3.500 ; md8_low   ; store      ; md8_low      ; md6_low     ; 0.500        ; 10.000     ; 10.000     ;
; -3.500 ; md8_low   ; color      ; md8_low      ; md6_low     ; 0.500        ; 10.000     ; 10.000     ;
; -3.500 ; md8_low   ; chan       ; md8_low      ; md6_low     ; 0.500        ; 10.000     ; 10.000     ;
; -3.500 ; md8_low   ; int_en     ; md8_low      ; md6_low     ; 0.500        ; 10.000     ; 10.000     ;
; -3.500 ; md8_low   ; erase      ; md8_low      ; md6_low     ; 0.500        ; 10.000     ; 10.000     ;
; -3.500 ; md5_low   ; write_thru ; md5_low      ; md6_low     ; 0.500        ; 10.000     ; 10.000     ;
; -3.500 ; md5_low   ; store      ; md5_low      ; md6_low     ; 0.500        ; 10.000     ; 10.000     ;
; -3.500 ; md5_low   ; color      ; md5_low      ; md6_low     ; 0.500        ; 10.000     ; 10.000     ;
; -3.500 ; md5_low   ; chan       ; md5_low      ; md6_low     ; 0.500        ; 10.000     ; 10.000     ;
; -3.500 ; md5_low   ; int_en     ; md5_low      ; md6_low     ; 0.500        ; 10.000     ; 10.000     ;
; -3.500 ; md5_low   ; erase      ; md5_low      ; md6_low     ; 0.500        ; 10.000     ; 10.000     ;
; -3.500 ; md11_low  ; write_thru ; md11_low     ; md6_low     ; 0.500        ; 10.000     ; 10.000     ;
; -3.500 ; md11_low  ; store      ; md11_low     ; md6_low     ; 0.500        ; 10.000     ; 10.000     ;
; -3.500 ; md11_low  ; color      ; md11_low     ; md6_low     ; 0.500        ; 10.000     ; 10.000     ;
; -3.500 ; md11_low  ; chan       ; md11_low     ; md6_low     ; 0.500        ; 10.000     ; 10.000     ;
; -3.500 ; md11_low  ; int_en     ; md11_low     ; md6_low     ; 0.500        ; 10.000     ; 10.000     ;
; -3.500 ; md11_low  ; erase      ; md11_low     ; md6_low     ; 0.500        ; 10.000     ; 10.000     ;
; -3.000 ; md10_low  ; write_thru ; md10_low     ; md6_low     ; 1.000        ; 10.000     ; 10.000     ;
; -3.000 ; md10_low  ; store      ; md10_low     ; md6_low     ; 1.000        ; 10.000     ; 10.000     ;
; -3.000 ; md10_low  ; color      ; md10_low     ; md6_low     ; 1.000        ; 10.000     ; 10.000     ;
; -3.000 ; md10_low  ; chan       ; md10_low     ; md6_low     ; 1.000        ; 10.000     ; 10.000     ;
; -3.000 ; md10_low  ; int_en     ; md10_low     ; md6_low     ; 1.000        ; 10.000     ; 10.000     ;
; -3.000 ; md10_low  ; erase      ; md10_low     ; md6_low     ; 1.000        ; 10.000     ; 10.000     ;
; -3.000 ; md9_low   ; write_thru ; md9_low      ; md6_low     ; 1.000        ; 10.000     ; 10.000     ;
; -3.000 ; md9_low   ; store      ; md9_low      ; md6_low     ; 1.000        ; 10.000     ; 10.000     ;
; -3.000 ; md9_low   ; color      ; md9_low      ; md6_low     ; 1.000        ; 10.000     ; 10.000     ;
; -3.000 ; md9_low   ; chan       ; md9_low      ; md6_low     ; 1.000        ; 10.000     ; 10.000     ;
; -3.000 ; md9_low   ; int_en     ; md9_low      ; md6_low     ; 1.000        ; 10.000     ; 10.000     ;
; -3.000 ; md9_low   ; erase      ; md9_low      ; md6_low     ; 1.000        ; 10.000     ; 10.000     ;
; -3.000 ; pause_low ; write_thru ; pause_low    ; md6_low     ; 1.000        ; 10.000     ; 10.000     ;
; -3.000 ; pause_low ; store      ; pause_low    ; md6_low     ; 1.000        ; 10.000     ; 10.000     ;
; -3.000 ; pause_low ; color      ; pause_low    ; md6_low     ; 1.000        ; 10.000     ; 10.000     ;
; -3.000 ; pause_low ; chan       ; pause_low    ; md6_low     ; 1.000        ; 10.000     ; 10.000     ;
; -3.000 ; pause_low ; int_en     ; pause_low    ; md6_low     ; 1.000        ; 10.000     ; 10.000     ;
; -3.000 ; pause_low ; erase      ; pause_low    ; md6_low     ; 1.000        ; 10.000     ; 10.000     ;
; -3.000 ; md7_low   ; write_thru ; md7_low      ; md6_low     ; 1.000        ; 10.000     ; 10.000     ;
; -3.000 ; md7_low   ; store      ; md7_low      ; md6_low     ; 1.000        ; 10.000     ; 10.000     ;
; -3.000 ; md7_low   ; color      ; md7_low      ; md6_low     ; 1.000        ; 10.000     ; 10.000     ;
; -3.000 ; md7_low   ; chan       ; md7_low      ; md6_low     ; 1.000        ; 10.000     ; 10.000     ;
; -3.000 ; md7_low   ; int_en     ; md7_low      ; md6_low     ; 1.000        ; 10.000     ; 10.000     ;
; -3.000 ; md7_low   ; erase      ; md7_low      ; md6_low     ; 1.000        ; 10.000     ; 10.000     ;
; -3.000 ; md6_low   ; write_thru ; md6_low      ; md6_low     ; 1.000        ; 10.000     ; 10.000     ;
; -3.000 ; md6_low   ; store      ; md6_low      ; md6_low     ; 1.000        ; 10.000     ; 10.000     ;
; -3.000 ; md6_low   ; color      ; md6_low      ; md6_low     ; 1.000        ; 10.000     ; 10.000     ;
; -3.000 ; md6_low   ; chan       ; md6_low      ; md6_low     ; 1.000        ; 10.000     ; 10.000     ;
; -3.000 ; md6_low   ; int_en     ; md6_low      ; md6_low     ; 1.000        ; 10.000     ; 10.000     ;
; -3.000 ; md6_low   ; erase      ; md6_low      ; md6_low     ; 1.000        ; 10.000     ; 10.000     ;
; -3.000 ; md4_low   ; write_thru ; md4_low      ; md6_low     ; 1.000        ; 10.000     ; 10.000     ;
; -3.000 ; md4_low   ; store      ; md4_low      ; md6_low     ; 1.000        ; 10.000     ; 10.000     ;
; -3.000 ; md4_low   ; color      ; md4_low      ; md6_low     ; 1.000        ; 10.000     ; 10.000     ;
; -3.000 ; md4_low   ; chan       ; md4_low      ; md6_low     ; 1.000        ; 10.000     ; 10.000     ;
; -3.000 ; md4_low   ; int_en     ; md4_low      ; md6_low     ; 1.000        ; 10.000     ; 10.000     ;
; -3.000 ; md4_low   ; erase      ; md4_low      ; md6_low     ; 1.000        ; 10.000     ; 10.000     ;
; -3.000 ; md3_low   ; write_thru ; md3_low      ; md6_low     ; 1.000        ; 10.000     ; 10.000     ;
; -3.000 ; md3_low   ; store      ; md3_low      ; md6_low     ; 1.000        ; 10.000     ; 10.000     ;
; -3.000 ; md3_low   ; color      ; md3_low      ; md6_low     ; 1.000        ; 10.000     ; 10.000     ;
; -3.000 ; md3_low   ; chan       ; md3_low      ; md6_low     ; 1.000        ; 10.000     ; 10.000     ;
+--------+-----------+------------+--------------+-------------+--------------+------------+------------+


+-------------------------------------------------------------------------------------------------------+
; Setup: 'md7_low'                                                                                      ;
+--------+-----------+------------+--------------+-------------+--------------+------------+------------+
; Slack  ; From Node ; To Node    ; Launch Clock ; Latch Clock ; Relationship ; Clock Skew ; Data Delay ;
+--------+-----------+------------+--------------+-------------+--------------+------------+------------+
; -3.500 ; md10_low  ; write_thru ; md10_low     ; md7_low     ; 0.500        ; 10.000     ; 10.000     ;
; -3.500 ; md10_low  ; store      ; md10_low     ; md7_low     ; 0.500        ; 10.000     ; 10.000     ;
; -3.500 ; md10_low  ; color      ; md10_low     ; md7_low     ; 0.500        ; 10.000     ; 10.000     ;
; -3.500 ; md10_low  ; chan       ; md10_low     ; md7_low     ; 0.500        ; 10.000     ; 10.000     ;
; -3.500 ; md10_low  ; int_en     ; md10_low     ; md7_low     ; 0.500        ; 10.000     ; 10.000     ;
; -3.500 ; md10_low  ; erase      ; md10_low     ; md7_low     ; 0.500        ; 10.000     ; 10.000     ;
; -3.500 ; md9_low   ; write_thru ; md9_low      ; md7_low     ; 0.500        ; 10.000     ; 10.000     ;
; -3.500 ; md9_low   ; store      ; md9_low      ; md7_low     ; 0.500        ; 10.000     ; 10.000     ;
; -3.500 ; md9_low   ; color      ; md9_low      ; md7_low     ; 0.500        ; 10.000     ; 10.000     ;
; -3.500 ; md9_low   ; chan       ; md9_low      ; md7_low     ; 0.500        ; 10.000     ; 10.000     ;
; -3.500 ; md9_low   ; int_en     ; md9_low      ; md7_low     ; 0.500        ; 10.000     ; 10.000     ;
; -3.500 ; md9_low   ; erase      ; md9_low      ; md7_low     ; 0.500        ; 10.000     ; 10.000     ;
; -3.500 ; pause_low ; write_thru ; pause_low    ; md7_low     ; 0.500        ; 10.000     ; 10.000     ;
; -3.500 ; pause_low ; store      ; pause_low    ; md7_low     ; 0.500        ; 10.000     ; 10.000     ;
; -3.500 ; pause_low ; color      ; pause_low    ; md7_low     ; 0.500        ; 10.000     ; 10.000     ;
; -3.500 ; pause_low ; chan       ; pause_low    ; md7_low     ; 0.500        ; 10.000     ; 10.000     ;
; -3.500 ; pause_low ; int_en     ; pause_low    ; md7_low     ; 0.500        ; 10.000     ; 10.000     ;
; -3.500 ; pause_low ; erase      ; pause_low    ; md7_low     ; 0.500        ; 10.000     ; 10.000     ;
; -3.500 ; md7_low   ; write_thru ; md7_low      ; md7_low     ; 0.500        ; 10.000     ; 10.000     ;
; -3.500 ; md7_low   ; store      ; md7_low      ; md7_low     ; 0.500        ; 10.000     ; 10.000     ;
; -3.500 ; md7_low   ; color      ; md7_low      ; md7_low     ; 0.500        ; 10.000     ; 10.000     ;
; -3.500 ; md7_low   ; chan       ; md7_low      ; md7_low     ; 0.500        ; 10.000     ; 10.000     ;
; -3.500 ; md7_low   ; int_en     ; md7_low      ; md7_low     ; 0.500        ; 10.000     ; 10.000     ;
; -3.500 ; md7_low   ; erase      ; md7_low      ; md7_low     ; 0.500        ; 10.000     ; 10.000     ;
; -3.500 ; md6_low   ; write_thru ; md6_low      ; md7_low     ; 0.500        ; 10.000     ; 10.000     ;
; -3.500 ; md6_low   ; store      ; md6_low      ; md7_low     ; 0.500        ; 10.000     ; 10.000     ;
; -3.500 ; md6_low   ; color      ; md6_low      ; md7_low     ; 0.500        ; 10.000     ; 10.000     ;
; -3.500 ; md6_low   ; chan       ; md6_low      ; md7_low     ; 0.500        ; 10.000     ; 10.000     ;
; -3.500 ; md6_low   ; int_en     ; md6_low      ; md7_low     ; 0.500        ; 10.000     ; 10.000     ;
; -3.500 ; md6_low   ; erase      ; md6_low      ; md7_low     ; 0.500        ; 10.000     ; 10.000     ;
; -3.500 ; md4_low   ; write_thru ; md4_low      ; md7_low     ; 0.500        ; 10.000     ; 10.000     ;
; -3.500 ; md4_low   ; store      ; md4_low      ; md7_low     ; 0.500        ; 10.000     ; 10.000     ;
; -3.500 ; md4_low   ; color      ; md4_low      ; md7_low     ; 0.500        ; 10.000     ; 10.000     ;
; -3.500 ; md4_low   ; chan       ; md4_low      ; md7_low     ; 0.500        ; 10.000     ; 10.000     ;
; -3.500 ; md4_low   ; int_en     ; md4_low      ; md7_low     ; 0.500        ; 10.000     ; 10.000     ;
; -3.500 ; md4_low   ; erase      ; md4_low      ; md7_low     ; 0.500        ; 10.000     ; 10.000     ;
; -3.500 ; md3_low   ; write_thru ; md3_low      ; md7_low     ; 0.500        ; 10.000     ; 10.000     ;
; -3.500 ; md3_low   ; store      ; md3_low      ; md7_low     ; 0.500        ; 10.000     ; 10.000     ;
; -3.500 ; md3_low   ; color      ; md3_low      ; md7_low     ; 0.500        ; 10.000     ; 10.000     ;
; -3.500 ; md3_low   ; chan       ; md3_low      ; md7_low     ; 0.500        ; 10.000     ; 10.000     ;
; -3.500 ; md3_low   ; int_en     ; md3_low      ; md7_low     ; 0.500        ; 10.000     ; 10.000     ;
; -3.500 ; md3_low   ; erase      ; md3_low      ; md7_low     ; 0.500        ; 10.000     ; 10.000     ;
; -3.500 ; md8_low   ; write_thru ; md8_low      ; md7_low     ; 0.500        ; 10.000     ; 10.000     ;
; -3.500 ; md8_low   ; store      ; md8_low      ; md7_low     ; 0.500        ; 10.000     ; 10.000     ;
; -3.500 ; md8_low   ; color      ; md8_low      ; md7_low     ; 0.500        ; 10.000     ; 10.000     ;
; -3.500 ; md8_low   ; chan       ; md8_low      ; md7_low     ; 0.500        ; 10.000     ; 10.000     ;
; -3.500 ; md8_low   ; int_en     ; md8_low      ; md7_low     ; 0.500        ; 10.000     ; 10.000     ;
; -3.500 ; md8_low   ; erase      ; md8_low      ; md7_low     ; 0.500        ; 10.000     ; 10.000     ;
; -3.500 ; md5_low   ; write_thru ; md5_low      ; md7_low     ; 0.500        ; 10.000     ; 10.000     ;
; -3.500 ; md5_low   ; store      ; md5_low      ; md7_low     ; 0.500        ; 10.000     ; 10.000     ;
; -3.500 ; md5_low   ; color      ; md5_low      ; md7_low     ; 0.500        ; 10.000     ; 10.000     ;
; -3.500 ; md5_low   ; chan       ; md5_low      ; md7_low     ; 0.500        ; 10.000     ; 10.000     ;
; -3.500 ; md5_low   ; int_en     ; md5_low      ; md7_low     ; 0.500        ; 10.000     ; 10.000     ;
; -3.500 ; md5_low   ; erase      ; md5_low      ; md7_low     ; 0.500        ; 10.000     ; 10.000     ;
; -3.500 ; md11_low  ; write_thru ; md11_low     ; md7_low     ; 0.500        ; 10.000     ; 10.000     ;
; -3.500 ; md11_low  ; store      ; md11_low     ; md7_low     ; 0.500        ; 10.000     ; 10.000     ;
; -3.500 ; md11_low  ; color      ; md11_low     ; md7_low     ; 0.500        ; 10.000     ; 10.000     ;
; -3.500 ; md11_low  ; chan       ; md11_low     ; md7_low     ; 0.500        ; 10.000     ; 10.000     ;
; -3.500 ; md11_low  ; int_en     ; md11_low     ; md7_low     ; 0.500        ; 10.000     ; 10.000     ;
; -3.500 ; md11_low  ; erase      ; md11_low     ; md7_low     ; 0.500        ; 10.000     ; 10.000     ;
; -3.000 ; md10_low  ; write_thru ; md10_low     ; md7_low     ; 1.000        ; 10.000     ; 10.000     ;
; -3.000 ; md10_low  ; store      ; md10_low     ; md7_low     ; 1.000        ; 10.000     ; 10.000     ;
; -3.000 ; md10_low  ; color      ; md10_low     ; md7_low     ; 1.000        ; 10.000     ; 10.000     ;
; -3.000 ; md10_low  ; chan       ; md10_low     ; md7_low     ; 1.000        ; 10.000     ; 10.000     ;
; -3.000 ; md10_low  ; int_en     ; md10_low     ; md7_low     ; 1.000        ; 10.000     ; 10.000     ;
; -3.000 ; md10_low  ; erase      ; md10_low     ; md7_low     ; 1.000        ; 10.000     ; 10.000     ;
; -3.000 ; md9_low   ; write_thru ; md9_low      ; md7_low     ; 1.000        ; 10.000     ; 10.000     ;
; -3.000 ; md9_low   ; store      ; md9_low      ; md7_low     ; 1.000        ; 10.000     ; 10.000     ;
; -3.000 ; md9_low   ; color      ; md9_low      ; md7_low     ; 1.000        ; 10.000     ; 10.000     ;
; -3.000 ; md9_low   ; chan       ; md9_low      ; md7_low     ; 1.000        ; 10.000     ; 10.000     ;
; -3.000 ; md9_low   ; int_en     ; md9_low      ; md7_low     ; 1.000        ; 10.000     ; 10.000     ;
; -3.000 ; md9_low   ; erase      ; md9_low      ; md7_low     ; 1.000        ; 10.000     ; 10.000     ;
; -3.000 ; pause_low ; write_thru ; pause_low    ; md7_low     ; 1.000        ; 10.000     ; 10.000     ;
; -3.000 ; pause_low ; store      ; pause_low    ; md7_low     ; 1.000        ; 10.000     ; 10.000     ;
; -3.000 ; pause_low ; color      ; pause_low    ; md7_low     ; 1.000        ; 10.000     ; 10.000     ;
; -3.000 ; pause_low ; chan       ; pause_low    ; md7_low     ; 1.000        ; 10.000     ; 10.000     ;
; -3.000 ; pause_low ; int_en     ; pause_low    ; md7_low     ; 1.000        ; 10.000     ; 10.000     ;
; -3.000 ; pause_low ; erase      ; pause_low    ; md7_low     ; 1.000        ; 10.000     ; 10.000     ;
; -3.000 ; md7_low   ; write_thru ; md7_low      ; md7_low     ; 1.000        ; 10.000     ; 10.000     ;
; -3.000 ; md7_low   ; store      ; md7_low      ; md7_low     ; 1.000        ; 10.000     ; 10.000     ;
; -3.000 ; md7_low   ; color      ; md7_low      ; md7_low     ; 1.000        ; 10.000     ; 10.000     ;
; -3.000 ; md7_low   ; chan       ; md7_low      ; md7_low     ; 1.000        ; 10.000     ; 10.000     ;
; -3.000 ; md7_low   ; int_en     ; md7_low      ; md7_low     ; 1.000        ; 10.000     ; 10.000     ;
; -3.000 ; md7_low   ; erase      ; md7_low      ; md7_low     ; 1.000        ; 10.000     ; 10.000     ;
; -3.000 ; md6_low   ; write_thru ; md6_low      ; md7_low     ; 1.000        ; 10.000     ; 10.000     ;
; -3.000 ; md6_low   ; store      ; md6_low      ; md7_low     ; 1.000        ; 10.000     ; 10.000     ;
; -3.000 ; md6_low   ; color      ; md6_low      ; md7_low     ; 1.000        ; 10.000     ; 10.000     ;
; -3.000 ; md6_low   ; chan       ; md6_low      ; md7_low     ; 1.000        ; 10.000     ; 10.000     ;
; -3.000 ; md6_low   ; int_en     ; md6_low      ; md7_low     ; 1.000        ; 10.000     ; 10.000     ;
; -3.000 ; md6_low   ; erase      ; md6_low      ; md7_low     ; 1.000        ; 10.000     ; 10.000     ;
; -3.000 ; md4_low   ; write_thru ; md4_low      ; md7_low     ; 1.000        ; 10.000     ; 10.000     ;
; -3.000 ; md4_low   ; store      ; md4_low      ; md7_low     ; 1.000        ; 10.000     ; 10.000     ;
; -3.000 ; md4_low   ; color      ; md4_low      ; md7_low     ; 1.000        ; 10.000     ; 10.000     ;
; -3.000 ; md4_low   ; chan       ; md4_low      ; md7_low     ; 1.000        ; 10.000     ; 10.000     ;
; -3.000 ; md4_low   ; int_en     ; md4_low      ; md7_low     ; 1.000        ; 10.000     ; 10.000     ;
; -3.000 ; md4_low   ; erase      ; md4_low      ; md7_low     ; 1.000        ; 10.000     ; 10.000     ;
; -3.000 ; md3_low   ; write_thru ; md3_low      ; md7_low     ; 1.000        ; 10.000     ; 10.000     ;
; -3.000 ; md3_low   ; store      ; md3_low      ; md7_low     ; 1.000        ; 10.000     ; 10.000     ;
; -3.000 ; md3_low   ; color      ; md3_low      ; md7_low     ; 1.000        ; 10.000     ; 10.000     ;
; -3.000 ; md3_low   ; chan       ; md3_low      ; md7_low     ; 1.000        ; 10.000     ; 10.000     ;
+--------+-----------+------------+--------------+-------------+--------------+------------+------------+


+-------------------------------------------------------------------------------------------------------+
; Setup: 'md8_low'                                                                                      ;
+--------+-----------+------------+--------------+-------------+--------------+------------+------------+
; Slack  ; From Node ; To Node    ; Launch Clock ; Latch Clock ; Relationship ; Clock Skew ; Data Delay ;
+--------+-----------+------------+--------------+-------------+--------------+------------+------------+
; -3.500 ; md10_low  ; write_thru ; md10_low     ; md8_low     ; 0.500        ; 10.000     ; 10.000     ;
; -3.500 ; md10_low  ; store      ; md10_low     ; md8_low     ; 0.500        ; 10.000     ; 10.000     ;
; -3.500 ; md10_low  ; color      ; md10_low     ; md8_low     ; 0.500        ; 10.000     ; 10.000     ;
; -3.500 ; md10_low  ; chan       ; md10_low     ; md8_low     ; 0.500        ; 10.000     ; 10.000     ;
; -3.500 ; md10_low  ; int_en     ; md10_low     ; md8_low     ; 0.500        ; 10.000     ; 10.000     ;
; -3.500 ; md10_low  ; erase      ; md10_low     ; md8_low     ; 0.500        ; 10.000     ; 10.000     ;
; -3.500 ; md9_low   ; write_thru ; md9_low      ; md8_low     ; 0.500        ; 10.000     ; 10.000     ;
; -3.500 ; md9_low   ; store      ; md9_low      ; md8_low     ; 0.500        ; 10.000     ; 10.000     ;
; -3.500 ; md9_low   ; color      ; md9_low      ; md8_low     ; 0.500        ; 10.000     ; 10.000     ;
; -3.500 ; md9_low   ; chan       ; md9_low      ; md8_low     ; 0.500        ; 10.000     ; 10.000     ;
; -3.500 ; md9_low   ; int_en     ; md9_low      ; md8_low     ; 0.500        ; 10.000     ; 10.000     ;
; -3.500 ; md9_low   ; erase      ; md9_low      ; md8_low     ; 0.500        ; 10.000     ; 10.000     ;
; -3.500 ; pause_low ; write_thru ; pause_low    ; md8_low     ; 0.500        ; 10.000     ; 10.000     ;
; -3.500 ; pause_low ; store      ; pause_low    ; md8_low     ; 0.500        ; 10.000     ; 10.000     ;
; -3.500 ; pause_low ; color      ; pause_low    ; md8_low     ; 0.500        ; 10.000     ; 10.000     ;
; -3.500 ; pause_low ; chan       ; pause_low    ; md8_low     ; 0.500        ; 10.000     ; 10.000     ;
; -3.500 ; pause_low ; int_en     ; pause_low    ; md8_low     ; 0.500        ; 10.000     ; 10.000     ;
; -3.500 ; pause_low ; erase      ; pause_low    ; md8_low     ; 0.500        ; 10.000     ; 10.000     ;
; -3.500 ; md7_low   ; write_thru ; md7_low      ; md8_low     ; 0.500        ; 10.000     ; 10.000     ;
; -3.500 ; md7_low   ; store      ; md7_low      ; md8_low     ; 0.500        ; 10.000     ; 10.000     ;
; -3.500 ; md7_low   ; color      ; md7_low      ; md8_low     ; 0.500        ; 10.000     ; 10.000     ;
; -3.500 ; md7_low   ; chan       ; md7_low      ; md8_low     ; 0.500        ; 10.000     ; 10.000     ;
; -3.500 ; md7_low   ; int_en     ; md7_low      ; md8_low     ; 0.500        ; 10.000     ; 10.000     ;
; -3.500 ; md7_low   ; erase      ; md7_low      ; md8_low     ; 0.500        ; 10.000     ; 10.000     ;
; -3.500 ; md6_low   ; write_thru ; md6_low      ; md8_low     ; 0.500        ; 10.000     ; 10.000     ;
; -3.500 ; md6_low   ; store      ; md6_low      ; md8_low     ; 0.500        ; 10.000     ; 10.000     ;
; -3.500 ; md6_low   ; color      ; md6_low      ; md8_low     ; 0.500        ; 10.000     ; 10.000     ;
; -3.500 ; md6_low   ; chan       ; md6_low      ; md8_low     ; 0.500        ; 10.000     ; 10.000     ;
; -3.500 ; md6_low   ; int_en     ; md6_low      ; md8_low     ; 0.500        ; 10.000     ; 10.000     ;
; -3.500 ; md6_low   ; erase      ; md6_low      ; md8_low     ; 0.500        ; 10.000     ; 10.000     ;
; -3.500 ; md4_low   ; write_thru ; md4_low      ; md8_low     ; 0.500        ; 10.000     ; 10.000     ;
; -3.500 ; md4_low   ; store      ; md4_low      ; md8_low     ; 0.500        ; 10.000     ; 10.000     ;
; -3.500 ; md4_low   ; color      ; md4_low      ; md8_low     ; 0.500        ; 10.000     ; 10.000     ;
; -3.500 ; md4_low   ; chan       ; md4_low      ; md8_low     ; 0.500        ; 10.000     ; 10.000     ;
; -3.500 ; md4_low   ; int_en     ; md4_low      ; md8_low     ; 0.500        ; 10.000     ; 10.000     ;
; -3.500 ; md4_low   ; erase      ; md4_low      ; md8_low     ; 0.500        ; 10.000     ; 10.000     ;
; -3.500 ; md3_low   ; write_thru ; md3_low      ; md8_low     ; 0.500        ; 10.000     ; 10.000     ;
; -3.500 ; md3_low   ; store      ; md3_low      ; md8_low     ; 0.500        ; 10.000     ; 10.000     ;
; -3.500 ; md3_low   ; color      ; md3_low      ; md8_low     ; 0.500        ; 10.000     ; 10.000     ;
; -3.500 ; md3_low   ; chan       ; md3_low      ; md8_low     ; 0.500        ; 10.000     ; 10.000     ;
; -3.500 ; md3_low   ; int_en     ; md3_low      ; md8_low     ; 0.500        ; 10.000     ; 10.000     ;
; -3.500 ; md3_low   ; erase      ; md3_low      ; md8_low     ; 0.500        ; 10.000     ; 10.000     ;
; -3.500 ; md8_low   ; write_thru ; md8_low      ; md8_low     ; 0.500        ; 10.000     ; 10.000     ;
; -3.500 ; md8_low   ; store      ; md8_low      ; md8_low     ; 0.500        ; 10.000     ; 10.000     ;
; -3.500 ; md8_low   ; color      ; md8_low      ; md8_low     ; 0.500        ; 10.000     ; 10.000     ;
; -3.500 ; md8_low   ; chan       ; md8_low      ; md8_low     ; 0.500        ; 10.000     ; 10.000     ;
; -3.500 ; md8_low   ; int_en     ; md8_low      ; md8_low     ; 0.500        ; 10.000     ; 10.000     ;
; -3.500 ; md8_low   ; erase      ; md8_low      ; md8_low     ; 0.500        ; 10.000     ; 10.000     ;
; -3.500 ; md5_low   ; write_thru ; md5_low      ; md8_low     ; 0.500        ; 10.000     ; 10.000     ;
; -3.500 ; md5_low   ; store      ; md5_low      ; md8_low     ; 0.500        ; 10.000     ; 10.000     ;
; -3.500 ; md5_low   ; color      ; md5_low      ; md8_low     ; 0.500        ; 10.000     ; 10.000     ;
; -3.500 ; md5_low   ; chan       ; md5_low      ; md8_low     ; 0.500        ; 10.000     ; 10.000     ;
; -3.500 ; md5_low   ; int_en     ; md5_low      ; md8_low     ; 0.500        ; 10.000     ; 10.000     ;
; -3.500 ; md5_low   ; erase      ; md5_low      ; md8_low     ; 0.500        ; 10.000     ; 10.000     ;
; -3.500 ; md11_low  ; write_thru ; md11_low     ; md8_low     ; 0.500        ; 10.000     ; 10.000     ;
; -3.500 ; md11_low  ; store      ; md11_low     ; md8_low     ; 0.500        ; 10.000     ; 10.000     ;
; -3.500 ; md11_low  ; color      ; md11_low     ; md8_low     ; 0.500        ; 10.000     ; 10.000     ;
; -3.500 ; md11_low  ; chan       ; md11_low     ; md8_low     ; 0.500        ; 10.000     ; 10.000     ;
; -3.500 ; md11_low  ; int_en     ; md11_low     ; md8_low     ; 0.500        ; 10.000     ; 10.000     ;
; -3.500 ; md11_low  ; erase      ; md11_low     ; md8_low     ; 0.500        ; 10.000     ; 10.000     ;
; -3.000 ; md10_low  ; write_thru ; md10_low     ; md8_low     ; 1.000        ; 10.000     ; 10.000     ;
; -3.000 ; md10_low  ; store      ; md10_low     ; md8_low     ; 1.000        ; 10.000     ; 10.000     ;
; -3.000 ; md10_low  ; color      ; md10_low     ; md8_low     ; 1.000        ; 10.000     ; 10.000     ;
; -3.000 ; md10_low  ; chan       ; md10_low     ; md8_low     ; 1.000        ; 10.000     ; 10.000     ;
; -3.000 ; md10_low  ; int_en     ; md10_low     ; md8_low     ; 1.000        ; 10.000     ; 10.000     ;
; -3.000 ; md10_low  ; erase      ; md10_low     ; md8_low     ; 1.000        ; 10.000     ; 10.000     ;
; -3.000 ; md9_low   ; write_thru ; md9_low      ; md8_low     ; 1.000        ; 10.000     ; 10.000     ;
; -3.000 ; md9_low   ; store      ; md9_low      ; md8_low     ; 1.000        ; 10.000     ; 10.000     ;
; -3.000 ; md9_low   ; color      ; md9_low      ; md8_low     ; 1.000        ; 10.000     ; 10.000     ;
; -3.000 ; md9_low   ; chan       ; md9_low      ; md8_low     ; 1.000        ; 10.000     ; 10.000     ;
; -3.000 ; md9_low   ; int_en     ; md9_low      ; md8_low     ; 1.000        ; 10.000     ; 10.000     ;
; -3.000 ; md9_low   ; erase      ; md9_low      ; md8_low     ; 1.000        ; 10.000     ; 10.000     ;
; -3.000 ; pause_low ; write_thru ; pause_low    ; md8_low     ; 1.000        ; 10.000     ; 10.000     ;
; -3.000 ; pause_low ; store      ; pause_low    ; md8_low     ; 1.000        ; 10.000     ; 10.000     ;
; -3.000 ; pause_low ; color      ; pause_low    ; md8_low     ; 1.000        ; 10.000     ; 10.000     ;
; -3.000 ; pause_low ; chan       ; pause_low    ; md8_low     ; 1.000        ; 10.000     ; 10.000     ;
; -3.000 ; pause_low ; int_en     ; pause_low    ; md8_low     ; 1.000        ; 10.000     ; 10.000     ;
; -3.000 ; pause_low ; erase      ; pause_low    ; md8_low     ; 1.000        ; 10.000     ; 10.000     ;
; -3.000 ; md7_low   ; write_thru ; md7_low      ; md8_low     ; 1.000        ; 10.000     ; 10.000     ;
; -3.000 ; md7_low   ; store      ; md7_low      ; md8_low     ; 1.000        ; 10.000     ; 10.000     ;
; -3.000 ; md7_low   ; color      ; md7_low      ; md8_low     ; 1.000        ; 10.000     ; 10.000     ;
; -3.000 ; md7_low   ; chan       ; md7_low      ; md8_low     ; 1.000        ; 10.000     ; 10.000     ;
; -3.000 ; md7_low   ; int_en     ; md7_low      ; md8_low     ; 1.000        ; 10.000     ; 10.000     ;
; -3.000 ; md7_low   ; erase      ; md7_low      ; md8_low     ; 1.000        ; 10.000     ; 10.000     ;
; -3.000 ; md6_low   ; write_thru ; md6_low      ; md8_low     ; 1.000        ; 10.000     ; 10.000     ;
; -3.000 ; md6_low   ; store      ; md6_low      ; md8_low     ; 1.000        ; 10.000     ; 10.000     ;
; -3.000 ; md6_low   ; color      ; md6_low      ; md8_low     ; 1.000        ; 10.000     ; 10.000     ;
; -3.000 ; md6_low   ; chan       ; md6_low      ; md8_low     ; 1.000        ; 10.000     ; 10.000     ;
; -3.000 ; md6_low   ; int_en     ; md6_low      ; md8_low     ; 1.000        ; 10.000     ; 10.000     ;
; -3.000 ; md6_low   ; erase      ; md6_low      ; md8_low     ; 1.000        ; 10.000     ; 10.000     ;
; -3.000 ; md4_low   ; write_thru ; md4_low      ; md8_low     ; 1.000        ; 10.000     ; 10.000     ;
; -3.000 ; md4_low   ; store      ; md4_low      ; md8_low     ; 1.000        ; 10.000     ; 10.000     ;
; -3.000 ; md4_low   ; color      ; md4_low      ; md8_low     ; 1.000        ; 10.000     ; 10.000     ;
; -3.000 ; md4_low   ; chan       ; md4_low      ; md8_low     ; 1.000        ; 10.000     ; 10.000     ;
; -3.000 ; md4_low   ; int_en     ; md4_low      ; md8_low     ; 1.000        ; 10.000     ; 10.000     ;
; -3.000 ; md4_low   ; erase      ; md4_low      ; md8_low     ; 1.000        ; 10.000     ; 10.000     ;
; -3.000 ; md3_low   ; write_thru ; md3_low      ; md8_low     ; 1.000        ; 10.000     ; 10.000     ;
; -3.000 ; md3_low   ; store      ; md3_low      ; md8_low     ; 1.000        ; 10.000     ; 10.000     ;
; -3.000 ; md3_low   ; color      ; md3_low      ; md8_low     ; 1.000        ; 10.000     ; 10.000     ;
; -3.000 ; md3_low   ; chan       ; md3_low      ; md8_low     ; 1.000        ; 10.000     ; 10.000     ;
+--------+-----------+------------+--------------+-------------+--------------+------------+------------+


+-------------------------------------------------------------------------------------------------------+
; Setup: 'md9_low'                                                                                      ;
+--------+-----------+------------+--------------+-------------+--------------+------------+------------+
; Slack  ; From Node ; To Node    ; Launch Clock ; Latch Clock ; Relationship ; Clock Skew ; Data Delay ;
+--------+-----------+------------+--------------+-------------+--------------+------------+------------+
; -3.500 ; md10_low  ; write_thru ; md10_low     ; md9_low     ; 0.500        ; 10.000     ; 10.000     ;
; -3.500 ; md10_low  ; store      ; md10_low     ; md9_low     ; 0.500        ; 10.000     ; 10.000     ;
; -3.500 ; md10_low  ; color      ; md10_low     ; md9_low     ; 0.500        ; 10.000     ; 10.000     ;
; -3.500 ; md10_low  ; chan       ; md10_low     ; md9_low     ; 0.500        ; 10.000     ; 10.000     ;
; -3.500 ; md10_low  ; int_en     ; md10_low     ; md9_low     ; 0.500        ; 10.000     ; 10.000     ;
; -3.500 ; md10_low  ; erase      ; md10_low     ; md9_low     ; 0.500        ; 10.000     ; 10.000     ;
; -3.500 ; md9_low   ; write_thru ; md9_low      ; md9_low     ; 0.500        ; 10.000     ; 10.000     ;
; -3.500 ; md9_low   ; store      ; md9_low      ; md9_low     ; 0.500        ; 10.000     ; 10.000     ;
; -3.500 ; md9_low   ; color      ; md9_low      ; md9_low     ; 0.500        ; 10.000     ; 10.000     ;
; -3.500 ; md9_low   ; chan       ; md9_low      ; md9_low     ; 0.500        ; 10.000     ; 10.000     ;
; -3.500 ; md9_low   ; int_en     ; md9_low      ; md9_low     ; 0.500        ; 10.000     ; 10.000     ;
; -3.500 ; md9_low   ; erase      ; md9_low      ; md9_low     ; 0.500        ; 10.000     ; 10.000     ;
; -3.500 ; pause_low ; write_thru ; pause_low    ; md9_low     ; 0.500        ; 10.000     ; 10.000     ;
; -3.500 ; pause_low ; store      ; pause_low    ; md9_low     ; 0.500        ; 10.000     ; 10.000     ;
; -3.500 ; pause_low ; color      ; pause_low    ; md9_low     ; 0.500        ; 10.000     ; 10.000     ;
; -3.500 ; pause_low ; chan       ; pause_low    ; md9_low     ; 0.500        ; 10.000     ; 10.000     ;
; -3.500 ; pause_low ; int_en     ; pause_low    ; md9_low     ; 0.500        ; 10.000     ; 10.000     ;
; -3.500 ; pause_low ; erase      ; pause_low    ; md9_low     ; 0.500        ; 10.000     ; 10.000     ;
; -3.500 ; md7_low   ; write_thru ; md7_low      ; md9_low     ; 0.500        ; 10.000     ; 10.000     ;
; -3.500 ; md7_low   ; store      ; md7_low      ; md9_low     ; 0.500        ; 10.000     ; 10.000     ;
; -3.500 ; md7_low   ; color      ; md7_low      ; md9_low     ; 0.500        ; 10.000     ; 10.000     ;
; -3.500 ; md7_low   ; chan       ; md7_low      ; md9_low     ; 0.500        ; 10.000     ; 10.000     ;
; -3.500 ; md7_low   ; int_en     ; md7_low      ; md9_low     ; 0.500        ; 10.000     ; 10.000     ;
; -3.500 ; md7_low   ; erase      ; md7_low      ; md9_low     ; 0.500        ; 10.000     ; 10.000     ;
; -3.500 ; md6_low   ; write_thru ; md6_low      ; md9_low     ; 0.500        ; 10.000     ; 10.000     ;
; -3.500 ; md6_low   ; store      ; md6_low      ; md9_low     ; 0.500        ; 10.000     ; 10.000     ;
; -3.500 ; md6_low   ; color      ; md6_low      ; md9_low     ; 0.500        ; 10.000     ; 10.000     ;
; -3.500 ; md6_low   ; chan       ; md6_low      ; md9_low     ; 0.500        ; 10.000     ; 10.000     ;
; -3.500 ; md6_low   ; int_en     ; md6_low      ; md9_low     ; 0.500        ; 10.000     ; 10.000     ;
; -3.500 ; md6_low   ; erase      ; md6_low      ; md9_low     ; 0.500        ; 10.000     ; 10.000     ;
; -3.500 ; md4_low   ; write_thru ; md4_low      ; md9_low     ; 0.500        ; 10.000     ; 10.000     ;
; -3.500 ; md4_low   ; store      ; md4_low      ; md9_low     ; 0.500        ; 10.000     ; 10.000     ;
; -3.500 ; md4_low   ; color      ; md4_low      ; md9_low     ; 0.500        ; 10.000     ; 10.000     ;
; -3.500 ; md4_low   ; chan       ; md4_low      ; md9_low     ; 0.500        ; 10.000     ; 10.000     ;
; -3.500 ; md4_low   ; int_en     ; md4_low      ; md9_low     ; 0.500        ; 10.000     ; 10.000     ;
; -3.500 ; md4_low   ; erase      ; md4_low      ; md9_low     ; 0.500        ; 10.000     ; 10.000     ;
; -3.500 ; md3_low   ; write_thru ; md3_low      ; md9_low     ; 0.500        ; 10.000     ; 10.000     ;
; -3.500 ; md3_low   ; store      ; md3_low      ; md9_low     ; 0.500        ; 10.000     ; 10.000     ;
; -3.500 ; md3_low   ; color      ; md3_low      ; md9_low     ; 0.500        ; 10.000     ; 10.000     ;
; -3.500 ; md3_low   ; chan       ; md3_low      ; md9_low     ; 0.500        ; 10.000     ; 10.000     ;
; -3.500 ; md3_low   ; int_en     ; md3_low      ; md9_low     ; 0.500        ; 10.000     ; 10.000     ;
; -3.500 ; md3_low   ; erase      ; md3_low      ; md9_low     ; 0.500        ; 10.000     ; 10.000     ;
; -3.500 ; md8_low   ; write_thru ; md8_low      ; md9_low     ; 0.500        ; 10.000     ; 10.000     ;
; -3.500 ; md8_low   ; store      ; md8_low      ; md9_low     ; 0.500        ; 10.000     ; 10.000     ;
; -3.500 ; md8_low   ; color      ; md8_low      ; md9_low     ; 0.500        ; 10.000     ; 10.000     ;
; -3.500 ; md8_low   ; chan       ; md8_low      ; md9_low     ; 0.500        ; 10.000     ; 10.000     ;
; -3.500 ; md8_low   ; int_en     ; md8_low      ; md9_low     ; 0.500        ; 10.000     ; 10.000     ;
; -3.500 ; md8_low   ; erase      ; md8_low      ; md9_low     ; 0.500        ; 10.000     ; 10.000     ;
; -3.500 ; md5_low   ; write_thru ; md5_low      ; md9_low     ; 0.500        ; 10.000     ; 10.000     ;
; -3.500 ; md5_low   ; store      ; md5_low      ; md9_low     ; 0.500        ; 10.000     ; 10.000     ;
; -3.500 ; md5_low   ; color      ; md5_low      ; md9_low     ; 0.500        ; 10.000     ; 10.000     ;
; -3.500 ; md5_low   ; chan       ; md5_low      ; md9_low     ; 0.500        ; 10.000     ; 10.000     ;
; -3.500 ; md5_low   ; int_en     ; md5_low      ; md9_low     ; 0.500        ; 10.000     ; 10.000     ;
; -3.500 ; md5_low   ; erase      ; md5_low      ; md9_low     ; 0.500        ; 10.000     ; 10.000     ;
; -3.500 ; md11_low  ; write_thru ; md11_low     ; md9_low     ; 0.500        ; 10.000     ; 10.000     ;
; -3.500 ; md11_low  ; store      ; md11_low     ; md9_low     ; 0.500        ; 10.000     ; 10.000     ;
; -3.500 ; md11_low  ; color      ; md11_low     ; md9_low     ; 0.500        ; 10.000     ; 10.000     ;
; -3.500 ; md11_low  ; chan       ; md11_low     ; md9_low     ; 0.500        ; 10.000     ; 10.000     ;
; -3.500 ; md11_low  ; int_en     ; md11_low     ; md9_low     ; 0.500        ; 10.000     ; 10.000     ;
; -3.500 ; md11_low  ; erase      ; md11_low     ; md9_low     ; 0.500        ; 10.000     ; 10.000     ;
; -3.000 ; md10_low  ; write_thru ; md10_low     ; md9_low     ; 1.000        ; 10.000     ; 10.000     ;
; -3.000 ; md10_low  ; store      ; md10_low     ; md9_low     ; 1.000        ; 10.000     ; 10.000     ;
; -3.000 ; md10_low  ; color      ; md10_low     ; md9_low     ; 1.000        ; 10.000     ; 10.000     ;
; -3.000 ; md10_low  ; chan       ; md10_low     ; md9_low     ; 1.000        ; 10.000     ; 10.000     ;
; -3.000 ; md10_low  ; int_en     ; md10_low     ; md9_low     ; 1.000        ; 10.000     ; 10.000     ;
; -3.000 ; md10_low  ; erase      ; md10_low     ; md9_low     ; 1.000        ; 10.000     ; 10.000     ;
; -3.000 ; md9_low   ; write_thru ; md9_low      ; md9_low     ; 1.000        ; 10.000     ; 10.000     ;
; -3.000 ; md9_low   ; store      ; md9_low      ; md9_low     ; 1.000        ; 10.000     ; 10.000     ;
; -3.000 ; md9_low   ; color      ; md9_low      ; md9_low     ; 1.000        ; 10.000     ; 10.000     ;
; -3.000 ; md9_low   ; chan       ; md9_low      ; md9_low     ; 1.000        ; 10.000     ; 10.000     ;
; -3.000 ; md9_low   ; int_en     ; md9_low      ; md9_low     ; 1.000        ; 10.000     ; 10.000     ;
; -3.000 ; md9_low   ; erase      ; md9_low      ; md9_low     ; 1.000        ; 10.000     ; 10.000     ;
; -3.000 ; pause_low ; write_thru ; pause_low    ; md9_low     ; 1.000        ; 10.000     ; 10.000     ;
; -3.000 ; pause_low ; store      ; pause_low    ; md9_low     ; 1.000        ; 10.000     ; 10.000     ;
; -3.000 ; pause_low ; color      ; pause_low    ; md9_low     ; 1.000        ; 10.000     ; 10.000     ;
; -3.000 ; pause_low ; chan       ; pause_low    ; md9_low     ; 1.000        ; 10.000     ; 10.000     ;
; -3.000 ; pause_low ; int_en     ; pause_low    ; md9_low     ; 1.000        ; 10.000     ; 10.000     ;
; -3.000 ; pause_low ; erase      ; pause_low    ; md9_low     ; 1.000        ; 10.000     ; 10.000     ;
; -3.000 ; md7_low   ; write_thru ; md7_low      ; md9_low     ; 1.000        ; 10.000     ; 10.000     ;
; -3.000 ; md7_low   ; store      ; md7_low      ; md9_low     ; 1.000        ; 10.000     ; 10.000     ;
; -3.000 ; md7_low   ; color      ; md7_low      ; md9_low     ; 1.000        ; 10.000     ; 10.000     ;
; -3.000 ; md7_low   ; chan       ; md7_low      ; md9_low     ; 1.000        ; 10.000     ; 10.000     ;
; -3.000 ; md7_low   ; int_en     ; md7_low      ; md9_low     ; 1.000        ; 10.000     ; 10.000     ;
; -3.000 ; md7_low   ; erase      ; md7_low      ; md9_low     ; 1.000        ; 10.000     ; 10.000     ;
; -3.000 ; md6_low   ; write_thru ; md6_low      ; md9_low     ; 1.000        ; 10.000     ; 10.000     ;
; -3.000 ; md6_low   ; store      ; md6_low      ; md9_low     ; 1.000        ; 10.000     ; 10.000     ;
; -3.000 ; md6_low   ; color      ; md6_low      ; md9_low     ; 1.000        ; 10.000     ; 10.000     ;
; -3.000 ; md6_low   ; chan       ; md6_low      ; md9_low     ; 1.000        ; 10.000     ; 10.000     ;
; -3.000 ; md6_low   ; int_en     ; md6_low      ; md9_low     ; 1.000        ; 10.000     ; 10.000     ;
; -3.000 ; md6_low   ; erase      ; md6_low      ; md9_low     ; 1.000        ; 10.000     ; 10.000     ;
; -3.000 ; md4_low   ; write_thru ; md4_low      ; md9_low     ; 1.000        ; 10.000     ; 10.000     ;
; -3.000 ; md4_low   ; store      ; md4_low      ; md9_low     ; 1.000        ; 10.000     ; 10.000     ;
; -3.000 ; md4_low   ; color      ; md4_low      ; md9_low     ; 1.000        ; 10.000     ; 10.000     ;
; -3.000 ; md4_low   ; chan       ; md4_low      ; md9_low     ; 1.000        ; 10.000     ; 10.000     ;
; -3.000 ; md4_low   ; int_en     ; md4_low      ; md9_low     ; 1.000        ; 10.000     ; 10.000     ;
; -3.000 ; md4_low   ; erase      ; md4_low      ; md9_low     ; 1.000        ; 10.000     ; 10.000     ;
; -3.000 ; md3_low   ; write_thru ; md3_low      ; md9_low     ; 1.000        ; 10.000     ; 10.000     ;
; -3.000 ; md3_low   ; store      ; md3_low      ; md9_low     ; 1.000        ; 10.000     ; 10.000     ;
; -3.000 ; md3_low   ; color      ; md3_low      ; md9_low     ; 1.000        ; 10.000     ; 10.000     ;
; -3.000 ; md3_low   ; chan       ; md3_low      ; md9_low     ; 1.000        ; 10.000     ; 10.000     ;
+--------+-----------+------------+--------------+-------------+--------------+------------+------------+


+-------------------------------------------------------------------------------------------------------+
; Setup: 'pause_low'                                                                                    ;
+--------+-----------+------------+--------------+-------------+--------------+------------+------------+
; Slack  ; From Node ; To Node    ; Launch Clock ; Latch Clock ; Relationship ; Clock Skew ; Data Delay ;
+--------+-----------+------------+--------------+-------------+--------------+------------+------------+
; -3.500 ; md10_low  ; write_thru ; md10_low     ; pause_low   ; 0.500        ; 10.000     ; 10.000     ;
; -3.500 ; md10_low  ; store      ; md10_low     ; pause_low   ; 0.500        ; 10.000     ; 10.000     ;
; -3.500 ; md10_low  ; color      ; md10_low     ; pause_low   ; 0.500        ; 10.000     ; 10.000     ;
; -3.500 ; md10_low  ; chan       ; md10_low     ; pause_low   ; 0.500        ; 10.000     ; 10.000     ;
; -3.500 ; md10_low  ; int_en     ; md10_low     ; pause_low   ; 0.500        ; 10.000     ; 10.000     ;
; -3.500 ; md10_low  ; erase      ; md10_low     ; pause_low   ; 0.500        ; 10.000     ; 10.000     ;
; -3.500 ; md9_low   ; write_thru ; md9_low      ; pause_low   ; 0.500        ; 10.000     ; 10.000     ;
; -3.500 ; md9_low   ; store      ; md9_low      ; pause_low   ; 0.500        ; 10.000     ; 10.000     ;
; -3.500 ; md9_low   ; color      ; md9_low      ; pause_low   ; 0.500        ; 10.000     ; 10.000     ;
; -3.500 ; md9_low   ; chan       ; md9_low      ; pause_low   ; 0.500        ; 10.000     ; 10.000     ;
; -3.500 ; md9_low   ; int_en     ; md9_low      ; pause_low   ; 0.500        ; 10.000     ; 10.000     ;
; -3.500 ; md9_low   ; erase      ; md9_low      ; pause_low   ; 0.500        ; 10.000     ; 10.000     ;
; -3.500 ; pause_low ; write_thru ; pause_low    ; pause_low   ; 0.500        ; 10.000     ; 10.000     ;
; -3.500 ; pause_low ; store      ; pause_low    ; pause_low   ; 0.500        ; 10.000     ; 10.000     ;
; -3.500 ; pause_low ; color      ; pause_low    ; pause_low   ; 0.500        ; 10.000     ; 10.000     ;
; -3.500 ; pause_low ; chan       ; pause_low    ; pause_low   ; 0.500        ; 10.000     ; 10.000     ;
; -3.500 ; pause_low ; int_en     ; pause_low    ; pause_low   ; 0.500        ; 10.000     ; 10.000     ;
; -3.500 ; pause_low ; erase      ; pause_low    ; pause_low   ; 0.500        ; 10.000     ; 10.000     ;
; -3.500 ; md7_low   ; write_thru ; md7_low      ; pause_low   ; 0.500        ; 10.000     ; 10.000     ;
; -3.500 ; md7_low   ; store      ; md7_low      ; pause_low   ; 0.500        ; 10.000     ; 10.000     ;
; -3.500 ; md7_low   ; color      ; md7_low      ; pause_low   ; 0.500        ; 10.000     ; 10.000     ;
; -3.500 ; md7_low   ; chan       ; md7_low      ; pause_low   ; 0.500        ; 10.000     ; 10.000     ;
; -3.500 ; md7_low   ; int_en     ; md7_low      ; pause_low   ; 0.500        ; 10.000     ; 10.000     ;
; -3.500 ; md7_low   ; erase      ; md7_low      ; pause_low   ; 0.500        ; 10.000     ; 10.000     ;
; -3.500 ; md6_low   ; write_thru ; md6_low      ; pause_low   ; 0.500        ; 10.000     ; 10.000     ;
; -3.500 ; md6_low   ; store      ; md6_low      ; pause_low   ; 0.500        ; 10.000     ; 10.000     ;
; -3.500 ; md6_low   ; color      ; md6_low      ; pause_low   ; 0.500        ; 10.000     ; 10.000     ;
; -3.500 ; md6_low   ; chan       ; md6_low      ; pause_low   ; 0.500        ; 10.000     ; 10.000     ;
; -3.500 ; md6_low   ; int_en     ; md6_low      ; pause_low   ; 0.500        ; 10.000     ; 10.000     ;
; -3.500 ; md6_low   ; erase      ; md6_low      ; pause_low   ; 0.500        ; 10.000     ; 10.000     ;
; -3.500 ; md4_low   ; write_thru ; md4_low      ; pause_low   ; 0.500        ; 10.000     ; 10.000     ;
; -3.500 ; md4_low   ; store      ; md4_low      ; pause_low   ; 0.500        ; 10.000     ; 10.000     ;
; -3.500 ; md4_low   ; color      ; md4_low      ; pause_low   ; 0.500        ; 10.000     ; 10.000     ;
; -3.500 ; md4_low   ; chan       ; md4_low      ; pause_low   ; 0.500        ; 10.000     ; 10.000     ;
; -3.500 ; md4_low   ; int_en     ; md4_low      ; pause_low   ; 0.500        ; 10.000     ; 10.000     ;
; -3.500 ; md4_low   ; erase      ; md4_low      ; pause_low   ; 0.500        ; 10.000     ; 10.000     ;
; -3.500 ; md3_low   ; write_thru ; md3_low      ; pause_low   ; 0.500        ; 10.000     ; 10.000     ;
; -3.500 ; md3_low   ; store      ; md3_low      ; pause_low   ; 0.500        ; 10.000     ; 10.000     ;
; -3.500 ; md3_low   ; color      ; md3_low      ; pause_low   ; 0.500        ; 10.000     ; 10.000     ;
; -3.500 ; md3_low   ; chan       ; md3_low      ; pause_low   ; 0.500        ; 10.000     ; 10.000     ;
; -3.500 ; md3_low   ; int_en     ; md3_low      ; pause_low   ; 0.500        ; 10.000     ; 10.000     ;
; -3.500 ; md3_low   ; erase      ; md3_low      ; pause_low   ; 0.500        ; 10.000     ; 10.000     ;
; -3.500 ; md8_low   ; write_thru ; md8_low      ; pause_low   ; 0.500        ; 10.000     ; 10.000     ;
; -3.500 ; md8_low   ; store      ; md8_low      ; pause_low   ; 0.500        ; 10.000     ; 10.000     ;
; -3.500 ; md8_low   ; color      ; md8_low      ; pause_low   ; 0.500        ; 10.000     ; 10.000     ;
; -3.500 ; md8_low   ; chan       ; md8_low      ; pause_low   ; 0.500        ; 10.000     ; 10.000     ;
; -3.500 ; md8_low   ; int_en     ; md8_low      ; pause_low   ; 0.500        ; 10.000     ; 10.000     ;
; -3.500 ; md8_low   ; erase      ; md8_low      ; pause_low   ; 0.500        ; 10.000     ; 10.000     ;
; -3.500 ; md5_low   ; write_thru ; md5_low      ; pause_low   ; 0.500        ; 10.000     ; 10.000     ;
; -3.500 ; md5_low   ; store      ; md5_low      ; pause_low   ; 0.500        ; 10.000     ; 10.000     ;
; -3.500 ; md5_low   ; color      ; md5_low      ; pause_low   ; 0.500        ; 10.000     ; 10.000     ;
; -3.500 ; md5_low   ; chan       ; md5_low      ; pause_low   ; 0.500        ; 10.000     ; 10.000     ;
; -3.500 ; md5_low   ; int_en     ; md5_low      ; pause_low   ; 0.500        ; 10.000     ; 10.000     ;
; -3.500 ; md5_low   ; erase      ; md5_low      ; pause_low   ; 0.500        ; 10.000     ; 10.000     ;
; -3.500 ; md11_low  ; write_thru ; md11_low     ; pause_low   ; 0.500        ; 10.000     ; 10.000     ;
; -3.500 ; md11_low  ; store      ; md11_low     ; pause_low   ; 0.500        ; 10.000     ; 10.000     ;
; -3.500 ; md11_low  ; color      ; md11_low     ; pause_low   ; 0.500        ; 10.000     ; 10.000     ;
; -3.500 ; md11_low  ; chan       ; md11_low     ; pause_low   ; 0.500        ; 10.000     ; 10.000     ;
; -3.500 ; md11_low  ; int_en     ; md11_low     ; pause_low   ; 0.500        ; 10.000     ; 10.000     ;
; -3.500 ; md11_low  ; erase      ; md11_low     ; pause_low   ; 0.500        ; 10.000     ; 10.000     ;
; -3.000 ; md10_low  ; write_thru ; md10_low     ; pause_low   ; 1.000        ; 10.000     ; 10.000     ;
; -3.000 ; md10_low  ; store      ; md10_low     ; pause_low   ; 1.000        ; 10.000     ; 10.000     ;
; -3.000 ; md10_low  ; color      ; md10_low     ; pause_low   ; 1.000        ; 10.000     ; 10.000     ;
; -3.000 ; md10_low  ; chan       ; md10_low     ; pause_low   ; 1.000        ; 10.000     ; 10.000     ;
; -3.000 ; md10_low  ; int_en     ; md10_low     ; pause_low   ; 1.000        ; 10.000     ; 10.000     ;
; -3.000 ; md10_low  ; erase      ; md10_low     ; pause_low   ; 1.000        ; 10.000     ; 10.000     ;
; -3.000 ; md9_low   ; write_thru ; md9_low      ; pause_low   ; 1.000        ; 10.000     ; 10.000     ;
; -3.000 ; md9_low   ; store      ; md9_low      ; pause_low   ; 1.000        ; 10.000     ; 10.000     ;
; -3.000 ; md9_low   ; color      ; md9_low      ; pause_low   ; 1.000        ; 10.000     ; 10.000     ;
; -3.000 ; md9_low   ; chan       ; md9_low      ; pause_low   ; 1.000        ; 10.000     ; 10.000     ;
; -3.000 ; md9_low   ; int_en     ; md9_low      ; pause_low   ; 1.000        ; 10.000     ; 10.000     ;
; -3.000 ; md9_low   ; erase      ; md9_low      ; pause_low   ; 1.000        ; 10.000     ; 10.000     ;
; -3.000 ; pause_low ; write_thru ; pause_low    ; pause_low   ; 1.000        ; 10.000     ; 10.000     ;
; -3.000 ; pause_low ; store      ; pause_low    ; pause_low   ; 1.000        ; 10.000     ; 10.000     ;
; -3.000 ; pause_low ; color      ; pause_low    ; pause_low   ; 1.000        ; 10.000     ; 10.000     ;
; -3.000 ; pause_low ; chan       ; pause_low    ; pause_low   ; 1.000        ; 10.000     ; 10.000     ;
; -3.000 ; pause_low ; int_en     ; pause_low    ; pause_low   ; 1.000        ; 10.000     ; 10.000     ;
; -3.000 ; pause_low ; erase      ; pause_low    ; pause_low   ; 1.000        ; 10.000     ; 10.000     ;
; -3.000 ; md7_low   ; write_thru ; md7_low      ; pause_low   ; 1.000        ; 10.000     ; 10.000     ;
; -3.000 ; md7_low   ; store      ; md7_low      ; pause_low   ; 1.000        ; 10.000     ; 10.000     ;
; -3.000 ; md7_low   ; color      ; md7_low      ; pause_low   ; 1.000        ; 10.000     ; 10.000     ;
; -3.000 ; md7_low   ; chan       ; md7_low      ; pause_low   ; 1.000        ; 10.000     ; 10.000     ;
; -3.000 ; md7_low   ; int_en     ; md7_low      ; pause_low   ; 1.000        ; 10.000     ; 10.000     ;
; -3.000 ; md7_low   ; erase      ; md7_low      ; pause_low   ; 1.000        ; 10.000     ; 10.000     ;
; -3.000 ; md6_low   ; write_thru ; md6_low      ; pause_low   ; 1.000        ; 10.000     ; 10.000     ;
; -3.000 ; md6_low   ; store      ; md6_low      ; pause_low   ; 1.000        ; 10.000     ; 10.000     ;
; -3.000 ; md6_low   ; color      ; md6_low      ; pause_low   ; 1.000        ; 10.000     ; 10.000     ;
; -3.000 ; md6_low   ; chan       ; md6_low      ; pause_low   ; 1.000        ; 10.000     ; 10.000     ;
; -3.000 ; md6_low   ; int_en     ; md6_low      ; pause_low   ; 1.000        ; 10.000     ; 10.000     ;
; -3.000 ; md6_low   ; erase      ; md6_low      ; pause_low   ; 1.000        ; 10.000     ; 10.000     ;
; -3.000 ; md4_low   ; write_thru ; md4_low      ; pause_low   ; 1.000        ; 10.000     ; 10.000     ;
; -3.000 ; md4_low   ; store      ; md4_low      ; pause_low   ; 1.000        ; 10.000     ; 10.000     ;
; -3.000 ; md4_low   ; color      ; md4_low      ; pause_low   ; 1.000        ; 10.000     ; 10.000     ;
; -3.000 ; md4_low   ; chan       ; md4_low      ; pause_low   ; 1.000        ; 10.000     ; 10.000     ;
; -3.000 ; md4_low   ; int_en     ; md4_low      ; pause_low   ; 1.000        ; 10.000     ; 10.000     ;
; -3.000 ; md4_low   ; erase      ; md4_low      ; pause_low   ; 1.000        ; 10.000     ; 10.000     ;
; -3.000 ; md3_low   ; write_thru ; md3_low      ; pause_low   ; 1.000        ; 10.000     ; 10.000     ;
; -3.000 ; md3_low   ; store      ; md3_low      ; pause_low   ; 1.000        ; 10.000     ; 10.000     ;
; -3.000 ; md3_low   ; color      ; md3_low      ; pause_low   ; 1.000        ; 10.000     ; 10.000     ;
; -3.000 ; md3_low   ; chan       ; md3_low      ; pause_low   ; 1.000        ; 10.000     ; 10.000     ;
+--------+-----------+------------+--------------+-------------+--------------+------------+------------+


+-------------------------------------------------------------------------------------------------------+
; Setup: 'tp3'                                                                                          ;
+--------+-----------+------------+--------------+-------------+--------------+------------+------------+
; Slack  ; From Node ; To Node    ; Launch Clock ; Latch Clock ; Relationship ; Clock Skew ; Data Delay ;
+--------+-----------+------------+--------------+-------------+--------------+------------+------------+
; -3.500 ; md10_low  ; write_thru ; md10_low     ; tp3         ; 0.500        ; 10.000     ; 10.000     ;
; -3.500 ; md10_low  ; store      ; md10_low     ; tp3         ; 0.500        ; 10.000     ; 10.000     ;
; -3.500 ; md10_low  ; color      ; md10_low     ; tp3         ; 0.500        ; 10.000     ; 10.000     ;
; -3.500 ; md10_low  ; chan       ; md10_low     ; tp3         ; 0.500        ; 10.000     ; 10.000     ;
; -3.500 ; md10_low  ; int_en     ; md10_low     ; tp3         ; 0.500        ; 10.000     ; 10.000     ;
; -3.500 ; md10_low  ; erase      ; md10_low     ; tp3         ; 0.500        ; 10.000     ; 10.000     ;
; -3.500 ; md9_low   ; write_thru ; md9_low      ; tp3         ; 0.500        ; 10.000     ; 10.000     ;
; -3.500 ; md9_low   ; store      ; md9_low      ; tp3         ; 0.500        ; 10.000     ; 10.000     ;
; -3.500 ; md9_low   ; color      ; md9_low      ; tp3         ; 0.500        ; 10.000     ; 10.000     ;
; -3.500 ; md9_low   ; chan       ; md9_low      ; tp3         ; 0.500        ; 10.000     ; 10.000     ;
; -3.500 ; md9_low   ; int_en     ; md9_low      ; tp3         ; 0.500        ; 10.000     ; 10.000     ;
; -3.500 ; md9_low   ; erase      ; md9_low      ; tp3         ; 0.500        ; 10.000     ; 10.000     ;
; -3.500 ; pause_low ; write_thru ; pause_low    ; tp3         ; 0.500        ; 10.000     ; 10.000     ;
; -3.500 ; pause_low ; store      ; pause_low    ; tp3         ; 0.500        ; 10.000     ; 10.000     ;
; -3.500 ; pause_low ; color      ; pause_low    ; tp3         ; 0.500        ; 10.000     ; 10.000     ;
; -3.500 ; pause_low ; chan       ; pause_low    ; tp3         ; 0.500        ; 10.000     ; 10.000     ;
; -3.500 ; pause_low ; int_en     ; pause_low    ; tp3         ; 0.500        ; 10.000     ; 10.000     ;
; -3.500 ; pause_low ; erase      ; pause_low    ; tp3         ; 0.500        ; 10.000     ; 10.000     ;
; -3.500 ; md7_low   ; write_thru ; md7_low      ; tp3         ; 0.500        ; 10.000     ; 10.000     ;
; -3.500 ; md7_low   ; store      ; md7_low      ; tp3         ; 0.500        ; 10.000     ; 10.000     ;
; -3.500 ; md7_low   ; color      ; md7_low      ; tp3         ; 0.500        ; 10.000     ; 10.000     ;
; -3.500 ; md7_low   ; chan       ; md7_low      ; tp3         ; 0.500        ; 10.000     ; 10.000     ;
; -3.500 ; md7_low   ; int_en     ; md7_low      ; tp3         ; 0.500        ; 10.000     ; 10.000     ;
; -3.500 ; md7_low   ; erase      ; md7_low      ; tp3         ; 0.500        ; 10.000     ; 10.000     ;
; -3.500 ; md6_low   ; write_thru ; md6_low      ; tp3         ; 0.500        ; 10.000     ; 10.000     ;
; -3.500 ; md6_low   ; store      ; md6_low      ; tp3         ; 0.500        ; 10.000     ; 10.000     ;
; -3.500 ; md6_low   ; color      ; md6_low      ; tp3         ; 0.500        ; 10.000     ; 10.000     ;
; -3.500 ; md6_low   ; chan       ; md6_low      ; tp3         ; 0.500        ; 10.000     ; 10.000     ;
; -3.500 ; md6_low   ; int_en     ; md6_low      ; tp3         ; 0.500        ; 10.000     ; 10.000     ;
; -3.500 ; md6_low   ; erase      ; md6_low      ; tp3         ; 0.500        ; 10.000     ; 10.000     ;
; -3.500 ; md4_low   ; write_thru ; md4_low      ; tp3         ; 0.500        ; 10.000     ; 10.000     ;
; -3.500 ; md4_low   ; store      ; md4_low      ; tp3         ; 0.500        ; 10.000     ; 10.000     ;
; -3.500 ; md4_low   ; color      ; md4_low      ; tp3         ; 0.500        ; 10.000     ; 10.000     ;
; -3.500 ; md4_low   ; chan       ; md4_low      ; tp3         ; 0.500        ; 10.000     ; 10.000     ;
; -3.500 ; md4_low   ; int_en     ; md4_low      ; tp3         ; 0.500        ; 10.000     ; 10.000     ;
; -3.500 ; md4_low   ; erase      ; md4_low      ; tp3         ; 0.500        ; 10.000     ; 10.000     ;
; -3.500 ; md3_low   ; write_thru ; md3_low      ; tp3         ; 0.500        ; 10.000     ; 10.000     ;
; -3.500 ; md3_low   ; store      ; md3_low      ; tp3         ; 0.500        ; 10.000     ; 10.000     ;
; -3.500 ; md3_low   ; color      ; md3_low      ; tp3         ; 0.500        ; 10.000     ; 10.000     ;
; -3.500 ; md3_low   ; chan       ; md3_low      ; tp3         ; 0.500        ; 10.000     ; 10.000     ;
; -3.500 ; md3_low   ; int_en     ; md3_low      ; tp3         ; 0.500        ; 10.000     ; 10.000     ;
; -3.500 ; md3_low   ; erase      ; md3_low      ; tp3         ; 0.500        ; 10.000     ; 10.000     ;
; -3.500 ; md8_low   ; write_thru ; md8_low      ; tp3         ; 0.500        ; 10.000     ; 10.000     ;
; -3.500 ; md8_low   ; store      ; md8_low      ; tp3         ; 0.500        ; 10.000     ; 10.000     ;
; -3.500 ; md8_low   ; color      ; md8_low      ; tp3         ; 0.500        ; 10.000     ; 10.000     ;
; -3.500 ; md8_low   ; chan       ; md8_low      ; tp3         ; 0.500        ; 10.000     ; 10.000     ;
; -3.500 ; md8_low   ; int_en     ; md8_low      ; tp3         ; 0.500        ; 10.000     ; 10.000     ;
; -3.500 ; md8_low   ; erase      ; md8_low      ; tp3         ; 0.500        ; 10.000     ; 10.000     ;
; -3.500 ; md5_low   ; write_thru ; md5_low      ; tp3         ; 0.500        ; 10.000     ; 10.000     ;
; -3.500 ; md5_low   ; store      ; md5_low      ; tp3         ; 0.500        ; 10.000     ; 10.000     ;
; -3.500 ; md5_low   ; color      ; md5_low      ; tp3         ; 0.500        ; 10.000     ; 10.000     ;
; -3.500 ; md5_low   ; chan       ; md5_low      ; tp3         ; 0.500        ; 10.000     ; 10.000     ;
; -3.500 ; md5_low   ; int_en     ; md5_low      ; tp3         ; 0.500        ; 10.000     ; 10.000     ;
; -3.500 ; md5_low   ; erase      ; md5_low      ; tp3         ; 0.500        ; 10.000     ; 10.000     ;
; -3.500 ; md11_low  ; write_thru ; md11_low     ; tp3         ; 0.500        ; 10.000     ; 10.000     ;
; -3.500 ; md11_low  ; store      ; md11_low     ; tp3         ; 0.500        ; 10.000     ; 10.000     ;
; -3.500 ; md11_low  ; color      ; md11_low     ; tp3         ; 0.500        ; 10.000     ; 10.000     ;
; -3.500 ; md11_low  ; chan       ; md11_low     ; tp3         ; 0.500        ; 10.000     ; 10.000     ;
; -3.500 ; md11_low  ; int_en     ; md11_low     ; tp3         ; 0.500        ; 10.000     ; 10.000     ;
; -3.500 ; md11_low  ; erase      ; md11_low     ; tp3         ; 0.500        ; 10.000     ; 10.000     ;
; -3.000 ; md10_low  ; write_thru ; md10_low     ; tp3         ; 1.000        ; 10.000     ; 10.000     ;
; -3.000 ; md10_low  ; store      ; md10_low     ; tp3         ; 1.000        ; 10.000     ; 10.000     ;
; -3.000 ; md10_low  ; color      ; md10_low     ; tp3         ; 1.000        ; 10.000     ; 10.000     ;
; -3.000 ; md10_low  ; chan       ; md10_low     ; tp3         ; 1.000        ; 10.000     ; 10.000     ;
; -3.000 ; md10_low  ; int_en     ; md10_low     ; tp3         ; 1.000        ; 10.000     ; 10.000     ;
; -3.000 ; md10_low  ; erase      ; md10_low     ; tp3         ; 1.000        ; 10.000     ; 10.000     ;
; -3.000 ; md9_low   ; write_thru ; md9_low      ; tp3         ; 1.000        ; 10.000     ; 10.000     ;
; -3.000 ; md9_low   ; store      ; md9_low      ; tp3         ; 1.000        ; 10.000     ; 10.000     ;
; -3.000 ; md9_low   ; color      ; md9_low      ; tp3         ; 1.000        ; 10.000     ; 10.000     ;
; -3.000 ; md9_low   ; chan       ; md9_low      ; tp3         ; 1.000        ; 10.000     ; 10.000     ;
; -3.000 ; md9_low   ; int_en     ; md9_low      ; tp3         ; 1.000        ; 10.000     ; 10.000     ;
; -3.000 ; md9_low   ; erase      ; md9_low      ; tp3         ; 1.000        ; 10.000     ; 10.000     ;
; -3.000 ; pause_low ; write_thru ; pause_low    ; tp3         ; 1.000        ; 10.000     ; 10.000     ;
; -3.000 ; pause_low ; store      ; pause_low    ; tp3         ; 1.000        ; 10.000     ; 10.000     ;
; -3.000 ; pause_low ; color      ; pause_low    ; tp3         ; 1.000        ; 10.000     ; 10.000     ;
; -3.000 ; pause_low ; chan       ; pause_low    ; tp3         ; 1.000        ; 10.000     ; 10.000     ;
; -3.000 ; pause_low ; int_en     ; pause_low    ; tp3         ; 1.000        ; 10.000     ; 10.000     ;
; -3.000 ; pause_low ; erase      ; pause_low    ; tp3         ; 1.000        ; 10.000     ; 10.000     ;
; -3.000 ; md7_low   ; write_thru ; md7_low      ; tp3         ; 1.000        ; 10.000     ; 10.000     ;
; -3.000 ; md7_low   ; store      ; md7_low      ; tp3         ; 1.000        ; 10.000     ; 10.000     ;
; -3.000 ; md7_low   ; color      ; md7_low      ; tp3         ; 1.000        ; 10.000     ; 10.000     ;
; -3.000 ; md7_low   ; chan       ; md7_low      ; tp3         ; 1.000        ; 10.000     ; 10.000     ;
; -3.000 ; md7_low   ; int_en     ; md7_low      ; tp3         ; 1.000        ; 10.000     ; 10.000     ;
; -3.000 ; md7_low   ; erase      ; md7_low      ; tp3         ; 1.000        ; 10.000     ; 10.000     ;
; -3.000 ; md6_low   ; write_thru ; md6_low      ; tp3         ; 1.000        ; 10.000     ; 10.000     ;
; -3.000 ; md6_low   ; store      ; md6_low      ; tp3         ; 1.000        ; 10.000     ; 10.000     ;
; -3.000 ; md6_low   ; color      ; md6_low      ; tp3         ; 1.000        ; 10.000     ; 10.000     ;
; -3.000 ; md6_low   ; chan       ; md6_low      ; tp3         ; 1.000        ; 10.000     ; 10.000     ;
; -3.000 ; md6_low   ; int_en     ; md6_low      ; tp3         ; 1.000        ; 10.000     ; 10.000     ;
; -3.000 ; md6_low   ; erase      ; md6_low      ; tp3         ; 1.000        ; 10.000     ; 10.000     ;
; -3.000 ; md4_low   ; write_thru ; md4_low      ; tp3         ; 1.000        ; 10.000     ; 10.000     ;
; -3.000 ; md4_low   ; store      ; md4_low      ; tp3         ; 1.000        ; 10.000     ; 10.000     ;
; -3.000 ; md4_low   ; color      ; md4_low      ; tp3         ; 1.000        ; 10.000     ; 10.000     ;
; -3.000 ; md4_low   ; chan       ; md4_low      ; tp3         ; 1.000        ; 10.000     ; 10.000     ;
; -3.000 ; md4_low   ; int_en     ; md4_low      ; tp3         ; 1.000        ; 10.000     ; 10.000     ;
; -3.000 ; md4_low   ; erase      ; md4_low      ; tp3         ; 1.000        ; 10.000     ; 10.000     ;
; -3.000 ; md3_low   ; write_thru ; md3_low      ; tp3         ; 1.000        ; 10.000     ; 10.000     ;
; -3.000 ; md3_low   ; store      ; md3_low      ; tp3         ; 1.000        ; 10.000     ; 10.000     ;
; -3.000 ; md3_low   ; color      ; md3_low      ; tp3         ; 1.000        ; 10.000     ; 10.000     ;
; -3.000 ; md3_low   ; chan       ; md3_low      ; tp3         ; 1.000        ; 10.000     ; 10.000     ;
+--------+-----------+------------+--------------+-------------+--------------+------------+------------+


+-------------------------------------------------------------------------------------------------------+
; Hold: 'md10_low'                                                                                      ;
+--------+-----------+------------+--------------+-------------+--------------+------------+------------+
; Slack  ; From Node ; To Node    ; Launch Clock ; Latch Clock ; Relationship ; Clock Skew ; Data Delay ;
+--------+-----------+------------+--------------+-------------+--------------+------------+------------+
; -4.000 ; md10_low  ; write_thru ; md10_low     ; md10_low    ; 0.000        ; 10.000     ; 10.000     ;
; -4.000 ; md10_low  ; store      ; md10_low     ; md10_low    ; 0.000        ; 10.000     ; 10.000     ;
; -4.000 ; md10_low  ; color      ; md10_low     ; md10_low    ; 0.000        ; 10.000     ; 10.000     ;
; -4.000 ; md10_low  ; chan       ; md10_low     ; md10_low    ; 0.000        ; 10.000     ; 10.000     ;
; -4.000 ; md10_low  ; int_en     ; md10_low     ; md10_low    ; 0.000        ; 10.000     ; 10.000     ;
; -4.000 ; md10_low  ; erase      ; md10_low     ; md10_low    ; 0.000        ; 10.000     ; 10.000     ;
; -4.000 ; md9_low   ; write_thru ; md9_low      ; md10_low    ; 0.000        ; 10.000     ; 10.000     ;
; -4.000 ; md9_low   ; store      ; md9_low      ; md10_low    ; 0.000        ; 10.000     ; 10.000     ;
; -4.000 ; md9_low   ; color      ; md9_low      ; md10_low    ; 0.000        ; 10.000     ; 10.000     ;
; -4.000 ; md9_low   ; chan       ; md9_low      ; md10_low    ; 0.000        ; 10.000     ; 10.000     ;
; -4.000 ; md9_low   ; int_en     ; md9_low      ; md10_low    ; 0.000        ; 10.000     ; 10.000     ;
; -4.000 ; md9_low   ; erase      ; md9_low      ; md10_low    ; 0.000        ; 10.000     ; 10.000     ;
; -4.000 ; pause_low ; write_thru ; pause_low    ; md10_low    ; 0.000        ; 10.000     ; 10.000     ;
; -4.000 ; pause_low ; store      ; pause_low    ; md10_low    ; 0.000        ; 10.000     ; 10.000     ;
; -4.000 ; pause_low ; color      ; pause_low    ; md10_low    ; 0.000        ; 10.000     ; 10.000     ;
; -4.000 ; pause_low ; chan       ; pause_low    ; md10_low    ; 0.000        ; 10.000     ; 10.000     ;
; -4.000 ; pause_low ; int_en     ; pause_low    ; md10_low    ; 0.000        ; 10.000     ; 10.000     ;
; -4.000 ; pause_low ; erase      ; pause_low    ; md10_low    ; 0.000        ; 10.000     ; 10.000     ;
; -4.000 ; md7_low   ; write_thru ; md7_low      ; md10_low    ; 0.000        ; 10.000     ; 10.000     ;
; -4.000 ; md7_low   ; store      ; md7_low      ; md10_low    ; 0.000        ; 10.000     ; 10.000     ;
; -4.000 ; md7_low   ; color      ; md7_low      ; md10_low    ; 0.000        ; 10.000     ; 10.000     ;
; -4.000 ; md7_low   ; chan       ; md7_low      ; md10_low    ; 0.000        ; 10.000     ; 10.000     ;
; -4.000 ; md7_low   ; int_en     ; md7_low      ; md10_low    ; 0.000        ; 10.000     ; 10.000     ;
; -4.000 ; md7_low   ; erase      ; md7_low      ; md10_low    ; 0.000        ; 10.000     ; 10.000     ;
; -4.000 ; md6_low   ; write_thru ; md6_low      ; md10_low    ; 0.000        ; 10.000     ; 10.000     ;
; -4.000 ; md6_low   ; store      ; md6_low      ; md10_low    ; 0.000        ; 10.000     ; 10.000     ;
; -4.000 ; md6_low   ; color      ; md6_low      ; md10_low    ; 0.000        ; 10.000     ; 10.000     ;
; -4.000 ; md6_low   ; chan       ; md6_low      ; md10_low    ; 0.000        ; 10.000     ; 10.000     ;
; -4.000 ; md6_low   ; int_en     ; md6_low      ; md10_low    ; 0.000        ; 10.000     ; 10.000     ;
; -4.000 ; md6_low   ; erase      ; md6_low      ; md10_low    ; 0.000        ; 10.000     ; 10.000     ;
; -4.000 ; md4_low   ; write_thru ; md4_low      ; md10_low    ; 0.000        ; 10.000     ; 10.000     ;
; -4.000 ; md4_low   ; store      ; md4_low      ; md10_low    ; 0.000        ; 10.000     ; 10.000     ;
; -4.000 ; md4_low   ; color      ; md4_low      ; md10_low    ; 0.000        ; 10.000     ; 10.000     ;
; -4.000 ; md4_low   ; chan       ; md4_low      ; md10_low    ; 0.000        ; 10.000     ; 10.000     ;
; -4.000 ; md4_low   ; int_en     ; md4_low      ; md10_low    ; 0.000        ; 10.000     ; 10.000     ;
; -4.000 ; md4_low   ; erase      ; md4_low      ; md10_low    ; 0.000        ; 10.000     ; 10.000     ;
; -4.000 ; md3_low   ; write_thru ; md3_low      ; md10_low    ; 0.000        ; 10.000     ; 10.000     ;
; -4.000 ; md3_low   ; store      ; md3_low      ; md10_low    ; 0.000        ; 10.000     ; 10.000     ;
; -4.000 ; md3_low   ; color      ; md3_low      ; md10_low    ; 0.000        ; 10.000     ; 10.000     ;
; -4.000 ; md3_low   ; chan       ; md3_low      ; md10_low    ; 0.000        ; 10.000     ; 10.000     ;
; -4.000 ; md3_low   ; int_en     ; md3_low      ; md10_low    ; 0.000        ; 10.000     ; 10.000     ;
; -4.000 ; md3_low   ; erase      ; md3_low      ; md10_low    ; 0.000        ; 10.000     ; 10.000     ;
; -4.000 ; md8_low   ; write_thru ; md8_low      ; md10_low    ; 0.000        ; 10.000     ; 10.000     ;
; -4.000 ; md8_low   ; store      ; md8_low      ; md10_low    ; 0.000        ; 10.000     ; 10.000     ;
; -4.000 ; md8_low   ; color      ; md8_low      ; md10_low    ; 0.000        ; 10.000     ; 10.000     ;
; -4.000 ; md8_low   ; chan       ; md8_low      ; md10_low    ; 0.000        ; 10.000     ; 10.000     ;
; -4.000 ; md8_low   ; int_en     ; md8_low      ; md10_low    ; 0.000        ; 10.000     ; 10.000     ;
; -4.000 ; md8_low   ; erase      ; md8_low      ; md10_low    ; 0.000        ; 10.000     ; 10.000     ;
; -4.000 ; md5_low   ; write_thru ; md5_low      ; md10_low    ; 0.000        ; 10.000     ; 10.000     ;
; -4.000 ; md5_low   ; store      ; md5_low      ; md10_low    ; 0.000        ; 10.000     ; 10.000     ;
; -4.000 ; md5_low   ; color      ; md5_low      ; md10_low    ; 0.000        ; 10.000     ; 10.000     ;
; -4.000 ; md5_low   ; chan       ; md5_low      ; md10_low    ; 0.000        ; 10.000     ; 10.000     ;
; -4.000 ; md5_low   ; int_en     ; md5_low      ; md10_low    ; 0.000        ; 10.000     ; 10.000     ;
; -4.000 ; md5_low   ; erase      ; md5_low      ; md10_low    ; 0.000        ; 10.000     ; 10.000     ;
; -4.000 ; md11_low  ; write_thru ; md11_low     ; md10_low    ; 0.000        ; 10.000     ; 10.000     ;
; -4.000 ; md11_low  ; store      ; md11_low     ; md10_low    ; 0.000        ; 10.000     ; 10.000     ;
; -4.000 ; md11_low  ; color      ; md11_low     ; md10_low    ; 0.000        ; 10.000     ; 10.000     ;
; -4.000 ; md11_low  ; chan       ; md11_low     ; md10_low    ; 0.000        ; 10.000     ; 10.000     ;
; -4.000 ; md11_low  ; int_en     ; md11_low     ; md10_low    ; 0.000        ; 10.000     ; 10.000     ;
; -4.000 ; md11_low  ; erase      ; md11_low     ; md10_low    ; 0.000        ; 10.000     ; 10.000     ;
; -3.500 ; md10_low  ; write_thru ; md10_low     ; md10_low    ; -0.500       ; 10.000     ; 10.000     ;
; -3.500 ; md10_low  ; store      ; md10_low     ; md10_low    ; -0.500       ; 10.000     ; 10.000     ;
; -3.500 ; md10_low  ; color      ; md10_low     ; md10_low    ; -0.500       ; 10.000     ; 10.000     ;
; -3.500 ; md10_low  ; chan       ; md10_low     ; md10_low    ; -0.500       ; 10.000     ; 10.000     ;
; -3.500 ; md10_low  ; int_en     ; md10_low     ; md10_low    ; -0.500       ; 10.000     ; 10.000     ;
; -3.500 ; md10_low  ; erase      ; md10_low     ; md10_low    ; -0.500       ; 10.000     ; 10.000     ;
; -3.500 ; md9_low   ; write_thru ; md9_low      ; md10_low    ; -0.500       ; 10.000     ; 10.000     ;
; -3.500 ; md9_low   ; store      ; md9_low      ; md10_low    ; -0.500       ; 10.000     ; 10.000     ;
; -3.500 ; md9_low   ; color      ; md9_low      ; md10_low    ; -0.500       ; 10.000     ; 10.000     ;
; -3.500 ; md9_low   ; chan       ; md9_low      ; md10_low    ; -0.500       ; 10.000     ; 10.000     ;
; -3.500 ; md9_low   ; int_en     ; md9_low      ; md10_low    ; -0.500       ; 10.000     ; 10.000     ;
; -3.500 ; md9_low   ; erase      ; md9_low      ; md10_low    ; -0.500       ; 10.000     ; 10.000     ;
; -3.500 ; pause_low ; write_thru ; pause_low    ; md10_low    ; -0.500       ; 10.000     ; 10.000     ;
; -3.500 ; pause_low ; store      ; pause_low    ; md10_low    ; -0.500       ; 10.000     ; 10.000     ;
; -3.500 ; pause_low ; color      ; pause_low    ; md10_low    ; -0.500       ; 10.000     ; 10.000     ;
; -3.500 ; pause_low ; chan       ; pause_low    ; md10_low    ; -0.500       ; 10.000     ; 10.000     ;
; -3.500 ; pause_low ; int_en     ; pause_low    ; md10_low    ; -0.500       ; 10.000     ; 10.000     ;
; -3.500 ; pause_low ; erase      ; pause_low    ; md10_low    ; -0.500       ; 10.000     ; 10.000     ;
; -3.500 ; md7_low   ; write_thru ; md7_low      ; md10_low    ; -0.500       ; 10.000     ; 10.000     ;
; -3.500 ; md7_low   ; store      ; md7_low      ; md10_low    ; -0.500       ; 10.000     ; 10.000     ;
; -3.500 ; md7_low   ; color      ; md7_low      ; md10_low    ; -0.500       ; 10.000     ; 10.000     ;
; -3.500 ; md7_low   ; chan       ; md7_low      ; md10_low    ; -0.500       ; 10.000     ; 10.000     ;
; -3.500 ; md7_low   ; int_en     ; md7_low      ; md10_low    ; -0.500       ; 10.000     ; 10.000     ;
; -3.500 ; md7_low   ; erase      ; md7_low      ; md10_low    ; -0.500       ; 10.000     ; 10.000     ;
; -3.500 ; md6_low   ; write_thru ; md6_low      ; md10_low    ; -0.500       ; 10.000     ; 10.000     ;
; -3.500 ; md6_low   ; store      ; md6_low      ; md10_low    ; -0.500       ; 10.000     ; 10.000     ;
; -3.500 ; md6_low   ; color      ; md6_low      ; md10_low    ; -0.500       ; 10.000     ; 10.000     ;
; -3.500 ; md6_low   ; chan       ; md6_low      ; md10_low    ; -0.500       ; 10.000     ; 10.000     ;
; -3.500 ; md6_low   ; int_en     ; md6_low      ; md10_low    ; -0.500       ; 10.000     ; 10.000     ;
; -3.500 ; md6_low   ; erase      ; md6_low      ; md10_low    ; -0.500       ; 10.000     ; 10.000     ;
; -3.500 ; md4_low   ; write_thru ; md4_low      ; md10_low    ; -0.500       ; 10.000     ; 10.000     ;
; -3.500 ; md4_low   ; store      ; md4_low      ; md10_low    ; -0.500       ; 10.000     ; 10.000     ;
; -3.500 ; md4_low   ; color      ; md4_low      ; md10_low    ; -0.500       ; 10.000     ; 10.000     ;
; -3.500 ; md4_low   ; chan       ; md4_low      ; md10_low    ; -0.500       ; 10.000     ; 10.000     ;
; -3.500 ; md4_low   ; int_en     ; md4_low      ; md10_low    ; -0.500       ; 10.000     ; 10.000     ;
; -3.500 ; md4_low   ; erase      ; md4_low      ; md10_low    ; -0.500       ; 10.000     ; 10.000     ;
; -3.500 ; md3_low   ; write_thru ; md3_low      ; md10_low    ; -0.500       ; 10.000     ; 10.000     ;
; -3.500 ; md3_low   ; store      ; md3_low      ; md10_low    ; -0.500       ; 10.000     ; 10.000     ;
; -3.500 ; md3_low   ; color      ; md3_low      ; md10_low    ; -0.500       ; 10.000     ; 10.000     ;
; -3.500 ; md3_low   ; chan       ; md3_low      ; md10_low    ; -0.500       ; 10.000     ; 10.000     ;
+--------+-----------+------------+--------------+-------------+--------------+------------+------------+


+-------------------------------------------------------------------------------------------------------+
; Hold: 'md11_low'                                                                                      ;
+--------+-----------+------------+--------------+-------------+--------------+------------+------------+
; Slack  ; From Node ; To Node    ; Launch Clock ; Latch Clock ; Relationship ; Clock Skew ; Data Delay ;
+--------+-----------+------------+--------------+-------------+--------------+------------+------------+
; -4.000 ; md10_low  ; write_thru ; md10_low     ; md11_low    ; 0.000        ; 10.000     ; 10.000     ;
; -4.000 ; md10_low  ; store      ; md10_low     ; md11_low    ; 0.000        ; 10.000     ; 10.000     ;
; -4.000 ; md10_low  ; color      ; md10_low     ; md11_low    ; 0.000        ; 10.000     ; 10.000     ;
; -4.000 ; md10_low  ; chan       ; md10_low     ; md11_low    ; 0.000        ; 10.000     ; 10.000     ;
; -4.000 ; md10_low  ; int_en     ; md10_low     ; md11_low    ; 0.000        ; 10.000     ; 10.000     ;
; -4.000 ; md10_low  ; erase      ; md10_low     ; md11_low    ; 0.000        ; 10.000     ; 10.000     ;
; -4.000 ; md9_low   ; write_thru ; md9_low      ; md11_low    ; 0.000        ; 10.000     ; 10.000     ;
; -4.000 ; md9_low   ; store      ; md9_low      ; md11_low    ; 0.000        ; 10.000     ; 10.000     ;
; -4.000 ; md9_low   ; color      ; md9_low      ; md11_low    ; 0.000        ; 10.000     ; 10.000     ;
; -4.000 ; md9_low   ; chan       ; md9_low      ; md11_low    ; 0.000        ; 10.000     ; 10.000     ;
; -4.000 ; md9_low   ; int_en     ; md9_low      ; md11_low    ; 0.000        ; 10.000     ; 10.000     ;
; -4.000 ; md9_low   ; erase      ; md9_low      ; md11_low    ; 0.000        ; 10.000     ; 10.000     ;
; -4.000 ; pause_low ; write_thru ; pause_low    ; md11_low    ; 0.000        ; 10.000     ; 10.000     ;
; -4.000 ; pause_low ; store      ; pause_low    ; md11_low    ; 0.000        ; 10.000     ; 10.000     ;
; -4.000 ; pause_low ; color      ; pause_low    ; md11_low    ; 0.000        ; 10.000     ; 10.000     ;
; -4.000 ; pause_low ; chan       ; pause_low    ; md11_low    ; 0.000        ; 10.000     ; 10.000     ;
; -4.000 ; pause_low ; int_en     ; pause_low    ; md11_low    ; 0.000        ; 10.000     ; 10.000     ;
; -4.000 ; pause_low ; erase      ; pause_low    ; md11_low    ; 0.000        ; 10.000     ; 10.000     ;
; -4.000 ; md7_low   ; write_thru ; md7_low      ; md11_low    ; 0.000        ; 10.000     ; 10.000     ;
; -4.000 ; md7_low   ; store      ; md7_low      ; md11_low    ; 0.000        ; 10.000     ; 10.000     ;
; -4.000 ; md7_low   ; color      ; md7_low      ; md11_low    ; 0.000        ; 10.000     ; 10.000     ;
; -4.000 ; md7_low   ; chan       ; md7_low      ; md11_low    ; 0.000        ; 10.000     ; 10.000     ;
; -4.000 ; md7_low   ; int_en     ; md7_low      ; md11_low    ; 0.000        ; 10.000     ; 10.000     ;
; -4.000 ; md7_low   ; erase      ; md7_low      ; md11_low    ; 0.000        ; 10.000     ; 10.000     ;
; -4.000 ; md6_low   ; write_thru ; md6_low      ; md11_low    ; 0.000        ; 10.000     ; 10.000     ;
; -4.000 ; md6_low   ; store      ; md6_low      ; md11_low    ; 0.000        ; 10.000     ; 10.000     ;
; -4.000 ; md6_low   ; color      ; md6_low      ; md11_low    ; 0.000        ; 10.000     ; 10.000     ;
; -4.000 ; md6_low   ; chan       ; md6_low      ; md11_low    ; 0.000        ; 10.000     ; 10.000     ;
; -4.000 ; md6_low   ; int_en     ; md6_low      ; md11_low    ; 0.000        ; 10.000     ; 10.000     ;
; -4.000 ; md6_low   ; erase      ; md6_low      ; md11_low    ; 0.000        ; 10.000     ; 10.000     ;
; -4.000 ; md4_low   ; write_thru ; md4_low      ; md11_low    ; 0.000        ; 10.000     ; 10.000     ;
; -4.000 ; md4_low   ; store      ; md4_low      ; md11_low    ; 0.000        ; 10.000     ; 10.000     ;
; -4.000 ; md4_low   ; color      ; md4_low      ; md11_low    ; 0.000        ; 10.000     ; 10.000     ;
; -4.000 ; md4_low   ; chan       ; md4_low      ; md11_low    ; 0.000        ; 10.000     ; 10.000     ;
; -4.000 ; md4_low   ; int_en     ; md4_low      ; md11_low    ; 0.000        ; 10.000     ; 10.000     ;
; -4.000 ; md4_low   ; erase      ; md4_low      ; md11_low    ; 0.000        ; 10.000     ; 10.000     ;
; -4.000 ; md3_low   ; write_thru ; md3_low      ; md11_low    ; 0.000        ; 10.000     ; 10.000     ;
; -4.000 ; md3_low   ; store      ; md3_low      ; md11_low    ; 0.000        ; 10.000     ; 10.000     ;
; -4.000 ; md3_low   ; color      ; md3_low      ; md11_low    ; 0.000        ; 10.000     ; 10.000     ;
; -4.000 ; md3_low   ; chan       ; md3_low      ; md11_low    ; 0.000        ; 10.000     ; 10.000     ;
; -4.000 ; md3_low   ; int_en     ; md3_low      ; md11_low    ; 0.000        ; 10.000     ; 10.000     ;
; -4.000 ; md3_low   ; erase      ; md3_low      ; md11_low    ; 0.000        ; 10.000     ; 10.000     ;
; -4.000 ; md8_low   ; write_thru ; md8_low      ; md11_low    ; 0.000        ; 10.000     ; 10.000     ;
; -4.000 ; md8_low   ; store      ; md8_low      ; md11_low    ; 0.000        ; 10.000     ; 10.000     ;
; -4.000 ; md8_low   ; color      ; md8_low      ; md11_low    ; 0.000        ; 10.000     ; 10.000     ;
; -4.000 ; md8_low   ; chan       ; md8_low      ; md11_low    ; 0.000        ; 10.000     ; 10.000     ;
; -4.000 ; md8_low   ; int_en     ; md8_low      ; md11_low    ; 0.000        ; 10.000     ; 10.000     ;
; -4.000 ; md8_low   ; erase      ; md8_low      ; md11_low    ; 0.000        ; 10.000     ; 10.000     ;
; -4.000 ; md5_low   ; write_thru ; md5_low      ; md11_low    ; 0.000        ; 10.000     ; 10.000     ;
; -4.000 ; md5_low   ; store      ; md5_low      ; md11_low    ; 0.000        ; 10.000     ; 10.000     ;
; -4.000 ; md5_low   ; color      ; md5_low      ; md11_low    ; 0.000        ; 10.000     ; 10.000     ;
; -4.000 ; md5_low   ; chan       ; md5_low      ; md11_low    ; 0.000        ; 10.000     ; 10.000     ;
; -4.000 ; md5_low   ; int_en     ; md5_low      ; md11_low    ; 0.000        ; 10.000     ; 10.000     ;
; -4.000 ; md5_low   ; erase      ; md5_low      ; md11_low    ; 0.000        ; 10.000     ; 10.000     ;
; -4.000 ; md11_low  ; write_thru ; md11_low     ; md11_low    ; 0.000        ; 10.000     ; 10.000     ;
; -4.000 ; md11_low  ; store      ; md11_low     ; md11_low    ; 0.000        ; 10.000     ; 10.000     ;
; -4.000 ; md11_low  ; color      ; md11_low     ; md11_low    ; 0.000        ; 10.000     ; 10.000     ;
; -4.000 ; md11_low  ; chan       ; md11_low     ; md11_low    ; 0.000        ; 10.000     ; 10.000     ;
; -4.000 ; md11_low  ; int_en     ; md11_low     ; md11_low    ; 0.000        ; 10.000     ; 10.000     ;
; -4.000 ; md11_low  ; erase      ; md11_low     ; md11_low    ; 0.000        ; 10.000     ; 10.000     ;
; -3.500 ; md10_low  ; write_thru ; md10_low     ; md11_low    ; -0.500       ; 10.000     ; 10.000     ;
; -3.500 ; md10_low  ; store      ; md10_low     ; md11_low    ; -0.500       ; 10.000     ; 10.000     ;
; -3.500 ; md10_low  ; color      ; md10_low     ; md11_low    ; -0.500       ; 10.000     ; 10.000     ;
; -3.500 ; md10_low  ; chan       ; md10_low     ; md11_low    ; -0.500       ; 10.000     ; 10.000     ;
; -3.500 ; md10_low  ; int_en     ; md10_low     ; md11_low    ; -0.500       ; 10.000     ; 10.000     ;
; -3.500 ; md10_low  ; erase      ; md10_low     ; md11_low    ; -0.500       ; 10.000     ; 10.000     ;
; -3.500 ; md9_low   ; write_thru ; md9_low      ; md11_low    ; -0.500       ; 10.000     ; 10.000     ;
; -3.500 ; md9_low   ; store      ; md9_low      ; md11_low    ; -0.500       ; 10.000     ; 10.000     ;
; -3.500 ; md9_low   ; color      ; md9_low      ; md11_low    ; -0.500       ; 10.000     ; 10.000     ;
; -3.500 ; md9_low   ; chan       ; md9_low      ; md11_low    ; -0.500       ; 10.000     ; 10.000     ;
; -3.500 ; md9_low   ; int_en     ; md9_low      ; md11_low    ; -0.500       ; 10.000     ; 10.000     ;
; -3.500 ; md9_low   ; erase      ; md9_low      ; md11_low    ; -0.500       ; 10.000     ; 10.000     ;
; -3.500 ; pause_low ; write_thru ; pause_low    ; md11_low    ; -0.500       ; 10.000     ; 10.000     ;
; -3.500 ; pause_low ; store      ; pause_low    ; md11_low    ; -0.500       ; 10.000     ; 10.000     ;
; -3.500 ; pause_low ; color      ; pause_low    ; md11_low    ; -0.500       ; 10.000     ; 10.000     ;
; -3.500 ; pause_low ; chan       ; pause_low    ; md11_low    ; -0.500       ; 10.000     ; 10.000     ;
; -3.500 ; pause_low ; int_en     ; pause_low    ; md11_low    ; -0.500       ; 10.000     ; 10.000     ;
; -3.500 ; pause_low ; erase      ; pause_low    ; md11_low    ; -0.500       ; 10.000     ; 10.000     ;
; -3.500 ; md7_low   ; write_thru ; md7_low      ; md11_low    ; -0.500       ; 10.000     ; 10.000     ;
; -3.500 ; md7_low   ; store      ; md7_low      ; md11_low    ; -0.500       ; 10.000     ; 10.000     ;
; -3.500 ; md7_low   ; color      ; md7_low      ; md11_low    ; -0.500       ; 10.000     ; 10.000     ;
; -3.500 ; md7_low   ; chan       ; md7_low      ; md11_low    ; -0.500       ; 10.000     ; 10.000     ;
; -3.500 ; md7_low   ; int_en     ; md7_low      ; md11_low    ; -0.500       ; 10.000     ; 10.000     ;
; -3.500 ; md7_low   ; erase      ; md7_low      ; md11_low    ; -0.500       ; 10.000     ; 10.000     ;
; -3.500 ; md6_low   ; write_thru ; md6_low      ; md11_low    ; -0.500       ; 10.000     ; 10.000     ;
; -3.500 ; md6_low   ; store      ; md6_low      ; md11_low    ; -0.500       ; 10.000     ; 10.000     ;
; -3.500 ; md6_low   ; color      ; md6_low      ; md11_low    ; -0.500       ; 10.000     ; 10.000     ;
; -3.500 ; md6_low   ; chan       ; md6_low      ; md11_low    ; -0.500       ; 10.000     ; 10.000     ;
; -3.500 ; md6_low   ; int_en     ; md6_low      ; md11_low    ; -0.500       ; 10.000     ; 10.000     ;
; -3.500 ; md6_low   ; erase      ; md6_low      ; md11_low    ; -0.500       ; 10.000     ; 10.000     ;
; -3.500 ; md4_low   ; write_thru ; md4_low      ; md11_low    ; -0.500       ; 10.000     ; 10.000     ;
; -3.500 ; md4_low   ; store      ; md4_low      ; md11_low    ; -0.500       ; 10.000     ; 10.000     ;
; -3.500 ; md4_low   ; color      ; md4_low      ; md11_low    ; -0.500       ; 10.000     ; 10.000     ;
; -3.500 ; md4_low   ; chan       ; md4_low      ; md11_low    ; -0.500       ; 10.000     ; 10.000     ;
; -3.500 ; md4_low   ; int_en     ; md4_low      ; md11_low    ; -0.500       ; 10.000     ; 10.000     ;
; -3.500 ; md4_low   ; erase      ; md4_low      ; md11_low    ; -0.500       ; 10.000     ; 10.000     ;
; -3.500 ; md3_low   ; write_thru ; md3_low      ; md11_low    ; -0.500       ; 10.000     ; 10.000     ;
; -3.500 ; md3_low   ; store      ; md3_low      ; md11_low    ; -0.500       ; 10.000     ; 10.000     ;
; -3.500 ; md3_low   ; color      ; md3_low      ; md11_low    ; -0.500       ; 10.000     ; 10.000     ;
; -3.500 ; md3_low   ; chan       ; md3_low      ; md11_low    ; -0.500       ; 10.000     ; 10.000     ;
+--------+-----------+------------+--------------+-------------+--------------+------------+------------+


+-------------------------------------------------------------------------------------------------------+
; Hold: 'md3_low'                                                                                       ;
+--------+-----------+------------+--------------+-------------+--------------+------------+------------+
; Slack  ; From Node ; To Node    ; Launch Clock ; Latch Clock ; Relationship ; Clock Skew ; Data Delay ;
+--------+-----------+------------+--------------+-------------+--------------+------------+------------+
; -4.000 ; md10_low  ; write_thru ; md10_low     ; md3_low     ; 0.000        ; 10.000     ; 10.000     ;
; -4.000 ; md10_low  ; store      ; md10_low     ; md3_low     ; 0.000        ; 10.000     ; 10.000     ;
; -4.000 ; md10_low  ; color      ; md10_low     ; md3_low     ; 0.000        ; 10.000     ; 10.000     ;
; -4.000 ; md10_low  ; chan       ; md10_low     ; md3_low     ; 0.000        ; 10.000     ; 10.000     ;
; -4.000 ; md10_low  ; int_en     ; md10_low     ; md3_low     ; 0.000        ; 10.000     ; 10.000     ;
; -4.000 ; md10_low  ; erase      ; md10_low     ; md3_low     ; 0.000        ; 10.000     ; 10.000     ;
; -4.000 ; md9_low   ; write_thru ; md9_low      ; md3_low     ; 0.000        ; 10.000     ; 10.000     ;
; -4.000 ; md9_low   ; store      ; md9_low      ; md3_low     ; 0.000        ; 10.000     ; 10.000     ;
; -4.000 ; md9_low   ; color      ; md9_low      ; md3_low     ; 0.000        ; 10.000     ; 10.000     ;
; -4.000 ; md9_low   ; chan       ; md9_low      ; md3_low     ; 0.000        ; 10.000     ; 10.000     ;
; -4.000 ; md9_low   ; int_en     ; md9_low      ; md3_low     ; 0.000        ; 10.000     ; 10.000     ;
; -4.000 ; md9_low   ; erase      ; md9_low      ; md3_low     ; 0.000        ; 10.000     ; 10.000     ;
; -4.000 ; pause_low ; write_thru ; pause_low    ; md3_low     ; 0.000        ; 10.000     ; 10.000     ;
; -4.000 ; pause_low ; store      ; pause_low    ; md3_low     ; 0.000        ; 10.000     ; 10.000     ;
; -4.000 ; pause_low ; color      ; pause_low    ; md3_low     ; 0.000        ; 10.000     ; 10.000     ;
; -4.000 ; pause_low ; chan       ; pause_low    ; md3_low     ; 0.000        ; 10.000     ; 10.000     ;
; -4.000 ; pause_low ; int_en     ; pause_low    ; md3_low     ; 0.000        ; 10.000     ; 10.000     ;
; -4.000 ; pause_low ; erase      ; pause_low    ; md3_low     ; 0.000        ; 10.000     ; 10.000     ;
; -4.000 ; md7_low   ; write_thru ; md7_low      ; md3_low     ; 0.000        ; 10.000     ; 10.000     ;
; -4.000 ; md7_low   ; store      ; md7_low      ; md3_low     ; 0.000        ; 10.000     ; 10.000     ;
; -4.000 ; md7_low   ; color      ; md7_low      ; md3_low     ; 0.000        ; 10.000     ; 10.000     ;
; -4.000 ; md7_low   ; chan       ; md7_low      ; md3_low     ; 0.000        ; 10.000     ; 10.000     ;
; -4.000 ; md7_low   ; int_en     ; md7_low      ; md3_low     ; 0.000        ; 10.000     ; 10.000     ;
; -4.000 ; md7_low   ; erase      ; md7_low      ; md3_low     ; 0.000        ; 10.000     ; 10.000     ;
; -4.000 ; md6_low   ; write_thru ; md6_low      ; md3_low     ; 0.000        ; 10.000     ; 10.000     ;
; -4.000 ; md6_low   ; store      ; md6_low      ; md3_low     ; 0.000        ; 10.000     ; 10.000     ;
; -4.000 ; md6_low   ; color      ; md6_low      ; md3_low     ; 0.000        ; 10.000     ; 10.000     ;
; -4.000 ; md6_low   ; chan       ; md6_low      ; md3_low     ; 0.000        ; 10.000     ; 10.000     ;
; -4.000 ; md6_low   ; int_en     ; md6_low      ; md3_low     ; 0.000        ; 10.000     ; 10.000     ;
; -4.000 ; md6_low   ; erase      ; md6_low      ; md3_low     ; 0.000        ; 10.000     ; 10.000     ;
; -4.000 ; md4_low   ; write_thru ; md4_low      ; md3_low     ; 0.000        ; 10.000     ; 10.000     ;
; -4.000 ; md4_low   ; store      ; md4_low      ; md3_low     ; 0.000        ; 10.000     ; 10.000     ;
; -4.000 ; md4_low   ; color      ; md4_low      ; md3_low     ; 0.000        ; 10.000     ; 10.000     ;
; -4.000 ; md4_low   ; chan       ; md4_low      ; md3_low     ; 0.000        ; 10.000     ; 10.000     ;
; -4.000 ; md4_low   ; int_en     ; md4_low      ; md3_low     ; 0.000        ; 10.000     ; 10.000     ;
; -4.000 ; md4_low   ; erase      ; md4_low      ; md3_low     ; 0.000        ; 10.000     ; 10.000     ;
; -4.000 ; md3_low   ; write_thru ; md3_low      ; md3_low     ; 0.000        ; 10.000     ; 10.000     ;
; -4.000 ; md3_low   ; store      ; md3_low      ; md3_low     ; 0.000        ; 10.000     ; 10.000     ;
; -4.000 ; md3_low   ; color      ; md3_low      ; md3_low     ; 0.000        ; 10.000     ; 10.000     ;
; -4.000 ; md3_low   ; chan       ; md3_low      ; md3_low     ; 0.000        ; 10.000     ; 10.000     ;
; -4.000 ; md3_low   ; int_en     ; md3_low      ; md3_low     ; 0.000        ; 10.000     ; 10.000     ;
; -4.000 ; md3_low   ; erase      ; md3_low      ; md3_low     ; 0.000        ; 10.000     ; 10.000     ;
; -4.000 ; md8_low   ; write_thru ; md8_low      ; md3_low     ; 0.000        ; 10.000     ; 10.000     ;
; -4.000 ; md8_low   ; store      ; md8_low      ; md3_low     ; 0.000        ; 10.000     ; 10.000     ;
; -4.000 ; md8_low   ; color      ; md8_low      ; md3_low     ; 0.000        ; 10.000     ; 10.000     ;
; -4.000 ; md8_low   ; chan       ; md8_low      ; md3_low     ; 0.000        ; 10.000     ; 10.000     ;
; -4.000 ; md8_low   ; int_en     ; md8_low      ; md3_low     ; 0.000        ; 10.000     ; 10.000     ;
; -4.000 ; md8_low   ; erase      ; md8_low      ; md3_low     ; 0.000        ; 10.000     ; 10.000     ;
; -4.000 ; md5_low   ; write_thru ; md5_low      ; md3_low     ; 0.000        ; 10.000     ; 10.000     ;
; -4.000 ; md5_low   ; store      ; md5_low      ; md3_low     ; 0.000        ; 10.000     ; 10.000     ;
; -4.000 ; md5_low   ; color      ; md5_low      ; md3_low     ; 0.000        ; 10.000     ; 10.000     ;
; -4.000 ; md5_low   ; chan       ; md5_low      ; md3_low     ; 0.000        ; 10.000     ; 10.000     ;
; -4.000 ; md5_low   ; int_en     ; md5_low      ; md3_low     ; 0.000        ; 10.000     ; 10.000     ;
; -4.000 ; md5_low   ; erase      ; md5_low      ; md3_low     ; 0.000        ; 10.000     ; 10.000     ;
; -4.000 ; md11_low  ; write_thru ; md11_low     ; md3_low     ; 0.000        ; 10.000     ; 10.000     ;
; -4.000 ; md11_low  ; store      ; md11_low     ; md3_low     ; 0.000        ; 10.000     ; 10.000     ;
; -4.000 ; md11_low  ; color      ; md11_low     ; md3_low     ; 0.000        ; 10.000     ; 10.000     ;
; -4.000 ; md11_low  ; chan       ; md11_low     ; md3_low     ; 0.000        ; 10.000     ; 10.000     ;
; -4.000 ; md11_low  ; int_en     ; md11_low     ; md3_low     ; 0.000        ; 10.000     ; 10.000     ;
; -4.000 ; md11_low  ; erase      ; md11_low     ; md3_low     ; 0.000        ; 10.000     ; 10.000     ;
; -3.500 ; md10_low  ; write_thru ; md10_low     ; md3_low     ; -0.500       ; 10.000     ; 10.000     ;
; -3.500 ; md10_low  ; store      ; md10_low     ; md3_low     ; -0.500       ; 10.000     ; 10.000     ;
; -3.500 ; md10_low  ; color      ; md10_low     ; md3_low     ; -0.500       ; 10.000     ; 10.000     ;
; -3.500 ; md10_low  ; chan       ; md10_low     ; md3_low     ; -0.500       ; 10.000     ; 10.000     ;
; -3.500 ; md10_low  ; int_en     ; md10_low     ; md3_low     ; -0.500       ; 10.000     ; 10.000     ;
; -3.500 ; md10_low  ; erase      ; md10_low     ; md3_low     ; -0.500       ; 10.000     ; 10.000     ;
; -3.500 ; md9_low   ; write_thru ; md9_low      ; md3_low     ; -0.500       ; 10.000     ; 10.000     ;
; -3.500 ; md9_low   ; store      ; md9_low      ; md3_low     ; -0.500       ; 10.000     ; 10.000     ;
; -3.500 ; md9_low   ; color      ; md9_low      ; md3_low     ; -0.500       ; 10.000     ; 10.000     ;
; -3.500 ; md9_low   ; chan       ; md9_low      ; md3_low     ; -0.500       ; 10.000     ; 10.000     ;
; -3.500 ; md9_low   ; int_en     ; md9_low      ; md3_low     ; -0.500       ; 10.000     ; 10.000     ;
; -3.500 ; md9_low   ; erase      ; md9_low      ; md3_low     ; -0.500       ; 10.000     ; 10.000     ;
; -3.500 ; pause_low ; write_thru ; pause_low    ; md3_low     ; -0.500       ; 10.000     ; 10.000     ;
; -3.500 ; pause_low ; store      ; pause_low    ; md3_low     ; -0.500       ; 10.000     ; 10.000     ;
; -3.500 ; pause_low ; color      ; pause_low    ; md3_low     ; -0.500       ; 10.000     ; 10.000     ;
; -3.500 ; pause_low ; chan       ; pause_low    ; md3_low     ; -0.500       ; 10.000     ; 10.000     ;
; -3.500 ; pause_low ; int_en     ; pause_low    ; md3_low     ; -0.500       ; 10.000     ; 10.000     ;
; -3.500 ; pause_low ; erase      ; pause_low    ; md3_low     ; -0.500       ; 10.000     ; 10.000     ;
; -3.500 ; md7_low   ; write_thru ; md7_low      ; md3_low     ; -0.500       ; 10.000     ; 10.000     ;
; -3.500 ; md7_low   ; store      ; md7_low      ; md3_low     ; -0.500       ; 10.000     ; 10.000     ;
; -3.500 ; md7_low   ; color      ; md7_low      ; md3_low     ; -0.500       ; 10.000     ; 10.000     ;
; -3.500 ; md7_low   ; chan       ; md7_low      ; md3_low     ; -0.500       ; 10.000     ; 10.000     ;
; -3.500 ; md7_low   ; int_en     ; md7_low      ; md3_low     ; -0.500       ; 10.000     ; 10.000     ;
; -3.500 ; md7_low   ; erase      ; md7_low      ; md3_low     ; -0.500       ; 10.000     ; 10.000     ;
; -3.500 ; md6_low   ; write_thru ; md6_low      ; md3_low     ; -0.500       ; 10.000     ; 10.000     ;
; -3.500 ; md6_low   ; store      ; md6_low      ; md3_low     ; -0.500       ; 10.000     ; 10.000     ;
; -3.500 ; md6_low   ; color      ; md6_low      ; md3_low     ; -0.500       ; 10.000     ; 10.000     ;
; -3.500 ; md6_low   ; chan       ; md6_low      ; md3_low     ; -0.500       ; 10.000     ; 10.000     ;
; -3.500 ; md6_low   ; int_en     ; md6_low      ; md3_low     ; -0.500       ; 10.000     ; 10.000     ;
; -3.500 ; md6_low   ; erase      ; md6_low      ; md3_low     ; -0.500       ; 10.000     ; 10.000     ;
; -3.500 ; md4_low   ; write_thru ; md4_low      ; md3_low     ; -0.500       ; 10.000     ; 10.000     ;
; -3.500 ; md4_low   ; store      ; md4_low      ; md3_low     ; -0.500       ; 10.000     ; 10.000     ;
; -3.500 ; md4_low   ; color      ; md4_low      ; md3_low     ; -0.500       ; 10.000     ; 10.000     ;
; -3.500 ; md4_low   ; chan       ; md4_low      ; md3_low     ; -0.500       ; 10.000     ; 10.000     ;
; -3.500 ; md4_low   ; int_en     ; md4_low      ; md3_low     ; -0.500       ; 10.000     ; 10.000     ;
; -3.500 ; md4_low   ; erase      ; md4_low      ; md3_low     ; -0.500       ; 10.000     ; 10.000     ;
; -3.500 ; md3_low   ; write_thru ; md3_low      ; md3_low     ; -0.500       ; 10.000     ; 10.000     ;
; -3.500 ; md3_low   ; store      ; md3_low      ; md3_low     ; -0.500       ; 10.000     ; 10.000     ;
; -3.500 ; md3_low   ; color      ; md3_low      ; md3_low     ; -0.500       ; 10.000     ; 10.000     ;
; -3.500 ; md3_low   ; chan       ; md3_low      ; md3_low     ; -0.500       ; 10.000     ; 10.000     ;
+--------+-----------+------------+--------------+-------------+--------------+------------+------------+


+-------------------------------------------------------------------------------------------------------+
; Hold: 'md4_low'                                                                                       ;
+--------+-----------+------------+--------------+-------------+--------------+------------+------------+
; Slack  ; From Node ; To Node    ; Launch Clock ; Latch Clock ; Relationship ; Clock Skew ; Data Delay ;
+--------+-----------+------------+--------------+-------------+--------------+------------+------------+
; -4.000 ; md10_low  ; write_thru ; md10_low     ; md4_low     ; 0.000        ; 10.000     ; 10.000     ;
; -4.000 ; md10_low  ; store      ; md10_low     ; md4_low     ; 0.000        ; 10.000     ; 10.000     ;
; -4.000 ; md10_low  ; color      ; md10_low     ; md4_low     ; 0.000        ; 10.000     ; 10.000     ;
; -4.000 ; md10_low  ; chan       ; md10_low     ; md4_low     ; 0.000        ; 10.000     ; 10.000     ;
; -4.000 ; md10_low  ; int_en     ; md10_low     ; md4_low     ; 0.000        ; 10.000     ; 10.000     ;
; -4.000 ; md10_low  ; erase      ; md10_low     ; md4_low     ; 0.000        ; 10.000     ; 10.000     ;
; -4.000 ; md9_low   ; write_thru ; md9_low      ; md4_low     ; 0.000        ; 10.000     ; 10.000     ;
; -4.000 ; md9_low   ; store      ; md9_low      ; md4_low     ; 0.000        ; 10.000     ; 10.000     ;
; -4.000 ; md9_low   ; color      ; md9_low      ; md4_low     ; 0.000        ; 10.000     ; 10.000     ;
; -4.000 ; md9_low   ; chan       ; md9_low      ; md4_low     ; 0.000        ; 10.000     ; 10.000     ;
; -4.000 ; md9_low   ; int_en     ; md9_low      ; md4_low     ; 0.000        ; 10.000     ; 10.000     ;
; -4.000 ; md9_low   ; erase      ; md9_low      ; md4_low     ; 0.000        ; 10.000     ; 10.000     ;
; -4.000 ; pause_low ; write_thru ; pause_low    ; md4_low     ; 0.000        ; 10.000     ; 10.000     ;
; -4.000 ; pause_low ; store      ; pause_low    ; md4_low     ; 0.000        ; 10.000     ; 10.000     ;
; -4.000 ; pause_low ; color      ; pause_low    ; md4_low     ; 0.000        ; 10.000     ; 10.000     ;
; -4.000 ; pause_low ; chan       ; pause_low    ; md4_low     ; 0.000        ; 10.000     ; 10.000     ;
; -4.000 ; pause_low ; int_en     ; pause_low    ; md4_low     ; 0.000        ; 10.000     ; 10.000     ;
; -4.000 ; pause_low ; erase      ; pause_low    ; md4_low     ; 0.000        ; 10.000     ; 10.000     ;
; -4.000 ; md7_low   ; write_thru ; md7_low      ; md4_low     ; 0.000        ; 10.000     ; 10.000     ;
; -4.000 ; md7_low   ; store      ; md7_low      ; md4_low     ; 0.000        ; 10.000     ; 10.000     ;
; -4.000 ; md7_low   ; color      ; md7_low      ; md4_low     ; 0.000        ; 10.000     ; 10.000     ;
; -4.000 ; md7_low   ; chan       ; md7_low      ; md4_low     ; 0.000        ; 10.000     ; 10.000     ;
; -4.000 ; md7_low   ; int_en     ; md7_low      ; md4_low     ; 0.000        ; 10.000     ; 10.000     ;
; -4.000 ; md7_low   ; erase      ; md7_low      ; md4_low     ; 0.000        ; 10.000     ; 10.000     ;
; -4.000 ; md6_low   ; write_thru ; md6_low      ; md4_low     ; 0.000        ; 10.000     ; 10.000     ;
; -4.000 ; md6_low   ; store      ; md6_low      ; md4_low     ; 0.000        ; 10.000     ; 10.000     ;
; -4.000 ; md6_low   ; color      ; md6_low      ; md4_low     ; 0.000        ; 10.000     ; 10.000     ;
; -4.000 ; md6_low   ; chan       ; md6_low      ; md4_low     ; 0.000        ; 10.000     ; 10.000     ;
; -4.000 ; md6_low   ; int_en     ; md6_low      ; md4_low     ; 0.000        ; 10.000     ; 10.000     ;
; -4.000 ; md6_low   ; erase      ; md6_low      ; md4_low     ; 0.000        ; 10.000     ; 10.000     ;
; -4.000 ; md4_low   ; write_thru ; md4_low      ; md4_low     ; 0.000        ; 10.000     ; 10.000     ;
; -4.000 ; md4_low   ; store      ; md4_low      ; md4_low     ; 0.000        ; 10.000     ; 10.000     ;
; -4.000 ; md4_low   ; color      ; md4_low      ; md4_low     ; 0.000        ; 10.000     ; 10.000     ;
; -4.000 ; md4_low   ; chan       ; md4_low      ; md4_low     ; 0.000        ; 10.000     ; 10.000     ;
; -4.000 ; md4_low   ; int_en     ; md4_low      ; md4_low     ; 0.000        ; 10.000     ; 10.000     ;
; -4.000 ; md4_low   ; erase      ; md4_low      ; md4_low     ; 0.000        ; 10.000     ; 10.000     ;
; -4.000 ; md3_low   ; write_thru ; md3_low      ; md4_low     ; 0.000        ; 10.000     ; 10.000     ;
; -4.000 ; md3_low   ; store      ; md3_low      ; md4_low     ; 0.000        ; 10.000     ; 10.000     ;
; -4.000 ; md3_low   ; color      ; md3_low      ; md4_low     ; 0.000        ; 10.000     ; 10.000     ;
; -4.000 ; md3_low   ; chan       ; md3_low      ; md4_low     ; 0.000        ; 10.000     ; 10.000     ;
; -4.000 ; md3_low   ; int_en     ; md3_low      ; md4_low     ; 0.000        ; 10.000     ; 10.000     ;
; -4.000 ; md3_low   ; erase      ; md3_low      ; md4_low     ; 0.000        ; 10.000     ; 10.000     ;
; -4.000 ; md8_low   ; write_thru ; md8_low      ; md4_low     ; 0.000        ; 10.000     ; 10.000     ;
; -4.000 ; md8_low   ; store      ; md8_low      ; md4_low     ; 0.000        ; 10.000     ; 10.000     ;
; -4.000 ; md8_low   ; color      ; md8_low      ; md4_low     ; 0.000        ; 10.000     ; 10.000     ;
; -4.000 ; md8_low   ; chan       ; md8_low      ; md4_low     ; 0.000        ; 10.000     ; 10.000     ;
; -4.000 ; md8_low   ; int_en     ; md8_low      ; md4_low     ; 0.000        ; 10.000     ; 10.000     ;
; -4.000 ; md8_low   ; erase      ; md8_low      ; md4_low     ; 0.000        ; 10.000     ; 10.000     ;
; -4.000 ; md5_low   ; write_thru ; md5_low      ; md4_low     ; 0.000        ; 10.000     ; 10.000     ;
; -4.000 ; md5_low   ; store      ; md5_low      ; md4_low     ; 0.000        ; 10.000     ; 10.000     ;
; -4.000 ; md5_low   ; color      ; md5_low      ; md4_low     ; 0.000        ; 10.000     ; 10.000     ;
; -4.000 ; md5_low   ; chan       ; md5_low      ; md4_low     ; 0.000        ; 10.000     ; 10.000     ;
; -4.000 ; md5_low   ; int_en     ; md5_low      ; md4_low     ; 0.000        ; 10.000     ; 10.000     ;
; -4.000 ; md5_low   ; erase      ; md5_low      ; md4_low     ; 0.000        ; 10.000     ; 10.000     ;
; -4.000 ; md11_low  ; write_thru ; md11_low     ; md4_low     ; 0.000        ; 10.000     ; 10.000     ;
; -4.000 ; md11_low  ; store      ; md11_low     ; md4_low     ; 0.000        ; 10.000     ; 10.000     ;
; -4.000 ; md11_low  ; color      ; md11_low     ; md4_low     ; 0.000        ; 10.000     ; 10.000     ;
; -4.000 ; md11_low  ; chan       ; md11_low     ; md4_low     ; 0.000        ; 10.000     ; 10.000     ;
; -4.000 ; md11_low  ; int_en     ; md11_low     ; md4_low     ; 0.000        ; 10.000     ; 10.000     ;
; -4.000 ; md11_low  ; erase      ; md11_low     ; md4_low     ; 0.000        ; 10.000     ; 10.000     ;
; -3.500 ; md10_low  ; write_thru ; md10_low     ; md4_low     ; -0.500       ; 10.000     ; 10.000     ;
; -3.500 ; md10_low  ; store      ; md10_low     ; md4_low     ; -0.500       ; 10.000     ; 10.000     ;
; -3.500 ; md10_low  ; color      ; md10_low     ; md4_low     ; -0.500       ; 10.000     ; 10.000     ;
; -3.500 ; md10_low  ; chan       ; md10_low     ; md4_low     ; -0.500       ; 10.000     ; 10.000     ;
; -3.500 ; md10_low  ; int_en     ; md10_low     ; md4_low     ; -0.500       ; 10.000     ; 10.000     ;
; -3.500 ; md10_low  ; erase      ; md10_low     ; md4_low     ; -0.500       ; 10.000     ; 10.000     ;
; -3.500 ; md9_low   ; write_thru ; md9_low      ; md4_low     ; -0.500       ; 10.000     ; 10.000     ;
; -3.500 ; md9_low   ; store      ; md9_low      ; md4_low     ; -0.500       ; 10.000     ; 10.000     ;
; -3.500 ; md9_low   ; color      ; md9_low      ; md4_low     ; -0.500       ; 10.000     ; 10.000     ;
; -3.500 ; md9_low   ; chan       ; md9_low      ; md4_low     ; -0.500       ; 10.000     ; 10.000     ;
; -3.500 ; md9_low   ; int_en     ; md9_low      ; md4_low     ; -0.500       ; 10.000     ; 10.000     ;
; -3.500 ; md9_low   ; erase      ; md9_low      ; md4_low     ; -0.500       ; 10.000     ; 10.000     ;
; -3.500 ; pause_low ; write_thru ; pause_low    ; md4_low     ; -0.500       ; 10.000     ; 10.000     ;
; -3.500 ; pause_low ; store      ; pause_low    ; md4_low     ; -0.500       ; 10.000     ; 10.000     ;
; -3.500 ; pause_low ; color      ; pause_low    ; md4_low     ; -0.500       ; 10.000     ; 10.000     ;
; -3.500 ; pause_low ; chan       ; pause_low    ; md4_low     ; -0.500       ; 10.000     ; 10.000     ;
; -3.500 ; pause_low ; int_en     ; pause_low    ; md4_low     ; -0.500       ; 10.000     ; 10.000     ;
; -3.500 ; pause_low ; erase      ; pause_low    ; md4_low     ; -0.500       ; 10.000     ; 10.000     ;
; -3.500 ; md7_low   ; write_thru ; md7_low      ; md4_low     ; -0.500       ; 10.000     ; 10.000     ;
; -3.500 ; md7_low   ; store      ; md7_low      ; md4_low     ; -0.500       ; 10.000     ; 10.000     ;
; -3.500 ; md7_low   ; color      ; md7_low      ; md4_low     ; -0.500       ; 10.000     ; 10.000     ;
; -3.500 ; md7_low   ; chan       ; md7_low      ; md4_low     ; -0.500       ; 10.000     ; 10.000     ;
; -3.500 ; md7_low   ; int_en     ; md7_low      ; md4_low     ; -0.500       ; 10.000     ; 10.000     ;
; -3.500 ; md7_low   ; erase      ; md7_low      ; md4_low     ; -0.500       ; 10.000     ; 10.000     ;
; -3.500 ; md6_low   ; write_thru ; md6_low      ; md4_low     ; -0.500       ; 10.000     ; 10.000     ;
; -3.500 ; md6_low   ; store      ; md6_low      ; md4_low     ; -0.500       ; 10.000     ; 10.000     ;
; -3.500 ; md6_low   ; color      ; md6_low      ; md4_low     ; -0.500       ; 10.000     ; 10.000     ;
; -3.500 ; md6_low   ; chan       ; md6_low      ; md4_low     ; -0.500       ; 10.000     ; 10.000     ;
; -3.500 ; md6_low   ; int_en     ; md6_low      ; md4_low     ; -0.500       ; 10.000     ; 10.000     ;
; -3.500 ; md6_low   ; erase      ; md6_low      ; md4_low     ; -0.500       ; 10.000     ; 10.000     ;
; -3.500 ; md4_low   ; write_thru ; md4_low      ; md4_low     ; -0.500       ; 10.000     ; 10.000     ;
; -3.500 ; md4_low   ; store      ; md4_low      ; md4_low     ; -0.500       ; 10.000     ; 10.000     ;
; -3.500 ; md4_low   ; color      ; md4_low      ; md4_low     ; -0.500       ; 10.000     ; 10.000     ;
; -3.500 ; md4_low   ; chan       ; md4_low      ; md4_low     ; -0.500       ; 10.000     ; 10.000     ;
; -3.500 ; md4_low   ; int_en     ; md4_low      ; md4_low     ; -0.500       ; 10.000     ; 10.000     ;
; -3.500 ; md4_low   ; erase      ; md4_low      ; md4_low     ; -0.500       ; 10.000     ; 10.000     ;
; -3.500 ; md3_low   ; write_thru ; md3_low      ; md4_low     ; -0.500       ; 10.000     ; 10.000     ;
; -3.500 ; md3_low   ; store      ; md3_low      ; md4_low     ; -0.500       ; 10.000     ; 10.000     ;
; -3.500 ; md3_low   ; color      ; md3_low      ; md4_low     ; -0.500       ; 10.000     ; 10.000     ;
; -3.500 ; md3_low   ; chan       ; md3_low      ; md4_low     ; -0.500       ; 10.000     ; 10.000     ;
+--------+-----------+------------+--------------+-------------+--------------+------------+------------+


+-------------------------------------------------------------------------------------------------------+
; Hold: 'md5_low'                                                                                       ;
+--------+-----------+------------+--------------+-------------+--------------+------------+------------+
; Slack  ; From Node ; To Node    ; Launch Clock ; Latch Clock ; Relationship ; Clock Skew ; Data Delay ;
+--------+-----------+------------+--------------+-------------+--------------+------------+------------+
; -4.000 ; md10_low  ; write_thru ; md10_low     ; md5_low     ; 0.000        ; 10.000     ; 10.000     ;
; -4.000 ; md10_low  ; store      ; md10_low     ; md5_low     ; 0.000        ; 10.000     ; 10.000     ;
; -4.000 ; md10_low  ; color      ; md10_low     ; md5_low     ; 0.000        ; 10.000     ; 10.000     ;
; -4.000 ; md10_low  ; chan       ; md10_low     ; md5_low     ; 0.000        ; 10.000     ; 10.000     ;
; -4.000 ; md10_low  ; int_en     ; md10_low     ; md5_low     ; 0.000        ; 10.000     ; 10.000     ;
; -4.000 ; md10_low  ; erase      ; md10_low     ; md5_low     ; 0.000        ; 10.000     ; 10.000     ;
; -4.000 ; md9_low   ; write_thru ; md9_low      ; md5_low     ; 0.000        ; 10.000     ; 10.000     ;
; -4.000 ; md9_low   ; store      ; md9_low      ; md5_low     ; 0.000        ; 10.000     ; 10.000     ;
; -4.000 ; md9_low   ; color      ; md9_low      ; md5_low     ; 0.000        ; 10.000     ; 10.000     ;
; -4.000 ; md9_low   ; chan       ; md9_low      ; md5_low     ; 0.000        ; 10.000     ; 10.000     ;
; -4.000 ; md9_low   ; int_en     ; md9_low      ; md5_low     ; 0.000        ; 10.000     ; 10.000     ;
; -4.000 ; md9_low   ; erase      ; md9_low      ; md5_low     ; 0.000        ; 10.000     ; 10.000     ;
; -4.000 ; pause_low ; write_thru ; pause_low    ; md5_low     ; 0.000        ; 10.000     ; 10.000     ;
; -4.000 ; pause_low ; store      ; pause_low    ; md5_low     ; 0.000        ; 10.000     ; 10.000     ;
; -4.000 ; pause_low ; color      ; pause_low    ; md5_low     ; 0.000        ; 10.000     ; 10.000     ;
; -4.000 ; pause_low ; chan       ; pause_low    ; md5_low     ; 0.000        ; 10.000     ; 10.000     ;
; -4.000 ; pause_low ; int_en     ; pause_low    ; md5_low     ; 0.000        ; 10.000     ; 10.000     ;
; -4.000 ; pause_low ; erase      ; pause_low    ; md5_low     ; 0.000        ; 10.000     ; 10.000     ;
; -4.000 ; md7_low   ; write_thru ; md7_low      ; md5_low     ; 0.000        ; 10.000     ; 10.000     ;
; -4.000 ; md7_low   ; store      ; md7_low      ; md5_low     ; 0.000        ; 10.000     ; 10.000     ;
; -4.000 ; md7_low   ; color      ; md7_low      ; md5_low     ; 0.000        ; 10.000     ; 10.000     ;
; -4.000 ; md7_low   ; chan       ; md7_low      ; md5_low     ; 0.000        ; 10.000     ; 10.000     ;
; -4.000 ; md7_low   ; int_en     ; md7_low      ; md5_low     ; 0.000        ; 10.000     ; 10.000     ;
; -4.000 ; md7_low   ; erase      ; md7_low      ; md5_low     ; 0.000        ; 10.000     ; 10.000     ;
; -4.000 ; md6_low   ; write_thru ; md6_low      ; md5_low     ; 0.000        ; 10.000     ; 10.000     ;
; -4.000 ; md6_low   ; store      ; md6_low      ; md5_low     ; 0.000        ; 10.000     ; 10.000     ;
; -4.000 ; md6_low   ; color      ; md6_low      ; md5_low     ; 0.000        ; 10.000     ; 10.000     ;
; -4.000 ; md6_low   ; chan       ; md6_low      ; md5_low     ; 0.000        ; 10.000     ; 10.000     ;
; -4.000 ; md6_low   ; int_en     ; md6_low      ; md5_low     ; 0.000        ; 10.000     ; 10.000     ;
; -4.000 ; md6_low   ; erase      ; md6_low      ; md5_low     ; 0.000        ; 10.000     ; 10.000     ;
; -4.000 ; md4_low   ; write_thru ; md4_low      ; md5_low     ; 0.000        ; 10.000     ; 10.000     ;
; -4.000 ; md4_low   ; store      ; md4_low      ; md5_low     ; 0.000        ; 10.000     ; 10.000     ;
; -4.000 ; md4_low   ; color      ; md4_low      ; md5_low     ; 0.000        ; 10.000     ; 10.000     ;
; -4.000 ; md4_low   ; chan       ; md4_low      ; md5_low     ; 0.000        ; 10.000     ; 10.000     ;
; -4.000 ; md4_low   ; int_en     ; md4_low      ; md5_low     ; 0.000        ; 10.000     ; 10.000     ;
; -4.000 ; md4_low   ; erase      ; md4_low      ; md5_low     ; 0.000        ; 10.000     ; 10.000     ;
; -4.000 ; md3_low   ; write_thru ; md3_low      ; md5_low     ; 0.000        ; 10.000     ; 10.000     ;
; -4.000 ; md3_low   ; store      ; md3_low      ; md5_low     ; 0.000        ; 10.000     ; 10.000     ;
; -4.000 ; md3_low   ; color      ; md3_low      ; md5_low     ; 0.000        ; 10.000     ; 10.000     ;
; -4.000 ; md3_low   ; chan       ; md3_low      ; md5_low     ; 0.000        ; 10.000     ; 10.000     ;
; -4.000 ; md3_low   ; int_en     ; md3_low      ; md5_low     ; 0.000        ; 10.000     ; 10.000     ;
; -4.000 ; md3_low   ; erase      ; md3_low      ; md5_low     ; 0.000        ; 10.000     ; 10.000     ;
; -4.000 ; md8_low   ; write_thru ; md8_low      ; md5_low     ; 0.000        ; 10.000     ; 10.000     ;
; -4.000 ; md8_low   ; store      ; md8_low      ; md5_low     ; 0.000        ; 10.000     ; 10.000     ;
; -4.000 ; md8_low   ; color      ; md8_low      ; md5_low     ; 0.000        ; 10.000     ; 10.000     ;
; -4.000 ; md8_low   ; chan       ; md8_low      ; md5_low     ; 0.000        ; 10.000     ; 10.000     ;
; -4.000 ; md8_low   ; int_en     ; md8_low      ; md5_low     ; 0.000        ; 10.000     ; 10.000     ;
; -4.000 ; md8_low   ; erase      ; md8_low      ; md5_low     ; 0.000        ; 10.000     ; 10.000     ;
; -4.000 ; md5_low   ; write_thru ; md5_low      ; md5_low     ; 0.000        ; 10.000     ; 10.000     ;
; -4.000 ; md5_low   ; store      ; md5_low      ; md5_low     ; 0.000        ; 10.000     ; 10.000     ;
; -4.000 ; md5_low   ; color      ; md5_low      ; md5_low     ; 0.000        ; 10.000     ; 10.000     ;
; -4.000 ; md5_low   ; chan       ; md5_low      ; md5_low     ; 0.000        ; 10.000     ; 10.000     ;
; -4.000 ; md5_low   ; int_en     ; md5_low      ; md5_low     ; 0.000        ; 10.000     ; 10.000     ;
; -4.000 ; md5_low   ; erase      ; md5_low      ; md5_low     ; 0.000        ; 10.000     ; 10.000     ;
; -4.000 ; md11_low  ; write_thru ; md11_low     ; md5_low     ; 0.000        ; 10.000     ; 10.000     ;
; -4.000 ; md11_low  ; store      ; md11_low     ; md5_low     ; 0.000        ; 10.000     ; 10.000     ;
; -4.000 ; md11_low  ; color      ; md11_low     ; md5_low     ; 0.000        ; 10.000     ; 10.000     ;
; -4.000 ; md11_low  ; chan       ; md11_low     ; md5_low     ; 0.000        ; 10.000     ; 10.000     ;
; -4.000 ; md11_low  ; int_en     ; md11_low     ; md5_low     ; 0.000        ; 10.000     ; 10.000     ;
; -4.000 ; md11_low  ; erase      ; md11_low     ; md5_low     ; 0.000        ; 10.000     ; 10.000     ;
; -3.500 ; md10_low  ; write_thru ; md10_low     ; md5_low     ; -0.500       ; 10.000     ; 10.000     ;
; -3.500 ; md10_low  ; store      ; md10_low     ; md5_low     ; -0.500       ; 10.000     ; 10.000     ;
; -3.500 ; md10_low  ; color      ; md10_low     ; md5_low     ; -0.500       ; 10.000     ; 10.000     ;
; -3.500 ; md10_low  ; chan       ; md10_low     ; md5_low     ; -0.500       ; 10.000     ; 10.000     ;
; -3.500 ; md10_low  ; int_en     ; md10_low     ; md5_low     ; -0.500       ; 10.000     ; 10.000     ;
; -3.500 ; md10_low  ; erase      ; md10_low     ; md5_low     ; -0.500       ; 10.000     ; 10.000     ;
; -3.500 ; md9_low   ; write_thru ; md9_low      ; md5_low     ; -0.500       ; 10.000     ; 10.000     ;
; -3.500 ; md9_low   ; store      ; md9_low      ; md5_low     ; -0.500       ; 10.000     ; 10.000     ;
; -3.500 ; md9_low   ; color      ; md9_low      ; md5_low     ; -0.500       ; 10.000     ; 10.000     ;
; -3.500 ; md9_low   ; chan       ; md9_low      ; md5_low     ; -0.500       ; 10.000     ; 10.000     ;
; -3.500 ; md9_low   ; int_en     ; md9_low      ; md5_low     ; -0.500       ; 10.000     ; 10.000     ;
; -3.500 ; md9_low   ; erase      ; md9_low      ; md5_low     ; -0.500       ; 10.000     ; 10.000     ;
; -3.500 ; pause_low ; write_thru ; pause_low    ; md5_low     ; -0.500       ; 10.000     ; 10.000     ;
; -3.500 ; pause_low ; store      ; pause_low    ; md5_low     ; -0.500       ; 10.000     ; 10.000     ;
; -3.500 ; pause_low ; color      ; pause_low    ; md5_low     ; -0.500       ; 10.000     ; 10.000     ;
; -3.500 ; pause_low ; chan       ; pause_low    ; md5_low     ; -0.500       ; 10.000     ; 10.000     ;
; -3.500 ; pause_low ; int_en     ; pause_low    ; md5_low     ; -0.500       ; 10.000     ; 10.000     ;
; -3.500 ; pause_low ; erase      ; pause_low    ; md5_low     ; -0.500       ; 10.000     ; 10.000     ;
; -3.500 ; md7_low   ; write_thru ; md7_low      ; md5_low     ; -0.500       ; 10.000     ; 10.000     ;
; -3.500 ; md7_low   ; store      ; md7_low      ; md5_low     ; -0.500       ; 10.000     ; 10.000     ;
; -3.500 ; md7_low   ; color      ; md7_low      ; md5_low     ; -0.500       ; 10.000     ; 10.000     ;
; -3.500 ; md7_low   ; chan       ; md7_low      ; md5_low     ; -0.500       ; 10.000     ; 10.000     ;
; -3.500 ; md7_low   ; int_en     ; md7_low      ; md5_low     ; -0.500       ; 10.000     ; 10.000     ;
; -3.500 ; md7_low   ; erase      ; md7_low      ; md5_low     ; -0.500       ; 10.000     ; 10.000     ;
; -3.500 ; md6_low   ; write_thru ; md6_low      ; md5_low     ; -0.500       ; 10.000     ; 10.000     ;
; -3.500 ; md6_low   ; store      ; md6_low      ; md5_low     ; -0.500       ; 10.000     ; 10.000     ;
; -3.500 ; md6_low   ; color      ; md6_low      ; md5_low     ; -0.500       ; 10.000     ; 10.000     ;
; -3.500 ; md6_low   ; chan       ; md6_low      ; md5_low     ; -0.500       ; 10.000     ; 10.000     ;
; -3.500 ; md6_low   ; int_en     ; md6_low      ; md5_low     ; -0.500       ; 10.000     ; 10.000     ;
; -3.500 ; md6_low   ; erase      ; md6_low      ; md5_low     ; -0.500       ; 10.000     ; 10.000     ;
; -3.500 ; md4_low   ; write_thru ; md4_low      ; md5_low     ; -0.500       ; 10.000     ; 10.000     ;
; -3.500 ; md4_low   ; store      ; md4_low      ; md5_low     ; -0.500       ; 10.000     ; 10.000     ;
; -3.500 ; md4_low   ; color      ; md4_low      ; md5_low     ; -0.500       ; 10.000     ; 10.000     ;
; -3.500 ; md4_low   ; chan       ; md4_low      ; md5_low     ; -0.500       ; 10.000     ; 10.000     ;
; -3.500 ; md4_low   ; int_en     ; md4_low      ; md5_low     ; -0.500       ; 10.000     ; 10.000     ;
; -3.500 ; md4_low   ; erase      ; md4_low      ; md5_low     ; -0.500       ; 10.000     ; 10.000     ;
; -3.500 ; md3_low   ; write_thru ; md3_low      ; md5_low     ; -0.500       ; 10.000     ; 10.000     ;
; -3.500 ; md3_low   ; store      ; md3_low      ; md5_low     ; -0.500       ; 10.000     ; 10.000     ;
; -3.500 ; md3_low   ; color      ; md3_low      ; md5_low     ; -0.500       ; 10.000     ; 10.000     ;
; -3.500 ; md3_low   ; chan       ; md3_low      ; md5_low     ; -0.500       ; 10.000     ; 10.000     ;
+--------+-----------+------------+--------------+-------------+--------------+------------+------------+


+-------------------------------------------------------------------------------------------------------+
; Hold: 'md6_low'                                                                                       ;
+--------+-----------+------------+--------------+-------------+--------------+------------+------------+
; Slack  ; From Node ; To Node    ; Launch Clock ; Latch Clock ; Relationship ; Clock Skew ; Data Delay ;
+--------+-----------+------------+--------------+-------------+--------------+------------+------------+
; -4.000 ; md10_low  ; write_thru ; md10_low     ; md6_low     ; 0.000        ; 10.000     ; 10.000     ;
; -4.000 ; md10_low  ; store      ; md10_low     ; md6_low     ; 0.000        ; 10.000     ; 10.000     ;
; -4.000 ; md10_low  ; color      ; md10_low     ; md6_low     ; 0.000        ; 10.000     ; 10.000     ;
; -4.000 ; md10_low  ; chan       ; md10_low     ; md6_low     ; 0.000        ; 10.000     ; 10.000     ;
; -4.000 ; md10_low  ; int_en     ; md10_low     ; md6_low     ; 0.000        ; 10.000     ; 10.000     ;
; -4.000 ; md10_low  ; erase      ; md10_low     ; md6_low     ; 0.000        ; 10.000     ; 10.000     ;
; -4.000 ; md9_low   ; write_thru ; md9_low      ; md6_low     ; 0.000        ; 10.000     ; 10.000     ;
; -4.000 ; md9_low   ; store      ; md9_low      ; md6_low     ; 0.000        ; 10.000     ; 10.000     ;
; -4.000 ; md9_low   ; color      ; md9_low      ; md6_low     ; 0.000        ; 10.000     ; 10.000     ;
; -4.000 ; md9_low   ; chan       ; md9_low      ; md6_low     ; 0.000        ; 10.000     ; 10.000     ;
; -4.000 ; md9_low   ; int_en     ; md9_low      ; md6_low     ; 0.000        ; 10.000     ; 10.000     ;
; -4.000 ; md9_low   ; erase      ; md9_low      ; md6_low     ; 0.000        ; 10.000     ; 10.000     ;
; -4.000 ; pause_low ; write_thru ; pause_low    ; md6_low     ; 0.000        ; 10.000     ; 10.000     ;
; -4.000 ; pause_low ; store      ; pause_low    ; md6_low     ; 0.000        ; 10.000     ; 10.000     ;
; -4.000 ; pause_low ; color      ; pause_low    ; md6_low     ; 0.000        ; 10.000     ; 10.000     ;
; -4.000 ; pause_low ; chan       ; pause_low    ; md6_low     ; 0.000        ; 10.000     ; 10.000     ;
; -4.000 ; pause_low ; int_en     ; pause_low    ; md6_low     ; 0.000        ; 10.000     ; 10.000     ;
; -4.000 ; pause_low ; erase      ; pause_low    ; md6_low     ; 0.000        ; 10.000     ; 10.000     ;
; -4.000 ; md7_low   ; write_thru ; md7_low      ; md6_low     ; 0.000        ; 10.000     ; 10.000     ;
; -4.000 ; md7_low   ; store      ; md7_low      ; md6_low     ; 0.000        ; 10.000     ; 10.000     ;
; -4.000 ; md7_low   ; color      ; md7_low      ; md6_low     ; 0.000        ; 10.000     ; 10.000     ;
; -4.000 ; md7_low   ; chan       ; md7_low      ; md6_low     ; 0.000        ; 10.000     ; 10.000     ;
; -4.000 ; md7_low   ; int_en     ; md7_low      ; md6_low     ; 0.000        ; 10.000     ; 10.000     ;
; -4.000 ; md7_low   ; erase      ; md7_low      ; md6_low     ; 0.000        ; 10.000     ; 10.000     ;
; -4.000 ; md6_low   ; write_thru ; md6_low      ; md6_low     ; 0.000        ; 10.000     ; 10.000     ;
; -4.000 ; md6_low   ; store      ; md6_low      ; md6_low     ; 0.000        ; 10.000     ; 10.000     ;
; -4.000 ; md6_low   ; color      ; md6_low      ; md6_low     ; 0.000        ; 10.000     ; 10.000     ;
; -4.000 ; md6_low   ; chan       ; md6_low      ; md6_low     ; 0.000        ; 10.000     ; 10.000     ;
; -4.000 ; md6_low   ; int_en     ; md6_low      ; md6_low     ; 0.000        ; 10.000     ; 10.000     ;
; -4.000 ; md6_low   ; erase      ; md6_low      ; md6_low     ; 0.000        ; 10.000     ; 10.000     ;
; -4.000 ; md4_low   ; write_thru ; md4_low      ; md6_low     ; 0.000        ; 10.000     ; 10.000     ;
; -4.000 ; md4_low   ; store      ; md4_low      ; md6_low     ; 0.000        ; 10.000     ; 10.000     ;
; -4.000 ; md4_low   ; color      ; md4_low      ; md6_low     ; 0.000        ; 10.000     ; 10.000     ;
; -4.000 ; md4_low   ; chan       ; md4_low      ; md6_low     ; 0.000        ; 10.000     ; 10.000     ;
; -4.000 ; md4_low   ; int_en     ; md4_low      ; md6_low     ; 0.000        ; 10.000     ; 10.000     ;
; -4.000 ; md4_low   ; erase      ; md4_low      ; md6_low     ; 0.000        ; 10.000     ; 10.000     ;
; -4.000 ; md3_low   ; write_thru ; md3_low      ; md6_low     ; 0.000        ; 10.000     ; 10.000     ;
; -4.000 ; md3_low   ; store      ; md3_low      ; md6_low     ; 0.000        ; 10.000     ; 10.000     ;
; -4.000 ; md3_low   ; color      ; md3_low      ; md6_low     ; 0.000        ; 10.000     ; 10.000     ;
; -4.000 ; md3_low   ; chan       ; md3_low      ; md6_low     ; 0.000        ; 10.000     ; 10.000     ;
; -4.000 ; md3_low   ; int_en     ; md3_low      ; md6_low     ; 0.000        ; 10.000     ; 10.000     ;
; -4.000 ; md3_low   ; erase      ; md3_low      ; md6_low     ; 0.000        ; 10.000     ; 10.000     ;
; -4.000 ; md8_low   ; write_thru ; md8_low      ; md6_low     ; 0.000        ; 10.000     ; 10.000     ;
; -4.000 ; md8_low   ; store      ; md8_low      ; md6_low     ; 0.000        ; 10.000     ; 10.000     ;
; -4.000 ; md8_low   ; color      ; md8_low      ; md6_low     ; 0.000        ; 10.000     ; 10.000     ;
; -4.000 ; md8_low   ; chan       ; md8_low      ; md6_low     ; 0.000        ; 10.000     ; 10.000     ;
; -4.000 ; md8_low   ; int_en     ; md8_low      ; md6_low     ; 0.000        ; 10.000     ; 10.000     ;
; -4.000 ; md8_low   ; erase      ; md8_low      ; md6_low     ; 0.000        ; 10.000     ; 10.000     ;
; -4.000 ; md5_low   ; write_thru ; md5_low      ; md6_low     ; 0.000        ; 10.000     ; 10.000     ;
; -4.000 ; md5_low   ; store      ; md5_low      ; md6_low     ; 0.000        ; 10.000     ; 10.000     ;
; -4.000 ; md5_low   ; color      ; md5_low      ; md6_low     ; 0.000        ; 10.000     ; 10.000     ;
; -4.000 ; md5_low   ; chan       ; md5_low      ; md6_low     ; 0.000        ; 10.000     ; 10.000     ;
; -4.000 ; md5_low   ; int_en     ; md5_low      ; md6_low     ; 0.000        ; 10.000     ; 10.000     ;
; -4.000 ; md5_low   ; erase      ; md5_low      ; md6_low     ; 0.000        ; 10.000     ; 10.000     ;
; -4.000 ; md11_low  ; write_thru ; md11_low     ; md6_low     ; 0.000        ; 10.000     ; 10.000     ;
; -4.000 ; md11_low  ; store      ; md11_low     ; md6_low     ; 0.000        ; 10.000     ; 10.000     ;
; -4.000 ; md11_low  ; color      ; md11_low     ; md6_low     ; 0.000        ; 10.000     ; 10.000     ;
; -4.000 ; md11_low  ; chan       ; md11_low     ; md6_low     ; 0.000        ; 10.000     ; 10.000     ;
; -4.000 ; md11_low  ; int_en     ; md11_low     ; md6_low     ; 0.000        ; 10.000     ; 10.000     ;
; -4.000 ; md11_low  ; erase      ; md11_low     ; md6_low     ; 0.000        ; 10.000     ; 10.000     ;
; -3.500 ; md10_low  ; write_thru ; md10_low     ; md6_low     ; -0.500       ; 10.000     ; 10.000     ;
; -3.500 ; md10_low  ; store      ; md10_low     ; md6_low     ; -0.500       ; 10.000     ; 10.000     ;
; -3.500 ; md10_low  ; color      ; md10_low     ; md6_low     ; -0.500       ; 10.000     ; 10.000     ;
; -3.500 ; md10_low  ; chan       ; md10_low     ; md6_low     ; -0.500       ; 10.000     ; 10.000     ;
; -3.500 ; md10_low  ; int_en     ; md10_low     ; md6_low     ; -0.500       ; 10.000     ; 10.000     ;
; -3.500 ; md10_low  ; erase      ; md10_low     ; md6_low     ; -0.500       ; 10.000     ; 10.000     ;
; -3.500 ; md9_low   ; write_thru ; md9_low      ; md6_low     ; -0.500       ; 10.000     ; 10.000     ;
; -3.500 ; md9_low   ; store      ; md9_low      ; md6_low     ; -0.500       ; 10.000     ; 10.000     ;
; -3.500 ; md9_low   ; color      ; md9_low      ; md6_low     ; -0.500       ; 10.000     ; 10.000     ;
; -3.500 ; md9_low   ; chan       ; md9_low      ; md6_low     ; -0.500       ; 10.000     ; 10.000     ;
; -3.500 ; md9_low   ; int_en     ; md9_low      ; md6_low     ; -0.500       ; 10.000     ; 10.000     ;
; -3.500 ; md9_low   ; erase      ; md9_low      ; md6_low     ; -0.500       ; 10.000     ; 10.000     ;
; -3.500 ; pause_low ; write_thru ; pause_low    ; md6_low     ; -0.500       ; 10.000     ; 10.000     ;
; -3.500 ; pause_low ; store      ; pause_low    ; md6_low     ; -0.500       ; 10.000     ; 10.000     ;
; -3.500 ; pause_low ; color      ; pause_low    ; md6_low     ; -0.500       ; 10.000     ; 10.000     ;
; -3.500 ; pause_low ; chan       ; pause_low    ; md6_low     ; -0.500       ; 10.000     ; 10.000     ;
; -3.500 ; pause_low ; int_en     ; pause_low    ; md6_low     ; -0.500       ; 10.000     ; 10.000     ;
; -3.500 ; pause_low ; erase      ; pause_low    ; md6_low     ; -0.500       ; 10.000     ; 10.000     ;
; -3.500 ; md7_low   ; write_thru ; md7_low      ; md6_low     ; -0.500       ; 10.000     ; 10.000     ;
; -3.500 ; md7_low   ; store      ; md7_low      ; md6_low     ; -0.500       ; 10.000     ; 10.000     ;
; -3.500 ; md7_low   ; color      ; md7_low      ; md6_low     ; -0.500       ; 10.000     ; 10.000     ;
; -3.500 ; md7_low   ; chan       ; md7_low      ; md6_low     ; -0.500       ; 10.000     ; 10.000     ;
; -3.500 ; md7_low   ; int_en     ; md7_low      ; md6_low     ; -0.500       ; 10.000     ; 10.000     ;
; -3.500 ; md7_low   ; erase      ; md7_low      ; md6_low     ; -0.500       ; 10.000     ; 10.000     ;
; -3.500 ; md6_low   ; write_thru ; md6_low      ; md6_low     ; -0.500       ; 10.000     ; 10.000     ;
; -3.500 ; md6_low   ; store      ; md6_low      ; md6_low     ; -0.500       ; 10.000     ; 10.000     ;
; -3.500 ; md6_low   ; color      ; md6_low      ; md6_low     ; -0.500       ; 10.000     ; 10.000     ;
; -3.500 ; md6_low   ; chan       ; md6_low      ; md6_low     ; -0.500       ; 10.000     ; 10.000     ;
; -3.500 ; md6_low   ; int_en     ; md6_low      ; md6_low     ; -0.500       ; 10.000     ; 10.000     ;
; -3.500 ; md6_low   ; erase      ; md6_low      ; md6_low     ; -0.500       ; 10.000     ; 10.000     ;
; -3.500 ; md4_low   ; write_thru ; md4_low      ; md6_low     ; -0.500       ; 10.000     ; 10.000     ;
; -3.500 ; md4_low   ; store      ; md4_low      ; md6_low     ; -0.500       ; 10.000     ; 10.000     ;
; -3.500 ; md4_low   ; color      ; md4_low      ; md6_low     ; -0.500       ; 10.000     ; 10.000     ;
; -3.500 ; md4_low   ; chan       ; md4_low      ; md6_low     ; -0.500       ; 10.000     ; 10.000     ;
; -3.500 ; md4_low   ; int_en     ; md4_low      ; md6_low     ; -0.500       ; 10.000     ; 10.000     ;
; -3.500 ; md4_low   ; erase      ; md4_low      ; md6_low     ; -0.500       ; 10.000     ; 10.000     ;
; -3.500 ; md3_low   ; write_thru ; md3_low      ; md6_low     ; -0.500       ; 10.000     ; 10.000     ;
; -3.500 ; md3_low   ; store      ; md3_low      ; md6_low     ; -0.500       ; 10.000     ; 10.000     ;
; -3.500 ; md3_low   ; color      ; md3_low      ; md6_low     ; -0.500       ; 10.000     ; 10.000     ;
; -3.500 ; md3_low   ; chan       ; md3_low      ; md6_low     ; -0.500       ; 10.000     ; 10.000     ;
+--------+-----------+------------+--------------+-------------+--------------+------------+------------+


+-------------------------------------------------------------------------------------------------------+
; Hold: 'md7_low'                                                                                       ;
+--------+-----------+------------+--------------+-------------+--------------+------------+------------+
; Slack  ; From Node ; To Node    ; Launch Clock ; Latch Clock ; Relationship ; Clock Skew ; Data Delay ;
+--------+-----------+------------+--------------+-------------+--------------+------------+------------+
; -4.000 ; md10_low  ; write_thru ; md10_low     ; md7_low     ; 0.000        ; 10.000     ; 10.000     ;
; -4.000 ; md10_low  ; store      ; md10_low     ; md7_low     ; 0.000        ; 10.000     ; 10.000     ;
; -4.000 ; md10_low  ; color      ; md10_low     ; md7_low     ; 0.000        ; 10.000     ; 10.000     ;
; -4.000 ; md10_low  ; chan       ; md10_low     ; md7_low     ; 0.000        ; 10.000     ; 10.000     ;
; -4.000 ; md10_low  ; int_en     ; md10_low     ; md7_low     ; 0.000        ; 10.000     ; 10.000     ;
; -4.000 ; md10_low  ; erase      ; md10_low     ; md7_low     ; 0.000        ; 10.000     ; 10.000     ;
; -4.000 ; md9_low   ; write_thru ; md9_low      ; md7_low     ; 0.000        ; 10.000     ; 10.000     ;
; -4.000 ; md9_low   ; store      ; md9_low      ; md7_low     ; 0.000        ; 10.000     ; 10.000     ;
; -4.000 ; md9_low   ; color      ; md9_low      ; md7_low     ; 0.000        ; 10.000     ; 10.000     ;
; -4.000 ; md9_low   ; chan       ; md9_low      ; md7_low     ; 0.000        ; 10.000     ; 10.000     ;
; -4.000 ; md9_low   ; int_en     ; md9_low      ; md7_low     ; 0.000        ; 10.000     ; 10.000     ;
; -4.000 ; md9_low   ; erase      ; md9_low      ; md7_low     ; 0.000        ; 10.000     ; 10.000     ;
; -4.000 ; pause_low ; write_thru ; pause_low    ; md7_low     ; 0.000        ; 10.000     ; 10.000     ;
; -4.000 ; pause_low ; store      ; pause_low    ; md7_low     ; 0.000        ; 10.000     ; 10.000     ;
; -4.000 ; pause_low ; color      ; pause_low    ; md7_low     ; 0.000        ; 10.000     ; 10.000     ;
; -4.000 ; pause_low ; chan       ; pause_low    ; md7_low     ; 0.000        ; 10.000     ; 10.000     ;
; -4.000 ; pause_low ; int_en     ; pause_low    ; md7_low     ; 0.000        ; 10.000     ; 10.000     ;
; -4.000 ; pause_low ; erase      ; pause_low    ; md7_low     ; 0.000        ; 10.000     ; 10.000     ;
; -4.000 ; md7_low   ; write_thru ; md7_low      ; md7_low     ; 0.000        ; 10.000     ; 10.000     ;
; -4.000 ; md7_low   ; store      ; md7_low      ; md7_low     ; 0.000        ; 10.000     ; 10.000     ;
; -4.000 ; md7_low   ; color      ; md7_low      ; md7_low     ; 0.000        ; 10.000     ; 10.000     ;
; -4.000 ; md7_low   ; chan       ; md7_low      ; md7_low     ; 0.000        ; 10.000     ; 10.000     ;
; -4.000 ; md7_low   ; int_en     ; md7_low      ; md7_low     ; 0.000        ; 10.000     ; 10.000     ;
; -4.000 ; md7_low   ; erase      ; md7_low      ; md7_low     ; 0.000        ; 10.000     ; 10.000     ;
; -4.000 ; md6_low   ; write_thru ; md6_low      ; md7_low     ; 0.000        ; 10.000     ; 10.000     ;
; -4.000 ; md6_low   ; store      ; md6_low      ; md7_low     ; 0.000        ; 10.000     ; 10.000     ;
; -4.000 ; md6_low   ; color      ; md6_low      ; md7_low     ; 0.000        ; 10.000     ; 10.000     ;
; -4.000 ; md6_low   ; chan       ; md6_low      ; md7_low     ; 0.000        ; 10.000     ; 10.000     ;
; -4.000 ; md6_low   ; int_en     ; md6_low      ; md7_low     ; 0.000        ; 10.000     ; 10.000     ;
; -4.000 ; md6_low   ; erase      ; md6_low      ; md7_low     ; 0.000        ; 10.000     ; 10.000     ;
; -4.000 ; md4_low   ; write_thru ; md4_low      ; md7_low     ; 0.000        ; 10.000     ; 10.000     ;
; -4.000 ; md4_low   ; store      ; md4_low      ; md7_low     ; 0.000        ; 10.000     ; 10.000     ;
; -4.000 ; md4_low   ; color      ; md4_low      ; md7_low     ; 0.000        ; 10.000     ; 10.000     ;
; -4.000 ; md4_low   ; chan       ; md4_low      ; md7_low     ; 0.000        ; 10.000     ; 10.000     ;
; -4.000 ; md4_low   ; int_en     ; md4_low      ; md7_low     ; 0.000        ; 10.000     ; 10.000     ;
; -4.000 ; md4_low   ; erase      ; md4_low      ; md7_low     ; 0.000        ; 10.000     ; 10.000     ;
; -4.000 ; md3_low   ; write_thru ; md3_low      ; md7_low     ; 0.000        ; 10.000     ; 10.000     ;
; -4.000 ; md3_low   ; store      ; md3_low      ; md7_low     ; 0.000        ; 10.000     ; 10.000     ;
; -4.000 ; md3_low   ; color      ; md3_low      ; md7_low     ; 0.000        ; 10.000     ; 10.000     ;
; -4.000 ; md3_low   ; chan       ; md3_low      ; md7_low     ; 0.000        ; 10.000     ; 10.000     ;
; -4.000 ; md3_low   ; int_en     ; md3_low      ; md7_low     ; 0.000        ; 10.000     ; 10.000     ;
; -4.000 ; md3_low   ; erase      ; md3_low      ; md7_low     ; 0.000        ; 10.000     ; 10.000     ;
; -4.000 ; md8_low   ; write_thru ; md8_low      ; md7_low     ; 0.000        ; 10.000     ; 10.000     ;
; -4.000 ; md8_low   ; store      ; md8_low      ; md7_low     ; 0.000        ; 10.000     ; 10.000     ;
; -4.000 ; md8_low   ; color      ; md8_low      ; md7_low     ; 0.000        ; 10.000     ; 10.000     ;
; -4.000 ; md8_low   ; chan       ; md8_low      ; md7_low     ; 0.000        ; 10.000     ; 10.000     ;
; -4.000 ; md8_low   ; int_en     ; md8_low      ; md7_low     ; 0.000        ; 10.000     ; 10.000     ;
; -4.000 ; md8_low   ; erase      ; md8_low      ; md7_low     ; 0.000        ; 10.000     ; 10.000     ;
; -4.000 ; md5_low   ; write_thru ; md5_low      ; md7_low     ; 0.000        ; 10.000     ; 10.000     ;
; -4.000 ; md5_low   ; store      ; md5_low      ; md7_low     ; 0.000        ; 10.000     ; 10.000     ;
; -4.000 ; md5_low   ; color      ; md5_low      ; md7_low     ; 0.000        ; 10.000     ; 10.000     ;
; -4.000 ; md5_low   ; chan       ; md5_low      ; md7_low     ; 0.000        ; 10.000     ; 10.000     ;
; -4.000 ; md5_low   ; int_en     ; md5_low      ; md7_low     ; 0.000        ; 10.000     ; 10.000     ;
; -4.000 ; md5_low   ; erase      ; md5_low      ; md7_low     ; 0.000        ; 10.000     ; 10.000     ;
; -4.000 ; md11_low  ; write_thru ; md11_low     ; md7_low     ; 0.000        ; 10.000     ; 10.000     ;
; -4.000 ; md11_low  ; store      ; md11_low     ; md7_low     ; 0.000        ; 10.000     ; 10.000     ;
; -4.000 ; md11_low  ; color      ; md11_low     ; md7_low     ; 0.000        ; 10.000     ; 10.000     ;
; -4.000 ; md11_low  ; chan       ; md11_low     ; md7_low     ; 0.000        ; 10.000     ; 10.000     ;
; -4.000 ; md11_low  ; int_en     ; md11_low     ; md7_low     ; 0.000        ; 10.000     ; 10.000     ;
; -4.000 ; md11_low  ; erase      ; md11_low     ; md7_low     ; 0.000        ; 10.000     ; 10.000     ;
; -3.500 ; md10_low  ; write_thru ; md10_low     ; md7_low     ; -0.500       ; 10.000     ; 10.000     ;
; -3.500 ; md10_low  ; store      ; md10_low     ; md7_low     ; -0.500       ; 10.000     ; 10.000     ;
; -3.500 ; md10_low  ; color      ; md10_low     ; md7_low     ; -0.500       ; 10.000     ; 10.000     ;
; -3.500 ; md10_low  ; chan       ; md10_low     ; md7_low     ; -0.500       ; 10.000     ; 10.000     ;
; -3.500 ; md10_low  ; int_en     ; md10_low     ; md7_low     ; -0.500       ; 10.000     ; 10.000     ;
; -3.500 ; md10_low  ; erase      ; md10_low     ; md7_low     ; -0.500       ; 10.000     ; 10.000     ;
; -3.500 ; md9_low   ; write_thru ; md9_low      ; md7_low     ; -0.500       ; 10.000     ; 10.000     ;
; -3.500 ; md9_low   ; store      ; md9_low      ; md7_low     ; -0.500       ; 10.000     ; 10.000     ;
; -3.500 ; md9_low   ; color      ; md9_low      ; md7_low     ; -0.500       ; 10.000     ; 10.000     ;
; -3.500 ; md9_low   ; chan       ; md9_low      ; md7_low     ; -0.500       ; 10.000     ; 10.000     ;
; -3.500 ; md9_low   ; int_en     ; md9_low      ; md7_low     ; -0.500       ; 10.000     ; 10.000     ;
; -3.500 ; md9_low   ; erase      ; md9_low      ; md7_low     ; -0.500       ; 10.000     ; 10.000     ;
; -3.500 ; pause_low ; write_thru ; pause_low    ; md7_low     ; -0.500       ; 10.000     ; 10.000     ;
; -3.500 ; pause_low ; store      ; pause_low    ; md7_low     ; -0.500       ; 10.000     ; 10.000     ;
; -3.500 ; pause_low ; color      ; pause_low    ; md7_low     ; -0.500       ; 10.000     ; 10.000     ;
; -3.500 ; pause_low ; chan       ; pause_low    ; md7_low     ; -0.500       ; 10.000     ; 10.000     ;
; -3.500 ; pause_low ; int_en     ; pause_low    ; md7_low     ; -0.500       ; 10.000     ; 10.000     ;
; -3.500 ; pause_low ; erase      ; pause_low    ; md7_low     ; -0.500       ; 10.000     ; 10.000     ;
; -3.500 ; md7_low   ; write_thru ; md7_low      ; md7_low     ; -0.500       ; 10.000     ; 10.000     ;
; -3.500 ; md7_low   ; store      ; md7_low      ; md7_low     ; -0.500       ; 10.000     ; 10.000     ;
; -3.500 ; md7_low   ; color      ; md7_low      ; md7_low     ; -0.500       ; 10.000     ; 10.000     ;
; -3.500 ; md7_low   ; chan       ; md7_low      ; md7_low     ; -0.500       ; 10.000     ; 10.000     ;
; -3.500 ; md7_low   ; int_en     ; md7_low      ; md7_low     ; -0.500       ; 10.000     ; 10.000     ;
; -3.500 ; md7_low   ; erase      ; md7_low      ; md7_low     ; -0.500       ; 10.000     ; 10.000     ;
; -3.500 ; md6_low   ; write_thru ; md6_low      ; md7_low     ; -0.500       ; 10.000     ; 10.000     ;
; -3.500 ; md6_low   ; store      ; md6_low      ; md7_low     ; -0.500       ; 10.000     ; 10.000     ;
; -3.500 ; md6_low   ; color      ; md6_low      ; md7_low     ; -0.500       ; 10.000     ; 10.000     ;
; -3.500 ; md6_low   ; chan       ; md6_low      ; md7_low     ; -0.500       ; 10.000     ; 10.000     ;
; -3.500 ; md6_low   ; int_en     ; md6_low      ; md7_low     ; -0.500       ; 10.000     ; 10.000     ;
; -3.500 ; md6_low   ; erase      ; md6_low      ; md7_low     ; -0.500       ; 10.000     ; 10.000     ;
; -3.500 ; md4_low   ; write_thru ; md4_low      ; md7_low     ; -0.500       ; 10.000     ; 10.000     ;
; -3.500 ; md4_low   ; store      ; md4_low      ; md7_low     ; -0.500       ; 10.000     ; 10.000     ;
; -3.500 ; md4_low   ; color      ; md4_low      ; md7_low     ; -0.500       ; 10.000     ; 10.000     ;
; -3.500 ; md4_low   ; chan       ; md4_low      ; md7_low     ; -0.500       ; 10.000     ; 10.000     ;
; -3.500 ; md4_low   ; int_en     ; md4_low      ; md7_low     ; -0.500       ; 10.000     ; 10.000     ;
; -3.500 ; md4_low   ; erase      ; md4_low      ; md7_low     ; -0.500       ; 10.000     ; 10.000     ;
; -3.500 ; md3_low   ; write_thru ; md3_low      ; md7_low     ; -0.500       ; 10.000     ; 10.000     ;
; -3.500 ; md3_low   ; store      ; md3_low      ; md7_low     ; -0.500       ; 10.000     ; 10.000     ;
; -3.500 ; md3_low   ; color      ; md3_low      ; md7_low     ; -0.500       ; 10.000     ; 10.000     ;
; -3.500 ; md3_low   ; chan       ; md3_low      ; md7_low     ; -0.500       ; 10.000     ; 10.000     ;
+--------+-----------+------------+--------------+-------------+--------------+------------+------------+


+-------------------------------------------------------------------------------------------------------+
; Hold: 'md8_low'                                                                                       ;
+--------+-----------+------------+--------------+-------------+--------------+------------+------------+
; Slack  ; From Node ; To Node    ; Launch Clock ; Latch Clock ; Relationship ; Clock Skew ; Data Delay ;
+--------+-----------+------------+--------------+-------------+--------------+------------+------------+
; -4.000 ; md10_low  ; write_thru ; md10_low     ; md8_low     ; 0.000        ; 10.000     ; 10.000     ;
; -4.000 ; md10_low  ; store      ; md10_low     ; md8_low     ; 0.000        ; 10.000     ; 10.000     ;
; -4.000 ; md10_low  ; color      ; md10_low     ; md8_low     ; 0.000        ; 10.000     ; 10.000     ;
; -4.000 ; md10_low  ; chan       ; md10_low     ; md8_low     ; 0.000        ; 10.000     ; 10.000     ;
; -4.000 ; md10_low  ; int_en     ; md10_low     ; md8_low     ; 0.000        ; 10.000     ; 10.000     ;
; -4.000 ; md10_low  ; erase      ; md10_low     ; md8_low     ; 0.000        ; 10.000     ; 10.000     ;
; -4.000 ; md9_low   ; write_thru ; md9_low      ; md8_low     ; 0.000        ; 10.000     ; 10.000     ;
; -4.000 ; md9_low   ; store      ; md9_low      ; md8_low     ; 0.000        ; 10.000     ; 10.000     ;
; -4.000 ; md9_low   ; color      ; md9_low      ; md8_low     ; 0.000        ; 10.000     ; 10.000     ;
; -4.000 ; md9_low   ; chan       ; md9_low      ; md8_low     ; 0.000        ; 10.000     ; 10.000     ;
; -4.000 ; md9_low   ; int_en     ; md9_low      ; md8_low     ; 0.000        ; 10.000     ; 10.000     ;
; -4.000 ; md9_low   ; erase      ; md9_low      ; md8_low     ; 0.000        ; 10.000     ; 10.000     ;
; -4.000 ; pause_low ; write_thru ; pause_low    ; md8_low     ; 0.000        ; 10.000     ; 10.000     ;
; -4.000 ; pause_low ; store      ; pause_low    ; md8_low     ; 0.000        ; 10.000     ; 10.000     ;
; -4.000 ; pause_low ; color      ; pause_low    ; md8_low     ; 0.000        ; 10.000     ; 10.000     ;
; -4.000 ; pause_low ; chan       ; pause_low    ; md8_low     ; 0.000        ; 10.000     ; 10.000     ;
; -4.000 ; pause_low ; int_en     ; pause_low    ; md8_low     ; 0.000        ; 10.000     ; 10.000     ;
; -4.000 ; pause_low ; erase      ; pause_low    ; md8_low     ; 0.000        ; 10.000     ; 10.000     ;
; -4.000 ; md7_low   ; write_thru ; md7_low      ; md8_low     ; 0.000        ; 10.000     ; 10.000     ;
; -4.000 ; md7_low   ; store      ; md7_low      ; md8_low     ; 0.000        ; 10.000     ; 10.000     ;
; -4.000 ; md7_low   ; color      ; md7_low      ; md8_low     ; 0.000        ; 10.000     ; 10.000     ;
; -4.000 ; md7_low   ; chan       ; md7_low      ; md8_low     ; 0.000        ; 10.000     ; 10.000     ;
; -4.000 ; md7_low   ; int_en     ; md7_low      ; md8_low     ; 0.000        ; 10.000     ; 10.000     ;
; -4.000 ; md7_low   ; erase      ; md7_low      ; md8_low     ; 0.000        ; 10.000     ; 10.000     ;
; -4.000 ; md6_low   ; write_thru ; md6_low      ; md8_low     ; 0.000        ; 10.000     ; 10.000     ;
; -4.000 ; md6_low   ; store      ; md6_low      ; md8_low     ; 0.000        ; 10.000     ; 10.000     ;
; -4.000 ; md6_low   ; color      ; md6_low      ; md8_low     ; 0.000        ; 10.000     ; 10.000     ;
; -4.000 ; md6_low   ; chan       ; md6_low      ; md8_low     ; 0.000        ; 10.000     ; 10.000     ;
; -4.000 ; md6_low   ; int_en     ; md6_low      ; md8_low     ; 0.000        ; 10.000     ; 10.000     ;
; -4.000 ; md6_low   ; erase      ; md6_low      ; md8_low     ; 0.000        ; 10.000     ; 10.000     ;
; -4.000 ; md4_low   ; write_thru ; md4_low      ; md8_low     ; 0.000        ; 10.000     ; 10.000     ;
; -4.000 ; md4_low   ; store      ; md4_low      ; md8_low     ; 0.000        ; 10.000     ; 10.000     ;
; -4.000 ; md4_low   ; color      ; md4_low      ; md8_low     ; 0.000        ; 10.000     ; 10.000     ;
; -4.000 ; md4_low   ; chan       ; md4_low      ; md8_low     ; 0.000        ; 10.000     ; 10.000     ;
; -4.000 ; md4_low   ; int_en     ; md4_low      ; md8_low     ; 0.000        ; 10.000     ; 10.000     ;
; -4.000 ; md4_low   ; erase      ; md4_low      ; md8_low     ; 0.000        ; 10.000     ; 10.000     ;
; -4.000 ; md3_low   ; write_thru ; md3_low      ; md8_low     ; 0.000        ; 10.000     ; 10.000     ;
; -4.000 ; md3_low   ; store      ; md3_low      ; md8_low     ; 0.000        ; 10.000     ; 10.000     ;
; -4.000 ; md3_low   ; color      ; md3_low      ; md8_low     ; 0.000        ; 10.000     ; 10.000     ;
; -4.000 ; md3_low   ; chan       ; md3_low      ; md8_low     ; 0.000        ; 10.000     ; 10.000     ;
; -4.000 ; md3_low   ; int_en     ; md3_low      ; md8_low     ; 0.000        ; 10.000     ; 10.000     ;
; -4.000 ; md3_low   ; erase      ; md3_low      ; md8_low     ; 0.000        ; 10.000     ; 10.000     ;
; -4.000 ; md8_low   ; write_thru ; md8_low      ; md8_low     ; 0.000        ; 10.000     ; 10.000     ;
; -4.000 ; md8_low   ; store      ; md8_low      ; md8_low     ; 0.000        ; 10.000     ; 10.000     ;
; -4.000 ; md8_low   ; color      ; md8_low      ; md8_low     ; 0.000        ; 10.000     ; 10.000     ;
; -4.000 ; md8_low   ; chan       ; md8_low      ; md8_low     ; 0.000        ; 10.000     ; 10.000     ;
; -4.000 ; md8_low   ; int_en     ; md8_low      ; md8_low     ; 0.000        ; 10.000     ; 10.000     ;
; -4.000 ; md8_low   ; erase      ; md8_low      ; md8_low     ; 0.000        ; 10.000     ; 10.000     ;
; -4.000 ; md5_low   ; write_thru ; md5_low      ; md8_low     ; 0.000        ; 10.000     ; 10.000     ;
; -4.000 ; md5_low   ; store      ; md5_low      ; md8_low     ; 0.000        ; 10.000     ; 10.000     ;
; -4.000 ; md5_low   ; color      ; md5_low      ; md8_low     ; 0.000        ; 10.000     ; 10.000     ;
; -4.000 ; md5_low   ; chan       ; md5_low      ; md8_low     ; 0.000        ; 10.000     ; 10.000     ;
; -4.000 ; md5_low   ; int_en     ; md5_low      ; md8_low     ; 0.000        ; 10.000     ; 10.000     ;
; -4.000 ; md5_low   ; erase      ; md5_low      ; md8_low     ; 0.000        ; 10.000     ; 10.000     ;
; -4.000 ; md11_low  ; write_thru ; md11_low     ; md8_low     ; 0.000        ; 10.000     ; 10.000     ;
; -4.000 ; md11_low  ; store      ; md11_low     ; md8_low     ; 0.000        ; 10.000     ; 10.000     ;
; -4.000 ; md11_low  ; color      ; md11_low     ; md8_low     ; 0.000        ; 10.000     ; 10.000     ;
; -4.000 ; md11_low  ; chan       ; md11_low     ; md8_low     ; 0.000        ; 10.000     ; 10.000     ;
; -4.000 ; md11_low  ; int_en     ; md11_low     ; md8_low     ; 0.000        ; 10.000     ; 10.000     ;
; -4.000 ; md11_low  ; erase      ; md11_low     ; md8_low     ; 0.000        ; 10.000     ; 10.000     ;
; -3.500 ; md10_low  ; write_thru ; md10_low     ; md8_low     ; -0.500       ; 10.000     ; 10.000     ;
; -3.500 ; md10_low  ; store      ; md10_low     ; md8_low     ; -0.500       ; 10.000     ; 10.000     ;
; -3.500 ; md10_low  ; color      ; md10_low     ; md8_low     ; -0.500       ; 10.000     ; 10.000     ;
; -3.500 ; md10_low  ; chan       ; md10_low     ; md8_low     ; -0.500       ; 10.000     ; 10.000     ;
; -3.500 ; md10_low  ; int_en     ; md10_low     ; md8_low     ; -0.500       ; 10.000     ; 10.000     ;
; -3.500 ; md10_low  ; erase      ; md10_low     ; md8_low     ; -0.500       ; 10.000     ; 10.000     ;
; -3.500 ; md9_low   ; write_thru ; md9_low      ; md8_low     ; -0.500       ; 10.000     ; 10.000     ;
; -3.500 ; md9_low   ; store      ; md9_low      ; md8_low     ; -0.500       ; 10.000     ; 10.000     ;
; -3.500 ; md9_low   ; color      ; md9_low      ; md8_low     ; -0.500       ; 10.000     ; 10.000     ;
; -3.500 ; md9_low   ; chan       ; md9_low      ; md8_low     ; -0.500       ; 10.000     ; 10.000     ;
; -3.500 ; md9_low   ; int_en     ; md9_low      ; md8_low     ; -0.500       ; 10.000     ; 10.000     ;
; -3.500 ; md9_low   ; erase      ; md9_low      ; md8_low     ; -0.500       ; 10.000     ; 10.000     ;
; -3.500 ; pause_low ; write_thru ; pause_low    ; md8_low     ; -0.500       ; 10.000     ; 10.000     ;
; -3.500 ; pause_low ; store      ; pause_low    ; md8_low     ; -0.500       ; 10.000     ; 10.000     ;
; -3.500 ; pause_low ; color      ; pause_low    ; md8_low     ; -0.500       ; 10.000     ; 10.000     ;
; -3.500 ; pause_low ; chan       ; pause_low    ; md8_low     ; -0.500       ; 10.000     ; 10.000     ;
; -3.500 ; pause_low ; int_en     ; pause_low    ; md8_low     ; -0.500       ; 10.000     ; 10.000     ;
; -3.500 ; pause_low ; erase      ; pause_low    ; md8_low     ; -0.500       ; 10.000     ; 10.000     ;
; -3.500 ; md7_low   ; write_thru ; md7_low      ; md8_low     ; -0.500       ; 10.000     ; 10.000     ;
; -3.500 ; md7_low   ; store      ; md7_low      ; md8_low     ; -0.500       ; 10.000     ; 10.000     ;
; -3.500 ; md7_low   ; color      ; md7_low      ; md8_low     ; -0.500       ; 10.000     ; 10.000     ;
; -3.500 ; md7_low   ; chan       ; md7_low      ; md8_low     ; -0.500       ; 10.000     ; 10.000     ;
; -3.500 ; md7_low   ; int_en     ; md7_low      ; md8_low     ; -0.500       ; 10.000     ; 10.000     ;
; -3.500 ; md7_low   ; erase      ; md7_low      ; md8_low     ; -0.500       ; 10.000     ; 10.000     ;
; -3.500 ; md6_low   ; write_thru ; md6_low      ; md8_low     ; -0.500       ; 10.000     ; 10.000     ;
; -3.500 ; md6_low   ; store      ; md6_low      ; md8_low     ; -0.500       ; 10.000     ; 10.000     ;
; -3.500 ; md6_low   ; color      ; md6_low      ; md8_low     ; -0.500       ; 10.000     ; 10.000     ;
; -3.500 ; md6_low   ; chan       ; md6_low      ; md8_low     ; -0.500       ; 10.000     ; 10.000     ;
; -3.500 ; md6_low   ; int_en     ; md6_low      ; md8_low     ; -0.500       ; 10.000     ; 10.000     ;
; -3.500 ; md6_low   ; erase      ; md6_low      ; md8_low     ; -0.500       ; 10.000     ; 10.000     ;
; -3.500 ; md4_low   ; write_thru ; md4_low      ; md8_low     ; -0.500       ; 10.000     ; 10.000     ;
; -3.500 ; md4_low   ; store      ; md4_low      ; md8_low     ; -0.500       ; 10.000     ; 10.000     ;
; -3.500 ; md4_low   ; color      ; md4_low      ; md8_low     ; -0.500       ; 10.000     ; 10.000     ;
; -3.500 ; md4_low   ; chan       ; md4_low      ; md8_low     ; -0.500       ; 10.000     ; 10.000     ;
; -3.500 ; md4_low   ; int_en     ; md4_low      ; md8_low     ; -0.500       ; 10.000     ; 10.000     ;
; -3.500 ; md4_low   ; erase      ; md4_low      ; md8_low     ; -0.500       ; 10.000     ; 10.000     ;
; -3.500 ; md3_low   ; write_thru ; md3_low      ; md8_low     ; -0.500       ; 10.000     ; 10.000     ;
; -3.500 ; md3_low   ; store      ; md3_low      ; md8_low     ; -0.500       ; 10.000     ; 10.000     ;
; -3.500 ; md3_low   ; color      ; md3_low      ; md8_low     ; -0.500       ; 10.000     ; 10.000     ;
; -3.500 ; md3_low   ; chan       ; md3_low      ; md8_low     ; -0.500       ; 10.000     ; 10.000     ;
+--------+-----------+------------+--------------+-------------+--------------+------------+------------+


+-------------------------------------------------------------------------------------------------------+
; Hold: 'md9_low'                                                                                       ;
+--------+-----------+------------+--------------+-------------+--------------+------------+------------+
; Slack  ; From Node ; To Node    ; Launch Clock ; Latch Clock ; Relationship ; Clock Skew ; Data Delay ;
+--------+-----------+------------+--------------+-------------+--------------+------------+------------+
; -4.000 ; md10_low  ; write_thru ; md10_low     ; md9_low     ; 0.000        ; 10.000     ; 10.000     ;
; -4.000 ; md10_low  ; store      ; md10_low     ; md9_low     ; 0.000        ; 10.000     ; 10.000     ;
; -4.000 ; md10_low  ; color      ; md10_low     ; md9_low     ; 0.000        ; 10.000     ; 10.000     ;
; -4.000 ; md10_low  ; chan       ; md10_low     ; md9_low     ; 0.000        ; 10.000     ; 10.000     ;
; -4.000 ; md10_low  ; int_en     ; md10_low     ; md9_low     ; 0.000        ; 10.000     ; 10.000     ;
; -4.000 ; md10_low  ; erase      ; md10_low     ; md9_low     ; 0.000        ; 10.000     ; 10.000     ;
; -4.000 ; md9_low   ; write_thru ; md9_low      ; md9_low     ; 0.000        ; 10.000     ; 10.000     ;
; -4.000 ; md9_low   ; store      ; md9_low      ; md9_low     ; 0.000        ; 10.000     ; 10.000     ;
; -4.000 ; md9_low   ; color      ; md9_low      ; md9_low     ; 0.000        ; 10.000     ; 10.000     ;
; -4.000 ; md9_low   ; chan       ; md9_low      ; md9_low     ; 0.000        ; 10.000     ; 10.000     ;
; -4.000 ; md9_low   ; int_en     ; md9_low      ; md9_low     ; 0.000        ; 10.000     ; 10.000     ;
; -4.000 ; md9_low   ; erase      ; md9_low      ; md9_low     ; 0.000        ; 10.000     ; 10.000     ;
; -4.000 ; pause_low ; write_thru ; pause_low    ; md9_low     ; 0.000        ; 10.000     ; 10.000     ;
; -4.000 ; pause_low ; store      ; pause_low    ; md9_low     ; 0.000        ; 10.000     ; 10.000     ;
; -4.000 ; pause_low ; color      ; pause_low    ; md9_low     ; 0.000        ; 10.000     ; 10.000     ;
; -4.000 ; pause_low ; chan       ; pause_low    ; md9_low     ; 0.000        ; 10.000     ; 10.000     ;
; -4.000 ; pause_low ; int_en     ; pause_low    ; md9_low     ; 0.000        ; 10.000     ; 10.000     ;
; -4.000 ; pause_low ; erase      ; pause_low    ; md9_low     ; 0.000        ; 10.000     ; 10.000     ;
; -4.000 ; md7_low   ; write_thru ; md7_low      ; md9_low     ; 0.000        ; 10.000     ; 10.000     ;
; -4.000 ; md7_low   ; store      ; md7_low      ; md9_low     ; 0.000        ; 10.000     ; 10.000     ;
; -4.000 ; md7_low   ; color      ; md7_low      ; md9_low     ; 0.000        ; 10.000     ; 10.000     ;
; -4.000 ; md7_low   ; chan       ; md7_low      ; md9_low     ; 0.000        ; 10.000     ; 10.000     ;
; -4.000 ; md7_low   ; int_en     ; md7_low      ; md9_low     ; 0.000        ; 10.000     ; 10.000     ;
; -4.000 ; md7_low   ; erase      ; md7_low      ; md9_low     ; 0.000        ; 10.000     ; 10.000     ;
; -4.000 ; md6_low   ; write_thru ; md6_low      ; md9_low     ; 0.000        ; 10.000     ; 10.000     ;
; -4.000 ; md6_low   ; store      ; md6_low      ; md9_low     ; 0.000        ; 10.000     ; 10.000     ;
; -4.000 ; md6_low   ; color      ; md6_low      ; md9_low     ; 0.000        ; 10.000     ; 10.000     ;
; -4.000 ; md6_low   ; chan       ; md6_low      ; md9_low     ; 0.000        ; 10.000     ; 10.000     ;
; -4.000 ; md6_low   ; int_en     ; md6_low      ; md9_low     ; 0.000        ; 10.000     ; 10.000     ;
; -4.000 ; md6_low   ; erase      ; md6_low      ; md9_low     ; 0.000        ; 10.000     ; 10.000     ;
; -4.000 ; md4_low   ; write_thru ; md4_low      ; md9_low     ; 0.000        ; 10.000     ; 10.000     ;
; -4.000 ; md4_low   ; store      ; md4_low      ; md9_low     ; 0.000        ; 10.000     ; 10.000     ;
; -4.000 ; md4_low   ; color      ; md4_low      ; md9_low     ; 0.000        ; 10.000     ; 10.000     ;
; -4.000 ; md4_low   ; chan       ; md4_low      ; md9_low     ; 0.000        ; 10.000     ; 10.000     ;
; -4.000 ; md4_low   ; int_en     ; md4_low      ; md9_low     ; 0.000        ; 10.000     ; 10.000     ;
; -4.000 ; md4_low   ; erase      ; md4_low      ; md9_low     ; 0.000        ; 10.000     ; 10.000     ;
; -4.000 ; md3_low   ; write_thru ; md3_low      ; md9_low     ; 0.000        ; 10.000     ; 10.000     ;
; -4.000 ; md3_low   ; store      ; md3_low      ; md9_low     ; 0.000        ; 10.000     ; 10.000     ;
; -4.000 ; md3_low   ; color      ; md3_low      ; md9_low     ; 0.000        ; 10.000     ; 10.000     ;
; -4.000 ; md3_low   ; chan       ; md3_low      ; md9_low     ; 0.000        ; 10.000     ; 10.000     ;
; -4.000 ; md3_low   ; int_en     ; md3_low      ; md9_low     ; 0.000        ; 10.000     ; 10.000     ;
; -4.000 ; md3_low   ; erase      ; md3_low      ; md9_low     ; 0.000        ; 10.000     ; 10.000     ;
; -4.000 ; md8_low   ; write_thru ; md8_low      ; md9_low     ; 0.000        ; 10.000     ; 10.000     ;
; -4.000 ; md8_low   ; store      ; md8_low      ; md9_low     ; 0.000        ; 10.000     ; 10.000     ;
; -4.000 ; md8_low   ; color      ; md8_low      ; md9_low     ; 0.000        ; 10.000     ; 10.000     ;
; -4.000 ; md8_low   ; chan       ; md8_low      ; md9_low     ; 0.000        ; 10.000     ; 10.000     ;
; -4.000 ; md8_low   ; int_en     ; md8_low      ; md9_low     ; 0.000        ; 10.000     ; 10.000     ;
; -4.000 ; md8_low   ; erase      ; md8_low      ; md9_low     ; 0.000        ; 10.000     ; 10.000     ;
; -4.000 ; md5_low   ; write_thru ; md5_low      ; md9_low     ; 0.000        ; 10.000     ; 10.000     ;
; -4.000 ; md5_low   ; store      ; md5_low      ; md9_low     ; 0.000        ; 10.000     ; 10.000     ;
; -4.000 ; md5_low   ; color      ; md5_low      ; md9_low     ; 0.000        ; 10.000     ; 10.000     ;
; -4.000 ; md5_low   ; chan       ; md5_low      ; md9_low     ; 0.000        ; 10.000     ; 10.000     ;
; -4.000 ; md5_low   ; int_en     ; md5_low      ; md9_low     ; 0.000        ; 10.000     ; 10.000     ;
; -4.000 ; md5_low   ; erase      ; md5_low      ; md9_low     ; 0.000        ; 10.000     ; 10.000     ;
; -4.000 ; md11_low  ; write_thru ; md11_low     ; md9_low     ; 0.000        ; 10.000     ; 10.000     ;
; -4.000 ; md11_low  ; store      ; md11_low     ; md9_low     ; 0.000        ; 10.000     ; 10.000     ;
; -4.000 ; md11_low  ; color      ; md11_low     ; md9_low     ; 0.000        ; 10.000     ; 10.000     ;
; -4.000 ; md11_low  ; chan       ; md11_low     ; md9_low     ; 0.000        ; 10.000     ; 10.000     ;
; -4.000 ; md11_low  ; int_en     ; md11_low     ; md9_low     ; 0.000        ; 10.000     ; 10.000     ;
; -4.000 ; md11_low  ; erase      ; md11_low     ; md9_low     ; 0.000        ; 10.000     ; 10.000     ;
; -3.500 ; md10_low  ; write_thru ; md10_low     ; md9_low     ; -0.500       ; 10.000     ; 10.000     ;
; -3.500 ; md10_low  ; store      ; md10_low     ; md9_low     ; -0.500       ; 10.000     ; 10.000     ;
; -3.500 ; md10_low  ; color      ; md10_low     ; md9_low     ; -0.500       ; 10.000     ; 10.000     ;
; -3.500 ; md10_low  ; chan       ; md10_low     ; md9_low     ; -0.500       ; 10.000     ; 10.000     ;
; -3.500 ; md10_low  ; int_en     ; md10_low     ; md9_low     ; -0.500       ; 10.000     ; 10.000     ;
; -3.500 ; md10_low  ; erase      ; md10_low     ; md9_low     ; -0.500       ; 10.000     ; 10.000     ;
; -3.500 ; md9_low   ; write_thru ; md9_low      ; md9_low     ; -0.500       ; 10.000     ; 10.000     ;
; -3.500 ; md9_low   ; store      ; md9_low      ; md9_low     ; -0.500       ; 10.000     ; 10.000     ;
; -3.500 ; md9_low   ; color      ; md9_low      ; md9_low     ; -0.500       ; 10.000     ; 10.000     ;
; -3.500 ; md9_low   ; chan       ; md9_low      ; md9_low     ; -0.500       ; 10.000     ; 10.000     ;
; -3.500 ; md9_low   ; int_en     ; md9_low      ; md9_low     ; -0.500       ; 10.000     ; 10.000     ;
; -3.500 ; md9_low   ; erase      ; md9_low      ; md9_low     ; -0.500       ; 10.000     ; 10.000     ;
; -3.500 ; pause_low ; write_thru ; pause_low    ; md9_low     ; -0.500       ; 10.000     ; 10.000     ;
; -3.500 ; pause_low ; store      ; pause_low    ; md9_low     ; -0.500       ; 10.000     ; 10.000     ;
; -3.500 ; pause_low ; color      ; pause_low    ; md9_low     ; -0.500       ; 10.000     ; 10.000     ;
; -3.500 ; pause_low ; chan       ; pause_low    ; md9_low     ; -0.500       ; 10.000     ; 10.000     ;
; -3.500 ; pause_low ; int_en     ; pause_low    ; md9_low     ; -0.500       ; 10.000     ; 10.000     ;
; -3.500 ; pause_low ; erase      ; pause_low    ; md9_low     ; -0.500       ; 10.000     ; 10.000     ;
; -3.500 ; md7_low   ; write_thru ; md7_low      ; md9_low     ; -0.500       ; 10.000     ; 10.000     ;
; -3.500 ; md7_low   ; store      ; md7_low      ; md9_low     ; -0.500       ; 10.000     ; 10.000     ;
; -3.500 ; md7_low   ; color      ; md7_low      ; md9_low     ; -0.500       ; 10.000     ; 10.000     ;
; -3.500 ; md7_low   ; chan       ; md7_low      ; md9_low     ; -0.500       ; 10.000     ; 10.000     ;
; -3.500 ; md7_low   ; int_en     ; md7_low      ; md9_low     ; -0.500       ; 10.000     ; 10.000     ;
; -3.500 ; md7_low   ; erase      ; md7_low      ; md9_low     ; -0.500       ; 10.000     ; 10.000     ;
; -3.500 ; md6_low   ; write_thru ; md6_low      ; md9_low     ; -0.500       ; 10.000     ; 10.000     ;
; -3.500 ; md6_low   ; store      ; md6_low      ; md9_low     ; -0.500       ; 10.000     ; 10.000     ;
; -3.500 ; md6_low   ; color      ; md6_low      ; md9_low     ; -0.500       ; 10.000     ; 10.000     ;
; -3.500 ; md6_low   ; chan       ; md6_low      ; md9_low     ; -0.500       ; 10.000     ; 10.000     ;
; -3.500 ; md6_low   ; int_en     ; md6_low      ; md9_low     ; -0.500       ; 10.000     ; 10.000     ;
; -3.500 ; md6_low   ; erase      ; md6_low      ; md9_low     ; -0.500       ; 10.000     ; 10.000     ;
; -3.500 ; md4_low   ; write_thru ; md4_low      ; md9_low     ; -0.500       ; 10.000     ; 10.000     ;
; -3.500 ; md4_low   ; store      ; md4_low      ; md9_low     ; -0.500       ; 10.000     ; 10.000     ;
; -3.500 ; md4_low   ; color      ; md4_low      ; md9_low     ; -0.500       ; 10.000     ; 10.000     ;
; -3.500 ; md4_low   ; chan       ; md4_low      ; md9_low     ; -0.500       ; 10.000     ; 10.000     ;
; -3.500 ; md4_low   ; int_en     ; md4_low      ; md9_low     ; -0.500       ; 10.000     ; 10.000     ;
; -3.500 ; md4_low   ; erase      ; md4_low      ; md9_low     ; -0.500       ; 10.000     ; 10.000     ;
; -3.500 ; md3_low   ; write_thru ; md3_low      ; md9_low     ; -0.500       ; 10.000     ; 10.000     ;
; -3.500 ; md3_low   ; store      ; md3_low      ; md9_low     ; -0.500       ; 10.000     ; 10.000     ;
; -3.500 ; md3_low   ; color      ; md3_low      ; md9_low     ; -0.500       ; 10.000     ; 10.000     ;
; -3.500 ; md3_low   ; chan       ; md3_low      ; md9_low     ; -0.500       ; 10.000     ; 10.000     ;
+--------+-----------+------------+--------------+-------------+--------------+------------+------------+


+-------------------------------------------------------------------------------------------------------+
; Hold: 'pause_low'                                                                                     ;
+--------+-----------+------------+--------------+-------------+--------------+------------+------------+
; Slack  ; From Node ; To Node    ; Launch Clock ; Latch Clock ; Relationship ; Clock Skew ; Data Delay ;
+--------+-----------+------------+--------------+-------------+--------------+------------+------------+
; -4.000 ; md10_low  ; write_thru ; md10_low     ; pause_low   ; 0.000        ; 10.000     ; 10.000     ;
; -4.000 ; md10_low  ; store      ; md10_low     ; pause_low   ; 0.000        ; 10.000     ; 10.000     ;
; -4.000 ; md10_low  ; color      ; md10_low     ; pause_low   ; 0.000        ; 10.000     ; 10.000     ;
; -4.000 ; md10_low  ; chan       ; md10_low     ; pause_low   ; 0.000        ; 10.000     ; 10.000     ;
; -4.000 ; md10_low  ; int_en     ; md10_low     ; pause_low   ; 0.000        ; 10.000     ; 10.000     ;
; -4.000 ; md10_low  ; erase      ; md10_low     ; pause_low   ; 0.000        ; 10.000     ; 10.000     ;
; -4.000 ; md9_low   ; write_thru ; md9_low      ; pause_low   ; 0.000        ; 10.000     ; 10.000     ;
; -4.000 ; md9_low   ; store      ; md9_low      ; pause_low   ; 0.000        ; 10.000     ; 10.000     ;
; -4.000 ; md9_low   ; color      ; md9_low      ; pause_low   ; 0.000        ; 10.000     ; 10.000     ;
; -4.000 ; md9_low   ; chan       ; md9_low      ; pause_low   ; 0.000        ; 10.000     ; 10.000     ;
; -4.000 ; md9_low   ; int_en     ; md9_low      ; pause_low   ; 0.000        ; 10.000     ; 10.000     ;
; -4.000 ; md9_low   ; erase      ; md9_low      ; pause_low   ; 0.000        ; 10.000     ; 10.000     ;
; -4.000 ; pause_low ; write_thru ; pause_low    ; pause_low   ; 0.000        ; 10.000     ; 10.000     ;
; -4.000 ; pause_low ; store      ; pause_low    ; pause_low   ; 0.000        ; 10.000     ; 10.000     ;
; -4.000 ; pause_low ; color      ; pause_low    ; pause_low   ; 0.000        ; 10.000     ; 10.000     ;
; -4.000 ; pause_low ; chan       ; pause_low    ; pause_low   ; 0.000        ; 10.000     ; 10.000     ;
; -4.000 ; pause_low ; int_en     ; pause_low    ; pause_low   ; 0.000        ; 10.000     ; 10.000     ;
; -4.000 ; pause_low ; erase      ; pause_low    ; pause_low   ; 0.000        ; 10.000     ; 10.000     ;
; -4.000 ; md7_low   ; write_thru ; md7_low      ; pause_low   ; 0.000        ; 10.000     ; 10.000     ;
; -4.000 ; md7_low   ; store      ; md7_low      ; pause_low   ; 0.000        ; 10.000     ; 10.000     ;
; -4.000 ; md7_low   ; color      ; md7_low      ; pause_low   ; 0.000        ; 10.000     ; 10.000     ;
; -4.000 ; md7_low   ; chan       ; md7_low      ; pause_low   ; 0.000        ; 10.000     ; 10.000     ;
; -4.000 ; md7_low   ; int_en     ; md7_low      ; pause_low   ; 0.000        ; 10.000     ; 10.000     ;
; -4.000 ; md7_low   ; erase      ; md7_low      ; pause_low   ; 0.000        ; 10.000     ; 10.000     ;
; -4.000 ; md6_low   ; write_thru ; md6_low      ; pause_low   ; 0.000        ; 10.000     ; 10.000     ;
; -4.000 ; md6_low   ; store      ; md6_low      ; pause_low   ; 0.000        ; 10.000     ; 10.000     ;
; -4.000 ; md6_low   ; color      ; md6_low      ; pause_low   ; 0.000        ; 10.000     ; 10.000     ;
; -4.000 ; md6_low   ; chan       ; md6_low      ; pause_low   ; 0.000        ; 10.000     ; 10.000     ;
; -4.000 ; md6_low   ; int_en     ; md6_low      ; pause_low   ; 0.000        ; 10.000     ; 10.000     ;
; -4.000 ; md6_low   ; erase      ; md6_low      ; pause_low   ; 0.000        ; 10.000     ; 10.000     ;
; -4.000 ; md4_low   ; write_thru ; md4_low      ; pause_low   ; 0.000        ; 10.000     ; 10.000     ;
; -4.000 ; md4_low   ; store      ; md4_low      ; pause_low   ; 0.000        ; 10.000     ; 10.000     ;
; -4.000 ; md4_low   ; color      ; md4_low      ; pause_low   ; 0.000        ; 10.000     ; 10.000     ;
; -4.000 ; md4_low   ; chan       ; md4_low      ; pause_low   ; 0.000        ; 10.000     ; 10.000     ;
; -4.000 ; md4_low   ; int_en     ; md4_low      ; pause_low   ; 0.000        ; 10.000     ; 10.000     ;
; -4.000 ; md4_low   ; erase      ; md4_low      ; pause_low   ; 0.000        ; 10.000     ; 10.000     ;
; -4.000 ; md3_low   ; write_thru ; md3_low      ; pause_low   ; 0.000        ; 10.000     ; 10.000     ;
; -4.000 ; md3_low   ; store      ; md3_low      ; pause_low   ; 0.000        ; 10.000     ; 10.000     ;
; -4.000 ; md3_low   ; color      ; md3_low      ; pause_low   ; 0.000        ; 10.000     ; 10.000     ;
; -4.000 ; md3_low   ; chan       ; md3_low      ; pause_low   ; 0.000        ; 10.000     ; 10.000     ;
; -4.000 ; md3_low   ; int_en     ; md3_low      ; pause_low   ; 0.000        ; 10.000     ; 10.000     ;
; -4.000 ; md3_low   ; erase      ; md3_low      ; pause_low   ; 0.000        ; 10.000     ; 10.000     ;
; -4.000 ; md8_low   ; write_thru ; md8_low      ; pause_low   ; 0.000        ; 10.000     ; 10.000     ;
; -4.000 ; md8_low   ; store      ; md8_low      ; pause_low   ; 0.000        ; 10.000     ; 10.000     ;
; -4.000 ; md8_low   ; color      ; md8_low      ; pause_low   ; 0.000        ; 10.000     ; 10.000     ;
; -4.000 ; md8_low   ; chan       ; md8_low      ; pause_low   ; 0.000        ; 10.000     ; 10.000     ;
; -4.000 ; md8_low   ; int_en     ; md8_low      ; pause_low   ; 0.000        ; 10.000     ; 10.000     ;
; -4.000 ; md8_low   ; erase      ; md8_low      ; pause_low   ; 0.000        ; 10.000     ; 10.000     ;
; -4.000 ; md5_low   ; write_thru ; md5_low      ; pause_low   ; 0.000        ; 10.000     ; 10.000     ;
; -4.000 ; md5_low   ; store      ; md5_low      ; pause_low   ; 0.000        ; 10.000     ; 10.000     ;
; -4.000 ; md5_low   ; color      ; md5_low      ; pause_low   ; 0.000        ; 10.000     ; 10.000     ;
; -4.000 ; md5_low   ; chan       ; md5_low      ; pause_low   ; 0.000        ; 10.000     ; 10.000     ;
; -4.000 ; md5_low   ; int_en     ; md5_low      ; pause_low   ; 0.000        ; 10.000     ; 10.000     ;
; -4.000 ; md5_low   ; erase      ; md5_low      ; pause_low   ; 0.000        ; 10.000     ; 10.000     ;
; -4.000 ; md11_low  ; write_thru ; md11_low     ; pause_low   ; 0.000        ; 10.000     ; 10.000     ;
; -4.000 ; md11_low  ; store      ; md11_low     ; pause_low   ; 0.000        ; 10.000     ; 10.000     ;
; -4.000 ; md11_low  ; color      ; md11_low     ; pause_low   ; 0.000        ; 10.000     ; 10.000     ;
; -4.000 ; md11_low  ; chan       ; md11_low     ; pause_low   ; 0.000        ; 10.000     ; 10.000     ;
; -4.000 ; md11_low  ; int_en     ; md11_low     ; pause_low   ; 0.000        ; 10.000     ; 10.000     ;
; -4.000 ; md11_low  ; erase      ; md11_low     ; pause_low   ; 0.000        ; 10.000     ; 10.000     ;
; -3.500 ; md10_low  ; write_thru ; md10_low     ; pause_low   ; -0.500       ; 10.000     ; 10.000     ;
; -3.500 ; md10_low  ; store      ; md10_low     ; pause_low   ; -0.500       ; 10.000     ; 10.000     ;
; -3.500 ; md10_low  ; color      ; md10_low     ; pause_low   ; -0.500       ; 10.000     ; 10.000     ;
; -3.500 ; md10_low  ; chan       ; md10_low     ; pause_low   ; -0.500       ; 10.000     ; 10.000     ;
; -3.500 ; md10_low  ; int_en     ; md10_low     ; pause_low   ; -0.500       ; 10.000     ; 10.000     ;
; -3.500 ; md10_low  ; erase      ; md10_low     ; pause_low   ; -0.500       ; 10.000     ; 10.000     ;
; -3.500 ; md9_low   ; write_thru ; md9_low      ; pause_low   ; -0.500       ; 10.000     ; 10.000     ;
; -3.500 ; md9_low   ; store      ; md9_low      ; pause_low   ; -0.500       ; 10.000     ; 10.000     ;
; -3.500 ; md9_low   ; color      ; md9_low      ; pause_low   ; -0.500       ; 10.000     ; 10.000     ;
; -3.500 ; md9_low   ; chan       ; md9_low      ; pause_low   ; -0.500       ; 10.000     ; 10.000     ;
; -3.500 ; md9_low   ; int_en     ; md9_low      ; pause_low   ; -0.500       ; 10.000     ; 10.000     ;
; -3.500 ; md9_low   ; erase      ; md9_low      ; pause_low   ; -0.500       ; 10.000     ; 10.000     ;
; -3.500 ; pause_low ; write_thru ; pause_low    ; pause_low   ; -0.500       ; 10.000     ; 10.000     ;
; -3.500 ; pause_low ; store      ; pause_low    ; pause_low   ; -0.500       ; 10.000     ; 10.000     ;
; -3.500 ; pause_low ; color      ; pause_low    ; pause_low   ; -0.500       ; 10.000     ; 10.000     ;
; -3.500 ; pause_low ; chan       ; pause_low    ; pause_low   ; -0.500       ; 10.000     ; 10.000     ;
; -3.500 ; pause_low ; int_en     ; pause_low    ; pause_low   ; -0.500       ; 10.000     ; 10.000     ;
; -3.500 ; pause_low ; erase      ; pause_low    ; pause_low   ; -0.500       ; 10.000     ; 10.000     ;
; -3.500 ; md7_low   ; write_thru ; md7_low      ; pause_low   ; -0.500       ; 10.000     ; 10.000     ;
; -3.500 ; md7_low   ; store      ; md7_low      ; pause_low   ; -0.500       ; 10.000     ; 10.000     ;
; -3.500 ; md7_low   ; color      ; md7_low      ; pause_low   ; -0.500       ; 10.000     ; 10.000     ;
; -3.500 ; md7_low   ; chan       ; md7_low      ; pause_low   ; -0.500       ; 10.000     ; 10.000     ;
; -3.500 ; md7_low   ; int_en     ; md7_low      ; pause_low   ; -0.500       ; 10.000     ; 10.000     ;
; -3.500 ; md7_low   ; erase      ; md7_low      ; pause_low   ; -0.500       ; 10.000     ; 10.000     ;
; -3.500 ; md6_low   ; write_thru ; md6_low      ; pause_low   ; -0.500       ; 10.000     ; 10.000     ;
; -3.500 ; md6_low   ; store      ; md6_low      ; pause_low   ; -0.500       ; 10.000     ; 10.000     ;
; -3.500 ; md6_low   ; color      ; md6_low      ; pause_low   ; -0.500       ; 10.000     ; 10.000     ;
; -3.500 ; md6_low   ; chan       ; md6_low      ; pause_low   ; -0.500       ; 10.000     ; 10.000     ;
; -3.500 ; md6_low   ; int_en     ; md6_low      ; pause_low   ; -0.500       ; 10.000     ; 10.000     ;
; -3.500 ; md6_low   ; erase      ; md6_low      ; pause_low   ; -0.500       ; 10.000     ; 10.000     ;
; -3.500 ; md4_low   ; write_thru ; md4_low      ; pause_low   ; -0.500       ; 10.000     ; 10.000     ;
; -3.500 ; md4_low   ; store      ; md4_low      ; pause_low   ; -0.500       ; 10.000     ; 10.000     ;
; -3.500 ; md4_low   ; color      ; md4_low      ; pause_low   ; -0.500       ; 10.000     ; 10.000     ;
; -3.500 ; md4_low   ; chan       ; md4_low      ; pause_low   ; -0.500       ; 10.000     ; 10.000     ;
; -3.500 ; md4_low   ; int_en     ; md4_low      ; pause_low   ; -0.500       ; 10.000     ; 10.000     ;
; -3.500 ; md4_low   ; erase      ; md4_low      ; pause_low   ; -0.500       ; 10.000     ; 10.000     ;
; -3.500 ; md3_low   ; write_thru ; md3_low      ; pause_low   ; -0.500       ; 10.000     ; 10.000     ;
; -3.500 ; md3_low   ; store      ; md3_low      ; pause_low   ; -0.500       ; 10.000     ; 10.000     ;
; -3.500 ; md3_low   ; color      ; md3_low      ; pause_low   ; -0.500       ; 10.000     ; 10.000     ;
; -3.500 ; md3_low   ; chan       ; md3_low      ; pause_low   ; -0.500       ; 10.000     ; 10.000     ;
+--------+-----------+------------+--------------+-------------+--------------+------------+------------+


+-------------------------------------------------------------------------------------------------------+
; Hold: 'tp3'                                                                                           ;
+--------+-----------+------------+--------------+-------------+--------------+------------+------------+
; Slack  ; From Node ; To Node    ; Launch Clock ; Latch Clock ; Relationship ; Clock Skew ; Data Delay ;
+--------+-----------+------------+--------------+-------------+--------------+------------+------------+
; -4.000 ; md10_low  ; write_thru ; md10_low     ; tp3         ; 0.000        ; 10.000     ; 10.000     ;
; -4.000 ; md10_low  ; store      ; md10_low     ; tp3         ; 0.000        ; 10.000     ; 10.000     ;
; -4.000 ; md10_low  ; color      ; md10_low     ; tp3         ; 0.000        ; 10.000     ; 10.000     ;
; -4.000 ; md10_low  ; chan       ; md10_low     ; tp3         ; 0.000        ; 10.000     ; 10.000     ;
; -4.000 ; md10_low  ; int_en     ; md10_low     ; tp3         ; 0.000        ; 10.000     ; 10.000     ;
; -4.000 ; md10_low  ; erase      ; md10_low     ; tp3         ; 0.000        ; 10.000     ; 10.000     ;
; -4.000 ; md9_low   ; write_thru ; md9_low      ; tp3         ; 0.000        ; 10.000     ; 10.000     ;
; -4.000 ; md9_low   ; store      ; md9_low      ; tp3         ; 0.000        ; 10.000     ; 10.000     ;
; -4.000 ; md9_low   ; color      ; md9_low      ; tp3         ; 0.000        ; 10.000     ; 10.000     ;
; -4.000 ; md9_low   ; chan       ; md9_low      ; tp3         ; 0.000        ; 10.000     ; 10.000     ;
; -4.000 ; md9_low   ; int_en     ; md9_low      ; tp3         ; 0.000        ; 10.000     ; 10.000     ;
; -4.000 ; md9_low   ; erase      ; md9_low      ; tp3         ; 0.000        ; 10.000     ; 10.000     ;
; -4.000 ; pause_low ; write_thru ; pause_low    ; tp3         ; 0.000        ; 10.000     ; 10.000     ;
; -4.000 ; pause_low ; store      ; pause_low    ; tp3         ; 0.000        ; 10.000     ; 10.000     ;
; -4.000 ; pause_low ; color      ; pause_low    ; tp3         ; 0.000        ; 10.000     ; 10.000     ;
; -4.000 ; pause_low ; chan       ; pause_low    ; tp3         ; 0.000        ; 10.000     ; 10.000     ;
; -4.000 ; pause_low ; int_en     ; pause_low    ; tp3         ; 0.000        ; 10.000     ; 10.000     ;
; -4.000 ; pause_low ; erase      ; pause_low    ; tp3         ; 0.000        ; 10.000     ; 10.000     ;
; -4.000 ; md7_low   ; write_thru ; md7_low      ; tp3         ; 0.000        ; 10.000     ; 10.000     ;
; -4.000 ; md7_low   ; store      ; md7_low      ; tp3         ; 0.000        ; 10.000     ; 10.000     ;
; -4.000 ; md7_low   ; color      ; md7_low      ; tp3         ; 0.000        ; 10.000     ; 10.000     ;
; -4.000 ; md7_low   ; chan       ; md7_low      ; tp3         ; 0.000        ; 10.000     ; 10.000     ;
; -4.000 ; md7_low   ; int_en     ; md7_low      ; tp3         ; 0.000        ; 10.000     ; 10.000     ;
; -4.000 ; md7_low   ; erase      ; md7_low      ; tp3         ; 0.000        ; 10.000     ; 10.000     ;
; -4.000 ; md6_low   ; write_thru ; md6_low      ; tp3         ; 0.000        ; 10.000     ; 10.000     ;
; -4.000 ; md6_low   ; store      ; md6_low      ; tp3         ; 0.000        ; 10.000     ; 10.000     ;
; -4.000 ; md6_low   ; color      ; md6_low      ; tp3         ; 0.000        ; 10.000     ; 10.000     ;
; -4.000 ; md6_low   ; chan       ; md6_low      ; tp3         ; 0.000        ; 10.000     ; 10.000     ;
; -4.000 ; md6_low   ; int_en     ; md6_low      ; tp3         ; 0.000        ; 10.000     ; 10.000     ;
; -4.000 ; md6_low   ; erase      ; md6_low      ; tp3         ; 0.000        ; 10.000     ; 10.000     ;
; -4.000 ; md4_low   ; write_thru ; md4_low      ; tp3         ; 0.000        ; 10.000     ; 10.000     ;
; -4.000 ; md4_low   ; store      ; md4_low      ; tp3         ; 0.000        ; 10.000     ; 10.000     ;
; -4.000 ; md4_low   ; color      ; md4_low      ; tp3         ; 0.000        ; 10.000     ; 10.000     ;
; -4.000 ; md4_low   ; chan       ; md4_low      ; tp3         ; 0.000        ; 10.000     ; 10.000     ;
; -4.000 ; md4_low   ; int_en     ; md4_low      ; tp3         ; 0.000        ; 10.000     ; 10.000     ;
; -4.000 ; md4_low   ; erase      ; md4_low      ; tp3         ; 0.000        ; 10.000     ; 10.000     ;
; -4.000 ; md3_low   ; write_thru ; md3_low      ; tp3         ; 0.000        ; 10.000     ; 10.000     ;
; -4.000 ; md3_low   ; store      ; md3_low      ; tp3         ; 0.000        ; 10.000     ; 10.000     ;
; -4.000 ; md3_low   ; color      ; md3_low      ; tp3         ; 0.000        ; 10.000     ; 10.000     ;
; -4.000 ; md3_low   ; chan       ; md3_low      ; tp3         ; 0.000        ; 10.000     ; 10.000     ;
; -4.000 ; md3_low   ; int_en     ; md3_low      ; tp3         ; 0.000        ; 10.000     ; 10.000     ;
; -4.000 ; md3_low   ; erase      ; md3_low      ; tp3         ; 0.000        ; 10.000     ; 10.000     ;
; -4.000 ; md8_low   ; write_thru ; md8_low      ; tp3         ; 0.000        ; 10.000     ; 10.000     ;
; -4.000 ; md8_low   ; store      ; md8_low      ; tp3         ; 0.000        ; 10.000     ; 10.000     ;
; -4.000 ; md8_low   ; color      ; md8_low      ; tp3         ; 0.000        ; 10.000     ; 10.000     ;
; -4.000 ; md8_low   ; chan       ; md8_low      ; tp3         ; 0.000        ; 10.000     ; 10.000     ;
; -4.000 ; md8_low   ; int_en     ; md8_low      ; tp3         ; 0.000        ; 10.000     ; 10.000     ;
; -4.000 ; md8_low   ; erase      ; md8_low      ; tp3         ; 0.000        ; 10.000     ; 10.000     ;
; -4.000 ; md5_low   ; write_thru ; md5_low      ; tp3         ; 0.000        ; 10.000     ; 10.000     ;
; -4.000 ; md5_low   ; store      ; md5_low      ; tp3         ; 0.000        ; 10.000     ; 10.000     ;
; -4.000 ; md5_low   ; color      ; md5_low      ; tp3         ; 0.000        ; 10.000     ; 10.000     ;
; -4.000 ; md5_low   ; chan       ; md5_low      ; tp3         ; 0.000        ; 10.000     ; 10.000     ;
; -4.000 ; md5_low   ; int_en     ; md5_low      ; tp3         ; 0.000        ; 10.000     ; 10.000     ;
; -4.000 ; md5_low   ; erase      ; md5_low      ; tp3         ; 0.000        ; 10.000     ; 10.000     ;
; -4.000 ; md11_low  ; write_thru ; md11_low     ; tp3         ; 0.000        ; 10.000     ; 10.000     ;
; -4.000 ; md11_low  ; store      ; md11_low     ; tp3         ; 0.000        ; 10.000     ; 10.000     ;
; -4.000 ; md11_low  ; color      ; md11_low     ; tp3         ; 0.000        ; 10.000     ; 10.000     ;
; -4.000 ; md11_low  ; chan       ; md11_low     ; tp3         ; 0.000        ; 10.000     ; 10.000     ;
; -4.000 ; md11_low  ; int_en     ; md11_low     ; tp3         ; 0.000        ; 10.000     ; 10.000     ;
; -4.000 ; md11_low  ; erase      ; md11_low     ; tp3         ; 0.000        ; 10.000     ; 10.000     ;
; -3.500 ; md10_low  ; write_thru ; md10_low     ; tp3         ; -0.500       ; 10.000     ; 10.000     ;
; -3.500 ; md10_low  ; store      ; md10_low     ; tp3         ; -0.500       ; 10.000     ; 10.000     ;
; -3.500 ; md10_low  ; color      ; md10_low     ; tp3         ; -0.500       ; 10.000     ; 10.000     ;
; -3.500 ; md10_low  ; chan       ; md10_low     ; tp3         ; -0.500       ; 10.000     ; 10.000     ;
; -3.500 ; md10_low  ; int_en     ; md10_low     ; tp3         ; -0.500       ; 10.000     ; 10.000     ;
; -3.500 ; md10_low  ; erase      ; md10_low     ; tp3         ; -0.500       ; 10.000     ; 10.000     ;
; -3.500 ; md9_low   ; write_thru ; md9_low      ; tp3         ; -0.500       ; 10.000     ; 10.000     ;
; -3.500 ; md9_low   ; store      ; md9_low      ; tp3         ; -0.500       ; 10.000     ; 10.000     ;
; -3.500 ; md9_low   ; color      ; md9_low      ; tp3         ; -0.500       ; 10.000     ; 10.000     ;
; -3.500 ; md9_low   ; chan       ; md9_low      ; tp3         ; -0.500       ; 10.000     ; 10.000     ;
; -3.500 ; md9_low   ; int_en     ; md9_low      ; tp3         ; -0.500       ; 10.000     ; 10.000     ;
; -3.500 ; md9_low   ; erase      ; md9_low      ; tp3         ; -0.500       ; 10.000     ; 10.000     ;
; -3.500 ; pause_low ; write_thru ; pause_low    ; tp3         ; -0.500       ; 10.000     ; 10.000     ;
; -3.500 ; pause_low ; store      ; pause_low    ; tp3         ; -0.500       ; 10.000     ; 10.000     ;
; -3.500 ; pause_low ; color      ; pause_low    ; tp3         ; -0.500       ; 10.000     ; 10.000     ;
; -3.500 ; pause_low ; chan       ; pause_low    ; tp3         ; -0.500       ; 10.000     ; 10.000     ;
; -3.500 ; pause_low ; int_en     ; pause_low    ; tp3         ; -0.500       ; 10.000     ; 10.000     ;
; -3.500 ; pause_low ; erase      ; pause_low    ; tp3         ; -0.500       ; 10.000     ; 10.000     ;
; -3.500 ; md7_low   ; write_thru ; md7_low      ; tp3         ; -0.500       ; 10.000     ; 10.000     ;
; -3.500 ; md7_low   ; store      ; md7_low      ; tp3         ; -0.500       ; 10.000     ; 10.000     ;
; -3.500 ; md7_low   ; color      ; md7_low      ; tp3         ; -0.500       ; 10.000     ; 10.000     ;
; -3.500 ; md7_low   ; chan       ; md7_low      ; tp3         ; -0.500       ; 10.000     ; 10.000     ;
; -3.500 ; md7_low   ; int_en     ; md7_low      ; tp3         ; -0.500       ; 10.000     ; 10.000     ;
; -3.500 ; md7_low   ; erase      ; md7_low      ; tp3         ; -0.500       ; 10.000     ; 10.000     ;
; -3.500 ; md6_low   ; write_thru ; md6_low      ; tp3         ; -0.500       ; 10.000     ; 10.000     ;
; -3.500 ; md6_low   ; store      ; md6_low      ; tp3         ; -0.500       ; 10.000     ; 10.000     ;
; -3.500 ; md6_low   ; color      ; md6_low      ; tp3         ; -0.500       ; 10.000     ; 10.000     ;
; -3.500 ; md6_low   ; chan       ; md6_low      ; tp3         ; -0.500       ; 10.000     ; 10.000     ;
; -3.500 ; md6_low   ; int_en     ; md6_low      ; tp3         ; -0.500       ; 10.000     ; 10.000     ;
; -3.500 ; md6_low   ; erase      ; md6_low      ; tp3         ; -0.500       ; 10.000     ; 10.000     ;
; -3.500 ; md4_low   ; write_thru ; md4_low      ; tp3         ; -0.500       ; 10.000     ; 10.000     ;
; -3.500 ; md4_low   ; store      ; md4_low      ; tp3         ; -0.500       ; 10.000     ; 10.000     ;
; -3.500 ; md4_low   ; color      ; md4_low      ; tp3         ; -0.500       ; 10.000     ; 10.000     ;
; -3.500 ; md4_low   ; chan       ; md4_low      ; tp3         ; -0.500       ; 10.000     ; 10.000     ;
; -3.500 ; md4_low   ; int_en     ; md4_low      ; tp3         ; -0.500       ; 10.000     ; 10.000     ;
; -3.500 ; md4_low   ; erase      ; md4_low      ; tp3         ; -0.500       ; 10.000     ; 10.000     ;
; -3.500 ; md3_low   ; write_thru ; md3_low      ; tp3         ; -0.500       ; 10.000     ; 10.000     ;
; -3.500 ; md3_low   ; store      ; md3_low      ; tp3         ; -0.500       ; 10.000     ; 10.000     ;
; -3.500 ; md3_low   ; color      ; md3_low      ; tp3         ; -0.500       ; 10.000     ; 10.000     ;
; -3.500 ; md3_low   ; chan       ; md3_low      ; tp3         ; -0.500       ; 10.000     ; 10.000     ;
+--------+-----------+------------+--------------+-------------+--------------+------------+------------+


+-----------------------------------------------------------------------------------------------------+
; Recovery: 'del_1_low'                                                                               ;
+---------+-----------+---------+--------------+-------------+--------------+------------+------------+
; Slack   ; From Node ; To Node ; Launch Clock ; Latch Clock ; Relationship ; Clock Skew ; Data Delay ;
+---------+-----------+---------+--------------+-------------+--------------+------------+------------+
; -32.000 ; erase     ; n_t_1x  ; tp3          ; del_1_low   ; 1.000        ; 0.000      ; 29.000     ;
; -32.000 ; erase     ; n_t_1x  ; md10_low     ; del_1_low   ; 1.000        ; 0.000      ; 29.000     ;
; -32.000 ; erase     ; n_t_1x  ; md9_low      ; del_1_low   ; 1.000        ; 0.000      ; 29.000     ;
; -32.000 ; erase     ; n_t_1x  ; pause_low    ; del_1_low   ; 1.000        ; 0.000      ; 29.000     ;
; -32.000 ; erase     ; n_t_1x  ; md7_low      ; del_1_low   ; 1.000        ; 0.000      ; 29.000     ;
; -32.000 ; erase     ; n_t_1x  ; md6_low      ; del_1_low   ; 1.000        ; 0.000      ; 29.000     ;
; -32.000 ; erase     ; n_t_1x  ; md4_low      ; del_1_low   ; 1.000        ; 0.000      ; 29.000     ;
; -32.000 ; erase     ; n_t_1x  ; md3_low      ; del_1_low   ; 1.000        ; 0.000      ; 29.000     ;
; -32.000 ; erase     ; n_t_1x  ; md8_low      ; del_1_low   ; 1.000        ; 0.000      ; 29.000     ;
; -32.000 ; erase     ; n_t_1x  ; md5_low      ; del_1_low   ; 1.000        ; 0.000      ; 29.000     ;
; -32.000 ; erase     ; n_t_1x  ; md11_low     ; del_1_low   ; 1.000        ; 0.000      ; 29.000     ;
; -23.500 ; tp3       ; n_t_1x  ; tp3          ; del_1_low   ; 0.500        ; 10.000     ; 30.000     ;
; -23.500 ; md10_low  ; n_t_1x  ; md10_low     ; del_1_low   ; 0.500        ; 10.000     ; 30.000     ;
; -23.500 ; md9_low   ; n_t_1x  ; md9_low      ; del_1_low   ; 0.500        ; 10.000     ; 30.000     ;
; -23.500 ; pause_low ; n_t_1x  ; pause_low    ; del_1_low   ; 0.500        ; 10.000     ; 30.000     ;
; -23.500 ; md7_low   ; n_t_1x  ; md7_low      ; del_1_low   ; 0.500        ; 10.000     ; 30.000     ;
; -23.500 ; md6_low   ; n_t_1x  ; md6_low      ; del_1_low   ; 0.500        ; 10.000     ; 30.000     ;
; -23.500 ; md4_low   ; n_t_1x  ; md4_low      ; del_1_low   ; 0.500        ; 10.000     ; 30.000     ;
; -23.500 ; md3_low   ; n_t_1x  ; md3_low      ; del_1_low   ; 0.500        ; 10.000     ; 30.000     ;
; -23.500 ; md8_low   ; n_t_1x  ; md8_low      ; del_1_low   ; 0.500        ; 10.000     ; 30.000     ;
; -23.500 ; md5_low   ; n_t_1x  ; md5_low      ; del_1_low   ; 0.500        ; 10.000     ; 30.000     ;
; -23.500 ; md11_low  ; n_t_1x  ; md11_low     ; del_1_low   ; 0.500        ; 10.000     ; 30.000     ;
; -23.000 ; tp3       ; n_t_1x  ; tp3          ; del_1_low   ; 1.000        ; 10.000     ; 30.000     ;
; -23.000 ; md10_low  ; n_t_1x  ; md10_low     ; del_1_low   ; 1.000        ; 10.000     ; 30.000     ;
; -23.000 ; md9_low   ; n_t_1x  ; md9_low      ; del_1_low   ; 1.000        ; 10.000     ; 30.000     ;
; -23.000 ; pause_low ; n_t_1x  ; pause_low    ; del_1_low   ; 1.000        ; 10.000     ; 30.000     ;
; -23.000 ; md7_low   ; n_t_1x  ; md7_low      ; del_1_low   ; 1.000        ; 10.000     ; 30.000     ;
; -23.000 ; md6_low   ; n_t_1x  ; md6_low      ; del_1_low   ; 1.000        ; 10.000     ; 30.000     ;
; -23.000 ; md4_low   ; n_t_1x  ; md4_low      ; del_1_low   ; 1.000        ; 10.000     ; 30.000     ;
; -23.000 ; md3_low   ; n_t_1x  ; md3_low      ; del_1_low   ; 1.000        ; 10.000     ; 30.000     ;
; -23.000 ; md8_low   ; n_t_1x  ; md8_low      ; del_1_low   ; 1.000        ; 10.000     ; 30.000     ;
; -23.000 ; md5_low   ; n_t_1x  ; md5_low      ; del_1_low   ; 1.000        ; 10.000     ; 30.000     ;
; -23.000 ; md11_low  ; n_t_1x  ; md11_low     ; del_1_low   ; 1.000        ; 10.000     ; 30.000     ;
+---------+-----------+---------+--------------+-------------+--------------+------------+------------+


+-----------------------------------------------------------------------------------------------------+
; Recovery: 'grn_delay'                                                                               ;
+---------+-----------+---------+--------------+-------------+--------------+------------+------------+
; Slack   ; From Node ; To Node ; Launch Clock ; Latch Clock ; Relationship ; Clock Skew ; Data Delay ;
+---------+-----------+---------+--------------+-------------+--------------+------------+------------+
; -32.000 ; erase     ; n_t_1x  ; tp3          ; grn_delay   ; 1.000        ; 0.000      ; 29.000     ;
; -32.000 ; erase     ; n_t_1x  ; md10_low     ; grn_delay   ; 1.000        ; 0.000      ; 29.000     ;
; -32.000 ; erase     ; n_t_1x  ; md9_low      ; grn_delay   ; 1.000        ; 0.000      ; 29.000     ;
; -32.000 ; erase     ; n_t_1x  ; pause_low    ; grn_delay   ; 1.000        ; 0.000      ; 29.000     ;
; -32.000 ; erase     ; n_t_1x  ; md7_low      ; grn_delay   ; 1.000        ; 0.000      ; 29.000     ;
; -32.000 ; erase     ; n_t_1x  ; md6_low      ; grn_delay   ; 1.000        ; 0.000      ; 29.000     ;
; -32.000 ; erase     ; n_t_1x  ; md4_low      ; grn_delay   ; 1.000        ; 0.000      ; 29.000     ;
; -32.000 ; erase     ; n_t_1x  ; md3_low      ; grn_delay   ; 1.000        ; 0.000      ; 29.000     ;
; -32.000 ; erase     ; n_t_1x  ; md8_low      ; grn_delay   ; 1.000        ; 0.000      ; 29.000     ;
; -32.000 ; erase     ; n_t_1x  ; md5_low      ; grn_delay   ; 1.000        ; 0.000      ; 29.000     ;
; -32.000 ; erase     ; n_t_1x  ; md11_low     ; grn_delay   ; 1.000        ; 0.000      ; 29.000     ;
; -23.500 ; tp3       ; n_t_1x  ; tp3          ; grn_delay   ; 0.500        ; 10.000     ; 30.000     ;
; -23.500 ; md10_low  ; n_t_1x  ; md10_low     ; grn_delay   ; 0.500        ; 10.000     ; 30.000     ;
; -23.500 ; md9_low   ; n_t_1x  ; md9_low      ; grn_delay   ; 0.500        ; 10.000     ; 30.000     ;
; -23.500 ; pause_low ; n_t_1x  ; pause_low    ; grn_delay   ; 0.500        ; 10.000     ; 30.000     ;
; -23.500 ; md7_low   ; n_t_1x  ; md7_low      ; grn_delay   ; 0.500        ; 10.000     ; 30.000     ;
; -23.500 ; md6_low   ; n_t_1x  ; md6_low      ; grn_delay   ; 0.500        ; 10.000     ; 30.000     ;
; -23.500 ; md4_low   ; n_t_1x  ; md4_low      ; grn_delay   ; 0.500        ; 10.000     ; 30.000     ;
; -23.500 ; md3_low   ; n_t_1x  ; md3_low      ; grn_delay   ; 0.500        ; 10.000     ; 30.000     ;
; -23.500 ; md8_low   ; n_t_1x  ; md8_low      ; grn_delay   ; 0.500        ; 10.000     ; 30.000     ;
; -23.500 ; md5_low   ; n_t_1x  ; md5_low      ; grn_delay   ; 0.500        ; 10.000     ; 30.000     ;
; -23.500 ; md11_low  ; n_t_1x  ; md11_low     ; grn_delay   ; 0.500        ; 10.000     ; 30.000     ;
; -23.000 ; tp3       ; n_t_1x  ; tp3          ; grn_delay   ; 1.000        ; 10.000     ; 30.000     ;
; -23.000 ; md10_low  ; n_t_1x  ; md10_low     ; grn_delay   ; 1.000        ; 10.000     ; 30.000     ;
; -23.000 ; md9_low   ; n_t_1x  ; md9_low      ; grn_delay   ; 1.000        ; 10.000     ; 30.000     ;
; -23.000 ; pause_low ; n_t_1x  ; pause_low    ; grn_delay   ; 1.000        ; 10.000     ; 30.000     ;
; -23.000 ; md7_low   ; n_t_1x  ; md7_low      ; grn_delay   ; 1.000        ; 10.000     ; 30.000     ;
; -23.000 ; md6_low   ; n_t_1x  ; md6_low      ; grn_delay   ; 1.000        ; 10.000     ; 30.000     ;
; -23.000 ; md4_low   ; n_t_1x  ; md4_low      ; grn_delay   ; 1.000        ; 10.000     ; 30.000     ;
; -23.000 ; md3_low   ; n_t_1x  ; md3_low      ; grn_delay   ; 1.000        ; 10.000     ; 30.000     ;
; -23.000 ; md8_low   ; n_t_1x  ; md8_low      ; grn_delay   ; 1.000        ; 10.000     ; 30.000     ;
; -23.000 ; md5_low   ; n_t_1x  ; md5_low      ; grn_delay   ; 1.000        ; 10.000     ; 30.000     ;
; -23.000 ; md11_low  ; n_t_1x  ; md11_low     ; grn_delay   ; 1.000        ; 10.000     ; 30.000     ;
+---------+-----------+---------+--------------+-------------+--------------+------------+------------+


+-----------------------------------------------------------------------------------------------------+
; Recovery: 'ld_del_low'                                                                              ;
+---------+-----------+---------+--------------+-------------+--------------+------------+------------+
; Slack   ; From Node ; To Node ; Launch Clock ; Latch Clock ; Relationship ; Clock Skew ; Data Delay ;
+---------+-----------+---------+--------------+-------------+--------------+------------+------------+
; -32.000 ; erase     ; n_t_1x  ; tp3          ; ld_del_low  ; 1.000        ; 0.000      ; 29.000     ;
; -32.000 ; erase     ; n_t_1x  ; md10_low     ; ld_del_low  ; 1.000        ; 0.000      ; 29.000     ;
; -32.000 ; erase     ; n_t_1x  ; md9_low      ; ld_del_low  ; 1.000        ; 0.000      ; 29.000     ;
; -32.000 ; erase     ; n_t_1x  ; pause_low    ; ld_del_low  ; 1.000        ; 0.000      ; 29.000     ;
; -32.000 ; erase     ; n_t_1x  ; md7_low      ; ld_del_low  ; 1.000        ; 0.000      ; 29.000     ;
; -32.000 ; erase     ; n_t_1x  ; md6_low      ; ld_del_low  ; 1.000        ; 0.000      ; 29.000     ;
; -32.000 ; erase     ; n_t_1x  ; md4_low      ; ld_del_low  ; 1.000        ; 0.000      ; 29.000     ;
; -32.000 ; erase     ; n_t_1x  ; md3_low      ; ld_del_low  ; 1.000        ; 0.000      ; 29.000     ;
; -32.000 ; erase     ; n_t_1x  ; md8_low      ; ld_del_low  ; 1.000        ; 0.000      ; 29.000     ;
; -32.000 ; erase     ; n_t_1x  ; md5_low      ; ld_del_low  ; 1.000        ; 0.000      ; 29.000     ;
; -32.000 ; erase     ; n_t_1x  ; md11_low     ; ld_del_low  ; 1.000        ; 0.000      ; 29.000     ;
; -23.500 ; tp3       ; n_t_1x  ; tp3          ; ld_del_low  ; 0.500        ; 10.000     ; 30.000     ;
; -23.500 ; md10_low  ; n_t_1x  ; md10_low     ; ld_del_low  ; 0.500        ; 10.000     ; 30.000     ;
; -23.500 ; md9_low   ; n_t_1x  ; md9_low      ; ld_del_low  ; 0.500        ; 10.000     ; 30.000     ;
; -23.500 ; pause_low ; n_t_1x  ; pause_low    ; ld_del_low  ; 0.500        ; 10.000     ; 30.000     ;
; -23.500 ; md7_low   ; n_t_1x  ; md7_low      ; ld_del_low  ; 0.500        ; 10.000     ; 30.000     ;
; -23.500 ; md6_low   ; n_t_1x  ; md6_low      ; ld_del_low  ; 0.500        ; 10.000     ; 30.000     ;
; -23.500 ; md4_low   ; n_t_1x  ; md4_low      ; ld_del_low  ; 0.500        ; 10.000     ; 30.000     ;
; -23.500 ; md3_low   ; n_t_1x  ; md3_low      ; ld_del_low  ; 0.500        ; 10.000     ; 30.000     ;
; -23.500 ; md8_low   ; n_t_1x  ; md8_low      ; ld_del_low  ; 0.500        ; 10.000     ; 30.000     ;
; -23.500 ; md5_low   ; n_t_1x  ; md5_low      ; ld_del_low  ; 0.500        ; 10.000     ; 30.000     ;
; -23.500 ; md11_low  ; n_t_1x  ; md11_low     ; ld_del_low  ; 0.500        ; 10.000     ; 30.000     ;
; -23.000 ; tp3       ; n_t_1x  ; tp3          ; ld_del_low  ; 1.000        ; 10.000     ; 30.000     ;
; -23.000 ; md10_low  ; n_t_1x  ; md10_low     ; ld_del_low  ; 1.000        ; 10.000     ; 30.000     ;
; -23.000 ; md9_low   ; n_t_1x  ; md9_low      ; ld_del_low  ; 1.000        ; 10.000     ; 30.000     ;
; -23.000 ; pause_low ; n_t_1x  ; pause_low    ; ld_del_low  ; 1.000        ; 10.000     ; 30.000     ;
; -23.000 ; md7_low   ; n_t_1x  ; md7_low      ; ld_del_low  ; 1.000        ; 10.000     ; 30.000     ;
; -23.000 ; md6_low   ; n_t_1x  ; md6_low      ; ld_del_low  ; 1.000        ; 10.000     ; 30.000     ;
; -23.000 ; md4_low   ; n_t_1x  ; md4_low      ; ld_del_low  ; 1.000        ; 10.000     ; 30.000     ;
; -23.000 ; md3_low   ; n_t_1x  ; md3_low      ; ld_del_low  ; 1.000        ; 10.000     ; 30.000     ;
; -23.000 ; md8_low   ; n_t_1x  ; md8_low      ; ld_del_low  ; 1.000        ; 10.000     ; 30.000     ;
; -23.000 ; md5_low   ; n_t_1x  ; md5_low      ; ld_del_low  ; 1.000        ; 10.000     ; 30.000     ;
; -23.000 ; md11_low  ; n_t_1x  ; md11_low     ; ld_del_low  ; 1.000        ; 10.000     ; 30.000     ;
+---------+-----------+---------+--------------+-------------+--------------+------------+------------+


+-----------------------------------------------------------------------------------------------------+
; Recovery: 'red_delay'                                                                               ;
+---------+-----------+---------+--------------+-------------+--------------+------------+------------+
; Slack   ; From Node ; To Node ; Launch Clock ; Latch Clock ; Relationship ; Clock Skew ; Data Delay ;
+---------+-----------+---------+--------------+-------------+--------------+------------+------------+
; -32.000 ; erase     ; n_t_1x  ; tp3          ; red_delay   ; 1.000        ; 0.000      ; 29.000     ;
; -32.000 ; erase     ; n_t_1x  ; md10_low     ; red_delay   ; 1.000        ; 0.000      ; 29.000     ;
; -32.000 ; erase     ; n_t_1x  ; md9_low      ; red_delay   ; 1.000        ; 0.000      ; 29.000     ;
; -32.000 ; erase     ; n_t_1x  ; pause_low    ; red_delay   ; 1.000        ; 0.000      ; 29.000     ;
; -32.000 ; erase     ; n_t_1x  ; md7_low      ; red_delay   ; 1.000        ; 0.000      ; 29.000     ;
; -32.000 ; erase     ; n_t_1x  ; md6_low      ; red_delay   ; 1.000        ; 0.000      ; 29.000     ;
; -32.000 ; erase     ; n_t_1x  ; md4_low      ; red_delay   ; 1.000        ; 0.000      ; 29.000     ;
; -32.000 ; erase     ; n_t_1x  ; md3_low      ; red_delay   ; 1.000        ; 0.000      ; 29.000     ;
; -32.000 ; erase     ; n_t_1x  ; md8_low      ; red_delay   ; 1.000        ; 0.000      ; 29.000     ;
; -32.000 ; erase     ; n_t_1x  ; md5_low      ; red_delay   ; 1.000        ; 0.000      ; 29.000     ;
; -32.000 ; erase     ; n_t_1x  ; md11_low     ; red_delay   ; 1.000        ; 0.000      ; 29.000     ;
; -23.500 ; tp3       ; n_t_1x  ; tp3          ; red_delay   ; 0.500        ; 10.000     ; 30.000     ;
; -23.500 ; md10_low  ; n_t_1x  ; md10_low     ; red_delay   ; 0.500        ; 10.000     ; 30.000     ;
; -23.500 ; md9_low   ; n_t_1x  ; md9_low      ; red_delay   ; 0.500        ; 10.000     ; 30.000     ;
; -23.500 ; pause_low ; n_t_1x  ; pause_low    ; red_delay   ; 0.500        ; 10.000     ; 30.000     ;
; -23.500 ; md7_low   ; n_t_1x  ; md7_low      ; red_delay   ; 0.500        ; 10.000     ; 30.000     ;
; -23.500 ; md6_low   ; n_t_1x  ; md6_low      ; red_delay   ; 0.500        ; 10.000     ; 30.000     ;
; -23.500 ; md4_low   ; n_t_1x  ; md4_low      ; red_delay   ; 0.500        ; 10.000     ; 30.000     ;
; -23.500 ; md3_low   ; n_t_1x  ; md3_low      ; red_delay   ; 0.500        ; 10.000     ; 30.000     ;
; -23.500 ; md8_low   ; n_t_1x  ; md8_low      ; red_delay   ; 0.500        ; 10.000     ; 30.000     ;
; -23.500 ; md5_low   ; n_t_1x  ; md5_low      ; red_delay   ; 0.500        ; 10.000     ; 30.000     ;
; -23.500 ; md11_low  ; n_t_1x  ; md11_low     ; red_delay   ; 0.500        ; 10.000     ; 30.000     ;
; -23.000 ; tp3       ; n_t_1x  ; tp3          ; red_delay   ; 1.000        ; 10.000     ; 30.000     ;
; -23.000 ; md10_low  ; n_t_1x  ; md10_low     ; red_delay   ; 1.000        ; 10.000     ; 30.000     ;
; -23.000 ; md9_low   ; n_t_1x  ; md9_low      ; red_delay   ; 1.000        ; 10.000     ; 30.000     ;
; -23.000 ; pause_low ; n_t_1x  ; pause_low    ; red_delay   ; 1.000        ; 10.000     ; 30.000     ;
; -23.000 ; md7_low   ; n_t_1x  ; md7_low      ; red_delay   ; 1.000        ; 10.000     ; 30.000     ;
; -23.000 ; md6_low   ; n_t_1x  ; md6_low      ; red_delay   ; 1.000        ; 10.000     ; 30.000     ;
; -23.000 ; md4_low   ; n_t_1x  ; md4_low      ; red_delay   ; 1.000        ; 10.000     ; 30.000     ;
; -23.000 ; md3_low   ; n_t_1x  ; md3_low      ; red_delay   ; 1.000        ; 10.000     ; 30.000     ;
; -23.000 ; md8_low   ; n_t_1x  ; md8_low      ; red_delay   ; 1.000        ; 10.000     ; 30.000     ;
; -23.000 ; md5_low   ; n_t_1x  ; md5_low      ; red_delay   ; 1.000        ; 10.000     ; 30.000     ;
; -23.000 ; md11_low  ; n_t_1x  ; md11_low     ; red_delay   ; 1.000        ; 10.000     ; 30.000     ;
+---------+-----------+---------+--------------+-------------+--------------+------------+------------+


+-----------------------------------------------------------------------------------------------------+
; Recovery: 'set_done'                                                                                ;
+---------+-----------+---------+--------------+-------------+--------------+------------+------------+
; Slack   ; From Node ; To Node ; Launch Clock ; Latch Clock ; Relationship ; Clock Skew ; Data Delay ;
+---------+-----------+---------+--------------+-------------+--------------+------------+------------+
; -32.000 ; erase     ; n_t_1x  ; tp3          ; set_done    ; 1.000        ; 0.000      ; 29.000     ;
; -32.000 ; erase     ; n_t_1x  ; md10_low     ; set_done    ; 1.000        ; 0.000      ; 29.000     ;
; -32.000 ; erase     ; n_t_1x  ; md9_low      ; set_done    ; 1.000        ; 0.000      ; 29.000     ;
; -32.000 ; erase     ; n_t_1x  ; pause_low    ; set_done    ; 1.000        ; 0.000      ; 29.000     ;
; -32.000 ; erase     ; n_t_1x  ; md7_low      ; set_done    ; 1.000        ; 0.000      ; 29.000     ;
; -32.000 ; erase     ; n_t_1x  ; md6_low      ; set_done    ; 1.000        ; 0.000      ; 29.000     ;
; -32.000 ; erase     ; n_t_1x  ; md4_low      ; set_done    ; 1.000        ; 0.000      ; 29.000     ;
; -32.000 ; erase     ; n_t_1x  ; md3_low      ; set_done    ; 1.000        ; 0.000      ; 29.000     ;
; -32.000 ; erase     ; n_t_1x  ; md8_low      ; set_done    ; 1.000        ; 0.000      ; 29.000     ;
; -32.000 ; erase     ; n_t_1x  ; md5_low      ; set_done    ; 1.000        ; 0.000      ; 29.000     ;
; -32.000 ; erase     ; n_t_1x  ; md11_low     ; set_done    ; 1.000        ; 0.000      ; 29.000     ;
; -23.500 ; tp3       ; n_t_1x  ; tp3          ; set_done    ; 0.500        ; 10.000     ; 30.000     ;
; -23.500 ; md10_low  ; n_t_1x  ; md10_low     ; set_done    ; 0.500        ; 10.000     ; 30.000     ;
; -23.500 ; md9_low   ; n_t_1x  ; md9_low      ; set_done    ; 0.500        ; 10.000     ; 30.000     ;
; -23.500 ; pause_low ; n_t_1x  ; pause_low    ; set_done    ; 0.500        ; 10.000     ; 30.000     ;
; -23.500 ; md7_low   ; n_t_1x  ; md7_low      ; set_done    ; 0.500        ; 10.000     ; 30.000     ;
; -23.500 ; md6_low   ; n_t_1x  ; md6_low      ; set_done    ; 0.500        ; 10.000     ; 30.000     ;
; -23.500 ; md4_low   ; n_t_1x  ; md4_low      ; set_done    ; 0.500        ; 10.000     ; 30.000     ;
; -23.500 ; md3_low   ; n_t_1x  ; md3_low      ; set_done    ; 0.500        ; 10.000     ; 30.000     ;
; -23.500 ; md8_low   ; n_t_1x  ; md8_low      ; set_done    ; 0.500        ; 10.000     ; 30.000     ;
; -23.500 ; md5_low   ; n_t_1x  ; md5_low      ; set_done    ; 0.500        ; 10.000     ; 30.000     ;
; -23.500 ; md11_low  ; n_t_1x  ; md11_low     ; set_done    ; 0.500        ; 10.000     ; 30.000     ;
; -23.000 ; tp3       ; n_t_1x  ; tp3          ; set_done    ; 1.000        ; 10.000     ; 30.000     ;
; -23.000 ; md10_low  ; n_t_1x  ; md10_low     ; set_done    ; 1.000        ; 10.000     ; 30.000     ;
; -23.000 ; md9_low   ; n_t_1x  ; md9_low      ; set_done    ; 1.000        ; 10.000     ; 30.000     ;
; -23.000 ; pause_low ; n_t_1x  ; pause_low    ; set_done    ; 1.000        ; 10.000     ; 30.000     ;
; -23.000 ; md7_low   ; n_t_1x  ; md7_low      ; set_done    ; 1.000        ; 10.000     ; 30.000     ;
; -23.000 ; md6_low   ; n_t_1x  ; md6_low      ; set_done    ; 1.000        ; 10.000     ; 30.000     ;
; -23.000 ; md4_low   ; n_t_1x  ; md4_low      ; set_done    ; 1.000        ; 10.000     ; 30.000     ;
; -23.000 ; md3_low   ; n_t_1x  ; md3_low      ; set_done    ; 1.000        ; 10.000     ; 30.000     ;
; -23.000 ; md8_low   ; n_t_1x  ; md8_low      ; set_done    ; 1.000        ; 10.000     ; 30.000     ;
; -23.000 ; md5_low   ; n_t_1x  ; md5_low      ; set_done    ; 1.000        ; 10.000     ; 30.000     ;
; -23.000 ; md11_low  ; n_t_1x  ; md11_low     ; set_done    ; 1.000        ; 10.000     ; 30.000     ;
+---------+-----------+---------+--------------+-------------+--------------+------------+------------+


+--------------------------------------------------------------------------------------------------------+
; Recovery: 'md10_low'                                                                                   ;
+---------+-----------+------------+--------------+-------------+--------------+------------+------------+
; Slack   ; From Node ; To Node    ; Launch Clock ; Latch Clock ; Relationship ; Clock Skew ; Data Delay ;
+---------+-----------+------------+--------------+-------------+--------------+------------+------------+
; -23.500 ; tp3       ; write_thru ; tp3          ; md10_low    ; 0.500        ; 10.000     ; 30.000     ;
; -23.500 ; tp3       ; store      ; tp3          ; md10_low    ; 0.500        ; 10.000     ; 30.000     ;
; -23.500 ; tp3       ; color      ; tp3          ; md10_low    ; 0.500        ; 10.000     ; 30.000     ;
; -23.500 ; tp3       ; chan       ; tp3          ; md10_low    ; 0.500        ; 10.000     ; 30.000     ;
; -23.500 ; tp3       ; int_en     ; tp3          ; md10_low    ; 0.500        ; 10.000     ; 30.000     ;
; -23.500 ; tp3       ; erase      ; tp3          ; md10_low    ; 0.500        ; 10.000     ; 30.000     ;
; -23.500 ; md10_low  ; write_thru ; md10_low     ; md10_low    ; 0.500        ; 10.000     ; 30.000     ;
; -23.500 ; md10_low  ; store      ; md10_low     ; md10_low    ; 0.500        ; 10.000     ; 30.000     ;
; -23.500 ; md10_low  ; color      ; md10_low     ; md10_low    ; 0.500        ; 10.000     ; 30.000     ;
; -23.500 ; md10_low  ; chan       ; md10_low     ; md10_low    ; 0.500        ; 10.000     ; 30.000     ;
; -23.500 ; md10_low  ; int_en     ; md10_low     ; md10_low    ; 0.500        ; 10.000     ; 30.000     ;
; -23.500 ; md10_low  ; erase      ; md10_low     ; md10_low    ; 0.500        ; 10.000     ; 30.000     ;
; -23.500 ; md9_low   ; write_thru ; md9_low      ; md10_low    ; 0.500        ; 10.000     ; 30.000     ;
; -23.500 ; md9_low   ; store      ; md9_low      ; md10_low    ; 0.500        ; 10.000     ; 30.000     ;
; -23.500 ; md9_low   ; color      ; md9_low      ; md10_low    ; 0.500        ; 10.000     ; 30.000     ;
; -23.500 ; md9_low   ; chan       ; md9_low      ; md10_low    ; 0.500        ; 10.000     ; 30.000     ;
; -23.500 ; md9_low   ; int_en     ; md9_low      ; md10_low    ; 0.500        ; 10.000     ; 30.000     ;
; -23.500 ; md9_low   ; erase      ; md9_low      ; md10_low    ; 0.500        ; 10.000     ; 30.000     ;
; -23.500 ; pause_low ; write_thru ; pause_low    ; md10_low    ; 0.500        ; 10.000     ; 30.000     ;
; -23.500 ; pause_low ; store      ; pause_low    ; md10_low    ; 0.500        ; 10.000     ; 30.000     ;
; -23.500 ; pause_low ; color      ; pause_low    ; md10_low    ; 0.500        ; 10.000     ; 30.000     ;
; -23.500 ; pause_low ; chan       ; pause_low    ; md10_low    ; 0.500        ; 10.000     ; 30.000     ;
; -23.500 ; pause_low ; int_en     ; pause_low    ; md10_low    ; 0.500        ; 10.000     ; 30.000     ;
; -23.500 ; pause_low ; erase      ; pause_low    ; md10_low    ; 0.500        ; 10.000     ; 30.000     ;
; -23.500 ; md7_low   ; write_thru ; md7_low      ; md10_low    ; 0.500        ; 10.000     ; 30.000     ;
; -23.500 ; md7_low   ; store      ; md7_low      ; md10_low    ; 0.500        ; 10.000     ; 30.000     ;
; -23.500 ; md7_low   ; color      ; md7_low      ; md10_low    ; 0.500        ; 10.000     ; 30.000     ;
; -23.500 ; md7_low   ; chan       ; md7_low      ; md10_low    ; 0.500        ; 10.000     ; 30.000     ;
; -23.500 ; md7_low   ; int_en     ; md7_low      ; md10_low    ; 0.500        ; 10.000     ; 30.000     ;
; -23.500 ; md7_low   ; erase      ; md7_low      ; md10_low    ; 0.500        ; 10.000     ; 30.000     ;
; -23.500 ; md6_low   ; write_thru ; md6_low      ; md10_low    ; 0.500        ; 10.000     ; 30.000     ;
; -23.500 ; md6_low   ; store      ; md6_low      ; md10_low    ; 0.500        ; 10.000     ; 30.000     ;
; -23.500 ; md6_low   ; color      ; md6_low      ; md10_low    ; 0.500        ; 10.000     ; 30.000     ;
; -23.500 ; md6_low   ; chan       ; md6_low      ; md10_low    ; 0.500        ; 10.000     ; 30.000     ;
; -23.500 ; md6_low   ; int_en     ; md6_low      ; md10_low    ; 0.500        ; 10.000     ; 30.000     ;
; -23.500 ; md6_low   ; erase      ; md6_low      ; md10_low    ; 0.500        ; 10.000     ; 30.000     ;
; -23.500 ; md4_low   ; write_thru ; md4_low      ; md10_low    ; 0.500        ; 10.000     ; 30.000     ;
; -23.500 ; md4_low   ; store      ; md4_low      ; md10_low    ; 0.500        ; 10.000     ; 30.000     ;
; -23.500 ; md4_low   ; color      ; md4_low      ; md10_low    ; 0.500        ; 10.000     ; 30.000     ;
; -23.500 ; md4_low   ; chan       ; md4_low      ; md10_low    ; 0.500        ; 10.000     ; 30.000     ;
; -23.500 ; md4_low   ; int_en     ; md4_low      ; md10_low    ; 0.500        ; 10.000     ; 30.000     ;
; -23.500 ; md4_low   ; erase      ; md4_low      ; md10_low    ; 0.500        ; 10.000     ; 30.000     ;
; -23.500 ; md3_low   ; write_thru ; md3_low      ; md10_low    ; 0.500        ; 10.000     ; 30.000     ;
; -23.500 ; md3_low   ; store      ; md3_low      ; md10_low    ; 0.500        ; 10.000     ; 30.000     ;
; -23.500 ; md3_low   ; color      ; md3_low      ; md10_low    ; 0.500        ; 10.000     ; 30.000     ;
; -23.500 ; md3_low   ; chan       ; md3_low      ; md10_low    ; 0.500        ; 10.000     ; 30.000     ;
; -23.500 ; md3_low   ; int_en     ; md3_low      ; md10_low    ; 0.500        ; 10.000     ; 30.000     ;
; -23.500 ; md3_low   ; erase      ; md3_low      ; md10_low    ; 0.500        ; 10.000     ; 30.000     ;
; -23.500 ; md8_low   ; write_thru ; md8_low      ; md10_low    ; 0.500        ; 10.000     ; 30.000     ;
; -23.500 ; md8_low   ; store      ; md8_low      ; md10_low    ; 0.500        ; 10.000     ; 30.000     ;
; -23.500 ; md8_low   ; color      ; md8_low      ; md10_low    ; 0.500        ; 10.000     ; 30.000     ;
; -23.500 ; md8_low   ; chan       ; md8_low      ; md10_low    ; 0.500        ; 10.000     ; 30.000     ;
; -23.500 ; md8_low   ; int_en     ; md8_low      ; md10_low    ; 0.500        ; 10.000     ; 30.000     ;
; -23.500 ; md8_low   ; erase      ; md8_low      ; md10_low    ; 0.500        ; 10.000     ; 30.000     ;
; -23.500 ; md5_low   ; write_thru ; md5_low      ; md10_low    ; 0.500        ; 10.000     ; 30.000     ;
; -23.500 ; md5_low   ; store      ; md5_low      ; md10_low    ; 0.500        ; 10.000     ; 30.000     ;
; -23.500 ; md5_low   ; color      ; md5_low      ; md10_low    ; 0.500        ; 10.000     ; 30.000     ;
; -23.500 ; md5_low   ; chan       ; md5_low      ; md10_low    ; 0.500        ; 10.000     ; 30.000     ;
; -23.500 ; md5_low   ; int_en     ; md5_low      ; md10_low    ; 0.500        ; 10.000     ; 30.000     ;
; -23.500 ; md5_low   ; erase      ; md5_low      ; md10_low    ; 0.500        ; 10.000     ; 30.000     ;
; -23.500 ; md11_low  ; write_thru ; md11_low     ; md10_low    ; 0.500        ; 10.000     ; 30.000     ;
; -23.500 ; md11_low  ; store      ; md11_low     ; md10_low    ; 0.500        ; 10.000     ; 30.000     ;
; -23.500 ; md11_low  ; color      ; md11_low     ; md10_low    ; 0.500        ; 10.000     ; 30.000     ;
; -23.500 ; md11_low  ; chan       ; md11_low     ; md10_low    ; 0.500        ; 10.000     ; 30.000     ;
; -23.500 ; md11_low  ; int_en     ; md11_low     ; md10_low    ; 0.500        ; 10.000     ; 30.000     ;
; -23.500 ; md11_low  ; erase      ; md11_low     ; md10_low    ; 0.500        ; 10.000     ; 30.000     ;
; -23.000 ; tp3       ; write_thru ; tp3          ; md10_low    ; 1.000        ; 10.000     ; 30.000     ;
; -23.000 ; tp3       ; store      ; tp3          ; md10_low    ; 1.000        ; 10.000     ; 30.000     ;
; -23.000 ; tp3       ; color      ; tp3          ; md10_low    ; 1.000        ; 10.000     ; 30.000     ;
; -23.000 ; tp3       ; chan       ; tp3          ; md10_low    ; 1.000        ; 10.000     ; 30.000     ;
; -23.000 ; tp3       ; int_en     ; tp3          ; md10_low    ; 1.000        ; 10.000     ; 30.000     ;
; -23.000 ; tp3       ; erase      ; tp3          ; md10_low    ; 1.000        ; 10.000     ; 30.000     ;
; -23.000 ; md10_low  ; write_thru ; md10_low     ; md10_low    ; 1.000        ; 10.000     ; 30.000     ;
; -23.000 ; md10_low  ; store      ; md10_low     ; md10_low    ; 1.000        ; 10.000     ; 30.000     ;
; -23.000 ; md10_low  ; color      ; md10_low     ; md10_low    ; 1.000        ; 10.000     ; 30.000     ;
; -23.000 ; md10_low  ; chan       ; md10_low     ; md10_low    ; 1.000        ; 10.000     ; 30.000     ;
; -23.000 ; md10_low  ; int_en     ; md10_low     ; md10_low    ; 1.000        ; 10.000     ; 30.000     ;
; -23.000 ; md10_low  ; erase      ; md10_low     ; md10_low    ; 1.000        ; 10.000     ; 30.000     ;
; -23.000 ; md9_low   ; write_thru ; md9_low      ; md10_low    ; 1.000        ; 10.000     ; 30.000     ;
; -23.000 ; md9_low   ; store      ; md9_low      ; md10_low    ; 1.000        ; 10.000     ; 30.000     ;
; -23.000 ; md9_low   ; color      ; md9_low      ; md10_low    ; 1.000        ; 10.000     ; 30.000     ;
; -23.000 ; md9_low   ; chan       ; md9_low      ; md10_low    ; 1.000        ; 10.000     ; 30.000     ;
; -23.000 ; md9_low   ; int_en     ; md9_low      ; md10_low    ; 1.000        ; 10.000     ; 30.000     ;
; -23.000 ; md9_low   ; erase      ; md9_low      ; md10_low    ; 1.000        ; 10.000     ; 30.000     ;
; -23.000 ; pause_low ; write_thru ; pause_low    ; md10_low    ; 1.000        ; 10.000     ; 30.000     ;
; -23.000 ; pause_low ; store      ; pause_low    ; md10_low    ; 1.000        ; 10.000     ; 30.000     ;
; -23.000 ; pause_low ; color      ; pause_low    ; md10_low    ; 1.000        ; 10.000     ; 30.000     ;
; -23.000 ; pause_low ; chan       ; pause_low    ; md10_low    ; 1.000        ; 10.000     ; 30.000     ;
; -23.000 ; pause_low ; int_en     ; pause_low    ; md10_low    ; 1.000        ; 10.000     ; 30.000     ;
; -23.000 ; pause_low ; erase      ; pause_low    ; md10_low    ; 1.000        ; 10.000     ; 30.000     ;
; -23.000 ; md7_low   ; write_thru ; md7_low      ; md10_low    ; 1.000        ; 10.000     ; 30.000     ;
; -23.000 ; md7_low   ; store      ; md7_low      ; md10_low    ; 1.000        ; 10.000     ; 30.000     ;
; -23.000 ; md7_low   ; color      ; md7_low      ; md10_low    ; 1.000        ; 10.000     ; 30.000     ;
; -23.000 ; md7_low   ; chan       ; md7_low      ; md10_low    ; 1.000        ; 10.000     ; 30.000     ;
; -23.000 ; md7_low   ; int_en     ; md7_low      ; md10_low    ; 1.000        ; 10.000     ; 30.000     ;
; -23.000 ; md7_low   ; erase      ; md7_low      ; md10_low    ; 1.000        ; 10.000     ; 30.000     ;
; -23.000 ; md6_low   ; write_thru ; md6_low      ; md10_low    ; 1.000        ; 10.000     ; 30.000     ;
; -23.000 ; md6_low   ; store      ; md6_low      ; md10_low    ; 1.000        ; 10.000     ; 30.000     ;
; -23.000 ; md6_low   ; color      ; md6_low      ; md10_low    ; 1.000        ; 10.000     ; 30.000     ;
; -23.000 ; md6_low   ; chan       ; md6_low      ; md10_low    ; 1.000        ; 10.000     ; 30.000     ;
+---------+-----------+------------+--------------+-------------+--------------+------------+------------+


+--------------------------------------------------------------------------------------------------------+
; Recovery: 'md11_low'                                                                                   ;
+---------+-----------+------------+--------------+-------------+--------------+------------+------------+
; Slack   ; From Node ; To Node    ; Launch Clock ; Latch Clock ; Relationship ; Clock Skew ; Data Delay ;
+---------+-----------+------------+--------------+-------------+--------------+------------+------------+
; -23.500 ; tp3       ; write_thru ; tp3          ; md11_low    ; 0.500        ; 10.000     ; 30.000     ;
; -23.500 ; tp3       ; store      ; tp3          ; md11_low    ; 0.500        ; 10.000     ; 30.000     ;
; -23.500 ; tp3       ; color      ; tp3          ; md11_low    ; 0.500        ; 10.000     ; 30.000     ;
; -23.500 ; tp3       ; chan       ; tp3          ; md11_low    ; 0.500        ; 10.000     ; 30.000     ;
; -23.500 ; tp3       ; int_en     ; tp3          ; md11_low    ; 0.500        ; 10.000     ; 30.000     ;
; -23.500 ; tp3       ; erase      ; tp3          ; md11_low    ; 0.500        ; 10.000     ; 30.000     ;
; -23.500 ; md10_low  ; write_thru ; md10_low     ; md11_low    ; 0.500        ; 10.000     ; 30.000     ;
; -23.500 ; md10_low  ; store      ; md10_low     ; md11_low    ; 0.500        ; 10.000     ; 30.000     ;
; -23.500 ; md10_low  ; color      ; md10_low     ; md11_low    ; 0.500        ; 10.000     ; 30.000     ;
; -23.500 ; md10_low  ; chan       ; md10_low     ; md11_low    ; 0.500        ; 10.000     ; 30.000     ;
; -23.500 ; md10_low  ; int_en     ; md10_low     ; md11_low    ; 0.500        ; 10.000     ; 30.000     ;
; -23.500 ; md10_low  ; erase      ; md10_low     ; md11_low    ; 0.500        ; 10.000     ; 30.000     ;
; -23.500 ; md9_low   ; write_thru ; md9_low      ; md11_low    ; 0.500        ; 10.000     ; 30.000     ;
; -23.500 ; md9_low   ; store      ; md9_low      ; md11_low    ; 0.500        ; 10.000     ; 30.000     ;
; -23.500 ; md9_low   ; color      ; md9_low      ; md11_low    ; 0.500        ; 10.000     ; 30.000     ;
; -23.500 ; md9_low   ; chan       ; md9_low      ; md11_low    ; 0.500        ; 10.000     ; 30.000     ;
; -23.500 ; md9_low   ; int_en     ; md9_low      ; md11_low    ; 0.500        ; 10.000     ; 30.000     ;
; -23.500 ; md9_low   ; erase      ; md9_low      ; md11_low    ; 0.500        ; 10.000     ; 30.000     ;
; -23.500 ; pause_low ; write_thru ; pause_low    ; md11_low    ; 0.500        ; 10.000     ; 30.000     ;
; -23.500 ; pause_low ; store      ; pause_low    ; md11_low    ; 0.500        ; 10.000     ; 30.000     ;
; -23.500 ; pause_low ; color      ; pause_low    ; md11_low    ; 0.500        ; 10.000     ; 30.000     ;
; -23.500 ; pause_low ; chan       ; pause_low    ; md11_low    ; 0.500        ; 10.000     ; 30.000     ;
; -23.500 ; pause_low ; int_en     ; pause_low    ; md11_low    ; 0.500        ; 10.000     ; 30.000     ;
; -23.500 ; pause_low ; erase      ; pause_low    ; md11_low    ; 0.500        ; 10.000     ; 30.000     ;
; -23.500 ; md7_low   ; write_thru ; md7_low      ; md11_low    ; 0.500        ; 10.000     ; 30.000     ;
; -23.500 ; md7_low   ; store      ; md7_low      ; md11_low    ; 0.500        ; 10.000     ; 30.000     ;
; -23.500 ; md7_low   ; color      ; md7_low      ; md11_low    ; 0.500        ; 10.000     ; 30.000     ;
; -23.500 ; md7_low   ; chan       ; md7_low      ; md11_low    ; 0.500        ; 10.000     ; 30.000     ;
; -23.500 ; md7_low   ; int_en     ; md7_low      ; md11_low    ; 0.500        ; 10.000     ; 30.000     ;
; -23.500 ; md7_low   ; erase      ; md7_low      ; md11_low    ; 0.500        ; 10.000     ; 30.000     ;
; -23.500 ; md6_low   ; write_thru ; md6_low      ; md11_low    ; 0.500        ; 10.000     ; 30.000     ;
; -23.500 ; md6_low   ; store      ; md6_low      ; md11_low    ; 0.500        ; 10.000     ; 30.000     ;
; -23.500 ; md6_low   ; color      ; md6_low      ; md11_low    ; 0.500        ; 10.000     ; 30.000     ;
; -23.500 ; md6_low   ; chan       ; md6_low      ; md11_low    ; 0.500        ; 10.000     ; 30.000     ;
; -23.500 ; md6_low   ; int_en     ; md6_low      ; md11_low    ; 0.500        ; 10.000     ; 30.000     ;
; -23.500 ; md6_low   ; erase      ; md6_low      ; md11_low    ; 0.500        ; 10.000     ; 30.000     ;
; -23.500 ; md4_low   ; write_thru ; md4_low      ; md11_low    ; 0.500        ; 10.000     ; 30.000     ;
; -23.500 ; md4_low   ; store      ; md4_low      ; md11_low    ; 0.500        ; 10.000     ; 30.000     ;
; -23.500 ; md4_low   ; color      ; md4_low      ; md11_low    ; 0.500        ; 10.000     ; 30.000     ;
; -23.500 ; md4_low   ; chan       ; md4_low      ; md11_low    ; 0.500        ; 10.000     ; 30.000     ;
; -23.500 ; md4_low   ; int_en     ; md4_low      ; md11_low    ; 0.500        ; 10.000     ; 30.000     ;
; -23.500 ; md4_low   ; erase      ; md4_low      ; md11_low    ; 0.500        ; 10.000     ; 30.000     ;
; -23.500 ; md3_low   ; write_thru ; md3_low      ; md11_low    ; 0.500        ; 10.000     ; 30.000     ;
; -23.500 ; md3_low   ; store      ; md3_low      ; md11_low    ; 0.500        ; 10.000     ; 30.000     ;
; -23.500 ; md3_low   ; color      ; md3_low      ; md11_low    ; 0.500        ; 10.000     ; 30.000     ;
; -23.500 ; md3_low   ; chan       ; md3_low      ; md11_low    ; 0.500        ; 10.000     ; 30.000     ;
; -23.500 ; md3_low   ; int_en     ; md3_low      ; md11_low    ; 0.500        ; 10.000     ; 30.000     ;
; -23.500 ; md3_low   ; erase      ; md3_low      ; md11_low    ; 0.500        ; 10.000     ; 30.000     ;
; -23.500 ; md8_low   ; write_thru ; md8_low      ; md11_low    ; 0.500        ; 10.000     ; 30.000     ;
; -23.500 ; md8_low   ; store      ; md8_low      ; md11_low    ; 0.500        ; 10.000     ; 30.000     ;
; -23.500 ; md8_low   ; color      ; md8_low      ; md11_low    ; 0.500        ; 10.000     ; 30.000     ;
; -23.500 ; md8_low   ; chan       ; md8_low      ; md11_low    ; 0.500        ; 10.000     ; 30.000     ;
; -23.500 ; md8_low   ; int_en     ; md8_low      ; md11_low    ; 0.500        ; 10.000     ; 30.000     ;
; -23.500 ; md8_low   ; erase      ; md8_low      ; md11_low    ; 0.500        ; 10.000     ; 30.000     ;
; -23.500 ; md5_low   ; write_thru ; md5_low      ; md11_low    ; 0.500        ; 10.000     ; 30.000     ;
; -23.500 ; md5_low   ; store      ; md5_low      ; md11_low    ; 0.500        ; 10.000     ; 30.000     ;
; -23.500 ; md5_low   ; color      ; md5_low      ; md11_low    ; 0.500        ; 10.000     ; 30.000     ;
; -23.500 ; md5_low   ; chan       ; md5_low      ; md11_low    ; 0.500        ; 10.000     ; 30.000     ;
; -23.500 ; md5_low   ; int_en     ; md5_low      ; md11_low    ; 0.500        ; 10.000     ; 30.000     ;
; -23.500 ; md5_low   ; erase      ; md5_low      ; md11_low    ; 0.500        ; 10.000     ; 30.000     ;
; -23.500 ; md11_low  ; write_thru ; md11_low     ; md11_low    ; 0.500        ; 10.000     ; 30.000     ;
; -23.500 ; md11_low  ; store      ; md11_low     ; md11_low    ; 0.500        ; 10.000     ; 30.000     ;
; -23.500 ; md11_low  ; color      ; md11_low     ; md11_low    ; 0.500        ; 10.000     ; 30.000     ;
; -23.500 ; md11_low  ; chan       ; md11_low     ; md11_low    ; 0.500        ; 10.000     ; 30.000     ;
; -23.500 ; md11_low  ; int_en     ; md11_low     ; md11_low    ; 0.500        ; 10.000     ; 30.000     ;
; -23.500 ; md11_low  ; erase      ; md11_low     ; md11_low    ; 0.500        ; 10.000     ; 30.000     ;
; -23.000 ; tp3       ; write_thru ; tp3          ; md11_low    ; 1.000        ; 10.000     ; 30.000     ;
; -23.000 ; tp3       ; store      ; tp3          ; md11_low    ; 1.000        ; 10.000     ; 30.000     ;
; -23.000 ; tp3       ; color      ; tp3          ; md11_low    ; 1.000        ; 10.000     ; 30.000     ;
; -23.000 ; tp3       ; chan       ; tp3          ; md11_low    ; 1.000        ; 10.000     ; 30.000     ;
; -23.000 ; tp3       ; int_en     ; tp3          ; md11_low    ; 1.000        ; 10.000     ; 30.000     ;
; -23.000 ; tp3       ; erase      ; tp3          ; md11_low    ; 1.000        ; 10.000     ; 30.000     ;
; -23.000 ; md10_low  ; write_thru ; md10_low     ; md11_low    ; 1.000        ; 10.000     ; 30.000     ;
; -23.000 ; md10_low  ; store      ; md10_low     ; md11_low    ; 1.000        ; 10.000     ; 30.000     ;
; -23.000 ; md10_low  ; color      ; md10_low     ; md11_low    ; 1.000        ; 10.000     ; 30.000     ;
; -23.000 ; md10_low  ; chan       ; md10_low     ; md11_low    ; 1.000        ; 10.000     ; 30.000     ;
; -23.000 ; md10_low  ; int_en     ; md10_low     ; md11_low    ; 1.000        ; 10.000     ; 30.000     ;
; -23.000 ; md10_low  ; erase      ; md10_low     ; md11_low    ; 1.000        ; 10.000     ; 30.000     ;
; -23.000 ; md9_low   ; write_thru ; md9_low      ; md11_low    ; 1.000        ; 10.000     ; 30.000     ;
; -23.000 ; md9_low   ; store      ; md9_low      ; md11_low    ; 1.000        ; 10.000     ; 30.000     ;
; -23.000 ; md9_low   ; color      ; md9_low      ; md11_low    ; 1.000        ; 10.000     ; 30.000     ;
; -23.000 ; md9_low   ; chan       ; md9_low      ; md11_low    ; 1.000        ; 10.000     ; 30.000     ;
; -23.000 ; md9_low   ; int_en     ; md9_low      ; md11_low    ; 1.000        ; 10.000     ; 30.000     ;
; -23.000 ; md9_low   ; erase      ; md9_low      ; md11_low    ; 1.000        ; 10.000     ; 30.000     ;
; -23.000 ; pause_low ; write_thru ; pause_low    ; md11_low    ; 1.000        ; 10.000     ; 30.000     ;
; -23.000 ; pause_low ; store      ; pause_low    ; md11_low    ; 1.000        ; 10.000     ; 30.000     ;
; -23.000 ; pause_low ; color      ; pause_low    ; md11_low    ; 1.000        ; 10.000     ; 30.000     ;
; -23.000 ; pause_low ; chan       ; pause_low    ; md11_low    ; 1.000        ; 10.000     ; 30.000     ;
; -23.000 ; pause_low ; int_en     ; pause_low    ; md11_low    ; 1.000        ; 10.000     ; 30.000     ;
; -23.000 ; pause_low ; erase      ; pause_low    ; md11_low    ; 1.000        ; 10.000     ; 30.000     ;
; -23.000 ; md7_low   ; write_thru ; md7_low      ; md11_low    ; 1.000        ; 10.000     ; 30.000     ;
; -23.000 ; md7_low   ; store      ; md7_low      ; md11_low    ; 1.000        ; 10.000     ; 30.000     ;
; -23.000 ; md7_low   ; color      ; md7_low      ; md11_low    ; 1.000        ; 10.000     ; 30.000     ;
; -23.000 ; md7_low   ; chan       ; md7_low      ; md11_low    ; 1.000        ; 10.000     ; 30.000     ;
; -23.000 ; md7_low   ; int_en     ; md7_low      ; md11_low    ; 1.000        ; 10.000     ; 30.000     ;
; -23.000 ; md7_low   ; erase      ; md7_low      ; md11_low    ; 1.000        ; 10.000     ; 30.000     ;
; -23.000 ; md6_low   ; write_thru ; md6_low      ; md11_low    ; 1.000        ; 10.000     ; 30.000     ;
; -23.000 ; md6_low   ; store      ; md6_low      ; md11_low    ; 1.000        ; 10.000     ; 30.000     ;
; -23.000 ; md6_low   ; color      ; md6_low      ; md11_low    ; 1.000        ; 10.000     ; 30.000     ;
; -23.000 ; md6_low   ; chan       ; md6_low      ; md11_low    ; 1.000        ; 10.000     ; 30.000     ;
+---------+-----------+------------+--------------+-------------+--------------+------------+------------+


+--------------------------------------------------------------------------------------------------------+
; Recovery: 'md3_low'                                                                                    ;
+---------+-----------+------------+--------------+-------------+--------------+------------+------------+
; Slack   ; From Node ; To Node    ; Launch Clock ; Latch Clock ; Relationship ; Clock Skew ; Data Delay ;
+---------+-----------+------------+--------------+-------------+--------------+------------+------------+
; -23.500 ; tp3       ; write_thru ; tp3          ; md3_low     ; 0.500        ; 10.000     ; 30.000     ;
; -23.500 ; tp3       ; store      ; tp3          ; md3_low     ; 0.500        ; 10.000     ; 30.000     ;
; -23.500 ; tp3       ; color      ; tp3          ; md3_low     ; 0.500        ; 10.000     ; 30.000     ;
; -23.500 ; tp3       ; chan       ; tp3          ; md3_low     ; 0.500        ; 10.000     ; 30.000     ;
; -23.500 ; tp3       ; int_en     ; tp3          ; md3_low     ; 0.500        ; 10.000     ; 30.000     ;
; -23.500 ; tp3       ; erase      ; tp3          ; md3_low     ; 0.500        ; 10.000     ; 30.000     ;
; -23.500 ; md10_low  ; write_thru ; md10_low     ; md3_low     ; 0.500        ; 10.000     ; 30.000     ;
; -23.500 ; md10_low  ; store      ; md10_low     ; md3_low     ; 0.500        ; 10.000     ; 30.000     ;
; -23.500 ; md10_low  ; color      ; md10_low     ; md3_low     ; 0.500        ; 10.000     ; 30.000     ;
; -23.500 ; md10_low  ; chan       ; md10_low     ; md3_low     ; 0.500        ; 10.000     ; 30.000     ;
; -23.500 ; md10_low  ; int_en     ; md10_low     ; md3_low     ; 0.500        ; 10.000     ; 30.000     ;
; -23.500 ; md10_low  ; erase      ; md10_low     ; md3_low     ; 0.500        ; 10.000     ; 30.000     ;
; -23.500 ; md9_low   ; write_thru ; md9_low      ; md3_low     ; 0.500        ; 10.000     ; 30.000     ;
; -23.500 ; md9_low   ; store      ; md9_low      ; md3_low     ; 0.500        ; 10.000     ; 30.000     ;
; -23.500 ; md9_low   ; color      ; md9_low      ; md3_low     ; 0.500        ; 10.000     ; 30.000     ;
; -23.500 ; md9_low   ; chan       ; md9_low      ; md3_low     ; 0.500        ; 10.000     ; 30.000     ;
; -23.500 ; md9_low   ; int_en     ; md9_low      ; md3_low     ; 0.500        ; 10.000     ; 30.000     ;
; -23.500 ; md9_low   ; erase      ; md9_low      ; md3_low     ; 0.500        ; 10.000     ; 30.000     ;
; -23.500 ; pause_low ; write_thru ; pause_low    ; md3_low     ; 0.500        ; 10.000     ; 30.000     ;
; -23.500 ; pause_low ; store      ; pause_low    ; md3_low     ; 0.500        ; 10.000     ; 30.000     ;
; -23.500 ; pause_low ; color      ; pause_low    ; md3_low     ; 0.500        ; 10.000     ; 30.000     ;
; -23.500 ; pause_low ; chan       ; pause_low    ; md3_low     ; 0.500        ; 10.000     ; 30.000     ;
; -23.500 ; pause_low ; int_en     ; pause_low    ; md3_low     ; 0.500        ; 10.000     ; 30.000     ;
; -23.500 ; pause_low ; erase      ; pause_low    ; md3_low     ; 0.500        ; 10.000     ; 30.000     ;
; -23.500 ; md7_low   ; write_thru ; md7_low      ; md3_low     ; 0.500        ; 10.000     ; 30.000     ;
; -23.500 ; md7_low   ; store      ; md7_low      ; md3_low     ; 0.500        ; 10.000     ; 30.000     ;
; -23.500 ; md7_low   ; color      ; md7_low      ; md3_low     ; 0.500        ; 10.000     ; 30.000     ;
; -23.500 ; md7_low   ; chan       ; md7_low      ; md3_low     ; 0.500        ; 10.000     ; 30.000     ;
; -23.500 ; md7_low   ; int_en     ; md7_low      ; md3_low     ; 0.500        ; 10.000     ; 30.000     ;
; -23.500 ; md7_low   ; erase      ; md7_low      ; md3_low     ; 0.500        ; 10.000     ; 30.000     ;
; -23.500 ; md6_low   ; write_thru ; md6_low      ; md3_low     ; 0.500        ; 10.000     ; 30.000     ;
; -23.500 ; md6_low   ; store      ; md6_low      ; md3_low     ; 0.500        ; 10.000     ; 30.000     ;
; -23.500 ; md6_low   ; color      ; md6_low      ; md3_low     ; 0.500        ; 10.000     ; 30.000     ;
; -23.500 ; md6_low   ; chan       ; md6_low      ; md3_low     ; 0.500        ; 10.000     ; 30.000     ;
; -23.500 ; md6_low   ; int_en     ; md6_low      ; md3_low     ; 0.500        ; 10.000     ; 30.000     ;
; -23.500 ; md6_low   ; erase      ; md6_low      ; md3_low     ; 0.500        ; 10.000     ; 30.000     ;
; -23.500 ; md4_low   ; write_thru ; md4_low      ; md3_low     ; 0.500        ; 10.000     ; 30.000     ;
; -23.500 ; md4_low   ; store      ; md4_low      ; md3_low     ; 0.500        ; 10.000     ; 30.000     ;
; -23.500 ; md4_low   ; color      ; md4_low      ; md3_low     ; 0.500        ; 10.000     ; 30.000     ;
; -23.500 ; md4_low   ; chan       ; md4_low      ; md3_low     ; 0.500        ; 10.000     ; 30.000     ;
; -23.500 ; md4_low   ; int_en     ; md4_low      ; md3_low     ; 0.500        ; 10.000     ; 30.000     ;
; -23.500 ; md4_low   ; erase      ; md4_low      ; md3_low     ; 0.500        ; 10.000     ; 30.000     ;
; -23.500 ; md3_low   ; write_thru ; md3_low      ; md3_low     ; 0.500        ; 10.000     ; 30.000     ;
; -23.500 ; md3_low   ; store      ; md3_low      ; md3_low     ; 0.500        ; 10.000     ; 30.000     ;
; -23.500 ; md3_low   ; color      ; md3_low      ; md3_low     ; 0.500        ; 10.000     ; 30.000     ;
; -23.500 ; md3_low   ; chan       ; md3_low      ; md3_low     ; 0.500        ; 10.000     ; 30.000     ;
; -23.500 ; md3_low   ; int_en     ; md3_low      ; md3_low     ; 0.500        ; 10.000     ; 30.000     ;
; -23.500 ; md3_low   ; erase      ; md3_low      ; md3_low     ; 0.500        ; 10.000     ; 30.000     ;
; -23.500 ; md8_low   ; write_thru ; md8_low      ; md3_low     ; 0.500        ; 10.000     ; 30.000     ;
; -23.500 ; md8_low   ; store      ; md8_low      ; md3_low     ; 0.500        ; 10.000     ; 30.000     ;
; -23.500 ; md8_low   ; color      ; md8_low      ; md3_low     ; 0.500        ; 10.000     ; 30.000     ;
; -23.500 ; md8_low   ; chan       ; md8_low      ; md3_low     ; 0.500        ; 10.000     ; 30.000     ;
; -23.500 ; md8_low   ; int_en     ; md8_low      ; md3_low     ; 0.500        ; 10.000     ; 30.000     ;
; -23.500 ; md8_low   ; erase      ; md8_low      ; md3_low     ; 0.500        ; 10.000     ; 30.000     ;
; -23.500 ; md5_low   ; write_thru ; md5_low      ; md3_low     ; 0.500        ; 10.000     ; 30.000     ;
; -23.500 ; md5_low   ; store      ; md5_low      ; md3_low     ; 0.500        ; 10.000     ; 30.000     ;
; -23.500 ; md5_low   ; color      ; md5_low      ; md3_low     ; 0.500        ; 10.000     ; 30.000     ;
; -23.500 ; md5_low   ; chan       ; md5_low      ; md3_low     ; 0.500        ; 10.000     ; 30.000     ;
; -23.500 ; md5_low   ; int_en     ; md5_low      ; md3_low     ; 0.500        ; 10.000     ; 30.000     ;
; -23.500 ; md5_low   ; erase      ; md5_low      ; md3_low     ; 0.500        ; 10.000     ; 30.000     ;
; -23.500 ; md11_low  ; write_thru ; md11_low     ; md3_low     ; 0.500        ; 10.000     ; 30.000     ;
; -23.500 ; md11_low  ; store      ; md11_low     ; md3_low     ; 0.500        ; 10.000     ; 30.000     ;
; -23.500 ; md11_low  ; color      ; md11_low     ; md3_low     ; 0.500        ; 10.000     ; 30.000     ;
; -23.500 ; md11_low  ; chan       ; md11_low     ; md3_low     ; 0.500        ; 10.000     ; 30.000     ;
; -23.500 ; md11_low  ; int_en     ; md11_low     ; md3_low     ; 0.500        ; 10.000     ; 30.000     ;
; -23.500 ; md11_low  ; erase      ; md11_low     ; md3_low     ; 0.500        ; 10.000     ; 30.000     ;
; -23.000 ; tp3       ; write_thru ; tp3          ; md3_low     ; 1.000        ; 10.000     ; 30.000     ;
; -23.000 ; tp3       ; store      ; tp3          ; md3_low     ; 1.000        ; 10.000     ; 30.000     ;
; -23.000 ; tp3       ; color      ; tp3          ; md3_low     ; 1.000        ; 10.000     ; 30.000     ;
; -23.000 ; tp3       ; chan       ; tp3          ; md3_low     ; 1.000        ; 10.000     ; 30.000     ;
; -23.000 ; tp3       ; int_en     ; tp3          ; md3_low     ; 1.000        ; 10.000     ; 30.000     ;
; -23.000 ; tp3       ; erase      ; tp3          ; md3_low     ; 1.000        ; 10.000     ; 30.000     ;
; -23.000 ; md10_low  ; write_thru ; md10_low     ; md3_low     ; 1.000        ; 10.000     ; 30.000     ;
; -23.000 ; md10_low  ; store      ; md10_low     ; md3_low     ; 1.000        ; 10.000     ; 30.000     ;
; -23.000 ; md10_low  ; color      ; md10_low     ; md3_low     ; 1.000        ; 10.000     ; 30.000     ;
; -23.000 ; md10_low  ; chan       ; md10_low     ; md3_low     ; 1.000        ; 10.000     ; 30.000     ;
; -23.000 ; md10_low  ; int_en     ; md10_low     ; md3_low     ; 1.000        ; 10.000     ; 30.000     ;
; -23.000 ; md10_low  ; erase      ; md10_low     ; md3_low     ; 1.000        ; 10.000     ; 30.000     ;
; -23.000 ; md9_low   ; write_thru ; md9_low      ; md3_low     ; 1.000        ; 10.000     ; 30.000     ;
; -23.000 ; md9_low   ; store      ; md9_low      ; md3_low     ; 1.000        ; 10.000     ; 30.000     ;
; -23.000 ; md9_low   ; color      ; md9_low      ; md3_low     ; 1.000        ; 10.000     ; 30.000     ;
; -23.000 ; md9_low   ; chan       ; md9_low      ; md3_low     ; 1.000        ; 10.000     ; 30.000     ;
; -23.000 ; md9_low   ; int_en     ; md9_low      ; md3_low     ; 1.000        ; 10.000     ; 30.000     ;
; -23.000 ; md9_low   ; erase      ; md9_low      ; md3_low     ; 1.000        ; 10.000     ; 30.000     ;
; -23.000 ; pause_low ; write_thru ; pause_low    ; md3_low     ; 1.000        ; 10.000     ; 30.000     ;
; -23.000 ; pause_low ; store      ; pause_low    ; md3_low     ; 1.000        ; 10.000     ; 30.000     ;
; -23.000 ; pause_low ; color      ; pause_low    ; md3_low     ; 1.000        ; 10.000     ; 30.000     ;
; -23.000 ; pause_low ; chan       ; pause_low    ; md3_low     ; 1.000        ; 10.000     ; 30.000     ;
; -23.000 ; pause_low ; int_en     ; pause_low    ; md3_low     ; 1.000        ; 10.000     ; 30.000     ;
; -23.000 ; pause_low ; erase      ; pause_low    ; md3_low     ; 1.000        ; 10.000     ; 30.000     ;
; -23.000 ; md7_low   ; write_thru ; md7_low      ; md3_low     ; 1.000        ; 10.000     ; 30.000     ;
; -23.000 ; md7_low   ; store      ; md7_low      ; md3_low     ; 1.000        ; 10.000     ; 30.000     ;
; -23.000 ; md7_low   ; color      ; md7_low      ; md3_low     ; 1.000        ; 10.000     ; 30.000     ;
; -23.000 ; md7_low   ; chan       ; md7_low      ; md3_low     ; 1.000        ; 10.000     ; 30.000     ;
; -23.000 ; md7_low   ; int_en     ; md7_low      ; md3_low     ; 1.000        ; 10.000     ; 30.000     ;
; -23.000 ; md7_low   ; erase      ; md7_low      ; md3_low     ; 1.000        ; 10.000     ; 30.000     ;
; -23.000 ; md6_low   ; write_thru ; md6_low      ; md3_low     ; 1.000        ; 10.000     ; 30.000     ;
; -23.000 ; md6_low   ; store      ; md6_low      ; md3_low     ; 1.000        ; 10.000     ; 30.000     ;
; -23.000 ; md6_low   ; color      ; md6_low      ; md3_low     ; 1.000        ; 10.000     ; 30.000     ;
; -23.000 ; md6_low   ; chan       ; md6_low      ; md3_low     ; 1.000        ; 10.000     ; 30.000     ;
+---------+-----------+------------+--------------+-------------+--------------+------------+------------+


+--------------------------------------------------------------------------------------------------------+
; Recovery: 'md4_low'                                                                                    ;
+---------+-----------+------------+--------------+-------------+--------------+------------+------------+
; Slack   ; From Node ; To Node    ; Launch Clock ; Latch Clock ; Relationship ; Clock Skew ; Data Delay ;
+---------+-----------+------------+--------------+-------------+--------------+------------+------------+
; -23.500 ; tp3       ; write_thru ; tp3          ; md4_low     ; 0.500        ; 10.000     ; 30.000     ;
; -23.500 ; tp3       ; store      ; tp3          ; md4_low     ; 0.500        ; 10.000     ; 30.000     ;
; -23.500 ; tp3       ; color      ; tp3          ; md4_low     ; 0.500        ; 10.000     ; 30.000     ;
; -23.500 ; tp3       ; chan       ; tp3          ; md4_low     ; 0.500        ; 10.000     ; 30.000     ;
; -23.500 ; tp3       ; int_en     ; tp3          ; md4_low     ; 0.500        ; 10.000     ; 30.000     ;
; -23.500 ; tp3       ; erase      ; tp3          ; md4_low     ; 0.500        ; 10.000     ; 30.000     ;
; -23.500 ; md10_low  ; write_thru ; md10_low     ; md4_low     ; 0.500        ; 10.000     ; 30.000     ;
; -23.500 ; md10_low  ; store      ; md10_low     ; md4_low     ; 0.500        ; 10.000     ; 30.000     ;
; -23.500 ; md10_low  ; color      ; md10_low     ; md4_low     ; 0.500        ; 10.000     ; 30.000     ;
; -23.500 ; md10_low  ; chan       ; md10_low     ; md4_low     ; 0.500        ; 10.000     ; 30.000     ;
; -23.500 ; md10_low  ; int_en     ; md10_low     ; md4_low     ; 0.500        ; 10.000     ; 30.000     ;
; -23.500 ; md10_low  ; erase      ; md10_low     ; md4_low     ; 0.500        ; 10.000     ; 30.000     ;
; -23.500 ; md9_low   ; write_thru ; md9_low      ; md4_low     ; 0.500        ; 10.000     ; 30.000     ;
; -23.500 ; md9_low   ; store      ; md9_low      ; md4_low     ; 0.500        ; 10.000     ; 30.000     ;
; -23.500 ; md9_low   ; color      ; md9_low      ; md4_low     ; 0.500        ; 10.000     ; 30.000     ;
; -23.500 ; md9_low   ; chan       ; md9_low      ; md4_low     ; 0.500        ; 10.000     ; 30.000     ;
; -23.500 ; md9_low   ; int_en     ; md9_low      ; md4_low     ; 0.500        ; 10.000     ; 30.000     ;
; -23.500 ; md9_low   ; erase      ; md9_low      ; md4_low     ; 0.500        ; 10.000     ; 30.000     ;
; -23.500 ; pause_low ; write_thru ; pause_low    ; md4_low     ; 0.500        ; 10.000     ; 30.000     ;
; -23.500 ; pause_low ; store      ; pause_low    ; md4_low     ; 0.500        ; 10.000     ; 30.000     ;
; -23.500 ; pause_low ; color      ; pause_low    ; md4_low     ; 0.500        ; 10.000     ; 30.000     ;
; -23.500 ; pause_low ; chan       ; pause_low    ; md4_low     ; 0.500        ; 10.000     ; 30.000     ;
; -23.500 ; pause_low ; int_en     ; pause_low    ; md4_low     ; 0.500        ; 10.000     ; 30.000     ;
; -23.500 ; pause_low ; erase      ; pause_low    ; md4_low     ; 0.500        ; 10.000     ; 30.000     ;
; -23.500 ; md7_low   ; write_thru ; md7_low      ; md4_low     ; 0.500        ; 10.000     ; 30.000     ;
; -23.500 ; md7_low   ; store      ; md7_low      ; md4_low     ; 0.500        ; 10.000     ; 30.000     ;
; -23.500 ; md7_low   ; color      ; md7_low      ; md4_low     ; 0.500        ; 10.000     ; 30.000     ;
; -23.500 ; md7_low   ; chan       ; md7_low      ; md4_low     ; 0.500        ; 10.000     ; 30.000     ;
; -23.500 ; md7_low   ; int_en     ; md7_low      ; md4_low     ; 0.500        ; 10.000     ; 30.000     ;
; -23.500 ; md7_low   ; erase      ; md7_low      ; md4_low     ; 0.500        ; 10.000     ; 30.000     ;
; -23.500 ; md6_low   ; write_thru ; md6_low      ; md4_low     ; 0.500        ; 10.000     ; 30.000     ;
; -23.500 ; md6_low   ; store      ; md6_low      ; md4_low     ; 0.500        ; 10.000     ; 30.000     ;
; -23.500 ; md6_low   ; color      ; md6_low      ; md4_low     ; 0.500        ; 10.000     ; 30.000     ;
; -23.500 ; md6_low   ; chan       ; md6_low      ; md4_low     ; 0.500        ; 10.000     ; 30.000     ;
; -23.500 ; md6_low   ; int_en     ; md6_low      ; md4_low     ; 0.500        ; 10.000     ; 30.000     ;
; -23.500 ; md6_low   ; erase      ; md6_low      ; md4_low     ; 0.500        ; 10.000     ; 30.000     ;
; -23.500 ; md4_low   ; write_thru ; md4_low      ; md4_low     ; 0.500        ; 10.000     ; 30.000     ;
; -23.500 ; md4_low   ; store      ; md4_low      ; md4_low     ; 0.500        ; 10.000     ; 30.000     ;
; -23.500 ; md4_low   ; color      ; md4_low      ; md4_low     ; 0.500        ; 10.000     ; 30.000     ;
; -23.500 ; md4_low   ; chan       ; md4_low      ; md4_low     ; 0.500        ; 10.000     ; 30.000     ;
; -23.500 ; md4_low   ; int_en     ; md4_low      ; md4_low     ; 0.500        ; 10.000     ; 30.000     ;
; -23.500 ; md4_low   ; erase      ; md4_low      ; md4_low     ; 0.500        ; 10.000     ; 30.000     ;
; -23.500 ; md3_low   ; write_thru ; md3_low      ; md4_low     ; 0.500        ; 10.000     ; 30.000     ;
; -23.500 ; md3_low   ; store      ; md3_low      ; md4_low     ; 0.500        ; 10.000     ; 30.000     ;
; -23.500 ; md3_low   ; color      ; md3_low      ; md4_low     ; 0.500        ; 10.000     ; 30.000     ;
; -23.500 ; md3_low   ; chan       ; md3_low      ; md4_low     ; 0.500        ; 10.000     ; 30.000     ;
; -23.500 ; md3_low   ; int_en     ; md3_low      ; md4_low     ; 0.500        ; 10.000     ; 30.000     ;
; -23.500 ; md3_low   ; erase      ; md3_low      ; md4_low     ; 0.500        ; 10.000     ; 30.000     ;
; -23.500 ; md8_low   ; write_thru ; md8_low      ; md4_low     ; 0.500        ; 10.000     ; 30.000     ;
; -23.500 ; md8_low   ; store      ; md8_low      ; md4_low     ; 0.500        ; 10.000     ; 30.000     ;
; -23.500 ; md8_low   ; color      ; md8_low      ; md4_low     ; 0.500        ; 10.000     ; 30.000     ;
; -23.500 ; md8_low   ; chan       ; md8_low      ; md4_low     ; 0.500        ; 10.000     ; 30.000     ;
; -23.500 ; md8_low   ; int_en     ; md8_low      ; md4_low     ; 0.500        ; 10.000     ; 30.000     ;
; -23.500 ; md8_low   ; erase      ; md8_low      ; md4_low     ; 0.500        ; 10.000     ; 30.000     ;
; -23.500 ; md5_low   ; write_thru ; md5_low      ; md4_low     ; 0.500        ; 10.000     ; 30.000     ;
; -23.500 ; md5_low   ; store      ; md5_low      ; md4_low     ; 0.500        ; 10.000     ; 30.000     ;
; -23.500 ; md5_low   ; color      ; md5_low      ; md4_low     ; 0.500        ; 10.000     ; 30.000     ;
; -23.500 ; md5_low   ; chan       ; md5_low      ; md4_low     ; 0.500        ; 10.000     ; 30.000     ;
; -23.500 ; md5_low   ; int_en     ; md5_low      ; md4_low     ; 0.500        ; 10.000     ; 30.000     ;
; -23.500 ; md5_low   ; erase      ; md5_low      ; md4_low     ; 0.500        ; 10.000     ; 30.000     ;
; -23.500 ; md11_low  ; write_thru ; md11_low     ; md4_low     ; 0.500        ; 10.000     ; 30.000     ;
; -23.500 ; md11_low  ; store      ; md11_low     ; md4_low     ; 0.500        ; 10.000     ; 30.000     ;
; -23.500 ; md11_low  ; color      ; md11_low     ; md4_low     ; 0.500        ; 10.000     ; 30.000     ;
; -23.500 ; md11_low  ; chan       ; md11_low     ; md4_low     ; 0.500        ; 10.000     ; 30.000     ;
; -23.500 ; md11_low  ; int_en     ; md11_low     ; md4_low     ; 0.500        ; 10.000     ; 30.000     ;
; -23.500 ; md11_low  ; erase      ; md11_low     ; md4_low     ; 0.500        ; 10.000     ; 30.000     ;
; -23.000 ; tp3       ; write_thru ; tp3          ; md4_low     ; 1.000        ; 10.000     ; 30.000     ;
; -23.000 ; tp3       ; store      ; tp3          ; md4_low     ; 1.000        ; 10.000     ; 30.000     ;
; -23.000 ; tp3       ; color      ; tp3          ; md4_low     ; 1.000        ; 10.000     ; 30.000     ;
; -23.000 ; tp3       ; chan       ; tp3          ; md4_low     ; 1.000        ; 10.000     ; 30.000     ;
; -23.000 ; tp3       ; int_en     ; tp3          ; md4_low     ; 1.000        ; 10.000     ; 30.000     ;
; -23.000 ; tp3       ; erase      ; tp3          ; md4_low     ; 1.000        ; 10.000     ; 30.000     ;
; -23.000 ; md10_low  ; write_thru ; md10_low     ; md4_low     ; 1.000        ; 10.000     ; 30.000     ;
; -23.000 ; md10_low  ; store      ; md10_low     ; md4_low     ; 1.000        ; 10.000     ; 30.000     ;
; -23.000 ; md10_low  ; color      ; md10_low     ; md4_low     ; 1.000        ; 10.000     ; 30.000     ;
; -23.000 ; md10_low  ; chan       ; md10_low     ; md4_low     ; 1.000        ; 10.000     ; 30.000     ;
; -23.000 ; md10_low  ; int_en     ; md10_low     ; md4_low     ; 1.000        ; 10.000     ; 30.000     ;
; -23.000 ; md10_low  ; erase      ; md10_low     ; md4_low     ; 1.000        ; 10.000     ; 30.000     ;
; -23.000 ; md9_low   ; write_thru ; md9_low      ; md4_low     ; 1.000        ; 10.000     ; 30.000     ;
; -23.000 ; md9_low   ; store      ; md9_low      ; md4_low     ; 1.000        ; 10.000     ; 30.000     ;
; -23.000 ; md9_low   ; color      ; md9_low      ; md4_low     ; 1.000        ; 10.000     ; 30.000     ;
; -23.000 ; md9_low   ; chan       ; md9_low      ; md4_low     ; 1.000        ; 10.000     ; 30.000     ;
; -23.000 ; md9_low   ; int_en     ; md9_low      ; md4_low     ; 1.000        ; 10.000     ; 30.000     ;
; -23.000 ; md9_low   ; erase      ; md9_low      ; md4_low     ; 1.000        ; 10.000     ; 30.000     ;
; -23.000 ; pause_low ; write_thru ; pause_low    ; md4_low     ; 1.000        ; 10.000     ; 30.000     ;
; -23.000 ; pause_low ; store      ; pause_low    ; md4_low     ; 1.000        ; 10.000     ; 30.000     ;
; -23.000 ; pause_low ; color      ; pause_low    ; md4_low     ; 1.000        ; 10.000     ; 30.000     ;
; -23.000 ; pause_low ; chan       ; pause_low    ; md4_low     ; 1.000        ; 10.000     ; 30.000     ;
; -23.000 ; pause_low ; int_en     ; pause_low    ; md4_low     ; 1.000        ; 10.000     ; 30.000     ;
; -23.000 ; pause_low ; erase      ; pause_low    ; md4_low     ; 1.000        ; 10.000     ; 30.000     ;
; -23.000 ; md7_low   ; write_thru ; md7_low      ; md4_low     ; 1.000        ; 10.000     ; 30.000     ;
; -23.000 ; md7_low   ; store      ; md7_low      ; md4_low     ; 1.000        ; 10.000     ; 30.000     ;
; -23.000 ; md7_low   ; color      ; md7_low      ; md4_low     ; 1.000        ; 10.000     ; 30.000     ;
; -23.000 ; md7_low   ; chan       ; md7_low      ; md4_low     ; 1.000        ; 10.000     ; 30.000     ;
; -23.000 ; md7_low   ; int_en     ; md7_low      ; md4_low     ; 1.000        ; 10.000     ; 30.000     ;
; -23.000 ; md7_low   ; erase      ; md7_low      ; md4_low     ; 1.000        ; 10.000     ; 30.000     ;
; -23.000 ; md6_low   ; write_thru ; md6_low      ; md4_low     ; 1.000        ; 10.000     ; 30.000     ;
; -23.000 ; md6_low   ; store      ; md6_low      ; md4_low     ; 1.000        ; 10.000     ; 30.000     ;
; -23.000 ; md6_low   ; color      ; md6_low      ; md4_low     ; 1.000        ; 10.000     ; 30.000     ;
; -23.000 ; md6_low   ; chan       ; md6_low      ; md4_low     ; 1.000        ; 10.000     ; 30.000     ;
+---------+-----------+------------+--------------+-------------+--------------+------------+------------+


+--------------------------------------------------------------------------------------------------------+
; Recovery: 'md5_low'                                                                                    ;
+---------+-----------+------------+--------------+-------------+--------------+------------+------------+
; Slack   ; From Node ; To Node    ; Launch Clock ; Latch Clock ; Relationship ; Clock Skew ; Data Delay ;
+---------+-----------+------------+--------------+-------------+--------------+------------+------------+
; -23.500 ; tp3       ; write_thru ; tp3          ; md5_low     ; 0.500        ; 10.000     ; 30.000     ;
; -23.500 ; tp3       ; store      ; tp3          ; md5_low     ; 0.500        ; 10.000     ; 30.000     ;
; -23.500 ; tp3       ; color      ; tp3          ; md5_low     ; 0.500        ; 10.000     ; 30.000     ;
; -23.500 ; tp3       ; chan       ; tp3          ; md5_low     ; 0.500        ; 10.000     ; 30.000     ;
; -23.500 ; tp3       ; int_en     ; tp3          ; md5_low     ; 0.500        ; 10.000     ; 30.000     ;
; -23.500 ; tp3       ; erase      ; tp3          ; md5_low     ; 0.500        ; 10.000     ; 30.000     ;
; -23.500 ; md10_low  ; write_thru ; md10_low     ; md5_low     ; 0.500        ; 10.000     ; 30.000     ;
; -23.500 ; md10_low  ; store      ; md10_low     ; md5_low     ; 0.500        ; 10.000     ; 30.000     ;
; -23.500 ; md10_low  ; color      ; md10_low     ; md5_low     ; 0.500        ; 10.000     ; 30.000     ;
; -23.500 ; md10_low  ; chan       ; md10_low     ; md5_low     ; 0.500        ; 10.000     ; 30.000     ;
; -23.500 ; md10_low  ; int_en     ; md10_low     ; md5_low     ; 0.500        ; 10.000     ; 30.000     ;
; -23.500 ; md10_low  ; erase      ; md10_low     ; md5_low     ; 0.500        ; 10.000     ; 30.000     ;
; -23.500 ; md9_low   ; write_thru ; md9_low      ; md5_low     ; 0.500        ; 10.000     ; 30.000     ;
; -23.500 ; md9_low   ; store      ; md9_low      ; md5_low     ; 0.500        ; 10.000     ; 30.000     ;
; -23.500 ; md9_low   ; color      ; md9_low      ; md5_low     ; 0.500        ; 10.000     ; 30.000     ;
; -23.500 ; md9_low   ; chan       ; md9_low      ; md5_low     ; 0.500        ; 10.000     ; 30.000     ;
; -23.500 ; md9_low   ; int_en     ; md9_low      ; md5_low     ; 0.500        ; 10.000     ; 30.000     ;
; -23.500 ; md9_low   ; erase      ; md9_low      ; md5_low     ; 0.500        ; 10.000     ; 30.000     ;
; -23.500 ; pause_low ; write_thru ; pause_low    ; md5_low     ; 0.500        ; 10.000     ; 30.000     ;
; -23.500 ; pause_low ; store      ; pause_low    ; md5_low     ; 0.500        ; 10.000     ; 30.000     ;
; -23.500 ; pause_low ; color      ; pause_low    ; md5_low     ; 0.500        ; 10.000     ; 30.000     ;
; -23.500 ; pause_low ; chan       ; pause_low    ; md5_low     ; 0.500        ; 10.000     ; 30.000     ;
; -23.500 ; pause_low ; int_en     ; pause_low    ; md5_low     ; 0.500        ; 10.000     ; 30.000     ;
; -23.500 ; pause_low ; erase      ; pause_low    ; md5_low     ; 0.500        ; 10.000     ; 30.000     ;
; -23.500 ; md7_low   ; write_thru ; md7_low      ; md5_low     ; 0.500        ; 10.000     ; 30.000     ;
; -23.500 ; md7_low   ; store      ; md7_low      ; md5_low     ; 0.500        ; 10.000     ; 30.000     ;
; -23.500 ; md7_low   ; color      ; md7_low      ; md5_low     ; 0.500        ; 10.000     ; 30.000     ;
; -23.500 ; md7_low   ; chan       ; md7_low      ; md5_low     ; 0.500        ; 10.000     ; 30.000     ;
; -23.500 ; md7_low   ; int_en     ; md7_low      ; md5_low     ; 0.500        ; 10.000     ; 30.000     ;
; -23.500 ; md7_low   ; erase      ; md7_low      ; md5_low     ; 0.500        ; 10.000     ; 30.000     ;
; -23.500 ; md6_low   ; write_thru ; md6_low      ; md5_low     ; 0.500        ; 10.000     ; 30.000     ;
; -23.500 ; md6_low   ; store      ; md6_low      ; md5_low     ; 0.500        ; 10.000     ; 30.000     ;
; -23.500 ; md6_low   ; color      ; md6_low      ; md5_low     ; 0.500        ; 10.000     ; 30.000     ;
; -23.500 ; md6_low   ; chan       ; md6_low      ; md5_low     ; 0.500        ; 10.000     ; 30.000     ;
; -23.500 ; md6_low   ; int_en     ; md6_low      ; md5_low     ; 0.500        ; 10.000     ; 30.000     ;
; -23.500 ; md6_low   ; erase      ; md6_low      ; md5_low     ; 0.500        ; 10.000     ; 30.000     ;
; -23.500 ; md4_low   ; write_thru ; md4_low      ; md5_low     ; 0.500        ; 10.000     ; 30.000     ;
; -23.500 ; md4_low   ; store      ; md4_low      ; md5_low     ; 0.500        ; 10.000     ; 30.000     ;
; -23.500 ; md4_low   ; color      ; md4_low      ; md5_low     ; 0.500        ; 10.000     ; 30.000     ;
; -23.500 ; md4_low   ; chan       ; md4_low      ; md5_low     ; 0.500        ; 10.000     ; 30.000     ;
; -23.500 ; md4_low   ; int_en     ; md4_low      ; md5_low     ; 0.500        ; 10.000     ; 30.000     ;
; -23.500 ; md4_low   ; erase      ; md4_low      ; md5_low     ; 0.500        ; 10.000     ; 30.000     ;
; -23.500 ; md3_low   ; write_thru ; md3_low      ; md5_low     ; 0.500        ; 10.000     ; 30.000     ;
; -23.500 ; md3_low   ; store      ; md3_low      ; md5_low     ; 0.500        ; 10.000     ; 30.000     ;
; -23.500 ; md3_low   ; color      ; md3_low      ; md5_low     ; 0.500        ; 10.000     ; 30.000     ;
; -23.500 ; md3_low   ; chan       ; md3_low      ; md5_low     ; 0.500        ; 10.000     ; 30.000     ;
; -23.500 ; md3_low   ; int_en     ; md3_low      ; md5_low     ; 0.500        ; 10.000     ; 30.000     ;
; -23.500 ; md3_low   ; erase      ; md3_low      ; md5_low     ; 0.500        ; 10.000     ; 30.000     ;
; -23.500 ; md8_low   ; write_thru ; md8_low      ; md5_low     ; 0.500        ; 10.000     ; 30.000     ;
; -23.500 ; md8_low   ; store      ; md8_low      ; md5_low     ; 0.500        ; 10.000     ; 30.000     ;
; -23.500 ; md8_low   ; color      ; md8_low      ; md5_low     ; 0.500        ; 10.000     ; 30.000     ;
; -23.500 ; md8_low   ; chan       ; md8_low      ; md5_low     ; 0.500        ; 10.000     ; 30.000     ;
; -23.500 ; md8_low   ; int_en     ; md8_low      ; md5_low     ; 0.500        ; 10.000     ; 30.000     ;
; -23.500 ; md8_low   ; erase      ; md8_low      ; md5_low     ; 0.500        ; 10.000     ; 30.000     ;
; -23.500 ; md5_low   ; write_thru ; md5_low      ; md5_low     ; 0.500        ; 10.000     ; 30.000     ;
; -23.500 ; md5_low   ; store      ; md5_low      ; md5_low     ; 0.500        ; 10.000     ; 30.000     ;
; -23.500 ; md5_low   ; color      ; md5_low      ; md5_low     ; 0.500        ; 10.000     ; 30.000     ;
; -23.500 ; md5_low   ; chan       ; md5_low      ; md5_low     ; 0.500        ; 10.000     ; 30.000     ;
; -23.500 ; md5_low   ; int_en     ; md5_low      ; md5_low     ; 0.500        ; 10.000     ; 30.000     ;
; -23.500 ; md5_low   ; erase      ; md5_low      ; md5_low     ; 0.500        ; 10.000     ; 30.000     ;
; -23.500 ; md11_low  ; write_thru ; md11_low     ; md5_low     ; 0.500        ; 10.000     ; 30.000     ;
; -23.500 ; md11_low  ; store      ; md11_low     ; md5_low     ; 0.500        ; 10.000     ; 30.000     ;
; -23.500 ; md11_low  ; color      ; md11_low     ; md5_low     ; 0.500        ; 10.000     ; 30.000     ;
; -23.500 ; md11_low  ; chan       ; md11_low     ; md5_low     ; 0.500        ; 10.000     ; 30.000     ;
; -23.500 ; md11_low  ; int_en     ; md11_low     ; md5_low     ; 0.500        ; 10.000     ; 30.000     ;
; -23.500 ; md11_low  ; erase      ; md11_low     ; md5_low     ; 0.500        ; 10.000     ; 30.000     ;
; -23.000 ; tp3       ; write_thru ; tp3          ; md5_low     ; 1.000        ; 10.000     ; 30.000     ;
; -23.000 ; tp3       ; store      ; tp3          ; md5_low     ; 1.000        ; 10.000     ; 30.000     ;
; -23.000 ; tp3       ; color      ; tp3          ; md5_low     ; 1.000        ; 10.000     ; 30.000     ;
; -23.000 ; tp3       ; chan       ; tp3          ; md5_low     ; 1.000        ; 10.000     ; 30.000     ;
; -23.000 ; tp3       ; int_en     ; tp3          ; md5_low     ; 1.000        ; 10.000     ; 30.000     ;
; -23.000 ; tp3       ; erase      ; tp3          ; md5_low     ; 1.000        ; 10.000     ; 30.000     ;
; -23.000 ; md10_low  ; write_thru ; md10_low     ; md5_low     ; 1.000        ; 10.000     ; 30.000     ;
; -23.000 ; md10_low  ; store      ; md10_low     ; md5_low     ; 1.000        ; 10.000     ; 30.000     ;
; -23.000 ; md10_low  ; color      ; md10_low     ; md5_low     ; 1.000        ; 10.000     ; 30.000     ;
; -23.000 ; md10_low  ; chan       ; md10_low     ; md5_low     ; 1.000        ; 10.000     ; 30.000     ;
; -23.000 ; md10_low  ; int_en     ; md10_low     ; md5_low     ; 1.000        ; 10.000     ; 30.000     ;
; -23.000 ; md10_low  ; erase      ; md10_low     ; md5_low     ; 1.000        ; 10.000     ; 30.000     ;
; -23.000 ; md9_low   ; write_thru ; md9_low      ; md5_low     ; 1.000        ; 10.000     ; 30.000     ;
; -23.000 ; md9_low   ; store      ; md9_low      ; md5_low     ; 1.000        ; 10.000     ; 30.000     ;
; -23.000 ; md9_low   ; color      ; md9_low      ; md5_low     ; 1.000        ; 10.000     ; 30.000     ;
; -23.000 ; md9_low   ; chan       ; md9_low      ; md5_low     ; 1.000        ; 10.000     ; 30.000     ;
; -23.000 ; md9_low   ; int_en     ; md9_low      ; md5_low     ; 1.000        ; 10.000     ; 30.000     ;
; -23.000 ; md9_low   ; erase      ; md9_low      ; md5_low     ; 1.000        ; 10.000     ; 30.000     ;
; -23.000 ; pause_low ; write_thru ; pause_low    ; md5_low     ; 1.000        ; 10.000     ; 30.000     ;
; -23.000 ; pause_low ; store      ; pause_low    ; md5_low     ; 1.000        ; 10.000     ; 30.000     ;
; -23.000 ; pause_low ; color      ; pause_low    ; md5_low     ; 1.000        ; 10.000     ; 30.000     ;
; -23.000 ; pause_low ; chan       ; pause_low    ; md5_low     ; 1.000        ; 10.000     ; 30.000     ;
; -23.000 ; pause_low ; int_en     ; pause_low    ; md5_low     ; 1.000        ; 10.000     ; 30.000     ;
; -23.000 ; pause_low ; erase      ; pause_low    ; md5_low     ; 1.000        ; 10.000     ; 30.000     ;
; -23.000 ; md7_low   ; write_thru ; md7_low      ; md5_low     ; 1.000        ; 10.000     ; 30.000     ;
; -23.000 ; md7_low   ; store      ; md7_low      ; md5_low     ; 1.000        ; 10.000     ; 30.000     ;
; -23.000 ; md7_low   ; color      ; md7_low      ; md5_low     ; 1.000        ; 10.000     ; 30.000     ;
; -23.000 ; md7_low   ; chan       ; md7_low      ; md5_low     ; 1.000        ; 10.000     ; 30.000     ;
; -23.000 ; md7_low   ; int_en     ; md7_low      ; md5_low     ; 1.000        ; 10.000     ; 30.000     ;
; -23.000 ; md7_low   ; erase      ; md7_low      ; md5_low     ; 1.000        ; 10.000     ; 30.000     ;
; -23.000 ; md6_low   ; write_thru ; md6_low      ; md5_low     ; 1.000        ; 10.000     ; 30.000     ;
; -23.000 ; md6_low   ; store      ; md6_low      ; md5_low     ; 1.000        ; 10.000     ; 30.000     ;
; -23.000 ; md6_low   ; color      ; md6_low      ; md5_low     ; 1.000        ; 10.000     ; 30.000     ;
; -23.000 ; md6_low   ; chan       ; md6_low      ; md5_low     ; 1.000        ; 10.000     ; 30.000     ;
+---------+-----------+------------+--------------+-------------+--------------+------------+------------+


+--------------------------------------------------------------------------------------------------------+
; Recovery: 'md6_low'                                                                                    ;
+---------+-----------+------------+--------------+-------------+--------------+------------+------------+
; Slack   ; From Node ; To Node    ; Launch Clock ; Latch Clock ; Relationship ; Clock Skew ; Data Delay ;
+---------+-----------+------------+--------------+-------------+--------------+------------+------------+
; -23.500 ; tp3       ; write_thru ; tp3          ; md6_low     ; 0.500        ; 10.000     ; 30.000     ;
; -23.500 ; tp3       ; store      ; tp3          ; md6_low     ; 0.500        ; 10.000     ; 30.000     ;
; -23.500 ; tp3       ; color      ; tp3          ; md6_low     ; 0.500        ; 10.000     ; 30.000     ;
; -23.500 ; tp3       ; chan       ; tp3          ; md6_low     ; 0.500        ; 10.000     ; 30.000     ;
; -23.500 ; tp3       ; int_en     ; tp3          ; md6_low     ; 0.500        ; 10.000     ; 30.000     ;
; -23.500 ; tp3       ; erase      ; tp3          ; md6_low     ; 0.500        ; 10.000     ; 30.000     ;
; -23.500 ; md10_low  ; write_thru ; md10_low     ; md6_low     ; 0.500        ; 10.000     ; 30.000     ;
; -23.500 ; md10_low  ; store      ; md10_low     ; md6_low     ; 0.500        ; 10.000     ; 30.000     ;
; -23.500 ; md10_low  ; color      ; md10_low     ; md6_low     ; 0.500        ; 10.000     ; 30.000     ;
; -23.500 ; md10_low  ; chan       ; md10_low     ; md6_low     ; 0.500        ; 10.000     ; 30.000     ;
; -23.500 ; md10_low  ; int_en     ; md10_low     ; md6_low     ; 0.500        ; 10.000     ; 30.000     ;
; -23.500 ; md10_low  ; erase      ; md10_low     ; md6_low     ; 0.500        ; 10.000     ; 30.000     ;
; -23.500 ; md9_low   ; write_thru ; md9_low      ; md6_low     ; 0.500        ; 10.000     ; 30.000     ;
; -23.500 ; md9_low   ; store      ; md9_low      ; md6_low     ; 0.500        ; 10.000     ; 30.000     ;
; -23.500 ; md9_low   ; color      ; md9_low      ; md6_low     ; 0.500        ; 10.000     ; 30.000     ;
; -23.500 ; md9_low   ; chan       ; md9_low      ; md6_low     ; 0.500        ; 10.000     ; 30.000     ;
; -23.500 ; md9_low   ; int_en     ; md9_low      ; md6_low     ; 0.500        ; 10.000     ; 30.000     ;
; -23.500 ; md9_low   ; erase      ; md9_low      ; md6_low     ; 0.500        ; 10.000     ; 30.000     ;
; -23.500 ; pause_low ; write_thru ; pause_low    ; md6_low     ; 0.500        ; 10.000     ; 30.000     ;
; -23.500 ; pause_low ; store      ; pause_low    ; md6_low     ; 0.500        ; 10.000     ; 30.000     ;
; -23.500 ; pause_low ; color      ; pause_low    ; md6_low     ; 0.500        ; 10.000     ; 30.000     ;
; -23.500 ; pause_low ; chan       ; pause_low    ; md6_low     ; 0.500        ; 10.000     ; 30.000     ;
; -23.500 ; pause_low ; int_en     ; pause_low    ; md6_low     ; 0.500        ; 10.000     ; 30.000     ;
; -23.500 ; pause_low ; erase      ; pause_low    ; md6_low     ; 0.500        ; 10.000     ; 30.000     ;
; -23.500 ; md7_low   ; write_thru ; md7_low      ; md6_low     ; 0.500        ; 10.000     ; 30.000     ;
; -23.500 ; md7_low   ; store      ; md7_low      ; md6_low     ; 0.500        ; 10.000     ; 30.000     ;
; -23.500 ; md7_low   ; color      ; md7_low      ; md6_low     ; 0.500        ; 10.000     ; 30.000     ;
; -23.500 ; md7_low   ; chan       ; md7_low      ; md6_low     ; 0.500        ; 10.000     ; 30.000     ;
; -23.500 ; md7_low   ; int_en     ; md7_low      ; md6_low     ; 0.500        ; 10.000     ; 30.000     ;
; -23.500 ; md7_low   ; erase      ; md7_low      ; md6_low     ; 0.500        ; 10.000     ; 30.000     ;
; -23.500 ; md6_low   ; write_thru ; md6_low      ; md6_low     ; 0.500        ; 10.000     ; 30.000     ;
; -23.500 ; md6_low   ; store      ; md6_low      ; md6_low     ; 0.500        ; 10.000     ; 30.000     ;
; -23.500 ; md6_low   ; color      ; md6_low      ; md6_low     ; 0.500        ; 10.000     ; 30.000     ;
; -23.500 ; md6_low   ; chan       ; md6_low      ; md6_low     ; 0.500        ; 10.000     ; 30.000     ;
; -23.500 ; md6_low   ; int_en     ; md6_low      ; md6_low     ; 0.500        ; 10.000     ; 30.000     ;
; -23.500 ; md6_low   ; erase      ; md6_low      ; md6_low     ; 0.500        ; 10.000     ; 30.000     ;
; -23.500 ; md4_low   ; write_thru ; md4_low      ; md6_low     ; 0.500        ; 10.000     ; 30.000     ;
; -23.500 ; md4_low   ; store      ; md4_low      ; md6_low     ; 0.500        ; 10.000     ; 30.000     ;
; -23.500 ; md4_low   ; color      ; md4_low      ; md6_low     ; 0.500        ; 10.000     ; 30.000     ;
; -23.500 ; md4_low   ; chan       ; md4_low      ; md6_low     ; 0.500        ; 10.000     ; 30.000     ;
; -23.500 ; md4_low   ; int_en     ; md4_low      ; md6_low     ; 0.500        ; 10.000     ; 30.000     ;
; -23.500 ; md4_low   ; erase      ; md4_low      ; md6_low     ; 0.500        ; 10.000     ; 30.000     ;
; -23.500 ; md3_low   ; write_thru ; md3_low      ; md6_low     ; 0.500        ; 10.000     ; 30.000     ;
; -23.500 ; md3_low   ; store      ; md3_low      ; md6_low     ; 0.500        ; 10.000     ; 30.000     ;
; -23.500 ; md3_low   ; color      ; md3_low      ; md6_low     ; 0.500        ; 10.000     ; 30.000     ;
; -23.500 ; md3_low   ; chan       ; md3_low      ; md6_low     ; 0.500        ; 10.000     ; 30.000     ;
; -23.500 ; md3_low   ; int_en     ; md3_low      ; md6_low     ; 0.500        ; 10.000     ; 30.000     ;
; -23.500 ; md3_low   ; erase      ; md3_low      ; md6_low     ; 0.500        ; 10.000     ; 30.000     ;
; -23.500 ; md8_low   ; write_thru ; md8_low      ; md6_low     ; 0.500        ; 10.000     ; 30.000     ;
; -23.500 ; md8_low   ; store      ; md8_low      ; md6_low     ; 0.500        ; 10.000     ; 30.000     ;
; -23.500 ; md8_low   ; color      ; md8_low      ; md6_low     ; 0.500        ; 10.000     ; 30.000     ;
; -23.500 ; md8_low   ; chan       ; md8_low      ; md6_low     ; 0.500        ; 10.000     ; 30.000     ;
; -23.500 ; md8_low   ; int_en     ; md8_low      ; md6_low     ; 0.500        ; 10.000     ; 30.000     ;
; -23.500 ; md8_low   ; erase      ; md8_low      ; md6_low     ; 0.500        ; 10.000     ; 30.000     ;
; -23.500 ; md5_low   ; write_thru ; md5_low      ; md6_low     ; 0.500        ; 10.000     ; 30.000     ;
; -23.500 ; md5_low   ; store      ; md5_low      ; md6_low     ; 0.500        ; 10.000     ; 30.000     ;
; -23.500 ; md5_low   ; color      ; md5_low      ; md6_low     ; 0.500        ; 10.000     ; 30.000     ;
; -23.500 ; md5_low   ; chan       ; md5_low      ; md6_low     ; 0.500        ; 10.000     ; 30.000     ;
; -23.500 ; md5_low   ; int_en     ; md5_low      ; md6_low     ; 0.500        ; 10.000     ; 30.000     ;
; -23.500 ; md5_low   ; erase      ; md5_low      ; md6_low     ; 0.500        ; 10.000     ; 30.000     ;
; -23.500 ; md11_low  ; write_thru ; md11_low     ; md6_low     ; 0.500        ; 10.000     ; 30.000     ;
; -23.500 ; md11_low  ; store      ; md11_low     ; md6_low     ; 0.500        ; 10.000     ; 30.000     ;
; -23.500 ; md11_low  ; color      ; md11_low     ; md6_low     ; 0.500        ; 10.000     ; 30.000     ;
; -23.500 ; md11_low  ; chan       ; md11_low     ; md6_low     ; 0.500        ; 10.000     ; 30.000     ;
; -23.500 ; md11_low  ; int_en     ; md11_low     ; md6_low     ; 0.500        ; 10.000     ; 30.000     ;
; -23.500 ; md11_low  ; erase      ; md11_low     ; md6_low     ; 0.500        ; 10.000     ; 30.000     ;
; -23.000 ; tp3       ; write_thru ; tp3          ; md6_low     ; 1.000        ; 10.000     ; 30.000     ;
; -23.000 ; tp3       ; store      ; tp3          ; md6_low     ; 1.000        ; 10.000     ; 30.000     ;
; -23.000 ; tp3       ; color      ; tp3          ; md6_low     ; 1.000        ; 10.000     ; 30.000     ;
; -23.000 ; tp3       ; chan       ; tp3          ; md6_low     ; 1.000        ; 10.000     ; 30.000     ;
; -23.000 ; tp3       ; int_en     ; tp3          ; md6_low     ; 1.000        ; 10.000     ; 30.000     ;
; -23.000 ; tp3       ; erase      ; tp3          ; md6_low     ; 1.000        ; 10.000     ; 30.000     ;
; -23.000 ; md10_low  ; write_thru ; md10_low     ; md6_low     ; 1.000        ; 10.000     ; 30.000     ;
; -23.000 ; md10_low  ; store      ; md10_low     ; md6_low     ; 1.000        ; 10.000     ; 30.000     ;
; -23.000 ; md10_low  ; color      ; md10_low     ; md6_low     ; 1.000        ; 10.000     ; 30.000     ;
; -23.000 ; md10_low  ; chan       ; md10_low     ; md6_low     ; 1.000        ; 10.000     ; 30.000     ;
; -23.000 ; md10_low  ; int_en     ; md10_low     ; md6_low     ; 1.000        ; 10.000     ; 30.000     ;
; -23.000 ; md10_low  ; erase      ; md10_low     ; md6_low     ; 1.000        ; 10.000     ; 30.000     ;
; -23.000 ; md9_low   ; write_thru ; md9_low      ; md6_low     ; 1.000        ; 10.000     ; 30.000     ;
; -23.000 ; md9_low   ; store      ; md9_low      ; md6_low     ; 1.000        ; 10.000     ; 30.000     ;
; -23.000 ; md9_low   ; color      ; md9_low      ; md6_low     ; 1.000        ; 10.000     ; 30.000     ;
; -23.000 ; md9_low   ; chan       ; md9_low      ; md6_low     ; 1.000        ; 10.000     ; 30.000     ;
; -23.000 ; md9_low   ; int_en     ; md9_low      ; md6_low     ; 1.000        ; 10.000     ; 30.000     ;
; -23.000 ; md9_low   ; erase      ; md9_low      ; md6_low     ; 1.000        ; 10.000     ; 30.000     ;
; -23.000 ; pause_low ; write_thru ; pause_low    ; md6_low     ; 1.000        ; 10.000     ; 30.000     ;
; -23.000 ; pause_low ; store      ; pause_low    ; md6_low     ; 1.000        ; 10.000     ; 30.000     ;
; -23.000 ; pause_low ; color      ; pause_low    ; md6_low     ; 1.000        ; 10.000     ; 30.000     ;
; -23.000 ; pause_low ; chan       ; pause_low    ; md6_low     ; 1.000        ; 10.000     ; 30.000     ;
; -23.000 ; pause_low ; int_en     ; pause_low    ; md6_low     ; 1.000        ; 10.000     ; 30.000     ;
; -23.000 ; pause_low ; erase      ; pause_low    ; md6_low     ; 1.000        ; 10.000     ; 30.000     ;
; -23.000 ; md7_low   ; write_thru ; md7_low      ; md6_low     ; 1.000        ; 10.000     ; 30.000     ;
; -23.000 ; md7_low   ; store      ; md7_low      ; md6_low     ; 1.000        ; 10.000     ; 30.000     ;
; -23.000 ; md7_low   ; color      ; md7_low      ; md6_low     ; 1.000        ; 10.000     ; 30.000     ;
; -23.000 ; md7_low   ; chan       ; md7_low      ; md6_low     ; 1.000        ; 10.000     ; 30.000     ;
; -23.000 ; md7_low   ; int_en     ; md7_low      ; md6_low     ; 1.000        ; 10.000     ; 30.000     ;
; -23.000 ; md7_low   ; erase      ; md7_low      ; md6_low     ; 1.000        ; 10.000     ; 30.000     ;
; -23.000 ; md6_low   ; write_thru ; md6_low      ; md6_low     ; 1.000        ; 10.000     ; 30.000     ;
; -23.000 ; md6_low   ; store      ; md6_low      ; md6_low     ; 1.000        ; 10.000     ; 30.000     ;
; -23.000 ; md6_low   ; color      ; md6_low      ; md6_low     ; 1.000        ; 10.000     ; 30.000     ;
; -23.000 ; md6_low   ; chan       ; md6_low      ; md6_low     ; 1.000        ; 10.000     ; 30.000     ;
+---------+-----------+------------+--------------+-------------+--------------+------------+------------+


+--------------------------------------------------------------------------------------------------------+
; Recovery: 'md7_low'                                                                                    ;
+---------+-----------+------------+--------------+-------------+--------------+------------+------------+
; Slack   ; From Node ; To Node    ; Launch Clock ; Latch Clock ; Relationship ; Clock Skew ; Data Delay ;
+---------+-----------+------------+--------------+-------------+--------------+------------+------------+
; -23.500 ; tp3       ; write_thru ; tp3          ; md7_low     ; 0.500        ; 10.000     ; 30.000     ;
; -23.500 ; tp3       ; store      ; tp3          ; md7_low     ; 0.500        ; 10.000     ; 30.000     ;
; -23.500 ; tp3       ; color      ; tp3          ; md7_low     ; 0.500        ; 10.000     ; 30.000     ;
; -23.500 ; tp3       ; chan       ; tp3          ; md7_low     ; 0.500        ; 10.000     ; 30.000     ;
; -23.500 ; tp3       ; int_en     ; tp3          ; md7_low     ; 0.500        ; 10.000     ; 30.000     ;
; -23.500 ; tp3       ; erase      ; tp3          ; md7_low     ; 0.500        ; 10.000     ; 30.000     ;
; -23.500 ; md10_low  ; write_thru ; md10_low     ; md7_low     ; 0.500        ; 10.000     ; 30.000     ;
; -23.500 ; md10_low  ; store      ; md10_low     ; md7_low     ; 0.500        ; 10.000     ; 30.000     ;
; -23.500 ; md10_low  ; color      ; md10_low     ; md7_low     ; 0.500        ; 10.000     ; 30.000     ;
; -23.500 ; md10_low  ; chan       ; md10_low     ; md7_low     ; 0.500        ; 10.000     ; 30.000     ;
; -23.500 ; md10_low  ; int_en     ; md10_low     ; md7_low     ; 0.500        ; 10.000     ; 30.000     ;
; -23.500 ; md10_low  ; erase      ; md10_low     ; md7_low     ; 0.500        ; 10.000     ; 30.000     ;
; -23.500 ; md9_low   ; write_thru ; md9_low      ; md7_low     ; 0.500        ; 10.000     ; 30.000     ;
; -23.500 ; md9_low   ; store      ; md9_low      ; md7_low     ; 0.500        ; 10.000     ; 30.000     ;
; -23.500 ; md9_low   ; color      ; md9_low      ; md7_low     ; 0.500        ; 10.000     ; 30.000     ;
; -23.500 ; md9_low   ; chan       ; md9_low      ; md7_low     ; 0.500        ; 10.000     ; 30.000     ;
; -23.500 ; md9_low   ; int_en     ; md9_low      ; md7_low     ; 0.500        ; 10.000     ; 30.000     ;
; -23.500 ; md9_low   ; erase      ; md9_low      ; md7_low     ; 0.500        ; 10.000     ; 30.000     ;
; -23.500 ; pause_low ; write_thru ; pause_low    ; md7_low     ; 0.500        ; 10.000     ; 30.000     ;
; -23.500 ; pause_low ; store      ; pause_low    ; md7_low     ; 0.500        ; 10.000     ; 30.000     ;
; -23.500 ; pause_low ; color      ; pause_low    ; md7_low     ; 0.500        ; 10.000     ; 30.000     ;
; -23.500 ; pause_low ; chan       ; pause_low    ; md7_low     ; 0.500        ; 10.000     ; 30.000     ;
; -23.500 ; pause_low ; int_en     ; pause_low    ; md7_low     ; 0.500        ; 10.000     ; 30.000     ;
; -23.500 ; pause_low ; erase      ; pause_low    ; md7_low     ; 0.500        ; 10.000     ; 30.000     ;
; -23.500 ; md7_low   ; write_thru ; md7_low      ; md7_low     ; 0.500        ; 10.000     ; 30.000     ;
; -23.500 ; md7_low   ; store      ; md7_low      ; md7_low     ; 0.500        ; 10.000     ; 30.000     ;
; -23.500 ; md7_low   ; color      ; md7_low      ; md7_low     ; 0.500        ; 10.000     ; 30.000     ;
; -23.500 ; md7_low   ; chan       ; md7_low      ; md7_low     ; 0.500        ; 10.000     ; 30.000     ;
; -23.500 ; md7_low   ; int_en     ; md7_low      ; md7_low     ; 0.500        ; 10.000     ; 30.000     ;
; -23.500 ; md7_low   ; erase      ; md7_low      ; md7_low     ; 0.500        ; 10.000     ; 30.000     ;
; -23.500 ; md6_low   ; write_thru ; md6_low      ; md7_low     ; 0.500        ; 10.000     ; 30.000     ;
; -23.500 ; md6_low   ; store      ; md6_low      ; md7_low     ; 0.500        ; 10.000     ; 30.000     ;
; -23.500 ; md6_low   ; color      ; md6_low      ; md7_low     ; 0.500        ; 10.000     ; 30.000     ;
; -23.500 ; md6_low   ; chan       ; md6_low      ; md7_low     ; 0.500        ; 10.000     ; 30.000     ;
; -23.500 ; md6_low   ; int_en     ; md6_low      ; md7_low     ; 0.500        ; 10.000     ; 30.000     ;
; -23.500 ; md6_low   ; erase      ; md6_low      ; md7_low     ; 0.500        ; 10.000     ; 30.000     ;
; -23.500 ; md4_low   ; write_thru ; md4_low      ; md7_low     ; 0.500        ; 10.000     ; 30.000     ;
; -23.500 ; md4_low   ; store      ; md4_low      ; md7_low     ; 0.500        ; 10.000     ; 30.000     ;
; -23.500 ; md4_low   ; color      ; md4_low      ; md7_low     ; 0.500        ; 10.000     ; 30.000     ;
; -23.500 ; md4_low   ; chan       ; md4_low      ; md7_low     ; 0.500        ; 10.000     ; 30.000     ;
; -23.500 ; md4_low   ; int_en     ; md4_low      ; md7_low     ; 0.500        ; 10.000     ; 30.000     ;
; -23.500 ; md4_low   ; erase      ; md4_low      ; md7_low     ; 0.500        ; 10.000     ; 30.000     ;
; -23.500 ; md3_low   ; write_thru ; md3_low      ; md7_low     ; 0.500        ; 10.000     ; 30.000     ;
; -23.500 ; md3_low   ; store      ; md3_low      ; md7_low     ; 0.500        ; 10.000     ; 30.000     ;
; -23.500 ; md3_low   ; color      ; md3_low      ; md7_low     ; 0.500        ; 10.000     ; 30.000     ;
; -23.500 ; md3_low   ; chan       ; md3_low      ; md7_low     ; 0.500        ; 10.000     ; 30.000     ;
; -23.500 ; md3_low   ; int_en     ; md3_low      ; md7_low     ; 0.500        ; 10.000     ; 30.000     ;
; -23.500 ; md3_low   ; erase      ; md3_low      ; md7_low     ; 0.500        ; 10.000     ; 30.000     ;
; -23.500 ; md8_low   ; write_thru ; md8_low      ; md7_low     ; 0.500        ; 10.000     ; 30.000     ;
; -23.500 ; md8_low   ; store      ; md8_low      ; md7_low     ; 0.500        ; 10.000     ; 30.000     ;
; -23.500 ; md8_low   ; color      ; md8_low      ; md7_low     ; 0.500        ; 10.000     ; 30.000     ;
; -23.500 ; md8_low   ; chan       ; md8_low      ; md7_low     ; 0.500        ; 10.000     ; 30.000     ;
; -23.500 ; md8_low   ; int_en     ; md8_low      ; md7_low     ; 0.500        ; 10.000     ; 30.000     ;
; -23.500 ; md8_low   ; erase      ; md8_low      ; md7_low     ; 0.500        ; 10.000     ; 30.000     ;
; -23.500 ; md5_low   ; write_thru ; md5_low      ; md7_low     ; 0.500        ; 10.000     ; 30.000     ;
; -23.500 ; md5_low   ; store      ; md5_low      ; md7_low     ; 0.500        ; 10.000     ; 30.000     ;
; -23.500 ; md5_low   ; color      ; md5_low      ; md7_low     ; 0.500        ; 10.000     ; 30.000     ;
; -23.500 ; md5_low   ; chan       ; md5_low      ; md7_low     ; 0.500        ; 10.000     ; 30.000     ;
; -23.500 ; md5_low   ; int_en     ; md5_low      ; md7_low     ; 0.500        ; 10.000     ; 30.000     ;
; -23.500 ; md5_low   ; erase      ; md5_low      ; md7_low     ; 0.500        ; 10.000     ; 30.000     ;
; -23.500 ; md11_low  ; write_thru ; md11_low     ; md7_low     ; 0.500        ; 10.000     ; 30.000     ;
; -23.500 ; md11_low  ; store      ; md11_low     ; md7_low     ; 0.500        ; 10.000     ; 30.000     ;
; -23.500 ; md11_low  ; color      ; md11_low     ; md7_low     ; 0.500        ; 10.000     ; 30.000     ;
; -23.500 ; md11_low  ; chan       ; md11_low     ; md7_low     ; 0.500        ; 10.000     ; 30.000     ;
; -23.500 ; md11_low  ; int_en     ; md11_low     ; md7_low     ; 0.500        ; 10.000     ; 30.000     ;
; -23.500 ; md11_low  ; erase      ; md11_low     ; md7_low     ; 0.500        ; 10.000     ; 30.000     ;
; -23.000 ; tp3       ; write_thru ; tp3          ; md7_low     ; 1.000        ; 10.000     ; 30.000     ;
; -23.000 ; tp3       ; store      ; tp3          ; md7_low     ; 1.000        ; 10.000     ; 30.000     ;
; -23.000 ; tp3       ; color      ; tp3          ; md7_low     ; 1.000        ; 10.000     ; 30.000     ;
; -23.000 ; tp3       ; chan       ; tp3          ; md7_low     ; 1.000        ; 10.000     ; 30.000     ;
; -23.000 ; tp3       ; int_en     ; tp3          ; md7_low     ; 1.000        ; 10.000     ; 30.000     ;
; -23.000 ; tp3       ; erase      ; tp3          ; md7_low     ; 1.000        ; 10.000     ; 30.000     ;
; -23.000 ; md10_low  ; write_thru ; md10_low     ; md7_low     ; 1.000        ; 10.000     ; 30.000     ;
; -23.000 ; md10_low  ; store      ; md10_low     ; md7_low     ; 1.000        ; 10.000     ; 30.000     ;
; -23.000 ; md10_low  ; color      ; md10_low     ; md7_low     ; 1.000        ; 10.000     ; 30.000     ;
; -23.000 ; md10_low  ; chan       ; md10_low     ; md7_low     ; 1.000        ; 10.000     ; 30.000     ;
; -23.000 ; md10_low  ; int_en     ; md10_low     ; md7_low     ; 1.000        ; 10.000     ; 30.000     ;
; -23.000 ; md10_low  ; erase      ; md10_low     ; md7_low     ; 1.000        ; 10.000     ; 30.000     ;
; -23.000 ; md9_low   ; write_thru ; md9_low      ; md7_low     ; 1.000        ; 10.000     ; 30.000     ;
; -23.000 ; md9_low   ; store      ; md9_low      ; md7_low     ; 1.000        ; 10.000     ; 30.000     ;
; -23.000 ; md9_low   ; color      ; md9_low      ; md7_low     ; 1.000        ; 10.000     ; 30.000     ;
; -23.000 ; md9_low   ; chan       ; md9_low      ; md7_low     ; 1.000        ; 10.000     ; 30.000     ;
; -23.000 ; md9_low   ; int_en     ; md9_low      ; md7_low     ; 1.000        ; 10.000     ; 30.000     ;
; -23.000 ; md9_low   ; erase      ; md9_low      ; md7_low     ; 1.000        ; 10.000     ; 30.000     ;
; -23.000 ; pause_low ; write_thru ; pause_low    ; md7_low     ; 1.000        ; 10.000     ; 30.000     ;
; -23.000 ; pause_low ; store      ; pause_low    ; md7_low     ; 1.000        ; 10.000     ; 30.000     ;
; -23.000 ; pause_low ; color      ; pause_low    ; md7_low     ; 1.000        ; 10.000     ; 30.000     ;
; -23.000 ; pause_low ; chan       ; pause_low    ; md7_low     ; 1.000        ; 10.000     ; 30.000     ;
; -23.000 ; pause_low ; int_en     ; pause_low    ; md7_low     ; 1.000        ; 10.000     ; 30.000     ;
; -23.000 ; pause_low ; erase      ; pause_low    ; md7_low     ; 1.000        ; 10.000     ; 30.000     ;
; -23.000 ; md7_low   ; write_thru ; md7_low      ; md7_low     ; 1.000        ; 10.000     ; 30.000     ;
; -23.000 ; md7_low   ; store      ; md7_low      ; md7_low     ; 1.000        ; 10.000     ; 30.000     ;
; -23.000 ; md7_low   ; color      ; md7_low      ; md7_low     ; 1.000        ; 10.000     ; 30.000     ;
; -23.000 ; md7_low   ; chan       ; md7_low      ; md7_low     ; 1.000        ; 10.000     ; 30.000     ;
; -23.000 ; md7_low   ; int_en     ; md7_low      ; md7_low     ; 1.000        ; 10.000     ; 30.000     ;
; -23.000 ; md7_low   ; erase      ; md7_low      ; md7_low     ; 1.000        ; 10.000     ; 30.000     ;
; -23.000 ; md6_low   ; write_thru ; md6_low      ; md7_low     ; 1.000        ; 10.000     ; 30.000     ;
; -23.000 ; md6_low   ; store      ; md6_low      ; md7_low     ; 1.000        ; 10.000     ; 30.000     ;
; -23.000 ; md6_low   ; color      ; md6_low      ; md7_low     ; 1.000        ; 10.000     ; 30.000     ;
; -23.000 ; md6_low   ; chan       ; md6_low      ; md7_low     ; 1.000        ; 10.000     ; 30.000     ;
+---------+-----------+------------+--------------+-------------+--------------+------------+------------+


+--------------------------------------------------------------------------------------------------------+
; Recovery: 'md8_low'                                                                                    ;
+---------+-----------+------------+--------------+-------------+--------------+------------+------------+
; Slack   ; From Node ; To Node    ; Launch Clock ; Latch Clock ; Relationship ; Clock Skew ; Data Delay ;
+---------+-----------+------------+--------------+-------------+--------------+------------+------------+
; -23.500 ; tp3       ; write_thru ; tp3          ; md8_low     ; 0.500        ; 10.000     ; 30.000     ;
; -23.500 ; tp3       ; store      ; tp3          ; md8_low     ; 0.500        ; 10.000     ; 30.000     ;
; -23.500 ; tp3       ; color      ; tp3          ; md8_low     ; 0.500        ; 10.000     ; 30.000     ;
; -23.500 ; tp3       ; chan       ; tp3          ; md8_low     ; 0.500        ; 10.000     ; 30.000     ;
; -23.500 ; tp3       ; int_en     ; tp3          ; md8_low     ; 0.500        ; 10.000     ; 30.000     ;
; -23.500 ; tp3       ; erase      ; tp3          ; md8_low     ; 0.500        ; 10.000     ; 30.000     ;
; -23.500 ; md10_low  ; write_thru ; md10_low     ; md8_low     ; 0.500        ; 10.000     ; 30.000     ;
; -23.500 ; md10_low  ; store      ; md10_low     ; md8_low     ; 0.500        ; 10.000     ; 30.000     ;
; -23.500 ; md10_low  ; color      ; md10_low     ; md8_low     ; 0.500        ; 10.000     ; 30.000     ;
; -23.500 ; md10_low  ; chan       ; md10_low     ; md8_low     ; 0.500        ; 10.000     ; 30.000     ;
; -23.500 ; md10_low  ; int_en     ; md10_low     ; md8_low     ; 0.500        ; 10.000     ; 30.000     ;
; -23.500 ; md10_low  ; erase      ; md10_low     ; md8_low     ; 0.500        ; 10.000     ; 30.000     ;
; -23.500 ; md9_low   ; write_thru ; md9_low      ; md8_low     ; 0.500        ; 10.000     ; 30.000     ;
; -23.500 ; md9_low   ; store      ; md9_low      ; md8_low     ; 0.500        ; 10.000     ; 30.000     ;
; -23.500 ; md9_low   ; color      ; md9_low      ; md8_low     ; 0.500        ; 10.000     ; 30.000     ;
; -23.500 ; md9_low   ; chan       ; md9_low      ; md8_low     ; 0.500        ; 10.000     ; 30.000     ;
; -23.500 ; md9_low   ; int_en     ; md9_low      ; md8_low     ; 0.500        ; 10.000     ; 30.000     ;
; -23.500 ; md9_low   ; erase      ; md9_low      ; md8_low     ; 0.500        ; 10.000     ; 30.000     ;
; -23.500 ; pause_low ; write_thru ; pause_low    ; md8_low     ; 0.500        ; 10.000     ; 30.000     ;
; -23.500 ; pause_low ; store      ; pause_low    ; md8_low     ; 0.500        ; 10.000     ; 30.000     ;
; -23.500 ; pause_low ; color      ; pause_low    ; md8_low     ; 0.500        ; 10.000     ; 30.000     ;
; -23.500 ; pause_low ; chan       ; pause_low    ; md8_low     ; 0.500        ; 10.000     ; 30.000     ;
; -23.500 ; pause_low ; int_en     ; pause_low    ; md8_low     ; 0.500        ; 10.000     ; 30.000     ;
; -23.500 ; pause_low ; erase      ; pause_low    ; md8_low     ; 0.500        ; 10.000     ; 30.000     ;
; -23.500 ; md7_low   ; write_thru ; md7_low      ; md8_low     ; 0.500        ; 10.000     ; 30.000     ;
; -23.500 ; md7_low   ; store      ; md7_low      ; md8_low     ; 0.500        ; 10.000     ; 30.000     ;
; -23.500 ; md7_low   ; color      ; md7_low      ; md8_low     ; 0.500        ; 10.000     ; 30.000     ;
; -23.500 ; md7_low   ; chan       ; md7_low      ; md8_low     ; 0.500        ; 10.000     ; 30.000     ;
; -23.500 ; md7_low   ; int_en     ; md7_low      ; md8_low     ; 0.500        ; 10.000     ; 30.000     ;
; -23.500 ; md7_low   ; erase      ; md7_low      ; md8_low     ; 0.500        ; 10.000     ; 30.000     ;
; -23.500 ; md6_low   ; write_thru ; md6_low      ; md8_low     ; 0.500        ; 10.000     ; 30.000     ;
; -23.500 ; md6_low   ; store      ; md6_low      ; md8_low     ; 0.500        ; 10.000     ; 30.000     ;
; -23.500 ; md6_low   ; color      ; md6_low      ; md8_low     ; 0.500        ; 10.000     ; 30.000     ;
; -23.500 ; md6_low   ; chan       ; md6_low      ; md8_low     ; 0.500        ; 10.000     ; 30.000     ;
; -23.500 ; md6_low   ; int_en     ; md6_low      ; md8_low     ; 0.500        ; 10.000     ; 30.000     ;
; -23.500 ; md6_low   ; erase      ; md6_low      ; md8_low     ; 0.500        ; 10.000     ; 30.000     ;
; -23.500 ; md4_low   ; write_thru ; md4_low      ; md8_low     ; 0.500        ; 10.000     ; 30.000     ;
; -23.500 ; md4_low   ; store      ; md4_low      ; md8_low     ; 0.500        ; 10.000     ; 30.000     ;
; -23.500 ; md4_low   ; color      ; md4_low      ; md8_low     ; 0.500        ; 10.000     ; 30.000     ;
; -23.500 ; md4_low   ; chan       ; md4_low      ; md8_low     ; 0.500        ; 10.000     ; 30.000     ;
; -23.500 ; md4_low   ; int_en     ; md4_low      ; md8_low     ; 0.500        ; 10.000     ; 30.000     ;
; -23.500 ; md4_low   ; erase      ; md4_low      ; md8_low     ; 0.500        ; 10.000     ; 30.000     ;
; -23.500 ; md3_low   ; write_thru ; md3_low      ; md8_low     ; 0.500        ; 10.000     ; 30.000     ;
; -23.500 ; md3_low   ; store      ; md3_low      ; md8_low     ; 0.500        ; 10.000     ; 30.000     ;
; -23.500 ; md3_low   ; color      ; md3_low      ; md8_low     ; 0.500        ; 10.000     ; 30.000     ;
; -23.500 ; md3_low   ; chan       ; md3_low      ; md8_low     ; 0.500        ; 10.000     ; 30.000     ;
; -23.500 ; md3_low   ; int_en     ; md3_low      ; md8_low     ; 0.500        ; 10.000     ; 30.000     ;
; -23.500 ; md3_low   ; erase      ; md3_low      ; md8_low     ; 0.500        ; 10.000     ; 30.000     ;
; -23.500 ; md8_low   ; write_thru ; md8_low      ; md8_low     ; 0.500        ; 10.000     ; 30.000     ;
; -23.500 ; md8_low   ; store      ; md8_low      ; md8_low     ; 0.500        ; 10.000     ; 30.000     ;
; -23.500 ; md8_low   ; color      ; md8_low      ; md8_low     ; 0.500        ; 10.000     ; 30.000     ;
; -23.500 ; md8_low   ; chan       ; md8_low      ; md8_low     ; 0.500        ; 10.000     ; 30.000     ;
; -23.500 ; md8_low   ; int_en     ; md8_low      ; md8_low     ; 0.500        ; 10.000     ; 30.000     ;
; -23.500 ; md8_low   ; erase      ; md8_low      ; md8_low     ; 0.500        ; 10.000     ; 30.000     ;
; -23.500 ; md5_low   ; write_thru ; md5_low      ; md8_low     ; 0.500        ; 10.000     ; 30.000     ;
; -23.500 ; md5_low   ; store      ; md5_low      ; md8_low     ; 0.500        ; 10.000     ; 30.000     ;
; -23.500 ; md5_low   ; color      ; md5_low      ; md8_low     ; 0.500        ; 10.000     ; 30.000     ;
; -23.500 ; md5_low   ; chan       ; md5_low      ; md8_low     ; 0.500        ; 10.000     ; 30.000     ;
; -23.500 ; md5_low   ; int_en     ; md5_low      ; md8_low     ; 0.500        ; 10.000     ; 30.000     ;
; -23.500 ; md5_low   ; erase      ; md5_low      ; md8_low     ; 0.500        ; 10.000     ; 30.000     ;
; -23.500 ; md11_low  ; write_thru ; md11_low     ; md8_low     ; 0.500        ; 10.000     ; 30.000     ;
; -23.500 ; md11_low  ; store      ; md11_low     ; md8_low     ; 0.500        ; 10.000     ; 30.000     ;
; -23.500 ; md11_low  ; color      ; md11_low     ; md8_low     ; 0.500        ; 10.000     ; 30.000     ;
; -23.500 ; md11_low  ; chan       ; md11_low     ; md8_low     ; 0.500        ; 10.000     ; 30.000     ;
; -23.500 ; md11_low  ; int_en     ; md11_low     ; md8_low     ; 0.500        ; 10.000     ; 30.000     ;
; -23.500 ; md11_low  ; erase      ; md11_low     ; md8_low     ; 0.500        ; 10.000     ; 30.000     ;
; -23.000 ; tp3       ; write_thru ; tp3          ; md8_low     ; 1.000        ; 10.000     ; 30.000     ;
; -23.000 ; tp3       ; store      ; tp3          ; md8_low     ; 1.000        ; 10.000     ; 30.000     ;
; -23.000 ; tp3       ; color      ; tp3          ; md8_low     ; 1.000        ; 10.000     ; 30.000     ;
; -23.000 ; tp3       ; chan       ; tp3          ; md8_low     ; 1.000        ; 10.000     ; 30.000     ;
; -23.000 ; tp3       ; int_en     ; tp3          ; md8_low     ; 1.000        ; 10.000     ; 30.000     ;
; -23.000 ; tp3       ; erase      ; tp3          ; md8_low     ; 1.000        ; 10.000     ; 30.000     ;
; -23.000 ; md10_low  ; write_thru ; md10_low     ; md8_low     ; 1.000        ; 10.000     ; 30.000     ;
; -23.000 ; md10_low  ; store      ; md10_low     ; md8_low     ; 1.000        ; 10.000     ; 30.000     ;
; -23.000 ; md10_low  ; color      ; md10_low     ; md8_low     ; 1.000        ; 10.000     ; 30.000     ;
; -23.000 ; md10_low  ; chan       ; md10_low     ; md8_low     ; 1.000        ; 10.000     ; 30.000     ;
; -23.000 ; md10_low  ; int_en     ; md10_low     ; md8_low     ; 1.000        ; 10.000     ; 30.000     ;
; -23.000 ; md10_low  ; erase      ; md10_low     ; md8_low     ; 1.000        ; 10.000     ; 30.000     ;
; -23.000 ; md9_low   ; write_thru ; md9_low      ; md8_low     ; 1.000        ; 10.000     ; 30.000     ;
; -23.000 ; md9_low   ; store      ; md9_low      ; md8_low     ; 1.000        ; 10.000     ; 30.000     ;
; -23.000 ; md9_low   ; color      ; md9_low      ; md8_low     ; 1.000        ; 10.000     ; 30.000     ;
; -23.000 ; md9_low   ; chan       ; md9_low      ; md8_low     ; 1.000        ; 10.000     ; 30.000     ;
; -23.000 ; md9_low   ; int_en     ; md9_low      ; md8_low     ; 1.000        ; 10.000     ; 30.000     ;
; -23.000 ; md9_low   ; erase      ; md9_low      ; md8_low     ; 1.000        ; 10.000     ; 30.000     ;
; -23.000 ; pause_low ; write_thru ; pause_low    ; md8_low     ; 1.000        ; 10.000     ; 30.000     ;
; -23.000 ; pause_low ; store      ; pause_low    ; md8_low     ; 1.000        ; 10.000     ; 30.000     ;
; -23.000 ; pause_low ; color      ; pause_low    ; md8_low     ; 1.000        ; 10.000     ; 30.000     ;
; -23.000 ; pause_low ; chan       ; pause_low    ; md8_low     ; 1.000        ; 10.000     ; 30.000     ;
; -23.000 ; pause_low ; int_en     ; pause_low    ; md8_low     ; 1.000        ; 10.000     ; 30.000     ;
; -23.000 ; pause_low ; erase      ; pause_low    ; md8_low     ; 1.000        ; 10.000     ; 30.000     ;
; -23.000 ; md7_low   ; write_thru ; md7_low      ; md8_low     ; 1.000        ; 10.000     ; 30.000     ;
; -23.000 ; md7_low   ; store      ; md7_low      ; md8_low     ; 1.000        ; 10.000     ; 30.000     ;
; -23.000 ; md7_low   ; color      ; md7_low      ; md8_low     ; 1.000        ; 10.000     ; 30.000     ;
; -23.000 ; md7_low   ; chan       ; md7_low      ; md8_low     ; 1.000        ; 10.000     ; 30.000     ;
; -23.000 ; md7_low   ; int_en     ; md7_low      ; md8_low     ; 1.000        ; 10.000     ; 30.000     ;
; -23.000 ; md7_low   ; erase      ; md7_low      ; md8_low     ; 1.000        ; 10.000     ; 30.000     ;
; -23.000 ; md6_low   ; write_thru ; md6_low      ; md8_low     ; 1.000        ; 10.000     ; 30.000     ;
; -23.000 ; md6_low   ; store      ; md6_low      ; md8_low     ; 1.000        ; 10.000     ; 30.000     ;
; -23.000 ; md6_low   ; color      ; md6_low      ; md8_low     ; 1.000        ; 10.000     ; 30.000     ;
; -23.000 ; md6_low   ; chan       ; md6_low      ; md8_low     ; 1.000        ; 10.000     ; 30.000     ;
+---------+-----------+------------+--------------+-------------+--------------+------------+------------+


+--------------------------------------------------------------------------------------------------------+
; Recovery: 'md9_low'                                                                                    ;
+---------+-----------+------------+--------------+-------------+--------------+------------+------------+
; Slack   ; From Node ; To Node    ; Launch Clock ; Latch Clock ; Relationship ; Clock Skew ; Data Delay ;
+---------+-----------+------------+--------------+-------------+--------------+------------+------------+
; -23.500 ; tp3       ; write_thru ; tp3          ; md9_low     ; 0.500        ; 10.000     ; 30.000     ;
; -23.500 ; tp3       ; store      ; tp3          ; md9_low     ; 0.500        ; 10.000     ; 30.000     ;
; -23.500 ; tp3       ; color      ; tp3          ; md9_low     ; 0.500        ; 10.000     ; 30.000     ;
; -23.500 ; tp3       ; chan       ; tp3          ; md9_low     ; 0.500        ; 10.000     ; 30.000     ;
; -23.500 ; tp3       ; int_en     ; tp3          ; md9_low     ; 0.500        ; 10.000     ; 30.000     ;
; -23.500 ; tp3       ; erase      ; tp3          ; md9_low     ; 0.500        ; 10.000     ; 30.000     ;
; -23.500 ; md10_low  ; write_thru ; md10_low     ; md9_low     ; 0.500        ; 10.000     ; 30.000     ;
; -23.500 ; md10_low  ; store      ; md10_low     ; md9_low     ; 0.500        ; 10.000     ; 30.000     ;
; -23.500 ; md10_low  ; color      ; md10_low     ; md9_low     ; 0.500        ; 10.000     ; 30.000     ;
; -23.500 ; md10_low  ; chan       ; md10_low     ; md9_low     ; 0.500        ; 10.000     ; 30.000     ;
; -23.500 ; md10_low  ; int_en     ; md10_low     ; md9_low     ; 0.500        ; 10.000     ; 30.000     ;
; -23.500 ; md10_low  ; erase      ; md10_low     ; md9_low     ; 0.500        ; 10.000     ; 30.000     ;
; -23.500 ; md9_low   ; write_thru ; md9_low      ; md9_low     ; 0.500        ; 10.000     ; 30.000     ;
; -23.500 ; md9_low   ; store      ; md9_low      ; md9_low     ; 0.500        ; 10.000     ; 30.000     ;
; -23.500 ; md9_low   ; color      ; md9_low      ; md9_low     ; 0.500        ; 10.000     ; 30.000     ;
; -23.500 ; md9_low   ; chan       ; md9_low      ; md9_low     ; 0.500        ; 10.000     ; 30.000     ;
; -23.500 ; md9_low   ; int_en     ; md9_low      ; md9_low     ; 0.500        ; 10.000     ; 30.000     ;
; -23.500 ; md9_low   ; erase      ; md9_low      ; md9_low     ; 0.500        ; 10.000     ; 30.000     ;
; -23.500 ; pause_low ; write_thru ; pause_low    ; md9_low     ; 0.500        ; 10.000     ; 30.000     ;
; -23.500 ; pause_low ; store      ; pause_low    ; md9_low     ; 0.500        ; 10.000     ; 30.000     ;
; -23.500 ; pause_low ; color      ; pause_low    ; md9_low     ; 0.500        ; 10.000     ; 30.000     ;
; -23.500 ; pause_low ; chan       ; pause_low    ; md9_low     ; 0.500        ; 10.000     ; 30.000     ;
; -23.500 ; pause_low ; int_en     ; pause_low    ; md9_low     ; 0.500        ; 10.000     ; 30.000     ;
; -23.500 ; pause_low ; erase      ; pause_low    ; md9_low     ; 0.500        ; 10.000     ; 30.000     ;
; -23.500 ; md7_low   ; write_thru ; md7_low      ; md9_low     ; 0.500        ; 10.000     ; 30.000     ;
; -23.500 ; md7_low   ; store      ; md7_low      ; md9_low     ; 0.500        ; 10.000     ; 30.000     ;
; -23.500 ; md7_low   ; color      ; md7_low      ; md9_low     ; 0.500        ; 10.000     ; 30.000     ;
; -23.500 ; md7_low   ; chan       ; md7_low      ; md9_low     ; 0.500        ; 10.000     ; 30.000     ;
; -23.500 ; md7_low   ; int_en     ; md7_low      ; md9_low     ; 0.500        ; 10.000     ; 30.000     ;
; -23.500 ; md7_low   ; erase      ; md7_low      ; md9_low     ; 0.500        ; 10.000     ; 30.000     ;
; -23.500 ; md6_low   ; write_thru ; md6_low      ; md9_low     ; 0.500        ; 10.000     ; 30.000     ;
; -23.500 ; md6_low   ; store      ; md6_low      ; md9_low     ; 0.500        ; 10.000     ; 30.000     ;
; -23.500 ; md6_low   ; color      ; md6_low      ; md9_low     ; 0.500        ; 10.000     ; 30.000     ;
; -23.500 ; md6_low   ; chan       ; md6_low      ; md9_low     ; 0.500        ; 10.000     ; 30.000     ;
; -23.500 ; md6_low   ; int_en     ; md6_low      ; md9_low     ; 0.500        ; 10.000     ; 30.000     ;
; -23.500 ; md6_low   ; erase      ; md6_low      ; md9_low     ; 0.500        ; 10.000     ; 30.000     ;
; -23.500 ; md4_low   ; write_thru ; md4_low      ; md9_low     ; 0.500        ; 10.000     ; 30.000     ;
; -23.500 ; md4_low   ; store      ; md4_low      ; md9_low     ; 0.500        ; 10.000     ; 30.000     ;
; -23.500 ; md4_low   ; color      ; md4_low      ; md9_low     ; 0.500        ; 10.000     ; 30.000     ;
; -23.500 ; md4_low   ; chan       ; md4_low      ; md9_low     ; 0.500        ; 10.000     ; 30.000     ;
; -23.500 ; md4_low   ; int_en     ; md4_low      ; md9_low     ; 0.500        ; 10.000     ; 30.000     ;
; -23.500 ; md4_low   ; erase      ; md4_low      ; md9_low     ; 0.500        ; 10.000     ; 30.000     ;
; -23.500 ; md3_low   ; write_thru ; md3_low      ; md9_low     ; 0.500        ; 10.000     ; 30.000     ;
; -23.500 ; md3_low   ; store      ; md3_low      ; md9_low     ; 0.500        ; 10.000     ; 30.000     ;
; -23.500 ; md3_low   ; color      ; md3_low      ; md9_low     ; 0.500        ; 10.000     ; 30.000     ;
; -23.500 ; md3_low   ; chan       ; md3_low      ; md9_low     ; 0.500        ; 10.000     ; 30.000     ;
; -23.500 ; md3_low   ; int_en     ; md3_low      ; md9_low     ; 0.500        ; 10.000     ; 30.000     ;
; -23.500 ; md3_low   ; erase      ; md3_low      ; md9_low     ; 0.500        ; 10.000     ; 30.000     ;
; -23.500 ; md8_low   ; write_thru ; md8_low      ; md9_low     ; 0.500        ; 10.000     ; 30.000     ;
; -23.500 ; md8_low   ; store      ; md8_low      ; md9_low     ; 0.500        ; 10.000     ; 30.000     ;
; -23.500 ; md8_low   ; color      ; md8_low      ; md9_low     ; 0.500        ; 10.000     ; 30.000     ;
; -23.500 ; md8_low   ; chan       ; md8_low      ; md9_low     ; 0.500        ; 10.000     ; 30.000     ;
; -23.500 ; md8_low   ; int_en     ; md8_low      ; md9_low     ; 0.500        ; 10.000     ; 30.000     ;
; -23.500 ; md8_low   ; erase      ; md8_low      ; md9_low     ; 0.500        ; 10.000     ; 30.000     ;
; -23.500 ; md5_low   ; write_thru ; md5_low      ; md9_low     ; 0.500        ; 10.000     ; 30.000     ;
; -23.500 ; md5_low   ; store      ; md5_low      ; md9_low     ; 0.500        ; 10.000     ; 30.000     ;
; -23.500 ; md5_low   ; color      ; md5_low      ; md9_low     ; 0.500        ; 10.000     ; 30.000     ;
; -23.500 ; md5_low   ; chan       ; md5_low      ; md9_low     ; 0.500        ; 10.000     ; 30.000     ;
; -23.500 ; md5_low   ; int_en     ; md5_low      ; md9_low     ; 0.500        ; 10.000     ; 30.000     ;
; -23.500 ; md5_low   ; erase      ; md5_low      ; md9_low     ; 0.500        ; 10.000     ; 30.000     ;
; -23.500 ; md11_low  ; write_thru ; md11_low     ; md9_low     ; 0.500        ; 10.000     ; 30.000     ;
; -23.500 ; md11_low  ; store      ; md11_low     ; md9_low     ; 0.500        ; 10.000     ; 30.000     ;
; -23.500 ; md11_low  ; color      ; md11_low     ; md9_low     ; 0.500        ; 10.000     ; 30.000     ;
; -23.500 ; md11_low  ; chan       ; md11_low     ; md9_low     ; 0.500        ; 10.000     ; 30.000     ;
; -23.500 ; md11_low  ; int_en     ; md11_low     ; md9_low     ; 0.500        ; 10.000     ; 30.000     ;
; -23.500 ; md11_low  ; erase      ; md11_low     ; md9_low     ; 0.500        ; 10.000     ; 30.000     ;
; -23.000 ; tp3       ; write_thru ; tp3          ; md9_low     ; 1.000        ; 10.000     ; 30.000     ;
; -23.000 ; tp3       ; store      ; tp3          ; md9_low     ; 1.000        ; 10.000     ; 30.000     ;
; -23.000 ; tp3       ; color      ; tp3          ; md9_low     ; 1.000        ; 10.000     ; 30.000     ;
; -23.000 ; tp3       ; chan       ; tp3          ; md9_low     ; 1.000        ; 10.000     ; 30.000     ;
; -23.000 ; tp3       ; int_en     ; tp3          ; md9_low     ; 1.000        ; 10.000     ; 30.000     ;
; -23.000 ; tp3       ; erase      ; tp3          ; md9_low     ; 1.000        ; 10.000     ; 30.000     ;
; -23.000 ; md10_low  ; write_thru ; md10_low     ; md9_low     ; 1.000        ; 10.000     ; 30.000     ;
; -23.000 ; md10_low  ; store      ; md10_low     ; md9_low     ; 1.000        ; 10.000     ; 30.000     ;
; -23.000 ; md10_low  ; color      ; md10_low     ; md9_low     ; 1.000        ; 10.000     ; 30.000     ;
; -23.000 ; md10_low  ; chan       ; md10_low     ; md9_low     ; 1.000        ; 10.000     ; 30.000     ;
; -23.000 ; md10_low  ; int_en     ; md10_low     ; md9_low     ; 1.000        ; 10.000     ; 30.000     ;
; -23.000 ; md10_low  ; erase      ; md10_low     ; md9_low     ; 1.000        ; 10.000     ; 30.000     ;
; -23.000 ; md9_low   ; write_thru ; md9_low      ; md9_low     ; 1.000        ; 10.000     ; 30.000     ;
; -23.000 ; md9_low   ; store      ; md9_low      ; md9_low     ; 1.000        ; 10.000     ; 30.000     ;
; -23.000 ; md9_low   ; color      ; md9_low      ; md9_low     ; 1.000        ; 10.000     ; 30.000     ;
; -23.000 ; md9_low   ; chan       ; md9_low      ; md9_low     ; 1.000        ; 10.000     ; 30.000     ;
; -23.000 ; md9_low   ; int_en     ; md9_low      ; md9_low     ; 1.000        ; 10.000     ; 30.000     ;
; -23.000 ; md9_low   ; erase      ; md9_low      ; md9_low     ; 1.000        ; 10.000     ; 30.000     ;
; -23.000 ; pause_low ; write_thru ; pause_low    ; md9_low     ; 1.000        ; 10.000     ; 30.000     ;
; -23.000 ; pause_low ; store      ; pause_low    ; md9_low     ; 1.000        ; 10.000     ; 30.000     ;
; -23.000 ; pause_low ; color      ; pause_low    ; md9_low     ; 1.000        ; 10.000     ; 30.000     ;
; -23.000 ; pause_low ; chan       ; pause_low    ; md9_low     ; 1.000        ; 10.000     ; 30.000     ;
; -23.000 ; pause_low ; int_en     ; pause_low    ; md9_low     ; 1.000        ; 10.000     ; 30.000     ;
; -23.000 ; pause_low ; erase      ; pause_low    ; md9_low     ; 1.000        ; 10.000     ; 30.000     ;
; -23.000 ; md7_low   ; write_thru ; md7_low      ; md9_low     ; 1.000        ; 10.000     ; 30.000     ;
; -23.000 ; md7_low   ; store      ; md7_low      ; md9_low     ; 1.000        ; 10.000     ; 30.000     ;
; -23.000 ; md7_low   ; color      ; md7_low      ; md9_low     ; 1.000        ; 10.000     ; 30.000     ;
; -23.000 ; md7_low   ; chan       ; md7_low      ; md9_low     ; 1.000        ; 10.000     ; 30.000     ;
; -23.000 ; md7_low   ; int_en     ; md7_low      ; md9_low     ; 1.000        ; 10.000     ; 30.000     ;
; -23.000 ; md7_low   ; erase      ; md7_low      ; md9_low     ; 1.000        ; 10.000     ; 30.000     ;
; -23.000 ; md6_low   ; write_thru ; md6_low      ; md9_low     ; 1.000        ; 10.000     ; 30.000     ;
; -23.000 ; md6_low   ; store      ; md6_low      ; md9_low     ; 1.000        ; 10.000     ; 30.000     ;
; -23.000 ; md6_low   ; color      ; md6_low      ; md9_low     ; 1.000        ; 10.000     ; 30.000     ;
; -23.000 ; md6_low   ; chan       ; md6_low      ; md9_low     ; 1.000        ; 10.000     ; 30.000     ;
+---------+-----------+------------+--------------+-------------+--------------+------------+------------+


+--------------------------------------------------------------------------------------------------------+
; Recovery: 'pause_low'                                                                                  ;
+---------+-----------+------------+--------------+-------------+--------------+------------+------------+
; Slack   ; From Node ; To Node    ; Launch Clock ; Latch Clock ; Relationship ; Clock Skew ; Data Delay ;
+---------+-----------+------------+--------------+-------------+--------------+------------+------------+
; -23.500 ; tp3       ; write_thru ; tp3          ; pause_low   ; 0.500        ; 10.000     ; 30.000     ;
; -23.500 ; tp3       ; store      ; tp3          ; pause_low   ; 0.500        ; 10.000     ; 30.000     ;
; -23.500 ; tp3       ; color      ; tp3          ; pause_low   ; 0.500        ; 10.000     ; 30.000     ;
; -23.500 ; tp3       ; chan       ; tp3          ; pause_low   ; 0.500        ; 10.000     ; 30.000     ;
; -23.500 ; tp3       ; int_en     ; tp3          ; pause_low   ; 0.500        ; 10.000     ; 30.000     ;
; -23.500 ; tp3       ; erase      ; tp3          ; pause_low   ; 0.500        ; 10.000     ; 30.000     ;
; -23.500 ; md10_low  ; write_thru ; md10_low     ; pause_low   ; 0.500        ; 10.000     ; 30.000     ;
; -23.500 ; md10_low  ; store      ; md10_low     ; pause_low   ; 0.500        ; 10.000     ; 30.000     ;
; -23.500 ; md10_low  ; color      ; md10_low     ; pause_low   ; 0.500        ; 10.000     ; 30.000     ;
; -23.500 ; md10_low  ; chan       ; md10_low     ; pause_low   ; 0.500        ; 10.000     ; 30.000     ;
; -23.500 ; md10_low  ; int_en     ; md10_low     ; pause_low   ; 0.500        ; 10.000     ; 30.000     ;
; -23.500 ; md10_low  ; erase      ; md10_low     ; pause_low   ; 0.500        ; 10.000     ; 30.000     ;
; -23.500 ; md9_low   ; write_thru ; md9_low      ; pause_low   ; 0.500        ; 10.000     ; 30.000     ;
; -23.500 ; md9_low   ; store      ; md9_low      ; pause_low   ; 0.500        ; 10.000     ; 30.000     ;
; -23.500 ; md9_low   ; color      ; md9_low      ; pause_low   ; 0.500        ; 10.000     ; 30.000     ;
; -23.500 ; md9_low   ; chan       ; md9_low      ; pause_low   ; 0.500        ; 10.000     ; 30.000     ;
; -23.500 ; md9_low   ; int_en     ; md9_low      ; pause_low   ; 0.500        ; 10.000     ; 30.000     ;
; -23.500 ; md9_low   ; erase      ; md9_low      ; pause_low   ; 0.500        ; 10.000     ; 30.000     ;
; -23.500 ; pause_low ; write_thru ; pause_low    ; pause_low   ; 0.500        ; 10.000     ; 30.000     ;
; -23.500 ; pause_low ; store      ; pause_low    ; pause_low   ; 0.500        ; 10.000     ; 30.000     ;
; -23.500 ; pause_low ; color      ; pause_low    ; pause_low   ; 0.500        ; 10.000     ; 30.000     ;
; -23.500 ; pause_low ; chan       ; pause_low    ; pause_low   ; 0.500        ; 10.000     ; 30.000     ;
; -23.500 ; pause_low ; int_en     ; pause_low    ; pause_low   ; 0.500        ; 10.000     ; 30.000     ;
; -23.500 ; pause_low ; erase      ; pause_low    ; pause_low   ; 0.500        ; 10.000     ; 30.000     ;
; -23.500 ; md7_low   ; write_thru ; md7_low      ; pause_low   ; 0.500        ; 10.000     ; 30.000     ;
; -23.500 ; md7_low   ; store      ; md7_low      ; pause_low   ; 0.500        ; 10.000     ; 30.000     ;
; -23.500 ; md7_low   ; color      ; md7_low      ; pause_low   ; 0.500        ; 10.000     ; 30.000     ;
; -23.500 ; md7_low   ; chan       ; md7_low      ; pause_low   ; 0.500        ; 10.000     ; 30.000     ;
; -23.500 ; md7_low   ; int_en     ; md7_low      ; pause_low   ; 0.500        ; 10.000     ; 30.000     ;
; -23.500 ; md7_low   ; erase      ; md7_low      ; pause_low   ; 0.500        ; 10.000     ; 30.000     ;
; -23.500 ; md6_low   ; write_thru ; md6_low      ; pause_low   ; 0.500        ; 10.000     ; 30.000     ;
; -23.500 ; md6_low   ; store      ; md6_low      ; pause_low   ; 0.500        ; 10.000     ; 30.000     ;
; -23.500 ; md6_low   ; color      ; md6_low      ; pause_low   ; 0.500        ; 10.000     ; 30.000     ;
; -23.500 ; md6_low   ; chan       ; md6_low      ; pause_low   ; 0.500        ; 10.000     ; 30.000     ;
; -23.500 ; md6_low   ; int_en     ; md6_low      ; pause_low   ; 0.500        ; 10.000     ; 30.000     ;
; -23.500 ; md6_low   ; erase      ; md6_low      ; pause_low   ; 0.500        ; 10.000     ; 30.000     ;
; -23.500 ; md4_low   ; write_thru ; md4_low      ; pause_low   ; 0.500        ; 10.000     ; 30.000     ;
; -23.500 ; md4_low   ; store      ; md4_low      ; pause_low   ; 0.500        ; 10.000     ; 30.000     ;
; -23.500 ; md4_low   ; color      ; md4_low      ; pause_low   ; 0.500        ; 10.000     ; 30.000     ;
; -23.500 ; md4_low   ; chan       ; md4_low      ; pause_low   ; 0.500        ; 10.000     ; 30.000     ;
; -23.500 ; md4_low   ; int_en     ; md4_low      ; pause_low   ; 0.500        ; 10.000     ; 30.000     ;
; -23.500 ; md4_low   ; erase      ; md4_low      ; pause_low   ; 0.500        ; 10.000     ; 30.000     ;
; -23.500 ; md3_low   ; write_thru ; md3_low      ; pause_low   ; 0.500        ; 10.000     ; 30.000     ;
; -23.500 ; md3_low   ; store      ; md3_low      ; pause_low   ; 0.500        ; 10.000     ; 30.000     ;
; -23.500 ; md3_low   ; color      ; md3_low      ; pause_low   ; 0.500        ; 10.000     ; 30.000     ;
; -23.500 ; md3_low   ; chan       ; md3_low      ; pause_low   ; 0.500        ; 10.000     ; 30.000     ;
; -23.500 ; md3_low   ; int_en     ; md3_low      ; pause_low   ; 0.500        ; 10.000     ; 30.000     ;
; -23.500 ; md3_low   ; erase      ; md3_low      ; pause_low   ; 0.500        ; 10.000     ; 30.000     ;
; -23.500 ; md8_low   ; write_thru ; md8_low      ; pause_low   ; 0.500        ; 10.000     ; 30.000     ;
; -23.500 ; md8_low   ; store      ; md8_low      ; pause_low   ; 0.500        ; 10.000     ; 30.000     ;
; -23.500 ; md8_low   ; color      ; md8_low      ; pause_low   ; 0.500        ; 10.000     ; 30.000     ;
; -23.500 ; md8_low   ; chan       ; md8_low      ; pause_low   ; 0.500        ; 10.000     ; 30.000     ;
; -23.500 ; md8_low   ; int_en     ; md8_low      ; pause_low   ; 0.500        ; 10.000     ; 30.000     ;
; -23.500 ; md8_low   ; erase      ; md8_low      ; pause_low   ; 0.500        ; 10.000     ; 30.000     ;
; -23.500 ; md5_low   ; write_thru ; md5_low      ; pause_low   ; 0.500        ; 10.000     ; 30.000     ;
; -23.500 ; md5_low   ; store      ; md5_low      ; pause_low   ; 0.500        ; 10.000     ; 30.000     ;
; -23.500 ; md5_low   ; color      ; md5_low      ; pause_low   ; 0.500        ; 10.000     ; 30.000     ;
; -23.500 ; md5_low   ; chan       ; md5_low      ; pause_low   ; 0.500        ; 10.000     ; 30.000     ;
; -23.500 ; md5_low   ; int_en     ; md5_low      ; pause_low   ; 0.500        ; 10.000     ; 30.000     ;
; -23.500 ; md5_low   ; erase      ; md5_low      ; pause_low   ; 0.500        ; 10.000     ; 30.000     ;
; -23.500 ; md11_low  ; write_thru ; md11_low     ; pause_low   ; 0.500        ; 10.000     ; 30.000     ;
; -23.500 ; md11_low  ; store      ; md11_low     ; pause_low   ; 0.500        ; 10.000     ; 30.000     ;
; -23.500 ; md11_low  ; color      ; md11_low     ; pause_low   ; 0.500        ; 10.000     ; 30.000     ;
; -23.500 ; md11_low  ; chan       ; md11_low     ; pause_low   ; 0.500        ; 10.000     ; 30.000     ;
; -23.500 ; md11_low  ; int_en     ; md11_low     ; pause_low   ; 0.500        ; 10.000     ; 30.000     ;
; -23.500 ; md11_low  ; erase      ; md11_low     ; pause_low   ; 0.500        ; 10.000     ; 30.000     ;
; -23.000 ; tp3       ; write_thru ; tp3          ; pause_low   ; 1.000        ; 10.000     ; 30.000     ;
; -23.000 ; tp3       ; store      ; tp3          ; pause_low   ; 1.000        ; 10.000     ; 30.000     ;
; -23.000 ; tp3       ; color      ; tp3          ; pause_low   ; 1.000        ; 10.000     ; 30.000     ;
; -23.000 ; tp3       ; chan       ; tp3          ; pause_low   ; 1.000        ; 10.000     ; 30.000     ;
; -23.000 ; tp3       ; int_en     ; tp3          ; pause_low   ; 1.000        ; 10.000     ; 30.000     ;
; -23.000 ; tp3       ; erase      ; tp3          ; pause_low   ; 1.000        ; 10.000     ; 30.000     ;
; -23.000 ; md10_low  ; write_thru ; md10_low     ; pause_low   ; 1.000        ; 10.000     ; 30.000     ;
; -23.000 ; md10_low  ; store      ; md10_low     ; pause_low   ; 1.000        ; 10.000     ; 30.000     ;
; -23.000 ; md10_low  ; color      ; md10_low     ; pause_low   ; 1.000        ; 10.000     ; 30.000     ;
; -23.000 ; md10_low  ; chan       ; md10_low     ; pause_low   ; 1.000        ; 10.000     ; 30.000     ;
; -23.000 ; md10_low  ; int_en     ; md10_low     ; pause_low   ; 1.000        ; 10.000     ; 30.000     ;
; -23.000 ; md10_low  ; erase      ; md10_low     ; pause_low   ; 1.000        ; 10.000     ; 30.000     ;
; -23.000 ; md9_low   ; write_thru ; md9_low      ; pause_low   ; 1.000        ; 10.000     ; 30.000     ;
; -23.000 ; md9_low   ; store      ; md9_low      ; pause_low   ; 1.000        ; 10.000     ; 30.000     ;
; -23.000 ; md9_low   ; color      ; md9_low      ; pause_low   ; 1.000        ; 10.000     ; 30.000     ;
; -23.000 ; md9_low   ; chan       ; md9_low      ; pause_low   ; 1.000        ; 10.000     ; 30.000     ;
; -23.000 ; md9_low   ; int_en     ; md9_low      ; pause_low   ; 1.000        ; 10.000     ; 30.000     ;
; -23.000 ; md9_low   ; erase      ; md9_low      ; pause_low   ; 1.000        ; 10.000     ; 30.000     ;
; -23.000 ; pause_low ; write_thru ; pause_low    ; pause_low   ; 1.000        ; 10.000     ; 30.000     ;
; -23.000 ; pause_low ; store      ; pause_low    ; pause_low   ; 1.000        ; 10.000     ; 30.000     ;
; -23.000 ; pause_low ; color      ; pause_low    ; pause_low   ; 1.000        ; 10.000     ; 30.000     ;
; -23.000 ; pause_low ; chan       ; pause_low    ; pause_low   ; 1.000        ; 10.000     ; 30.000     ;
; -23.000 ; pause_low ; int_en     ; pause_low    ; pause_low   ; 1.000        ; 10.000     ; 30.000     ;
; -23.000 ; pause_low ; erase      ; pause_low    ; pause_low   ; 1.000        ; 10.000     ; 30.000     ;
; -23.000 ; md7_low   ; write_thru ; md7_low      ; pause_low   ; 1.000        ; 10.000     ; 30.000     ;
; -23.000 ; md7_low   ; store      ; md7_low      ; pause_low   ; 1.000        ; 10.000     ; 30.000     ;
; -23.000 ; md7_low   ; color      ; md7_low      ; pause_low   ; 1.000        ; 10.000     ; 30.000     ;
; -23.000 ; md7_low   ; chan       ; md7_low      ; pause_low   ; 1.000        ; 10.000     ; 30.000     ;
; -23.000 ; md7_low   ; int_en     ; md7_low      ; pause_low   ; 1.000        ; 10.000     ; 30.000     ;
; -23.000 ; md7_low   ; erase      ; md7_low      ; pause_low   ; 1.000        ; 10.000     ; 30.000     ;
; -23.000 ; md6_low   ; write_thru ; md6_low      ; pause_low   ; 1.000        ; 10.000     ; 30.000     ;
; -23.000 ; md6_low   ; store      ; md6_low      ; pause_low   ; 1.000        ; 10.000     ; 30.000     ;
; -23.000 ; md6_low   ; color      ; md6_low      ; pause_low   ; 1.000        ; 10.000     ; 30.000     ;
; -23.000 ; md6_low   ; chan       ; md6_low      ; pause_low   ; 1.000        ; 10.000     ; 30.000     ;
+---------+-----------+------------+--------------+-------------+--------------+------------+------------+


+--------------------------------------------------------------------------------------------------------+
; Recovery: 'tp3'                                                                                        ;
+---------+-----------+------------+--------------+-------------+--------------+------------+------------+
; Slack   ; From Node ; To Node    ; Launch Clock ; Latch Clock ; Relationship ; Clock Skew ; Data Delay ;
+---------+-----------+------------+--------------+-------------+--------------+------------+------------+
; -23.500 ; tp3       ; write_thru ; tp3          ; tp3         ; 0.500        ; 10.000     ; 30.000     ;
; -23.500 ; tp3       ; store      ; tp3          ; tp3         ; 0.500        ; 10.000     ; 30.000     ;
; -23.500 ; tp3       ; color      ; tp3          ; tp3         ; 0.500        ; 10.000     ; 30.000     ;
; -23.500 ; tp3       ; chan       ; tp3          ; tp3         ; 0.500        ; 10.000     ; 30.000     ;
; -23.500 ; tp3       ; int_en     ; tp3          ; tp3         ; 0.500        ; 10.000     ; 30.000     ;
; -23.500 ; tp3       ; erase      ; tp3          ; tp3         ; 0.500        ; 10.000     ; 30.000     ;
; -23.500 ; md10_low  ; write_thru ; md10_low     ; tp3         ; 0.500        ; 10.000     ; 30.000     ;
; -23.500 ; md10_low  ; store      ; md10_low     ; tp3         ; 0.500        ; 10.000     ; 30.000     ;
; -23.500 ; md10_low  ; color      ; md10_low     ; tp3         ; 0.500        ; 10.000     ; 30.000     ;
; -23.500 ; md10_low  ; chan       ; md10_low     ; tp3         ; 0.500        ; 10.000     ; 30.000     ;
; -23.500 ; md10_low  ; int_en     ; md10_low     ; tp3         ; 0.500        ; 10.000     ; 30.000     ;
; -23.500 ; md10_low  ; erase      ; md10_low     ; tp3         ; 0.500        ; 10.000     ; 30.000     ;
; -23.500 ; md9_low   ; write_thru ; md9_low      ; tp3         ; 0.500        ; 10.000     ; 30.000     ;
; -23.500 ; md9_low   ; store      ; md9_low      ; tp3         ; 0.500        ; 10.000     ; 30.000     ;
; -23.500 ; md9_low   ; color      ; md9_low      ; tp3         ; 0.500        ; 10.000     ; 30.000     ;
; -23.500 ; md9_low   ; chan       ; md9_low      ; tp3         ; 0.500        ; 10.000     ; 30.000     ;
; -23.500 ; md9_low   ; int_en     ; md9_low      ; tp3         ; 0.500        ; 10.000     ; 30.000     ;
; -23.500 ; md9_low   ; erase      ; md9_low      ; tp3         ; 0.500        ; 10.000     ; 30.000     ;
; -23.500 ; pause_low ; write_thru ; pause_low    ; tp3         ; 0.500        ; 10.000     ; 30.000     ;
; -23.500 ; pause_low ; store      ; pause_low    ; tp3         ; 0.500        ; 10.000     ; 30.000     ;
; -23.500 ; pause_low ; color      ; pause_low    ; tp3         ; 0.500        ; 10.000     ; 30.000     ;
; -23.500 ; pause_low ; chan       ; pause_low    ; tp3         ; 0.500        ; 10.000     ; 30.000     ;
; -23.500 ; pause_low ; int_en     ; pause_low    ; tp3         ; 0.500        ; 10.000     ; 30.000     ;
; -23.500 ; pause_low ; erase      ; pause_low    ; tp3         ; 0.500        ; 10.000     ; 30.000     ;
; -23.500 ; md7_low   ; write_thru ; md7_low      ; tp3         ; 0.500        ; 10.000     ; 30.000     ;
; -23.500 ; md7_low   ; store      ; md7_low      ; tp3         ; 0.500        ; 10.000     ; 30.000     ;
; -23.500 ; md7_low   ; color      ; md7_low      ; tp3         ; 0.500        ; 10.000     ; 30.000     ;
; -23.500 ; md7_low   ; chan       ; md7_low      ; tp3         ; 0.500        ; 10.000     ; 30.000     ;
; -23.500 ; md7_low   ; int_en     ; md7_low      ; tp3         ; 0.500        ; 10.000     ; 30.000     ;
; -23.500 ; md7_low   ; erase      ; md7_low      ; tp3         ; 0.500        ; 10.000     ; 30.000     ;
; -23.500 ; md6_low   ; write_thru ; md6_low      ; tp3         ; 0.500        ; 10.000     ; 30.000     ;
; -23.500 ; md6_low   ; store      ; md6_low      ; tp3         ; 0.500        ; 10.000     ; 30.000     ;
; -23.500 ; md6_low   ; color      ; md6_low      ; tp3         ; 0.500        ; 10.000     ; 30.000     ;
; -23.500 ; md6_low   ; chan       ; md6_low      ; tp3         ; 0.500        ; 10.000     ; 30.000     ;
; -23.500 ; md6_low   ; int_en     ; md6_low      ; tp3         ; 0.500        ; 10.000     ; 30.000     ;
; -23.500 ; md6_low   ; erase      ; md6_low      ; tp3         ; 0.500        ; 10.000     ; 30.000     ;
; -23.500 ; md4_low   ; write_thru ; md4_low      ; tp3         ; 0.500        ; 10.000     ; 30.000     ;
; -23.500 ; md4_low   ; store      ; md4_low      ; tp3         ; 0.500        ; 10.000     ; 30.000     ;
; -23.500 ; md4_low   ; color      ; md4_low      ; tp3         ; 0.500        ; 10.000     ; 30.000     ;
; -23.500 ; md4_low   ; chan       ; md4_low      ; tp3         ; 0.500        ; 10.000     ; 30.000     ;
; -23.500 ; md4_low   ; int_en     ; md4_low      ; tp3         ; 0.500        ; 10.000     ; 30.000     ;
; -23.500 ; md4_low   ; erase      ; md4_low      ; tp3         ; 0.500        ; 10.000     ; 30.000     ;
; -23.500 ; md3_low   ; write_thru ; md3_low      ; tp3         ; 0.500        ; 10.000     ; 30.000     ;
; -23.500 ; md3_low   ; store      ; md3_low      ; tp3         ; 0.500        ; 10.000     ; 30.000     ;
; -23.500 ; md3_low   ; color      ; md3_low      ; tp3         ; 0.500        ; 10.000     ; 30.000     ;
; -23.500 ; md3_low   ; chan       ; md3_low      ; tp3         ; 0.500        ; 10.000     ; 30.000     ;
; -23.500 ; md3_low   ; int_en     ; md3_low      ; tp3         ; 0.500        ; 10.000     ; 30.000     ;
; -23.500 ; md3_low   ; erase      ; md3_low      ; tp3         ; 0.500        ; 10.000     ; 30.000     ;
; -23.500 ; md8_low   ; write_thru ; md8_low      ; tp3         ; 0.500        ; 10.000     ; 30.000     ;
; -23.500 ; md8_low   ; store      ; md8_low      ; tp3         ; 0.500        ; 10.000     ; 30.000     ;
; -23.500 ; md8_low   ; color      ; md8_low      ; tp3         ; 0.500        ; 10.000     ; 30.000     ;
; -23.500 ; md8_low   ; chan       ; md8_low      ; tp3         ; 0.500        ; 10.000     ; 30.000     ;
; -23.500 ; md8_low   ; int_en     ; md8_low      ; tp3         ; 0.500        ; 10.000     ; 30.000     ;
; -23.500 ; md8_low   ; erase      ; md8_low      ; tp3         ; 0.500        ; 10.000     ; 30.000     ;
; -23.500 ; md5_low   ; write_thru ; md5_low      ; tp3         ; 0.500        ; 10.000     ; 30.000     ;
; -23.500 ; md5_low   ; store      ; md5_low      ; tp3         ; 0.500        ; 10.000     ; 30.000     ;
; -23.500 ; md5_low   ; color      ; md5_low      ; tp3         ; 0.500        ; 10.000     ; 30.000     ;
; -23.500 ; md5_low   ; chan       ; md5_low      ; tp3         ; 0.500        ; 10.000     ; 30.000     ;
; -23.500 ; md5_low   ; int_en     ; md5_low      ; tp3         ; 0.500        ; 10.000     ; 30.000     ;
; -23.500 ; md5_low   ; erase      ; md5_low      ; tp3         ; 0.500        ; 10.000     ; 30.000     ;
; -23.500 ; md11_low  ; write_thru ; md11_low     ; tp3         ; 0.500        ; 10.000     ; 30.000     ;
; -23.500 ; md11_low  ; store      ; md11_low     ; tp3         ; 0.500        ; 10.000     ; 30.000     ;
; -23.500 ; md11_low  ; color      ; md11_low     ; tp3         ; 0.500        ; 10.000     ; 30.000     ;
; -23.500 ; md11_low  ; chan       ; md11_low     ; tp3         ; 0.500        ; 10.000     ; 30.000     ;
; -23.500 ; md11_low  ; int_en     ; md11_low     ; tp3         ; 0.500        ; 10.000     ; 30.000     ;
; -23.500 ; md11_low  ; erase      ; md11_low     ; tp3         ; 0.500        ; 10.000     ; 30.000     ;
; -23.000 ; tp3       ; write_thru ; tp3          ; tp3         ; 1.000        ; 10.000     ; 30.000     ;
; -23.000 ; tp3       ; store      ; tp3          ; tp3         ; 1.000        ; 10.000     ; 30.000     ;
; -23.000 ; tp3       ; color      ; tp3          ; tp3         ; 1.000        ; 10.000     ; 30.000     ;
; -23.000 ; tp3       ; chan       ; tp3          ; tp3         ; 1.000        ; 10.000     ; 30.000     ;
; -23.000 ; tp3       ; int_en     ; tp3          ; tp3         ; 1.000        ; 10.000     ; 30.000     ;
; -23.000 ; tp3       ; erase      ; tp3          ; tp3         ; 1.000        ; 10.000     ; 30.000     ;
; -23.000 ; md10_low  ; write_thru ; md10_low     ; tp3         ; 1.000        ; 10.000     ; 30.000     ;
; -23.000 ; md10_low  ; store      ; md10_low     ; tp3         ; 1.000        ; 10.000     ; 30.000     ;
; -23.000 ; md10_low  ; color      ; md10_low     ; tp3         ; 1.000        ; 10.000     ; 30.000     ;
; -23.000 ; md10_low  ; chan       ; md10_low     ; tp3         ; 1.000        ; 10.000     ; 30.000     ;
; -23.000 ; md10_low  ; int_en     ; md10_low     ; tp3         ; 1.000        ; 10.000     ; 30.000     ;
; -23.000 ; md10_low  ; erase      ; md10_low     ; tp3         ; 1.000        ; 10.000     ; 30.000     ;
; -23.000 ; md9_low   ; write_thru ; md9_low      ; tp3         ; 1.000        ; 10.000     ; 30.000     ;
; -23.000 ; md9_low   ; store      ; md9_low      ; tp3         ; 1.000        ; 10.000     ; 30.000     ;
; -23.000 ; md9_low   ; color      ; md9_low      ; tp3         ; 1.000        ; 10.000     ; 30.000     ;
; -23.000 ; md9_low   ; chan       ; md9_low      ; tp3         ; 1.000        ; 10.000     ; 30.000     ;
; -23.000 ; md9_low   ; int_en     ; md9_low      ; tp3         ; 1.000        ; 10.000     ; 30.000     ;
; -23.000 ; md9_low   ; erase      ; md9_low      ; tp3         ; 1.000        ; 10.000     ; 30.000     ;
; -23.000 ; pause_low ; write_thru ; pause_low    ; tp3         ; 1.000        ; 10.000     ; 30.000     ;
; -23.000 ; pause_low ; store      ; pause_low    ; tp3         ; 1.000        ; 10.000     ; 30.000     ;
; -23.000 ; pause_low ; color      ; pause_low    ; tp3         ; 1.000        ; 10.000     ; 30.000     ;
; -23.000 ; pause_low ; chan       ; pause_low    ; tp3         ; 1.000        ; 10.000     ; 30.000     ;
; -23.000 ; pause_low ; int_en     ; pause_low    ; tp3         ; 1.000        ; 10.000     ; 30.000     ;
; -23.000 ; pause_low ; erase      ; pause_low    ; tp3         ; 1.000        ; 10.000     ; 30.000     ;
; -23.000 ; md7_low   ; write_thru ; md7_low      ; tp3         ; 1.000        ; 10.000     ; 30.000     ;
; -23.000 ; md7_low   ; store      ; md7_low      ; tp3         ; 1.000        ; 10.000     ; 30.000     ;
; -23.000 ; md7_low   ; color      ; md7_low      ; tp3         ; 1.000        ; 10.000     ; 30.000     ;
; -23.000 ; md7_low   ; chan       ; md7_low      ; tp3         ; 1.000        ; 10.000     ; 30.000     ;
; -23.000 ; md7_low   ; int_en     ; md7_low      ; tp3         ; 1.000        ; 10.000     ; 30.000     ;
; -23.000 ; md7_low   ; erase      ; md7_low      ; tp3         ; 1.000        ; 10.000     ; 30.000     ;
; -23.000 ; md6_low   ; write_thru ; md6_low      ; tp3         ; 1.000        ; 10.000     ; 30.000     ;
; -23.000 ; md6_low   ; store      ; md6_low      ; tp3         ; 1.000        ; 10.000     ; 30.000     ;
; -23.000 ; md6_low   ; color      ; md6_low      ; tp3         ; 1.000        ; 10.000     ; 30.000     ;
; -23.000 ; md6_low   ; chan       ; md6_low      ; tp3         ; 1.000        ; 10.000     ; 30.000     ;
+---------+-----------+------------+--------------+-------------+--------------+------------+------------+


+-------------------------------------------------------------------------------------------------------+
; Removal: 'md10_low'                                                                                   ;
+--------+-----------+------------+--------------+-------------+--------------+------------+------------+
; Slack  ; From Node ; To Node    ; Launch Clock ; Latch Clock ; Relationship ; Clock Skew ; Data Delay ;
+--------+-----------+------------+--------------+-------------+--------------+------------+------------+
; 8.000  ; set_done  ; erase      ; set_done     ; md10_low    ; 0.000        ; 10.000     ; 22.000     ;
; 8.500  ; set_done  ; erase      ; set_done     ; md10_low    ; -0.500       ; 10.000     ; 22.000     ;
; 16.000 ; tp3       ; write_thru ; tp3          ; md10_low    ; 0.000        ; 10.000     ; 30.000     ;
; 16.000 ; tp3       ; store      ; tp3          ; md10_low    ; 0.000        ; 10.000     ; 30.000     ;
; 16.000 ; tp3       ; color      ; tp3          ; md10_low    ; 0.000        ; 10.000     ; 30.000     ;
; 16.000 ; tp3       ; chan       ; tp3          ; md10_low    ; 0.000        ; 10.000     ; 30.000     ;
; 16.000 ; tp3       ; int_en     ; tp3          ; md10_low    ; 0.000        ; 10.000     ; 30.000     ;
; 16.000 ; tp3       ; erase      ; tp3          ; md10_low    ; 0.000        ; 10.000     ; 30.000     ;
; 16.000 ; md10_low  ; write_thru ; md10_low     ; md10_low    ; 0.000        ; 10.000     ; 30.000     ;
; 16.000 ; md10_low  ; store      ; md10_low     ; md10_low    ; 0.000        ; 10.000     ; 30.000     ;
; 16.000 ; md10_low  ; color      ; md10_low     ; md10_low    ; 0.000        ; 10.000     ; 30.000     ;
; 16.000 ; md10_low  ; chan       ; md10_low     ; md10_low    ; 0.000        ; 10.000     ; 30.000     ;
; 16.000 ; md10_low  ; int_en     ; md10_low     ; md10_low    ; 0.000        ; 10.000     ; 30.000     ;
; 16.000 ; md10_low  ; erase      ; md10_low     ; md10_low    ; 0.000        ; 10.000     ; 30.000     ;
; 16.000 ; md9_low   ; write_thru ; md9_low      ; md10_low    ; 0.000        ; 10.000     ; 30.000     ;
; 16.000 ; md9_low   ; store      ; md9_low      ; md10_low    ; 0.000        ; 10.000     ; 30.000     ;
; 16.000 ; md9_low   ; color      ; md9_low      ; md10_low    ; 0.000        ; 10.000     ; 30.000     ;
; 16.000 ; md9_low   ; chan       ; md9_low      ; md10_low    ; 0.000        ; 10.000     ; 30.000     ;
; 16.000 ; md9_low   ; int_en     ; md9_low      ; md10_low    ; 0.000        ; 10.000     ; 30.000     ;
; 16.000 ; md9_low   ; erase      ; md9_low      ; md10_low    ; 0.000        ; 10.000     ; 30.000     ;
; 16.000 ; pause_low ; write_thru ; pause_low    ; md10_low    ; 0.000        ; 10.000     ; 30.000     ;
; 16.000 ; pause_low ; store      ; pause_low    ; md10_low    ; 0.000        ; 10.000     ; 30.000     ;
; 16.000 ; pause_low ; color      ; pause_low    ; md10_low    ; 0.000        ; 10.000     ; 30.000     ;
; 16.000 ; pause_low ; chan       ; pause_low    ; md10_low    ; 0.000        ; 10.000     ; 30.000     ;
; 16.000 ; pause_low ; int_en     ; pause_low    ; md10_low    ; 0.000        ; 10.000     ; 30.000     ;
; 16.000 ; pause_low ; erase      ; pause_low    ; md10_low    ; 0.000        ; 10.000     ; 30.000     ;
; 16.000 ; md7_low   ; write_thru ; md7_low      ; md10_low    ; 0.000        ; 10.000     ; 30.000     ;
; 16.000 ; md7_low   ; store      ; md7_low      ; md10_low    ; 0.000        ; 10.000     ; 30.000     ;
; 16.000 ; md7_low   ; color      ; md7_low      ; md10_low    ; 0.000        ; 10.000     ; 30.000     ;
; 16.000 ; md7_low   ; chan       ; md7_low      ; md10_low    ; 0.000        ; 10.000     ; 30.000     ;
; 16.000 ; md7_low   ; int_en     ; md7_low      ; md10_low    ; 0.000        ; 10.000     ; 30.000     ;
; 16.000 ; md7_low   ; erase      ; md7_low      ; md10_low    ; 0.000        ; 10.000     ; 30.000     ;
; 16.000 ; md6_low   ; write_thru ; md6_low      ; md10_low    ; 0.000        ; 10.000     ; 30.000     ;
; 16.000 ; md6_low   ; store      ; md6_low      ; md10_low    ; 0.000        ; 10.000     ; 30.000     ;
; 16.000 ; md6_low   ; color      ; md6_low      ; md10_low    ; 0.000        ; 10.000     ; 30.000     ;
; 16.000 ; md6_low   ; chan       ; md6_low      ; md10_low    ; 0.000        ; 10.000     ; 30.000     ;
; 16.000 ; md6_low   ; int_en     ; md6_low      ; md10_low    ; 0.000        ; 10.000     ; 30.000     ;
; 16.000 ; md6_low   ; erase      ; md6_low      ; md10_low    ; 0.000        ; 10.000     ; 30.000     ;
; 16.000 ; md4_low   ; write_thru ; md4_low      ; md10_low    ; 0.000        ; 10.000     ; 30.000     ;
; 16.000 ; md4_low   ; store      ; md4_low      ; md10_low    ; 0.000        ; 10.000     ; 30.000     ;
; 16.000 ; md4_low   ; color      ; md4_low      ; md10_low    ; 0.000        ; 10.000     ; 30.000     ;
; 16.000 ; md4_low   ; chan       ; md4_low      ; md10_low    ; 0.000        ; 10.000     ; 30.000     ;
; 16.000 ; md4_low   ; int_en     ; md4_low      ; md10_low    ; 0.000        ; 10.000     ; 30.000     ;
; 16.000 ; md4_low   ; erase      ; md4_low      ; md10_low    ; 0.000        ; 10.000     ; 30.000     ;
; 16.000 ; md3_low   ; write_thru ; md3_low      ; md10_low    ; 0.000        ; 10.000     ; 30.000     ;
; 16.000 ; md3_low   ; store      ; md3_low      ; md10_low    ; 0.000        ; 10.000     ; 30.000     ;
; 16.000 ; md3_low   ; color      ; md3_low      ; md10_low    ; 0.000        ; 10.000     ; 30.000     ;
; 16.000 ; md3_low   ; chan       ; md3_low      ; md10_low    ; 0.000        ; 10.000     ; 30.000     ;
; 16.000 ; md3_low   ; int_en     ; md3_low      ; md10_low    ; 0.000        ; 10.000     ; 30.000     ;
; 16.000 ; md3_low   ; erase      ; md3_low      ; md10_low    ; 0.000        ; 10.000     ; 30.000     ;
; 16.000 ; md8_low   ; write_thru ; md8_low      ; md10_low    ; 0.000        ; 10.000     ; 30.000     ;
; 16.000 ; md8_low   ; store      ; md8_low      ; md10_low    ; 0.000        ; 10.000     ; 30.000     ;
; 16.000 ; md8_low   ; color      ; md8_low      ; md10_low    ; 0.000        ; 10.000     ; 30.000     ;
; 16.000 ; md8_low   ; chan       ; md8_low      ; md10_low    ; 0.000        ; 10.000     ; 30.000     ;
; 16.000 ; md8_low   ; int_en     ; md8_low      ; md10_low    ; 0.000        ; 10.000     ; 30.000     ;
; 16.000 ; md8_low   ; erase      ; md8_low      ; md10_low    ; 0.000        ; 10.000     ; 30.000     ;
; 16.000 ; md5_low   ; write_thru ; md5_low      ; md10_low    ; 0.000        ; 10.000     ; 30.000     ;
; 16.000 ; md5_low   ; store      ; md5_low      ; md10_low    ; 0.000        ; 10.000     ; 30.000     ;
; 16.000 ; md5_low   ; color      ; md5_low      ; md10_low    ; 0.000        ; 10.000     ; 30.000     ;
; 16.000 ; md5_low   ; chan       ; md5_low      ; md10_low    ; 0.000        ; 10.000     ; 30.000     ;
; 16.000 ; md5_low   ; int_en     ; md5_low      ; md10_low    ; 0.000        ; 10.000     ; 30.000     ;
; 16.000 ; md5_low   ; erase      ; md5_low      ; md10_low    ; 0.000        ; 10.000     ; 30.000     ;
; 16.000 ; md11_low  ; write_thru ; md11_low     ; md10_low    ; 0.000        ; 10.000     ; 30.000     ;
; 16.000 ; md11_low  ; store      ; md11_low     ; md10_low    ; 0.000        ; 10.000     ; 30.000     ;
; 16.000 ; md11_low  ; color      ; md11_low     ; md10_low    ; 0.000        ; 10.000     ; 30.000     ;
; 16.000 ; md11_low  ; chan       ; md11_low     ; md10_low    ; 0.000        ; 10.000     ; 30.000     ;
; 16.000 ; md11_low  ; int_en     ; md11_low     ; md10_low    ; 0.000        ; 10.000     ; 30.000     ;
; 16.000 ; md11_low  ; erase      ; md11_low     ; md10_low    ; 0.000        ; 10.000     ; 30.000     ;
; 16.500 ; tp3       ; write_thru ; tp3          ; md10_low    ; -0.500       ; 10.000     ; 30.000     ;
; 16.500 ; tp3       ; store      ; tp3          ; md10_low    ; -0.500       ; 10.000     ; 30.000     ;
; 16.500 ; tp3       ; color      ; tp3          ; md10_low    ; -0.500       ; 10.000     ; 30.000     ;
; 16.500 ; tp3       ; chan       ; tp3          ; md10_low    ; -0.500       ; 10.000     ; 30.000     ;
; 16.500 ; tp3       ; int_en     ; tp3          ; md10_low    ; -0.500       ; 10.000     ; 30.000     ;
; 16.500 ; tp3       ; erase      ; tp3          ; md10_low    ; -0.500       ; 10.000     ; 30.000     ;
; 16.500 ; md10_low  ; write_thru ; md10_low     ; md10_low    ; -0.500       ; 10.000     ; 30.000     ;
; 16.500 ; md10_low  ; store      ; md10_low     ; md10_low    ; -0.500       ; 10.000     ; 30.000     ;
; 16.500 ; md10_low  ; color      ; md10_low     ; md10_low    ; -0.500       ; 10.000     ; 30.000     ;
; 16.500 ; md10_low  ; chan       ; md10_low     ; md10_low    ; -0.500       ; 10.000     ; 30.000     ;
; 16.500 ; md10_low  ; int_en     ; md10_low     ; md10_low    ; -0.500       ; 10.000     ; 30.000     ;
; 16.500 ; md10_low  ; erase      ; md10_low     ; md10_low    ; -0.500       ; 10.000     ; 30.000     ;
; 16.500 ; md9_low   ; write_thru ; md9_low      ; md10_low    ; -0.500       ; 10.000     ; 30.000     ;
; 16.500 ; md9_low   ; store      ; md9_low      ; md10_low    ; -0.500       ; 10.000     ; 30.000     ;
; 16.500 ; md9_low   ; color      ; md9_low      ; md10_low    ; -0.500       ; 10.000     ; 30.000     ;
; 16.500 ; md9_low   ; chan       ; md9_low      ; md10_low    ; -0.500       ; 10.000     ; 30.000     ;
; 16.500 ; md9_low   ; int_en     ; md9_low      ; md10_low    ; -0.500       ; 10.000     ; 30.000     ;
; 16.500 ; md9_low   ; erase      ; md9_low      ; md10_low    ; -0.500       ; 10.000     ; 30.000     ;
; 16.500 ; pause_low ; write_thru ; pause_low    ; md10_low    ; -0.500       ; 10.000     ; 30.000     ;
; 16.500 ; pause_low ; store      ; pause_low    ; md10_low    ; -0.500       ; 10.000     ; 30.000     ;
; 16.500 ; pause_low ; color      ; pause_low    ; md10_low    ; -0.500       ; 10.000     ; 30.000     ;
; 16.500 ; pause_low ; chan       ; pause_low    ; md10_low    ; -0.500       ; 10.000     ; 30.000     ;
; 16.500 ; pause_low ; int_en     ; pause_low    ; md10_low    ; -0.500       ; 10.000     ; 30.000     ;
; 16.500 ; pause_low ; erase      ; pause_low    ; md10_low    ; -0.500       ; 10.000     ; 30.000     ;
; 16.500 ; md7_low   ; write_thru ; md7_low      ; md10_low    ; -0.500       ; 10.000     ; 30.000     ;
; 16.500 ; md7_low   ; store      ; md7_low      ; md10_low    ; -0.500       ; 10.000     ; 30.000     ;
; 16.500 ; md7_low   ; color      ; md7_low      ; md10_low    ; -0.500       ; 10.000     ; 30.000     ;
; 16.500 ; md7_low   ; chan       ; md7_low      ; md10_low    ; -0.500       ; 10.000     ; 30.000     ;
; 16.500 ; md7_low   ; int_en     ; md7_low      ; md10_low    ; -0.500       ; 10.000     ; 30.000     ;
; 16.500 ; md7_low   ; erase      ; md7_low      ; md10_low    ; -0.500       ; 10.000     ; 30.000     ;
; 16.500 ; md6_low   ; write_thru ; md6_low      ; md10_low    ; -0.500       ; 10.000     ; 30.000     ;
; 16.500 ; md6_low   ; store      ; md6_low      ; md10_low    ; -0.500       ; 10.000     ; 30.000     ;
+--------+-----------+------------+--------------+-------------+--------------+------------+------------+


+-------------------------------------------------------------------------------------------------------+
; Removal: 'md11_low'                                                                                   ;
+--------+-----------+------------+--------------+-------------+--------------+------------+------------+
; Slack  ; From Node ; To Node    ; Launch Clock ; Latch Clock ; Relationship ; Clock Skew ; Data Delay ;
+--------+-----------+------------+--------------+-------------+--------------+------------+------------+
; 8.000  ; set_done  ; erase      ; set_done     ; md11_low    ; 0.000        ; 10.000     ; 22.000     ;
; 8.500  ; set_done  ; erase      ; set_done     ; md11_low    ; -0.500       ; 10.000     ; 22.000     ;
; 16.000 ; tp3       ; write_thru ; tp3          ; md11_low    ; 0.000        ; 10.000     ; 30.000     ;
; 16.000 ; tp3       ; store      ; tp3          ; md11_low    ; 0.000        ; 10.000     ; 30.000     ;
; 16.000 ; tp3       ; color      ; tp3          ; md11_low    ; 0.000        ; 10.000     ; 30.000     ;
; 16.000 ; tp3       ; chan       ; tp3          ; md11_low    ; 0.000        ; 10.000     ; 30.000     ;
; 16.000 ; tp3       ; int_en     ; tp3          ; md11_low    ; 0.000        ; 10.000     ; 30.000     ;
; 16.000 ; tp3       ; erase      ; tp3          ; md11_low    ; 0.000        ; 10.000     ; 30.000     ;
; 16.000 ; md10_low  ; write_thru ; md10_low     ; md11_low    ; 0.000        ; 10.000     ; 30.000     ;
; 16.000 ; md10_low  ; store      ; md10_low     ; md11_low    ; 0.000        ; 10.000     ; 30.000     ;
; 16.000 ; md10_low  ; color      ; md10_low     ; md11_low    ; 0.000        ; 10.000     ; 30.000     ;
; 16.000 ; md10_low  ; chan       ; md10_low     ; md11_low    ; 0.000        ; 10.000     ; 30.000     ;
; 16.000 ; md10_low  ; int_en     ; md10_low     ; md11_low    ; 0.000        ; 10.000     ; 30.000     ;
; 16.000 ; md10_low  ; erase      ; md10_low     ; md11_low    ; 0.000        ; 10.000     ; 30.000     ;
; 16.000 ; md9_low   ; write_thru ; md9_low      ; md11_low    ; 0.000        ; 10.000     ; 30.000     ;
; 16.000 ; md9_low   ; store      ; md9_low      ; md11_low    ; 0.000        ; 10.000     ; 30.000     ;
; 16.000 ; md9_low   ; color      ; md9_low      ; md11_low    ; 0.000        ; 10.000     ; 30.000     ;
; 16.000 ; md9_low   ; chan       ; md9_low      ; md11_low    ; 0.000        ; 10.000     ; 30.000     ;
; 16.000 ; md9_low   ; int_en     ; md9_low      ; md11_low    ; 0.000        ; 10.000     ; 30.000     ;
; 16.000 ; md9_low   ; erase      ; md9_low      ; md11_low    ; 0.000        ; 10.000     ; 30.000     ;
; 16.000 ; pause_low ; write_thru ; pause_low    ; md11_low    ; 0.000        ; 10.000     ; 30.000     ;
; 16.000 ; pause_low ; store      ; pause_low    ; md11_low    ; 0.000        ; 10.000     ; 30.000     ;
; 16.000 ; pause_low ; color      ; pause_low    ; md11_low    ; 0.000        ; 10.000     ; 30.000     ;
; 16.000 ; pause_low ; chan       ; pause_low    ; md11_low    ; 0.000        ; 10.000     ; 30.000     ;
; 16.000 ; pause_low ; int_en     ; pause_low    ; md11_low    ; 0.000        ; 10.000     ; 30.000     ;
; 16.000 ; pause_low ; erase      ; pause_low    ; md11_low    ; 0.000        ; 10.000     ; 30.000     ;
; 16.000 ; md7_low   ; write_thru ; md7_low      ; md11_low    ; 0.000        ; 10.000     ; 30.000     ;
; 16.000 ; md7_low   ; store      ; md7_low      ; md11_low    ; 0.000        ; 10.000     ; 30.000     ;
; 16.000 ; md7_low   ; color      ; md7_low      ; md11_low    ; 0.000        ; 10.000     ; 30.000     ;
; 16.000 ; md7_low   ; chan       ; md7_low      ; md11_low    ; 0.000        ; 10.000     ; 30.000     ;
; 16.000 ; md7_low   ; int_en     ; md7_low      ; md11_low    ; 0.000        ; 10.000     ; 30.000     ;
; 16.000 ; md7_low   ; erase      ; md7_low      ; md11_low    ; 0.000        ; 10.000     ; 30.000     ;
; 16.000 ; md6_low   ; write_thru ; md6_low      ; md11_low    ; 0.000        ; 10.000     ; 30.000     ;
; 16.000 ; md6_low   ; store      ; md6_low      ; md11_low    ; 0.000        ; 10.000     ; 30.000     ;
; 16.000 ; md6_low   ; color      ; md6_low      ; md11_low    ; 0.000        ; 10.000     ; 30.000     ;
; 16.000 ; md6_low   ; chan       ; md6_low      ; md11_low    ; 0.000        ; 10.000     ; 30.000     ;
; 16.000 ; md6_low   ; int_en     ; md6_low      ; md11_low    ; 0.000        ; 10.000     ; 30.000     ;
; 16.000 ; md6_low   ; erase      ; md6_low      ; md11_low    ; 0.000        ; 10.000     ; 30.000     ;
; 16.000 ; md4_low   ; write_thru ; md4_low      ; md11_low    ; 0.000        ; 10.000     ; 30.000     ;
; 16.000 ; md4_low   ; store      ; md4_low      ; md11_low    ; 0.000        ; 10.000     ; 30.000     ;
; 16.000 ; md4_low   ; color      ; md4_low      ; md11_low    ; 0.000        ; 10.000     ; 30.000     ;
; 16.000 ; md4_low   ; chan       ; md4_low      ; md11_low    ; 0.000        ; 10.000     ; 30.000     ;
; 16.000 ; md4_low   ; int_en     ; md4_low      ; md11_low    ; 0.000        ; 10.000     ; 30.000     ;
; 16.000 ; md4_low   ; erase      ; md4_low      ; md11_low    ; 0.000        ; 10.000     ; 30.000     ;
; 16.000 ; md3_low   ; write_thru ; md3_low      ; md11_low    ; 0.000        ; 10.000     ; 30.000     ;
; 16.000 ; md3_low   ; store      ; md3_low      ; md11_low    ; 0.000        ; 10.000     ; 30.000     ;
; 16.000 ; md3_low   ; color      ; md3_low      ; md11_low    ; 0.000        ; 10.000     ; 30.000     ;
; 16.000 ; md3_low   ; chan       ; md3_low      ; md11_low    ; 0.000        ; 10.000     ; 30.000     ;
; 16.000 ; md3_low   ; int_en     ; md3_low      ; md11_low    ; 0.000        ; 10.000     ; 30.000     ;
; 16.000 ; md3_low   ; erase      ; md3_low      ; md11_low    ; 0.000        ; 10.000     ; 30.000     ;
; 16.000 ; md8_low   ; write_thru ; md8_low      ; md11_low    ; 0.000        ; 10.000     ; 30.000     ;
; 16.000 ; md8_low   ; store      ; md8_low      ; md11_low    ; 0.000        ; 10.000     ; 30.000     ;
; 16.000 ; md8_low   ; color      ; md8_low      ; md11_low    ; 0.000        ; 10.000     ; 30.000     ;
; 16.000 ; md8_low   ; chan       ; md8_low      ; md11_low    ; 0.000        ; 10.000     ; 30.000     ;
; 16.000 ; md8_low   ; int_en     ; md8_low      ; md11_low    ; 0.000        ; 10.000     ; 30.000     ;
; 16.000 ; md8_low   ; erase      ; md8_low      ; md11_low    ; 0.000        ; 10.000     ; 30.000     ;
; 16.000 ; md5_low   ; write_thru ; md5_low      ; md11_low    ; 0.000        ; 10.000     ; 30.000     ;
; 16.000 ; md5_low   ; store      ; md5_low      ; md11_low    ; 0.000        ; 10.000     ; 30.000     ;
; 16.000 ; md5_low   ; color      ; md5_low      ; md11_low    ; 0.000        ; 10.000     ; 30.000     ;
; 16.000 ; md5_low   ; chan       ; md5_low      ; md11_low    ; 0.000        ; 10.000     ; 30.000     ;
; 16.000 ; md5_low   ; int_en     ; md5_low      ; md11_low    ; 0.000        ; 10.000     ; 30.000     ;
; 16.000 ; md5_low   ; erase      ; md5_low      ; md11_low    ; 0.000        ; 10.000     ; 30.000     ;
; 16.000 ; md11_low  ; write_thru ; md11_low     ; md11_low    ; 0.000        ; 10.000     ; 30.000     ;
; 16.000 ; md11_low  ; store      ; md11_low     ; md11_low    ; 0.000        ; 10.000     ; 30.000     ;
; 16.000 ; md11_low  ; color      ; md11_low     ; md11_low    ; 0.000        ; 10.000     ; 30.000     ;
; 16.000 ; md11_low  ; chan       ; md11_low     ; md11_low    ; 0.000        ; 10.000     ; 30.000     ;
; 16.000 ; md11_low  ; int_en     ; md11_low     ; md11_low    ; 0.000        ; 10.000     ; 30.000     ;
; 16.000 ; md11_low  ; erase      ; md11_low     ; md11_low    ; 0.000        ; 10.000     ; 30.000     ;
; 16.500 ; tp3       ; write_thru ; tp3          ; md11_low    ; -0.500       ; 10.000     ; 30.000     ;
; 16.500 ; tp3       ; store      ; tp3          ; md11_low    ; -0.500       ; 10.000     ; 30.000     ;
; 16.500 ; tp3       ; color      ; tp3          ; md11_low    ; -0.500       ; 10.000     ; 30.000     ;
; 16.500 ; tp3       ; chan       ; tp3          ; md11_low    ; -0.500       ; 10.000     ; 30.000     ;
; 16.500 ; tp3       ; int_en     ; tp3          ; md11_low    ; -0.500       ; 10.000     ; 30.000     ;
; 16.500 ; tp3       ; erase      ; tp3          ; md11_low    ; -0.500       ; 10.000     ; 30.000     ;
; 16.500 ; md10_low  ; write_thru ; md10_low     ; md11_low    ; -0.500       ; 10.000     ; 30.000     ;
; 16.500 ; md10_low  ; store      ; md10_low     ; md11_low    ; -0.500       ; 10.000     ; 30.000     ;
; 16.500 ; md10_low  ; color      ; md10_low     ; md11_low    ; -0.500       ; 10.000     ; 30.000     ;
; 16.500 ; md10_low  ; chan       ; md10_low     ; md11_low    ; -0.500       ; 10.000     ; 30.000     ;
; 16.500 ; md10_low  ; int_en     ; md10_low     ; md11_low    ; -0.500       ; 10.000     ; 30.000     ;
; 16.500 ; md10_low  ; erase      ; md10_low     ; md11_low    ; -0.500       ; 10.000     ; 30.000     ;
; 16.500 ; md9_low   ; write_thru ; md9_low      ; md11_low    ; -0.500       ; 10.000     ; 30.000     ;
; 16.500 ; md9_low   ; store      ; md9_low      ; md11_low    ; -0.500       ; 10.000     ; 30.000     ;
; 16.500 ; md9_low   ; color      ; md9_low      ; md11_low    ; -0.500       ; 10.000     ; 30.000     ;
; 16.500 ; md9_low   ; chan       ; md9_low      ; md11_low    ; -0.500       ; 10.000     ; 30.000     ;
; 16.500 ; md9_low   ; int_en     ; md9_low      ; md11_low    ; -0.500       ; 10.000     ; 30.000     ;
; 16.500 ; md9_low   ; erase      ; md9_low      ; md11_low    ; -0.500       ; 10.000     ; 30.000     ;
; 16.500 ; pause_low ; write_thru ; pause_low    ; md11_low    ; -0.500       ; 10.000     ; 30.000     ;
; 16.500 ; pause_low ; store      ; pause_low    ; md11_low    ; -0.500       ; 10.000     ; 30.000     ;
; 16.500 ; pause_low ; color      ; pause_low    ; md11_low    ; -0.500       ; 10.000     ; 30.000     ;
; 16.500 ; pause_low ; chan       ; pause_low    ; md11_low    ; -0.500       ; 10.000     ; 30.000     ;
; 16.500 ; pause_low ; int_en     ; pause_low    ; md11_low    ; -0.500       ; 10.000     ; 30.000     ;
; 16.500 ; pause_low ; erase      ; pause_low    ; md11_low    ; -0.500       ; 10.000     ; 30.000     ;
; 16.500 ; md7_low   ; write_thru ; md7_low      ; md11_low    ; -0.500       ; 10.000     ; 30.000     ;
; 16.500 ; md7_low   ; store      ; md7_low      ; md11_low    ; -0.500       ; 10.000     ; 30.000     ;
; 16.500 ; md7_low   ; color      ; md7_low      ; md11_low    ; -0.500       ; 10.000     ; 30.000     ;
; 16.500 ; md7_low   ; chan       ; md7_low      ; md11_low    ; -0.500       ; 10.000     ; 30.000     ;
; 16.500 ; md7_low   ; int_en     ; md7_low      ; md11_low    ; -0.500       ; 10.000     ; 30.000     ;
; 16.500 ; md7_low   ; erase      ; md7_low      ; md11_low    ; -0.500       ; 10.000     ; 30.000     ;
; 16.500 ; md6_low   ; write_thru ; md6_low      ; md11_low    ; -0.500       ; 10.000     ; 30.000     ;
; 16.500 ; md6_low   ; store      ; md6_low      ; md11_low    ; -0.500       ; 10.000     ; 30.000     ;
+--------+-----------+------------+--------------+-------------+--------------+------------+------------+


+-------------------------------------------------------------------------------------------------------+
; Removal: 'md3_low'                                                                                    ;
+--------+-----------+------------+--------------+-------------+--------------+------------+------------+
; Slack  ; From Node ; To Node    ; Launch Clock ; Latch Clock ; Relationship ; Clock Skew ; Data Delay ;
+--------+-----------+------------+--------------+-------------+--------------+------------+------------+
; 8.000  ; set_done  ; erase      ; set_done     ; md3_low     ; 0.000        ; 10.000     ; 22.000     ;
; 8.500  ; set_done  ; erase      ; set_done     ; md3_low     ; -0.500       ; 10.000     ; 22.000     ;
; 16.000 ; tp3       ; write_thru ; tp3          ; md3_low     ; 0.000        ; 10.000     ; 30.000     ;
; 16.000 ; tp3       ; store      ; tp3          ; md3_low     ; 0.000        ; 10.000     ; 30.000     ;
; 16.000 ; tp3       ; color      ; tp3          ; md3_low     ; 0.000        ; 10.000     ; 30.000     ;
; 16.000 ; tp3       ; chan       ; tp3          ; md3_low     ; 0.000        ; 10.000     ; 30.000     ;
; 16.000 ; tp3       ; int_en     ; tp3          ; md3_low     ; 0.000        ; 10.000     ; 30.000     ;
; 16.000 ; tp3       ; erase      ; tp3          ; md3_low     ; 0.000        ; 10.000     ; 30.000     ;
; 16.000 ; md10_low  ; write_thru ; md10_low     ; md3_low     ; 0.000        ; 10.000     ; 30.000     ;
; 16.000 ; md10_low  ; store      ; md10_low     ; md3_low     ; 0.000        ; 10.000     ; 30.000     ;
; 16.000 ; md10_low  ; color      ; md10_low     ; md3_low     ; 0.000        ; 10.000     ; 30.000     ;
; 16.000 ; md10_low  ; chan       ; md10_low     ; md3_low     ; 0.000        ; 10.000     ; 30.000     ;
; 16.000 ; md10_low  ; int_en     ; md10_low     ; md3_low     ; 0.000        ; 10.000     ; 30.000     ;
; 16.000 ; md10_low  ; erase      ; md10_low     ; md3_low     ; 0.000        ; 10.000     ; 30.000     ;
; 16.000 ; md9_low   ; write_thru ; md9_low      ; md3_low     ; 0.000        ; 10.000     ; 30.000     ;
; 16.000 ; md9_low   ; store      ; md9_low      ; md3_low     ; 0.000        ; 10.000     ; 30.000     ;
; 16.000 ; md9_low   ; color      ; md9_low      ; md3_low     ; 0.000        ; 10.000     ; 30.000     ;
; 16.000 ; md9_low   ; chan       ; md9_low      ; md3_low     ; 0.000        ; 10.000     ; 30.000     ;
; 16.000 ; md9_low   ; int_en     ; md9_low      ; md3_low     ; 0.000        ; 10.000     ; 30.000     ;
; 16.000 ; md9_low   ; erase      ; md9_low      ; md3_low     ; 0.000        ; 10.000     ; 30.000     ;
; 16.000 ; pause_low ; write_thru ; pause_low    ; md3_low     ; 0.000        ; 10.000     ; 30.000     ;
; 16.000 ; pause_low ; store      ; pause_low    ; md3_low     ; 0.000        ; 10.000     ; 30.000     ;
; 16.000 ; pause_low ; color      ; pause_low    ; md3_low     ; 0.000        ; 10.000     ; 30.000     ;
; 16.000 ; pause_low ; chan       ; pause_low    ; md3_low     ; 0.000        ; 10.000     ; 30.000     ;
; 16.000 ; pause_low ; int_en     ; pause_low    ; md3_low     ; 0.000        ; 10.000     ; 30.000     ;
; 16.000 ; pause_low ; erase      ; pause_low    ; md3_low     ; 0.000        ; 10.000     ; 30.000     ;
; 16.000 ; md7_low   ; write_thru ; md7_low      ; md3_low     ; 0.000        ; 10.000     ; 30.000     ;
; 16.000 ; md7_low   ; store      ; md7_low      ; md3_low     ; 0.000        ; 10.000     ; 30.000     ;
; 16.000 ; md7_low   ; color      ; md7_low      ; md3_low     ; 0.000        ; 10.000     ; 30.000     ;
; 16.000 ; md7_low   ; chan       ; md7_low      ; md3_low     ; 0.000        ; 10.000     ; 30.000     ;
; 16.000 ; md7_low   ; int_en     ; md7_low      ; md3_low     ; 0.000        ; 10.000     ; 30.000     ;
; 16.000 ; md7_low   ; erase      ; md7_low      ; md3_low     ; 0.000        ; 10.000     ; 30.000     ;
; 16.000 ; md6_low   ; write_thru ; md6_low      ; md3_low     ; 0.000        ; 10.000     ; 30.000     ;
; 16.000 ; md6_low   ; store      ; md6_low      ; md3_low     ; 0.000        ; 10.000     ; 30.000     ;
; 16.000 ; md6_low   ; color      ; md6_low      ; md3_low     ; 0.000        ; 10.000     ; 30.000     ;
; 16.000 ; md6_low   ; chan       ; md6_low      ; md3_low     ; 0.000        ; 10.000     ; 30.000     ;
; 16.000 ; md6_low   ; int_en     ; md6_low      ; md3_low     ; 0.000        ; 10.000     ; 30.000     ;
; 16.000 ; md6_low   ; erase      ; md6_low      ; md3_low     ; 0.000        ; 10.000     ; 30.000     ;
; 16.000 ; md4_low   ; write_thru ; md4_low      ; md3_low     ; 0.000        ; 10.000     ; 30.000     ;
; 16.000 ; md4_low   ; store      ; md4_low      ; md3_low     ; 0.000        ; 10.000     ; 30.000     ;
; 16.000 ; md4_low   ; color      ; md4_low      ; md3_low     ; 0.000        ; 10.000     ; 30.000     ;
; 16.000 ; md4_low   ; chan       ; md4_low      ; md3_low     ; 0.000        ; 10.000     ; 30.000     ;
; 16.000 ; md4_low   ; int_en     ; md4_low      ; md3_low     ; 0.000        ; 10.000     ; 30.000     ;
; 16.000 ; md4_low   ; erase      ; md4_low      ; md3_low     ; 0.000        ; 10.000     ; 30.000     ;
; 16.000 ; md3_low   ; write_thru ; md3_low      ; md3_low     ; 0.000        ; 10.000     ; 30.000     ;
; 16.000 ; md3_low   ; store      ; md3_low      ; md3_low     ; 0.000        ; 10.000     ; 30.000     ;
; 16.000 ; md3_low   ; color      ; md3_low      ; md3_low     ; 0.000        ; 10.000     ; 30.000     ;
; 16.000 ; md3_low   ; chan       ; md3_low      ; md3_low     ; 0.000        ; 10.000     ; 30.000     ;
; 16.000 ; md3_low   ; int_en     ; md3_low      ; md3_low     ; 0.000        ; 10.000     ; 30.000     ;
; 16.000 ; md3_low   ; erase      ; md3_low      ; md3_low     ; 0.000        ; 10.000     ; 30.000     ;
; 16.000 ; md8_low   ; write_thru ; md8_low      ; md3_low     ; 0.000        ; 10.000     ; 30.000     ;
; 16.000 ; md8_low   ; store      ; md8_low      ; md3_low     ; 0.000        ; 10.000     ; 30.000     ;
; 16.000 ; md8_low   ; color      ; md8_low      ; md3_low     ; 0.000        ; 10.000     ; 30.000     ;
; 16.000 ; md8_low   ; chan       ; md8_low      ; md3_low     ; 0.000        ; 10.000     ; 30.000     ;
; 16.000 ; md8_low   ; int_en     ; md8_low      ; md3_low     ; 0.000        ; 10.000     ; 30.000     ;
; 16.000 ; md8_low   ; erase      ; md8_low      ; md3_low     ; 0.000        ; 10.000     ; 30.000     ;
; 16.000 ; md5_low   ; write_thru ; md5_low      ; md3_low     ; 0.000        ; 10.000     ; 30.000     ;
; 16.000 ; md5_low   ; store      ; md5_low      ; md3_low     ; 0.000        ; 10.000     ; 30.000     ;
; 16.000 ; md5_low   ; color      ; md5_low      ; md3_low     ; 0.000        ; 10.000     ; 30.000     ;
; 16.000 ; md5_low   ; chan       ; md5_low      ; md3_low     ; 0.000        ; 10.000     ; 30.000     ;
; 16.000 ; md5_low   ; int_en     ; md5_low      ; md3_low     ; 0.000        ; 10.000     ; 30.000     ;
; 16.000 ; md5_low   ; erase      ; md5_low      ; md3_low     ; 0.000        ; 10.000     ; 30.000     ;
; 16.000 ; md11_low  ; write_thru ; md11_low     ; md3_low     ; 0.000        ; 10.000     ; 30.000     ;
; 16.000 ; md11_low  ; store      ; md11_low     ; md3_low     ; 0.000        ; 10.000     ; 30.000     ;
; 16.000 ; md11_low  ; color      ; md11_low     ; md3_low     ; 0.000        ; 10.000     ; 30.000     ;
; 16.000 ; md11_low  ; chan       ; md11_low     ; md3_low     ; 0.000        ; 10.000     ; 30.000     ;
; 16.000 ; md11_low  ; int_en     ; md11_low     ; md3_low     ; 0.000        ; 10.000     ; 30.000     ;
; 16.000 ; md11_low  ; erase      ; md11_low     ; md3_low     ; 0.000        ; 10.000     ; 30.000     ;
; 16.500 ; tp3       ; write_thru ; tp3          ; md3_low     ; -0.500       ; 10.000     ; 30.000     ;
; 16.500 ; tp3       ; store      ; tp3          ; md3_low     ; -0.500       ; 10.000     ; 30.000     ;
; 16.500 ; tp3       ; color      ; tp3          ; md3_low     ; -0.500       ; 10.000     ; 30.000     ;
; 16.500 ; tp3       ; chan       ; tp3          ; md3_low     ; -0.500       ; 10.000     ; 30.000     ;
; 16.500 ; tp3       ; int_en     ; tp3          ; md3_low     ; -0.500       ; 10.000     ; 30.000     ;
; 16.500 ; tp3       ; erase      ; tp3          ; md3_low     ; -0.500       ; 10.000     ; 30.000     ;
; 16.500 ; md10_low  ; write_thru ; md10_low     ; md3_low     ; -0.500       ; 10.000     ; 30.000     ;
; 16.500 ; md10_low  ; store      ; md10_low     ; md3_low     ; -0.500       ; 10.000     ; 30.000     ;
; 16.500 ; md10_low  ; color      ; md10_low     ; md3_low     ; -0.500       ; 10.000     ; 30.000     ;
; 16.500 ; md10_low  ; chan       ; md10_low     ; md3_low     ; -0.500       ; 10.000     ; 30.000     ;
; 16.500 ; md10_low  ; int_en     ; md10_low     ; md3_low     ; -0.500       ; 10.000     ; 30.000     ;
; 16.500 ; md10_low  ; erase      ; md10_low     ; md3_low     ; -0.500       ; 10.000     ; 30.000     ;
; 16.500 ; md9_low   ; write_thru ; md9_low      ; md3_low     ; -0.500       ; 10.000     ; 30.000     ;
; 16.500 ; md9_low   ; store      ; md9_low      ; md3_low     ; -0.500       ; 10.000     ; 30.000     ;
; 16.500 ; md9_low   ; color      ; md9_low      ; md3_low     ; -0.500       ; 10.000     ; 30.000     ;
; 16.500 ; md9_low   ; chan       ; md9_low      ; md3_low     ; -0.500       ; 10.000     ; 30.000     ;
; 16.500 ; md9_low   ; int_en     ; md9_low      ; md3_low     ; -0.500       ; 10.000     ; 30.000     ;
; 16.500 ; md9_low   ; erase      ; md9_low      ; md3_low     ; -0.500       ; 10.000     ; 30.000     ;
; 16.500 ; pause_low ; write_thru ; pause_low    ; md3_low     ; -0.500       ; 10.000     ; 30.000     ;
; 16.500 ; pause_low ; store      ; pause_low    ; md3_low     ; -0.500       ; 10.000     ; 30.000     ;
; 16.500 ; pause_low ; color      ; pause_low    ; md3_low     ; -0.500       ; 10.000     ; 30.000     ;
; 16.500 ; pause_low ; chan       ; pause_low    ; md3_low     ; -0.500       ; 10.000     ; 30.000     ;
; 16.500 ; pause_low ; int_en     ; pause_low    ; md3_low     ; -0.500       ; 10.000     ; 30.000     ;
; 16.500 ; pause_low ; erase      ; pause_low    ; md3_low     ; -0.500       ; 10.000     ; 30.000     ;
; 16.500 ; md7_low   ; write_thru ; md7_low      ; md3_low     ; -0.500       ; 10.000     ; 30.000     ;
; 16.500 ; md7_low   ; store      ; md7_low      ; md3_low     ; -0.500       ; 10.000     ; 30.000     ;
; 16.500 ; md7_low   ; color      ; md7_low      ; md3_low     ; -0.500       ; 10.000     ; 30.000     ;
; 16.500 ; md7_low   ; chan       ; md7_low      ; md3_low     ; -0.500       ; 10.000     ; 30.000     ;
; 16.500 ; md7_low   ; int_en     ; md7_low      ; md3_low     ; -0.500       ; 10.000     ; 30.000     ;
; 16.500 ; md7_low   ; erase      ; md7_low      ; md3_low     ; -0.500       ; 10.000     ; 30.000     ;
; 16.500 ; md6_low   ; write_thru ; md6_low      ; md3_low     ; -0.500       ; 10.000     ; 30.000     ;
; 16.500 ; md6_low   ; store      ; md6_low      ; md3_low     ; -0.500       ; 10.000     ; 30.000     ;
+--------+-----------+------------+--------------+-------------+--------------+------------+------------+


+-------------------------------------------------------------------------------------------------------+
; Removal: 'md4_low'                                                                                    ;
+--------+-----------+------------+--------------+-------------+--------------+------------+------------+
; Slack  ; From Node ; To Node    ; Launch Clock ; Latch Clock ; Relationship ; Clock Skew ; Data Delay ;
+--------+-----------+------------+--------------+-------------+--------------+------------+------------+
; 8.000  ; set_done  ; erase      ; set_done     ; md4_low     ; 0.000        ; 10.000     ; 22.000     ;
; 8.500  ; set_done  ; erase      ; set_done     ; md4_low     ; -0.500       ; 10.000     ; 22.000     ;
; 16.000 ; tp3       ; write_thru ; tp3          ; md4_low     ; 0.000        ; 10.000     ; 30.000     ;
; 16.000 ; tp3       ; store      ; tp3          ; md4_low     ; 0.000        ; 10.000     ; 30.000     ;
; 16.000 ; tp3       ; color      ; tp3          ; md4_low     ; 0.000        ; 10.000     ; 30.000     ;
; 16.000 ; tp3       ; chan       ; tp3          ; md4_low     ; 0.000        ; 10.000     ; 30.000     ;
; 16.000 ; tp3       ; int_en     ; tp3          ; md4_low     ; 0.000        ; 10.000     ; 30.000     ;
; 16.000 ; tp3       ; erase      ; tp3          ; md4_low     ; 0.000        ; 10.000     ; 30.000     ;
; 16.000 ; md10_low  ; write_thru ; md10_low     ; md4_low     ; 0.000        ; 10.000     ; 30.000     ;
; 16.000 ; md10_low  ; store      ; md10_low     ; md4_low     ; 0.000        ; 10.000     ; 30.000     ;
; 16.000 ; md10_low  ; color      ; md10_low     ; md4_low     ; 0.000        ; 10.000     ; 30.000     ;
; 16.000 ; md10_low  ; chan       ; md10_low     ; md4_low     ; 0.000        ; 10.000     ; 30.000     ;
; 16.000 ; md10_low  ; int_en     ; md10_low     ; md4_low     ; 0.000        ; 10.000     ; 30.000     ;
; 16.000 ; md10_low  ; erase      ; md10_low     ; md4_low     ; 0.000        ; 10.000     ; 30.000     ;
; 16.000 ; md9_low   ; write_thru ; md9_low      ; md4_low     ; 0.000        ; 10.000     ; 30.000     ;
; 16.000 ; md9_low   ; store      ; md9_low      ; md4_low     ; 0.000        ; 10.000     ; 30.000     ;
; 16.000 ; md9_low   ; color      ; md9_low      ; md4_low     ; 0.000        ; 10.000     ; 30.000     ;
; 16.000 ; md9_low   ; chan       ; md9_low      ; md4_low     ; 0.000        ; 10.000     ; 30.000     ;
; 16.000 ; md9_low   ; int_en     ; md9_low      ; md4_low     ; 0.000        ; 10.000     ; 30.000     ;
; 16.000 ; md9_low   ; erase      ; md9_low      ; md4_low     ; 0.000        ; 10.000     ; 30.000     ;
; 16.000 ; pause_low ; write_thru ; pause_low    ; md4_low     ; 0.000        ; 10.000     ; 30.000     ;
; 16.000 ; pause_low ; store      ; pause_low    ; md4_low     ; 0.000        ; 10.000     ; 30.000     ;
; 16.000 ; pause_low ; color      ; pause_low    ; md4_low     ; 0.000        ; 10.000     ; 30.000     ;
; 16.000 ; pause_low ; chan       ; pause_low    ; md4_low     ; 0.000        ; 10.000     ; 30.000     ;
; 16.000 ; pause_low ; int_en     ; pause_low    ; md4_low     ; 0.000        ; 10.000     ; 30.000     ;
; 16.000 ; pause_low ; erase      ; pause_low    ; md4_low     ; 0.000        ; 10.000     ; 30.000     ;
; 16.000 ; md7_low   ; write_thru ; md7_low      ; md4_low     ; 0.000        ; 10.000     ; 30.000     ;
; 16.000 ; md7_low   ; store      ; md7_low      ; md4_low     ; 0.000        ; 10.000     ; 30.000     ;
; 16.000 ; md7_low   ; color      ; md7_low      ; md4_low     ; 0.000        ; 10.000     ; 30.000     ;
; 16.000 ; md7_low   ; chan       ; md7_low      ; md4_low     ; 0.000        ; 10.000     ; 30.000     ;
; 16.000 ; md7_low   ; int_en     ; md7_low      ; md4_low     ; 0.000        ; 10.000     ; 30.000     ;
; 16.000 ; md7_low   ; erase      ; md7_low      ; md4_low     ; 0.000        ; 10.000     ; 30.000     ;
; 16.000 ; md6_low   ; write_thru ; md6_low      ; md4_low     ; 0.000        ; 10.000     ; 30.000     ;
; 16.000 ; md6_low   ; store      ; md6_low      ; md4_low     ; 0.000        ; 10.000     ; 30.000     ;
; 16.000 ; md6_low   ; color      ; md6_low      ; md4_low     ; 0.000        ; 10.000     ; 30.000     ;
; 16.000 ; md6_low   ; chan       ; md6_low      ; md4_low     ; 0.000        ; 10.000     ; 30.000     ;
; 16.000 ; md6_low   ; int_en     ; md6_low      ; md4_low     ; 0.000        ; 10.000     ; 30.000     ;
; 16.000 ; md6_low   ; erase      ; md6_low      ; md4_low     ; 0.000        ; 10.000     ; 30.000     ;
; 16.000 ; md4_low   ; write_thru ; md4_low      ; md4_low     ; 0.000        ; 10.000     ; 30.000     ;
; 16.000 ; md4_low   ; store      ; md4_low      ; md4_low     ; 0.000        ; 10.000     ; 30.000     ;
; 16.000 ; md4_low   ; color      ; md4_low      ; md4_low     ; 0.000        ; 10.000     ; 30.000     ;
; 16.000 ; md4_low   ; chan       ; md4_low      ; md4_low     ; 0.000        ; 10.000     ; 30.000     ;
; 16.000 ; md4_low   ; int_en     ; md4_low      ; md4_low     ; 0.000        ; 10.000     ; 30.000     ;
; 16.000 ; md4_low   ; erase      ; md4_low      ; md4_low     ; 0.000        ; 10.000     ; 30.000     ;
; 16.000 ; md3_low   ; write_thru ; md3_low      ; md4_low     ; 0.000        ; 10.000     ; 30.000     ;
; 16.000 ; md3_low   ; store      ; md3_low      ; md4_low     ; 0.000        ; 10.000     ; 30.000     ;
; 16.000 ; md3_low   ; color      ; md3_low      ; md4_low     ; 0.000        ; 10.000     ; 30.000     ;
; 16.000 ; md3_low   ; chan       ; md3_low      ; md4_low     ; 0.000        ; 10.000     ; 30.000     ;
; 16.000 ; md3_low   ; int_en     ; md3_low      ; md4_low     ; 0.000        ; 10.000     ; 30.000     ;
; 16.000 ; md3_low   ; erase      ; md3_low      ; md4_low     ; 0.000        ; 10.000     ; 30.000     ;
; 16.000 ; md8_low   ; write_thru ; md8_low      ; md4_low     ; 0.000        ; 10.000     ; 30.000     ;
; 16.000 ; md8_low   ; store      ; md8_low      ; md4_low     ; 0.000        ; 10.000     ; 30.000     ;
; 16.000 ; md8_low   ; color      ; md8_low      ; md4_low     ; 0.000        ; 10.000     ; 30.000     ;
; 16.000 ; md8_low   ; chan       ; md8_low      ; md4_low     ; 0.000        ; 10.000     ; 30.000     ;
; 16.000 ; md8_low   ; int_en     ; md8_low      ; md4_low     ; 0.000        ; 10.000     ; 30.000     ;
; 16.000 ; md8_low   ; erase      ; md8_low      ; md4_low     ; 0.000        ; 10.000     ; 30.000     ;
; 16.000 ; md5_low   ; write_thru ; md5_low      ; md4_low     ; 0.000        ; 10.000     ; 30.000     ;
; 16.000 ; md5_low   ; store      ; md5_low      ; md4_low     ; 0.000        ; 10.000     ; 30.000     ;
; 16.000 ; md5_low   ; color      ; md5_low      ; md4_low     ; 0.000        ; 10.000     ; 30.000     ;
; 16.000 ; md5_low   ; chan       ; md5_low      ; md4_low     ; 0.000        ; 10.000     ; 30.000     ;
; 16.000 ; md5_low   ; int_en     ; md5_low      ; md4_low     ; 0.000        ; 10.000     ; 30.000     ;
; 16.000 ; md5_low   ; erase      ; md5_low      ; md4_low     ; 0.000        ; 10.000     ; 30.000     ;
; 16.000 ; md11_low  ; write_thru ; md11_low     ; md4_low     ; 0.000        ; 10.000     ; 30.000     ;
; 16.000 ; md11_low  ; store      ; md11_low     ; md4_low     ; 0.000        ; 10.000     ; 30.000     ;
; 16.000 ; md11_low  ; color      ; md11_low     ; md4_low     ; 0.000        ; 10.000     ; 30.000     ;
; 16.000 ; md11_low  ; chan       ; md11_low     ; md4_low     ; 0.000        ; 10.000     ; 30.000     ;
; 16.000 ; md11_low  ; int_en     ; md11_low     ; md4_low     ; 0.000        ; 10.000     ; 30.000     ;
; 16.000 ; md11_low  ; erase      ; md11_low     ; md4_low     ; 0.000        ; 10.000     ; 30.000     ;
; 16.500 ; tp3       ; write_thru ; tp3          ; md4_low     ; -0.500       ; 10.000     ; 30.000     ;
; 16.500 ; tp3       ; store      ; tp3          ; md4_low     ; -0.500       ; 10.000     ; 30.000     ;
; 16.500 ; tp3       ; color      ; tp3          ; md4_low     ; -0.500       ; 10.000     ; 30.000     ;
; 16.500 ; tp3       ; chan       ; tp3          ; md4_low     ; -0.500       ; 10.000     ; 30.000     ;
; 16.500 ; tp3       ; int_en     ; tp3          ; md4_low     ; -0.500       ; 10.000     ; 30.000     ;
; 16.500 ; tp3       ; erase      ; tp3          ; md4_low     ; -0.500       ; 10.000     ; 30.000     ;
; 16.500 ; md10_low  ; write_thru ; md10_low     ; md4_low     ; -0.500       ; 10.000     ; 30.000     ;
; 16.500 ; md10_low  ; store      ; md10_low     ; md4_low     ; -0.500       ; 10.000     ; 30.000     ;
; 16.500 ; md10_low  ; color      ; md10_low     ; md4_low     ; -0.500       ; 10.000     ; 30.000     ;
; 16.500 ; md10_low  ; chan       ; md10_low     ; md4_low     ; -0.500       ; 10.000     ; 30.000     ;
; 16.500 ; md10_low  ; int_en     ; md10_low     ; md4_low     ; -0.500       ; 10.000     ; 30.000     ;
; 16.500 ; md10_low  ; erase      ; md10_low     ; md4_low     ; -0.500       ; 10.000     ; 30.000     ;
; 16.500 ; md9_low   ; write_thru ; md9_low      ; md4_low     ; -0.500       ; 10.000     ; 30.000     ;
; 16.500 ; md9_low   ; store      ; md9_low      ; md4_low     ; -0.500       ; 10.000     ; 30.000     ;
; 16.500 ; md9_low   ; color      ; md9_low      ; md4_low     ; -0.500       ; 10.000     ; 30.000     ;
; 16.500 ; md9_low   ; chan       ; md9_low      ; md4_low     ; -0.500       ; 10.000     ; 30.000     ;
; 16.500 ; md9_low   ; int_en     ; md9_low      ; md4_low     ; -0.500       ; 10.000     ; 30.000     ;
; 16.500 ; md9_low   ; erase      ; md9_low      ; md4_low     ; -0.500       ; 10.000     ; 30.000     ;
; 16.500 ; pause_low ; write_thru ; pause_low    ; md4_low     ; -0.500       ; 10.000     ; 30.000     ;
; 16.500 ; pause_low ; store      ; pause_low    ; md4_low     ; -0.500       ; 10.000     ; 30.000     ;
; 16.500 ; pause_low ; color      ; pause_low    ; md4_low     ; -0.500       ; 10.000     ; 30.000     ;
; 16.500 ; pause_low ; chan       ; pause_low    ; md4_low     ; -0.500       ; 10.000     ; 30.000     ;
; 16.500 ; pause_low ; int_en     ; pause_low    ; md4_low     ; -0.500       ; 10.000     ; 30.000     ;
; 16.500 ; pause_low ; erase      ; pause_low    ; md4_low     ; -0.500       ; 10.000     ; 30.000     ;
; 16.500 ; md7_low   ; write_thru ; md7_low      ; md4_low     ; -0.500       ; 10.000     ; 30.000     ;
; 16.500 ; md7_low   ; store      ; md7_low      ; md4_low     ; -0.500       ; 10.000     ; 30.000     ;
; 16.500 ; md7_low   ; color      ; md7_low      ; md4_low     ; -0.500       ; 10.000     ; 30.000     ;
; 16.500 ; md7_low   ; chan       ; md7_low      ; md4_low     ; -0.500       ; 10.000     ; 30.000     ;
; 16.500 ; md7_low   ; int_en     ; md7_low      ; md4_low     ; -0.500       ; 10.000     ; 30.000     ;
; 16.500 ; md7_low   ; erase      ; md7_low      ; md4_low     ; -0.500       ; 10.000     ; 30.000     ;
; 16.500 ; md6_low   ; write_thru ; md6_low      ; md4_low     ; -0.500       ; 10.000     ; 30.000     ;
; 16.500 ; md6_low   ; store      ; md6_low      ; md4_low     ; -0.500       ; 10.000     ; 30.000     ;
+--------+-----------+------------+--------------+-------------+--------------+------------+------------+


+-------------------------------------------------------------------------------------------------------+
; Removal: 'md5_low'                                                                                    ;
+--------+-----------+------------+--------------+-------------+--------------+------------+------------+
; Slack  ; From Node ; To Node    ; Launch Clock ; Latch Clock ; Relationship ; Clock Skew ; Data Delay ;
+--------+-----------+------------+--------------+-------------+--------------+------------+------------+
; 8.000  ; set_done  ; erase      ; set_done     ; md5_low     ; 0.000        ; 10.000     ; 22.000     ;
; 8.500  ; set_done  ; erase      ; set_done     ; md5_low     ; -0.500       ; 10.000     ; 22.000     ;
; 16.000 ; tp3       ; write_thru ; tp3          ; md5_low     ; 0.000        ; 10.000     ; 30.000     ;
; 16.000 ; tp3       ; store      ; tp3          ; md5_low     ; 0.000        ; 10.000     ; 30.000     ;
; 16.000 ; tp3       ; color      ; tp3          ; md5_low     ; 0.000        ; 10.000     ; 30.000     ;
; 16.000 ; tp3       ; chan       ; tp3          ; md5_low     ; 0.000        ; 10.000     ; 30.000     ;
; 16.000 ; tp3       ; int_en     ; tp3          ; md5_low     ; 0.000        ; 10.000     ; 30.000     ;
; 16.000 ; tp3       ; erase      ; tp3          ; md5_low     ; 0.000        ; 10.000     ; 30.000     ;
; 16.000 ; md10_low  ; write_thru ; md10_low     ; md5_low     ; 0.000        ; 10.000     ; 30.000     ;
; 16.000 ; md10_low  ; store      ; md10_low     ; md5_low     ; 0.000        ; 10.000     ; 30.000     ;
; 16.000 ; md10_low  ; color      ; md10_low     ; md5_low     ; 0.000        ; 10.000     ; 30.000     ;
; 16.000 ; md10_low  ; chan       ; md10_low     ; md5_low     ; 0.000        ; 10.000     ; 30.000     ;
; 16.000 ; md10_low  ; int_en     ; md10_low     ; md5_low     ; 0.000        ; 10.000     ; 30.000     ;
; 16.000 ; md10_low  ; erase      ; md10_low     ; md5_low     ; 0.000        ; 10.000     ; 30.000     ;
; 16.000 ; md9_low   ; write_thru ; md9_low      ; md5_low     ; 0.000        ; 10.000     ; 30.000     ;
; 16.000 ; md9_low   ; store      ; md9_low      ; md5_low     ; 0.000        ; 10.000     ; 30.000     ;
; 16.000 ; md9_low   ; color      ; md9_low      ; md5_low     ; 0.000        ; 10.000     ; 30.000     ;
; 16.000 ; md9_low   ; chan       ; md9_low      ; md5_low     ; 0.000        ; 10.000     ; 30.000     ;
; 16.000 ; md9_low   ; int_en     ; md9_low      ; md5_low     ; 0.000        ; 10.000     ; 30.000     ;
; 16.000 ; md9_low   ; erase      ; md9_low      ; md5_low     ; 0.000        ; 10.000     ; 30.000     ;
; 16.000 ; pause_low ; write_thru ; pause_low    ; md5_low     ; 0.000        ; 10.000     ; 30.000     ;
; 16.000 ; pause_low ; store      ; pause_low    ; md5_low     ; 0.000        ; 10.000     ; 30.000     ;
; 16.000 ; pause_low ; color      ; pause_low    ; md5_low     ; 0.000        ; 10.000     ; 30.000     ;
; 16.000 ; pause_low ; chan       ; pause_low    ; md5_low     ; 0.000        ; 10.000     ; 30.000     ;
; 16.000 ; pause_low ; int_en     ; pause_low    ; md5_low     ; 0.000        ; 10.000     ; 30.000     ;
; 16.000 ; pause_low ; erase      ; pause_low    ; md5_low     ; 0.000        ; 10.000     ; 30.000     ;
; 16.000 ; md7_low   ; write_thru ; md7_low      ; md5_low     ; 0.000        ; 10.000     ; 30.000     ;
; 16.000 ; md7_low   ; store      ; md7_low      ; md5_low     ; 0.000        ; 10.000     ; 30.000     ;
; 16.000 ; md7_low   ; color      ; md7_low      ; md5_low     ; 0.000        ; 10.000     ; 30.000     ;
; 16.000 ; md7_low   ; chan       ; md7_low      ; md5_low     ; 0.000        ; 10.000     ; 30.000     ;
; 16.000 ; md7_low   ; int_en     ; md7_low      ; md5_low     ; 0.000        ; 10.000     ; 30.000     ;
; 16.000 ; md7_low   ; erase      ; md7_low      ; md5_low     ; 0.000        ; 10.000     ; 30.000     ;
; 16.000 ; md6_low   ; write_thru ; md6_low      ; md5_low     ; 0.000        ; 10.000     ; 30.000     ;
; 16.000 ; md6_low   ; store      ; md6_low      ; md5_low     ; 0.000        ; 10.000     ; 30.000     ;
; 16.000 ; md6_low   ; color      ; md6_low      ; md5_low     ; 0.000        ; 10.000     ; 30.000     ;
; 16.000 ; md6_low   ; chan       ; md6_low      ; md5_low     ; 0.000        ; 10.000     ; 30.000     ;
; 16.000 ; md6_low   ; int_en     ; md6_low      ; md5_low     ; 0.000        ; 10.000     ; 30.000     ;
; 16.000 ; md6_low   ; erase      ; md6_low      ; md5_low     ; 0.000        ; 10.000     ; 30.000     ;
; 16.000 ; md4_low   ; write_thru ; md4_low      ; md5_low     ; 0.000        ; 10.000     ; 30.000     ;
; 16.000 ; md4_low   ; store      ; md4_low      ; md5_low     ; 0.000        ; 10.000     ; 30.000     ;
; 16.000 ; md4_low   ; color      ; md4_low      ; md5_low     ; 0.000        ; 10.000     ; 30.000     ;
; 16.000 ; md4_low   ; chan       ; md4_low      ; md5_low     ; 0.000        ; 10.000     ; 30.000     ;
; 16.000 ; md4_low   ; int_en     ; md4_low      ; md5_low     ; 0.000        ; 10.000     ; 30.000     ;
; 16.000 ; md4_low   ; erase      ; md4_low      ; md5_low     ; 0.000        ; 10.000     ; 30.000     ;
; 16.000 ; md3_low   ; write_thru ; md3_low      ; md5_low     ; 0.000        ; 10.000     ; 30.000     ;
; 16.000 ; md3_low   ; store      ; md3_low      ; md5_low     ; 0.000        ; 10.000     ; 30.000     ;
; 16.000 ; md3_low   ; color      ; md3_low      ; md5_low     ; 0.000        ; 10.000     ; 30.000     ;
; 16.000 ; md3_low   ; chan       ; md3_low      ; md5_low     ; 0.000        ; 10.000     ; 30.000     ;
; 16.000 ; md3_low   ; int_en     ; md3_low      ; md5_low     ; 0.000        ; 10.000     ; 30.000     ;
; 16.000 ; md3_low   ; erase      ; md3_low      ; md5_low     ; 0.000        ; 10.000     ; 30.000     ;
; 16.000 ; md8_low   ; write_thru ; md8_low      ; md5_low     ; 0.000        ; 10.000     ; 30.000     ;
; 16.000 ; md8_low   ; store      ; md8_low      ; md5_low     ; 0.000        ; 10.000     ; 30.000     ;
; 16.000 ; md8_low   ; color      ; md8_low      ; md5_low     ; 0.000        ; 10.000     ; 30.000     ;
; 16.000 ; md8_low   ; chan       ; md8_low      ; md5_low     ; 0.000        ; 10.000     ; 30.000     ;
; 16.000 ; md8_low   ; int_en     ; md8_low      ; md5_low     ; 0.000        ; 10.000     ; 30.000     ;
; 16.000 ; md8_low   ; erase      ; md8_low      ; md5_low     ; 0.000        ; 10.000     ; 30.000     ;
; 16.000 ; md5_low   ; write_thru ; md5_low      ; md5_low     ; 0.000        ; 10.000     ; 30.000     ;
; 16.000 ; md5_low   ; store      ; md5_low      ; md5_low     ; 0.000        ; 10.000     ; 30.000     ;
; 16.000 ; md5_low   ; color      ; md5_low      ; md5_low     ; 0.000        ; 10.000     ; 30.000     ;
; 16.000 ; md5_low   ; chan       ; md5_low      ; md5_low     ; 0.000        ; 10.000     ; 30.000     ;
; 16.000 ; md5_low   ; int_en     ; md5_low      ; md5_low     ; 0.000        ; 10.000     ; 30.000     ;
; 16.000 ; md5_low   ; erase      ; md5_low      ; md5_low     ; 0.000        ; 10.000     ; 30.000     ;
; 16.000 ; md11_low  ; write_thru ; md11_low     ; md5_low     ; 0.000        ; 10.000     ; 30.000     ;
; 16.000 ; md11_low  ; store      ; md11_low     ; md5_low     ; 0.000        ; 10.000     ; 30.000     ;
; 16.000 ; md11_low  ; color      ; md11_low     ; md5_low     ; 0.000        ; 10.000     ; 30.000     ;
; 16.000 ; md11_low  ; chan       ; md11_low     ; md5_low     ; 0.000        ; 10.000     ; 30.000     ;
; 16.000 ; md11_low  ; int_en     ; md11_low     ; md5_low     ; 0.000        ; 10.000     ; 30.000     ;
; 16.000 ; md11_low  ; erase      ; md11_low     ; md5_low     ; 0.000        ; 10.000     ; 30.000     ;
; 16.500 ; tp3       ; write_thru ; tp3          ; md5_low     ; -0.500       ; 10.000     ; 30.000     ;
; 16.500 ; tp3       ; store      ; tp3          ; md5_low     ; -0.500       ; 10.000     ; 30.000     ;
; 16.500 ; tp3       ; color      ; tp3          ; md5_low     ; -0.500       ; 10.000     ; 30.000     ;
; 16.500 ; tp3       ; chan       ; tp3          ; md5_low     ; -0.500       ; 10.000     ; 30.000     ;
; 16.500 ; tp3       ; int_en     ; tp3          ; md5_low     ; -0.500       ; 10.000     ; 30.000     ;
; 16.500 ; tp3       ; erase      ; tp3          ; md5_low     ; -0.500       ; 10.000     ; 30.000     ;
; 16.500 ; md10_low  ; write_thru ; md10_low     ; md5_low     ; -0.500       ; 10.000     ; 30.000     ;
; 16.500 ; md10_low  ; store      ; md10_low     ; md5_low     ; -0.500       ; 10.000     ; 30.000     ;
; 16.500 ; md10_low  ; color      ; md10_low     ; md5_low     ; -0.500       ; 10.000     ; 30.000     ;
; 16.500 ; md10_low  ; chan       ; md10_low     ; md5_low     ; -0.500       ; 10.000     ; 30.000     ;
; 16.500 ; md10_low  ; int_en     ; md10_low     ; md5_low     ; -0.500       ; 10.000     ; 30.000     ;
; 16.500 ; md10_low  ; erase      ; md10_low     ; md5_low     ; -0.500       ; 10.000     ; 30.000     ;
; 16.500 ; md9_low   ; write_thru ; md9_low      ; md5_low     ; -0.500       ; 10.000     ; 30.000     ;
; 16.500 ; md9_low   ; store      ; md9_low      ; md5_low     ; -0.500       ; 10.000     ; 30.000     ;
; 16.500 ; md9_low   ; color      ; md9_low      ; md5_low     ; -0.500       ; 10.000     ; 30.000     ;
; 16.500 ; md9_low   ; chan       ; md9_low      ; md5_low     ; -0.500       ; 10.000     ; 30.000     ;
; 16.500 ; md9_low   ; int_en     ; md9_low      ; md5_low     ; -0.500       ; 10.000     ; 30.000     ;
; 16.500 ; md9_low   ; erase      ; md9_low      ; md5_low     ; -0.500       ; 10.000     ; 30.000     ;
; 16.500 ; pause_low ; write_thru ; pause_low    ; md5_low     ; -0.500       ; 10.000     ; 30.000     ;
; 16.500 ; pause_low ; store      ; pause_low    ; md5_low     ; -0.500       ; 10.000     ; 30.000     ;
; 16.500 ; pause_low ; color      ; pause_low    ; md5_low     ; -0.500       ; 10.000     ; 30.000     ;
; 16.500 ; pause_low ; chan       ; pause_low    ; md5_low     ; -0.500       ; 10.000     ; 30.000     ;
; 16.500 ; pause_low ; int_en     ; pause_low    ; md5_low     ; -0.500       ; 10.000     ; 30.000     ;
; 16.500 ; pause_low ; erase      ; pause_low    ; md5_low     ; -0.500       ; 10.000     ; 30.000     ;
; 16.500 ; md7_low   ; write_thru ; md7_low      ; md5_low     ; -0.500       ; 10.000     ; 30.000     ;
; 16.500 ; md7_low   ; store      ; md7_low      ; md5_low     ; -0.500       ; 10.000     ; 30.000     ;
; 16.500 ; md7_low   ; color      ; md7_low      ; md5_low     ; -0.500       ; 10.000     ; 30.000     ;
; 16.500 ; md7_low   ; chan       ; md7_low      ; md5_low     ; -0.500       ; 10.000     ; 30.000     ;
; 16.500 ; md7_low   ; int_en     ; md7_low      ; md5_low     ; -0.500       ; 10.000     ; 30.000     ;
; 16.500 ; md7_low   ; erase      ; md7_low      ; md5_low     ; -0.500       ; 10.000     ; 30.000     ;
; 16.500 ; md6_low   ; write_thru ; md6_low      ; md5_low     ; -0.500       ; 10.000     ; 30.000     ;
; 16.500 ; md6_low   ; store      ; md6_low      ; md5_low     ; -0.500       ; 10.000     ; 30.000     ;
+--------+-----------+------------+--------------+-------------+--------------+------------+------------+


+-------------------------------------------------------------------------------------------------------+
; Removal: 'md6_low'                                                                                    ;
+--------+-----------+------------+--------------+-------------+--------------+------------+------------+
; Slack  ; From Node ; To Node    ; Launch Clock ; Latch Clock ; Relationship ; Clock Skew ; Data Delay ;
+--------+-----------+------------+--------------+-------------+--------------+------------+------------+
; 8.000  ; set_done  ; erase      ; set_done     ; md6_low     ; 0.000        ; 10.000     ; 22.000     ;
; 8.500  ; set_done  ; erase      ; set_done     ; md6_low     ; -0.500       ; 10.000     ; 22.000     ;
; 16.000 ; tp3       ; write_thru ; tp3          ; md6_low     ; 0.000        ; 10.000     ; 30.000     ;
; 16.000 ; tp3       ; store      ; tp3          ; md6_low     ; 0.000        ; 10.000     ; 30.000     ;
; 16.000 ; tp3       ; color      ; tp3          ; md6_low     ; 0.000        ; 10.000     ; 30.000     ;
; 16.000 ; tp3       ; chan       ; tp3          ; md6_low     ; 0.000        ; 10.000     ; 30.000     ;
; 16.000 ; tp3       ; int_en     ; tp3          ; md6_low     ; 0.000        ; 10.000     ; 30.000     ;
; 16.000 ; tp3       ; erase      ; tp3          ; md6_low     ; 0.000        ; 10.000     ; 30.000     ;
; 16.000 ; md10_low  ; write_thru ; md10_low     ; md6_low     ; 0.000        ; 10.000     ; 30.000     ;
; 16.000 ; md10_low  ; store      ; md10_low     ; md6_low     ; 0.000        ; 10.000     ; 30.000     ;
; 16.000 ; md10_low  ; color      ; md10_low     ; md6_low     ; 0.000        ; 10.000     ; 30.000     ;
; 16.000 ; md10_low  ; chan       ; md10_low     ; md6_low     ; 0.000        ; 10.000     ; 30.000     ;
; 16.000 ; md10_low  ; int_en     ; md10_low     ; md6_low     ; 0.000        ; 10.000     ; 30.000     ;
; 16.000 ; md10_low  ; erase      ; md10_low     ; md6_low     ; 0.000        ; 10.000     ; 30.000     ;
; 16.000 ; md9_low   ; write_thru ; md9_low      ; md6_low     ; 0.000        ; 10.000     ; 30.000     ;
; 16.000 ; md9_low   ; store      ; md9_low      ; md6_low     ; 0.000        ; 10.000     ; 30.000     ;
; 16.000 ; md9_low   ; color      ; md9_low      ; md6_low     ; 0.000        ; 10.000     ; 30.000     ;
; 16.000 ; md9_low   ; chan       ; md9_low      ; md6_low     ; 0.000        ; 10.000     ; 30.000     ;
; 16.000 ; md9_low   ; int_en     ; md9_low      ; md6_low     ; 0.000        ; 10.000     ; 30.000     ;
; 16.000 ; md9_low   ; erase      ; md9_low      ; md6_low     ; 0.000        ; 10.000     ; 30.000     ;
; 16.000 ; pause_low ; write_thru ; pause_low    ; md6_low     ; 0.000        ; 10.000     ; 30.000     ;
; 16.000 ; pause_low ; store      ; pause_low    ; md6_low     ; 0.000        ; 10.000     ; 30.000     ;
; 16.000 ; pause_low ; color      ; pause_low    ; md6_low     ; 0.000        ; 10.000     ; 30.000     ;
; 16.000 ; pause_low ; chan       ; pause_low    ; md6_low     ; 0.000        ; 10.000     ; 30.000     ;
; 16.000 ; pause_low ; int_en     ; pause_low    ; md6_low     ; 0.000        ; 10.000     ; 30.000     ;
; 16.000 ; pause_low ; erase      ; pause_low    ; md6_low     ; 0.000        ; 10.000     ; 30.000     ;
; 16.000 ; md7_low   ; write_thru ; md7_low      ; md6_low     ; 0.000        ; 10.000     ; 30.000     ;
; 16.000 ; md7_low   ; store      ; md7_low      ; md6_low     ; 0.000        ; 10.000     ; 30.000     ;
; 16.000 ; md7_low   ; color      ; md7_low      ; md6_low     ; 0.000        ; 10.000     ; 30.000     ;
; 16.000 ; md7_low   ; chan       ; md7_low      ; md6_low     ; 0.000        ; 10.000     ; 30.000     ;
; 16.000 ; md7_low   ; int_en     ; md7_low      ; md6_low     ; 0.000        ; 10.000     ; 30.000     ;
; 16.000 ; md7_low   ; erase      ; md7_low      ; md6_low     ; 0.000        ; 10.000     ; 30.000     ;
; 16.000 ; md6_low   ; write_thru ; md6_low      ; md6_low     ; 0.000        ; 10.000     ; 30.000     ;
; 16.000 ; md6_low   ; store      ; md6_low      ; md6_low     ; 0.000        ; 10.000     ; 30.000     ;
; 16.000 ; md6_low   ; color      ; md6_low      ; md6_low     ; 0.000        ; 10.000     ; 30.000     ;
; 16.000 ; md6_low   ; chan       ; md6_low      ; md6_low     ; 0.000        ; 10.000     ; 30.000     ;
; 16.000 ; md6_low   ; int_en     ; md6_low      ; md6_low     ; 0.000        ; 10.000     ; 30.000     ;
; 16.000 ; md6_low   ; erase      ; md6_low      ; md6_low     ; 0.000        ; 10.000     ; 30.000     ;
; 16.000 ; md4_low   ; write_thru ; md4_low      ; md6_low     ; 0.000        ; 10.000     ; 30.000     ;
; 16.000 ; md4_low   ; store      ; md4_low      ; md6_low     ; 0.000        ; 10.000     ; 30.000     ;
; 16.000 ; md4_low   ; color      ; md4_low      ; md6_low     ; 0.000        ; 10.000     ; 30.000     ;
; 16.000 ; md4_low   ; chan       ; md4_low      ; md6_low     ; 0.000        ; 10.000     ; 30.000     ;
; 16.000 ; md4_low   ; int_en     ; md4_low      ; md6_low     ; 0.000        ; 10.000     ; 30.000     ;
; 16.000 ; md4_low   ; erase      ; md4_low      ; md6_low     ; 0.000        ; 10.000     ; 30.000     ;
; 16.000 ; md3_low   ; write_thru ; md3_low      ; md6_low     ; 0.000        ; 10.000     ; 30.000     ;
; 16.000 ; md3_low   ; store      ; md3_low      ; md6_low     ; 0.000        ; 10.000     ; 30.000     ;
; 16.000 ; md3_low   ; color      ; md3_low      ; md6_low     ; 0.000        ; 10.000     ; 30.000     ;
; 16.000 ; md3_low   ; chan       ; md3_low      ; md6_low     ; 0.000        ; 10.000     ; 30.000     ;
; 16.000 ; md3_low   ; int_en     ; md3_low      ; md6_low     ; 0.000        ; 10.000     ; 30.000     ;
; 16.000 ; md3_low   ; erase      ; md3_low      ; md6_low     ; 0.000        ; 10.000     ; 30.000     ;
; 16.000 ; md8_low   ; write_thru ; md8_low      ; md6_low     ; 0.000        ; 10.000     ; 30.000     ;
; 16.000 ; md8_low   ; store      ; md8_low      ; md6_low     ; 0.000        ; 10.000     ; 30.000     ;
; 16.000 ; md8_low   ; color      ; md8_low      ; md6_low     ; 0.000        ; 10.000     ; 30.000     ;
; 16.000 ; md8_low   ; chan       ; md8_low      ; md6_low     ; 0.000        ; 10.000     ; 30.000     ;
; 16.000 ; md8_low   ; int_en     ; md8_low      ; md6_low     ; 0.000        ; 10.000     ; 30.000     ;
; 16.000 ; md8_low   ; erase      ; md8_low      ; md6_low     ; 0.000        ; 10.000     ; 30.000     ;
; 16.000 ; md5_low   ; write_thru ; md5_low      ; md6_low     ; 0.000        ; 10.000     ; 30.000     ;
; 16.000 ; md5_low   ; store      ; md5_low      ; md6_low     ; 0.000        ; 10.000     ; 30.000     ;
; 16.000 ; md5_low   ; color      ; md5_low      ; md6_low     ; 0.000        ; 10.000     ; 30.000     ;
; 16.000 ; md5_low   ; chan       ; md5_low      ; md6_low     ; 0.000        ; 10.000     ; 30.000     ;
; 16.000 ; md5_low   ; int_en     ; md5_low      ; md6_low     ; 0.000        ; 10.000     ; 30.000     ;
; 16.000 ; md5_low   ; erase      ; md5_low      ; md6_low     ; 0.000        ; 10.000     ; 30.000     ;
; 16.000 ; md11_low  ; write_thru ; md11_low     ; md6_low     ; 0.000        ; 10.000     ; 30.000     ;
; 16.000 ; md11_low  ; store      ; md11_low     ; md6_low     ; 0.000        ; 10.000     ; 30.000     ;
; 16.000 ; md11_low  ; color      ; md11_low     ; md6_low     ; 0.000        ; 10.000     ; 30.000     ;
; 16.000 ; md11_low  ; chan       ; md11_low     ; md6_low     ; 0.000        ; 10.000     ; 30.000     ;
; 16.000 ; md11_low  ; int_en     ; md11_low     ; md6_low     ; 0.000        ; 10.000     ; 30.000     ;
; 16.000 ; md11_low  ; erase      ; md11_low     ; md6_low     ; 0.000        ; 10.000     ; 30.000     ;
; 16.500 ; tp3       ; write_thru ; tp3          ; md6_low     ; -0.500       ; 10.000     ; 30.000     ;
; 16.500 ; tp3       ; store      ; tp3          ; md6_low     ; -0.500       ; 10.000     ; 30.000     ;
; 16.500 ; tp3       ; color      ; tp3          ; md6_low     ; -0.500       ; 10.000     ; 30.000     ;
; 16.500 ; tp3       ; chan       ; tp3          ; md6_low     ; -0.500       ; 10.000     ; 30.000     ;
; 16.500 ; tp3       ; int_en     ; tp3          ; md6_low     ; -0.500       ; 10.000     ; 30.000     ;
; 16.500 ; tp3       ; erase      ; tp3          ; md6_low     ; -0.500       ; 10.000     ; 30.000     ;
; 16.500 ; md10_low  ; write_thru ; md10_low     ; md6_low     ; -0.500       ; 10.000     ; 30.000     ;
; 16.500 ; md10_low  ; store      ; md10_low     ; md6_low     ; -0.500       ; 10.000     ; 30.000     ;
; 16.500 ; md10_low  ; color      ; md10_low     ; md6_low     ; -0.500       ; 10.000     ; 30.000     ;
; 16.500 ; md10_low  ; chan       ; md10_low     ; md6_low     ; -0.500       ; 10.000     ; 30.000     ;
; 16.500 ; md10_low  ; int_en     ; md10_low     ; md6_low     ; -0.500       ; 10.000     ; 30.000     ;
; 16.500 ; md10_low  ; erase      ; md10_low     ; md6_low     ; -0.500       ; 10.000     ; 30.000     ;
; 16.500 ; md9_low   ; write_thru ; md9_low      ; md6_low     ; -0.500       ; 10.000     ; 30.000     ;
; 16.500 ; md9_low   ; store      ; md9_low      ; md6_low     ; -0.500       ; 10.000     ; 30.000     ;
; 16.500 ; md9_low   ; color      ; md9_low      ; md6_low     ; -0.500       ; 10.000     ; 30.000     ;
; 16.500 ; md9_low   ; chan       ; md9_low      ; md6_low     ; -0.500       ; 10.000     ; 30.000     ;
; 16.500 ; md9_low   ; int_en     ; md9_low      ; md6_low     ; -0.500       ; 10.000     ; 30.000     ;
; 16.500 ; md9_low   ; erase      ; md9_low      ; md6_low     ; -0.500       ; 10.000     ; 30.000     ;
; 16.500 ; pause_low ; write_thru ; pause_low    ; md6_low     ; -0.500       ; 10.000     ; 30.000     ;
; 16.500 ; pause_low ; store      ; pause_low    ; md6_low     ; -0.500       ; 10.000     ; 30.000     ;
; 16.500 ; pause_low ; color      ; pause_low    ; md6_low     ; -0.500       ; 10.000     ; 30.000     ;
; 16.500 ; pause_low ; chan       ; pause_low    ; md6_low     ; -0.500       ; 10.000     ; 30.000     ;
; 16.500 ; pause_low ; int_en     ; pause_low    ; md6_low     ; -0.500       ; 10.000     ; 30.000     ;
; 16.500 ; pause_low ; erase      ; pause_low    ; md6_low     ; -0.500       ; 10.000     ; 30.000     ;
; 16.500 ; md7_low   ; write_thru ; md7_low      ; md6_low     ; -0.500       ; 10.000     ; 30.000     ;
; 16.500 ; md7_low   ; store      ; md7_low      ; md6_low     ; -0.500       ; 10.000     ; 30.000     ;
; 16.500 ; md7_low   ; color      ; md7_low      ; md6_low     ; -0.500       ; 10.000     ; 30.000     ;
; 16.500 ; md7_low   ; chan       ; md7_low      ; md6_low     ; -0.500       ; 10.000     ; 30.000     ;
; 16.500 ; md7_low   ; int_en     ; md7_low      ; md6_low     ; -0.500       ; 10.000     ; 30.000     ;
; 16.500 ; md7_low   ; erase      ; md7_low      ; md6_low     ; -0.500       ; 10.000     ; 30.000     ;
; 16.500 ; md6_low   ; write_thru ; md6_low      ; md6_low     ; -0.500       ; 10.000     ; 30.000     ;
; 16.500 ; md6_low   ; store      ; md6_low      ; md6_low     ; -0.500       ; 10.000     ; 30.000     ;
+--------+-----------+------------+--------------+-------------+--------------+------------+------------+


+-------------------------------------------------------------------------------------------------------+
; Removal: 'md7_low'                                                                                    ;
+--------+-----------+------------+--------------+-------------+--------------+------------+------------+
; Slack  ; From Node ; To Node    ; Launch Clock ; Latch Clock ; Relationship ; Clock Skew ; Data Delay ;
+--------+-----------+------------+--------------+-------------+--------------+------------+------------+
; 8.000  ; set_done  ; erase      ; set_done     ; md7_low     ; 0.000        ; 10.000     ; 22.000     ;
; 8.500  ; set_done  ; erase      ; set_done     ; md7_low     ; -0.500       ; 10.000     ; 22.000     ;
; 16.000 ; tp3       ; write_thru ; tp3          ; md7_low     ; 0.000        ; 10.000     ; 30.000     ;
; 16.000 ; tp3       ; store      ; tp3          ; md7_low     ; 0.000        ; 10.000     ; 30.000     ;
; 16.000 ; tp3       ; color      ; tp3          ; md7_low     ; 0.000        ; 10.000     ; 30.000     ;
; 16.000 ; tp3       ; chan       ; tp3          ; md7_low     ; 0.000        ; 10.000     ; 30.000     ;
; 16.000 ; tp3       ; int_en     ; tp3          ; md7_low     ; 0.000        ; 10.000     ; 30.000     ;
; 16.000 ; tp3       ; erase      ; tp3          ; md7_low     ; 0.000        ; 10.000     ; 30.000     ;
; 16.000 ; md10_low  ; write_thru ; md10_low     ; md7_low     ; 0.000        ; 10.000     ; 30.000     ;
; 16.000 ; md10_low  ; store      ; md10_low     ; md7_low     ; 0.000        ; 10.000     ; 30.000     ;
; 16.000 ; md10_low  ; color      ; md10_low     ; md7_low     ; 0.000        ; 10.000     ; 30.000     ;
; 16.000 ; md10_low  ; chan       ; md10_low     ; md7_low     ; 0.000        ; 10.000     ; 30.000     ;
; 16.000 ; md10_low  ; int_en     ; md10_low     ; md7_low     ; 0.000        ; 10.000     ; 30.000     ;
; 16.000 ; md10_low  ; erase      ; md10_low     ; md7_low     ; 0.000        ; 10.000     ; 30.000     ;
; 16.000 ; md9_low   ; write_thru ; md9_low      ; md7_low     ; 0.000        ; 10.000     ; 30.000     ;
; 16.000 ; md9_low   ; store      ; md9_low      ; md7_low     ; 0.000        ; 10.000     ; 30.000     ;
; 16.000 ; md9_low   ; color      ; md9_low      ; md7_low     ; 0.000        ; 10.000     ; 30.000     ;
; 16.000 ; md9_low   ; chan       ; md9_low      ; md7_low     ; 0.000        ; 10.000     ; 30.000     ;
; 16.000 ; md9_low   ; int_en     ; md9_low      ; md7_low     ; 0.000        ; 10.000     ; 30.000     ;
; 16.000 ; md9_low   ; erase      ; md9_low      ; md7_low     ; 0.000        ; 10.000     ; 30.000     ;
; 16.000 ; pause_low ; write_thru ; pause_low    ; md7_low     ; 0.000        ; 10.000     ; 30.000     ;
; 16.000 ; pause_low ; store      ; pause_low    ; md7_low     ; 0.000        ; 10.000     ; 30.000     ;
; 16.000 ; pause_low ; color      ; pause_low    ; md7_low     ; 0.000        ; 10.000     ; 30.000     ;
; 16.000 ; pause_low ; chan       ; pause_low    ; md7_low     ; 0.000        ; 10.000     ; 30.000     ;
; 16.000 ; pause_low ; int_en     ; pause_low    ; md7_low     ; 0.000        ; 10.000     ; 30.000     ;
; 16.000 ; pause_low ; erase      ; pause_low    ; md7_low     ; 0.000        ; 10.000     ; 30.000     ;
; 16.000 ; md7_low   ; write_thru ; md7_low      ; md7_low     ; 0.000        ; 10.000     ; 30.000     ;
; 16.000 ; md7_low   ; store      ; md7_low      ; md7_low     ; 0.000        ; 10.000     ; 30.000     ;
; 16.000 ; md7_low   ; color      ; md7_low      ; md7_low     ; 0.000        ; 10.000     ; 30.000     ;
; 16.000 ; md7_low   ; chan       ; md7_low      ; md7_low     ; 0.000        ; 10.000     ; 30.000     ;
; 16.000 ; md7_low   ; int_en     ; md7_low      ; md7_low     ; 0.000        ; 10.000     ; 30.000     ;
; 16.000 ; md7_low   ; erase      ; md7_low      ; md7_low     ; 0.000        ; 10.000     ; 30.000     ;
; 16.000 ; md6_low   ; write_thru ; md6_low      ; md7_low     ; 0.000        ; 10.000     ; 30.000     ;
; 16.000 ; md6_low   ; store      ; md6_low      ; md7_low     ; 0.000        ; 10.000     ; 30.000     ;
; 16.000 ; md6_low   ; color      ; md6_low      ; md7_low     ; 0.000        ; 10.000     ; 30.000     ;
; 16.000 ; md6_low   ; chan       ; md6_low      ; md7_low     ; 0.000        ; 10.000     ; 30.000     ;
; 16.000 ; md6_low   ; int_en     ; md6_low      ; md7_low     ; 0.000        ; 10.000     ; 30.000     ;
; 16.000 ; md6_low   ; erase      ; md6_low      ; md7_low     ; 0.000        ; 10.000     ; 30.000     ;
; 16.000 ; md4_low   ; write_thru ; md4_low      ; md7_low     ; 0.000        ; 10.000     ; 30.000     ;
; 16.000 ; md4_low   ; store      ; md4_low      ; md7_low     ; 0.000        ; 10.000     ; 30.000     ;
; 16.000 ; md4_low   ; color      ; md4_low      ; md7_low     ; 0.000        ; 10.000     ; 30.000     ;
; 16.000 ; md4_low   ; chan       ; md4_low      ; md7_low     ; 0.000        ; 10.000     ; 30.000     ;
; 16.000 ; md4_low   ; int_en     ; md4_low      ; md7_low     ; 0.000        ; 10.000     ; 30.000     ;
; 16.000 ; md4_low   ; erase      ; md4_low      ; md7_low     ; 0.000        ; 10.000     ; 30.000     ;
; 16.000 ; md3_low   ; write_thru ; md3_low      ; md7_low     ; 0.000        ; 10.000     ; 30.000     ;
; 16.000 ; md3_low   ; store      ; md3_low      ; md7_low     ; 0.000        ; 10.000     ; 30.000     ;
; 16.000 ; md3_low   ; color      ; md3_low      ; md7_low     ; 0.000        ; 10.000     ; 30.000     ;
; 16.000 ; md3_low   ; chan       ; md3_low      ; md7_low     ; 0.000        ; 10.000     ; 30.000     ;
; 16.000 ; md3_low   ; int_en     ; md3_low      ; md7_low     ; 0.000        ; 10.000     ; 30.000     ;
; 16.000 ; md3_low   ; erase      ; md3_low      ; md7_low     ; 0.000        ; 10.000     ; 30.000     ;
; 16.000 ; md8_low   ; write_thru ; md8_low      ; md7_low     ; 0.000        ; 10.000     ; 30.000     ;
; 16.000 ; md8_low   ; store      ; md8_low      ; md7_low     ; 0.000        ; 10.000     ; 30.000     ;
; 16.000 ; md8_low   ; color      ; md8_low      ; md7_low     ; 0.000        ; 10.000     ; 30.000     ;
; 16.000 ; md8_low   ; chan       ; md8_low      ; md7_low     ; 0.000        ; 10.000     ; 30.000     ;
; 16.000 ; md8_low   ; int_en     ; md8_low      ; md7_low     ; 0.000        ; 10.000     ; 30.000     ;
; 16.000 ; md8_low   ; erase      ; md8_low      ; md7_low     ; 0.000        ; 10.000     ; 30.000     ;
; 16.000 ; md5_low   ; write_thru ; md5_low      ; md7_low     ; 0.000        ; 10.000     ; 30.000     ;
; 16.000 ; md5_low   ; store      ; md5_low      ; md7_low     ; 0.000        ; 10.000     ; 30.000     ;
; 16.000 ; md5_low   ; color      ; md5_low      ; md7_low     ; 0.000        ; 10.000     ; 30.000     ;
; 16.000 ; md5_low   ; chan       ; md5_low      ; md7_low     ; 0.000        ; 10.000     ; 30.000     ;
; 16.000 ; md5_low   ; int_en     ; md5_low      ; md7_low     ; 0.000        ; 10.000     ; 30.000     ;
; 16.000 ; md5_low   ; erase      ; md5_low      ; md7_low     ; 0.000        ; 10.000     ; 30.000     ;
; 16.000 ; md11_low  ; write_thru ; md11_low     ; md7_low     ; 0.000        ; 10.000     ; 30.000     ;
; 16.000 ; md11_low  ; store      ; md11_low     ; md7_low     ; 0.000        ; 10.000     ; 30.000     ;
; 16.000 ; md11_low  ; color      ; md11_low     ; md7_low     ; 0.000        ; 10.000     ; 30.000     ;
; 16.000 ; md11_low  ; chan       ; md11_low     ; md7_low     ; 0.000        ; 10.000     ; 30.000     ;
; 16.000 ; md11_low  ; int_en     ; md11_low     ; md7_low     ; 0.000        ; 10.000     ; 30.000     ;
; 16.000 ; md11_low  ; erase      ; md11_low     ; md7_low     ; 0.000        ; 10.000     ; 30.000     ;
; 16.500 ; tp3       ; write_thru ; tp3          ; md7_low     ; -0.500       ; 10.000     ; 30.000     ;
; 16.500 ; tp3       ; store      ; tp3          ; md7_low     ; -0.500       ; 10.000     ; 30.000     ;
; 16.500 ; tp3       ; color      ; tp3          ; md7_low     ; -0.500       ; 10.000     ; 30.000     ;
; 16.500 ; tp3       ; chan       ; tp3          ; md7_low     ; -0.500       ; 10.000     ; 30.000     ;
; 16.500 ; tp3       ; int_en     ; tp3          ; md7_low     ; -0.500       ; 10.000     ; 30.000     ;
; 16.500 ; tp3       ; erase      ; tp3          ; md7_low     ; -0.500       ; 10.000     ; 30.000     ;
; 16.500 ; md10_low  ; write_thru ; md10_low     ; md7_low     ; -0.500       ; 10.000     ; 30.000     ;
; 16.500 ; md10_low  ; store      ; md10_low     ; md7_low     ; -0.500       ; 10.000     ; 30.000     ;
; 16.500 ; md10_low  ; color      ; md10_low     ; md7_low     ; -0.500       ; 10.000     ; 30.000     ;
; 16.500 ; md10_low  ; chan       ; md10_low     ; md7_low     ; -0.500       ; 10.000     ; 30.000     ;
; 16.500 ; md10_low  ; int_en     ; md10_low     ; md7_low     ; -0.500       ; 10.000     ; 30.000     ;
; 16.500 ; md10_low  ; erase      ; md10_low     ; md7_low     ; -0.500       ; 10.000     ; 30.000     ;
; 16.500 ; md9_low   ; write_thru ; md9_low      ; md7_low     ; -0.500       ; 10.000     ; 30.000     ;
; 16.500 ; md9_low   ; store      ; md9_low      ; md7_low     ; -0.500       ; 10.000     ; 30.000     ;
; 16.500 ; md9_low   ; color      ; md9_low      ; md7_low     ; -0.500       ; 10.000     ; 30.000     ;
; 16.500 ; md9_low   ; chan       ; md9_low      ; md7_low     ; -0.500       ; 10.000     ; 30.000     ;
; 16.500 ; md9_low   ; int_en     ; md9_low      ; md7_low     ; -0.500       ; 10.000     ; 30.000     ;
; 16.500 ; md9_low   ; erase      ; md9_low      ; md7_low     ; -0.500       ; 10.000     ; 30.000     ;
; 16.500 ; pause_low ; write_thru ; pause_low    ; md7_low     ; -0.500       ; 10.000     ; 30.000     ;
; 16.500 ; pause_low ; store      ; pause_low    ; md7_low     ; -0.500       ; 10.000     ; 30.000     ;
; 16.500 ; pause_low ; color      ; pause_low    ; md7_low     ; -0.500       ; 10.000     ; 30.000     ;
; 16.500 ; pause_low ; chan       ; pause_low    ; md7_low     ; -0.500       ; 10.000     ; 30.000     ;
; 16.500 ; pause_low ; int_en     ; pause_low    ; md7_low     ; -0.500       ; 10.000     ; 30.000     ;
; 16.500 ; pause_low ; erase      ; pause_low    ; md7_low     ; -0.500       ; 10.000     ; 30.000     ;
; 16.500 ; md7_low   ; write_thru ; md7_low      ; md7_low     ; -0.500       ; 10.000     ; 30.000     ;
; 16.500 ; md7_low   ; store      ; md7_low      ; md7_low     ; -0.500       ; 10.000     ; 30.000     ;
; 16.500 ; md7_low   ; color      ; md7_low      ; md7_low     ; -0.500       ; 10.000     ; 30.000     ;
; 16.500 ; md7_low   ; chan       ; md7_low      ; md7_low     ; -0.500       ; 10.000     ; 30.000     ;
; 16.500 ; md7_low   ; int_en     ; md7_low      ; md7_low     ; -0.500       ; 10.000     ; 30.000     ;
; 16.500 ; md7_low   ; erase      ; md7_low      ; md7_low     ; -0.500       ; 10.000     ; 30.000     ;
; 16.500 ; md6_low   ; write_thru ; md6_low      ; md7_low     ; -0.500       ; 10.000     ; 30.000     ;
; 16.500 ; md6_low   ; store      ; md6_low      ; md7_low     ; -0.500       ; 10.000     ; 30.000     ;
+--------+-----------+------------+--------------+-------------+--------------+------------+------------+


+-------------------------------------------------------------------------------------------------------+
; Removal: 'md8_low'                                                                                    ;
+--------+-----------+------------+--------------+-------------+--------------+------------+------------+
; Slack  ; From Node ; To Node    ; Launch Clock ; Latch Clock ; Relationship ; Clock Skew ; Data Delay ;
+--------+-----------+------------+--------------+-------------+--------------+------------+------------+
; 8.000  ; set_done  ; erase      ; set_done     ; md8_low     ; 0.000        ; 10.000     ; 22.000     ;
; 8.500  ; set_done  ; erase      ; set_done     ; md8_low     ; -0.500       ; 10.000     ; 22.000     ;
; 16.000 ; tp3       ; write_thru ; tp3          ; md8_low     ; 0.000        ; 10.000     ; 30.000     ;
; 16.000 ; tp3       ; store      ; tp3          ; md8_low     ; 0.000        ; 10.000     ; 30.000     ;
; 16.000 ; tp3       ; color      ; tp3          ; md8_low     ; 0.000        ; 10.000     ; 30.000     ;
; 16.000 ; tp3       ; chan       ; tp3          ; md8_low     ; 0.000        ; 10.000     ; 30.000     ;
; 16.000 ; tp3       ; int_en     ; tp3          ; md8_low     ; 0.000        ; 10.000     ; 30.000     ;
; 16.000 ; tp3       ; erase      ; tp3          ; md8_low     ; 0.000        ; 10.000     ; 30.000     ;
; 16.000 ; md10_low  ; write_thru ; md10_low     ; md8_low     ; 0.000        ; 10.000     ; 30.000     ;
; 16.000 ; md10_low  ; store      ; md10_low     ; md8_low     ; 0.000        ; 10.000     ; 30.000     ;
; 16.000 ; md10_low  ; color      ; md10_low     ; md8_low     ; 0.000        ; 10.000     ; 30.000     ;
; 16.000 ; md10_low  ; chan       ; md10_low     ; md8_low     ; 0.000        ; 10.000     ; 30.000     ;
; 16.000 ; md10_low  ; int_en     ; md10_low     ; md8_low     ; 0.000        ; 10.000     ; 30.000     ;
; 16.000 ; md10_low  ; erase      ; md10_low     ; md8_low     ; 0.000        ; 10.000     ; 30.000     ;
; 16.000 ; md9_low   ; write_thru ; md9_low      ; md8_low     ; 0.000        ; 10.000     ; 30.000     ;
; 16.000 ; md9_low   ; store      ; md9_low      ; md8_low     ; 0.000        ; 10.000     ; 30.000     ;
; 16.000 ; md9_low   ; color      ; md9_low      ; md8_low     ; 0.000        ; 10.000     ; 30.000     ;
; 16.000 ; md9_low   ; chan       ; md9_low      ; md8_low     ; 0.000        ; 10.000     ; 30.000     ;
; 16.000 ; md9_low   ; int_en     ; md9_low      ; md8_low     ; 0.000        ; 10.000     ; 30.000     ;
; 16.000 ; md9_low   ; erase      ; md9_low      ; md8_low     ; 0.000        ; 10.000     ; 30.000     ;
; 16.000 ; pause_low ; write_thru ; pause_low    ; md8_low     ; 0.000        ; 10.000     ; 30.000     ;
; 16.000 ; pause_low ; store      ; pause_low    ; md8_low     ; 0.000        ; 10.000     ; 30.000     ;
; 16.000 ; pause_low ; color      ; pause_low    ; md8_low     ; 0.000        ; 10.000     ; 30.000     ;
; 16.000 ; pause_low ; chan       ; pause_low    ; md8_low     ; 0.000        ; 10.000     ; 30.000     ;
; 16.000 ; pause_low ; int_en     ; pause_low    ; md8_low     ; 0.000        ; 10.000     ; 30.000     ;
; 16.000 ; pause_low ; erase      ; pause_low    ; md8_low     ; 0.000        ; 10.000     ; 30.000     ;
; 16.000 ; md7_low   ; write_thru ; md7_low      ; md8_low     ; 0.000        ; 10.000     ; 30.000     ;
; 16.000 ; md7_low   ; store      ; md7_low      ; md8_low     ; 0.000        ; 10.000     ; 30.000     ;
; 16.000 ; md7_low   ; color      ; md7_low      ; md8_low     ; 0.000        ; 10.000     ; 30.000     ;
; 16.000 ; md7_low   ; chan       ; md7_low      ; md8_low     ; 0.000        ; 10.000     ; 30.000     ;
; 16.000 ; md7_low   ; int_en     ; md7_low      ; md8_low     ; 0.000        ; 10.000     ; 30.000     ;
; 16.000 ; md7_low   ; erase      ; md7_low      ; md8_low     ; 0.000        ; 10.000     ; 30.000     ;
; 16.000 ; md6_low   ; write_thru ; md6_low      ; md8_low     ; 0.000        ; 10.000     ; 30.000     ;
; 16.000 ; md6_low   ; store      ; md6_low      ; md8_low     ; 0.000        ; 10.000     ; 30.000     ;
; 16.000 ; md6_low   ; color      ; md6_low      ; md8_low     ; 0.000        ; 10.000     ; 30.000     ;
; 16.000 ; md6_low   ; chan       ; md6_low      ; md8_low     ; 0.000        ; 10.000     ; 30.000     ;
; 16.000 ; md6_low   ; int_en     ; md6_low      ; md8_low     ; 0.000        ; 10.000     ; 30.000     ;
; 16.000 ; md6_low   ; erase      ; md6_low      ; md8_low     ; 0.000        ; 10.000     ; 30.000     ;
; 16.000 ; md4_low   ; write_thru ; md4_low      ; md8_low     ; 0.000        ; 10.000     ; 30.000     ;
; 16.000 ; md4_low   ; store      ; md4_low      ; md8_low     ; 0.000        ; 10.000     ; 30.000     ;
; 16.000 ; md4_low   ; color      ; md4_low      ; md8_low     ; 0.000        ; 10.000     ; 30.000     ;
; 16.000 ; md4_low   ; chan       ; md4_low      ; md8_low     ; 0.000        ; 10.000     ; 30.000     ;
; 16.000 ; md4_low   ; int_en     ; md4_low      ; md8_low     ; 0.000        ; 10.000     ; 30.000     ;
; 16.000 ; md4_low   ; erase      ; md4_low      ; md8_low     ; 0.000        ; 10.000     ; 30.000     ;
; 16.000 ; md3_low   ; write_thru ; md3_low      ; md8_low     ; 0.000        ; 10.000     ; 30.000     ;
; 16.000 ; md3_low   ; store      ; md3_low      ; md8_low     ; 0.000        ; 10.000     ; 30.000     ;
; 16.000 ; md3_low   ; color      ; md3_low      ; md8_low     ; 0.000        ; 10.000     ; 30.000     ;
; 16.000 ; md3_low   ; chan       ; md3_low      ; md8_low     ; 0.000        ; 10.000     ; 30.000     ;
; 16.000 ; md3_low   ; int_en     ; md3_low      ; md8_low     ; 0.000        ; 10.000     ; 30.000     ;
; 16.000 ; md3_low   ; erase      ; md3_low      ; md8_low     ; 0.000        ; 10.000     ; 30.000     ;
; 16.000 ; md8_low   ; write_thru ; md8_low      ; md8_low     ; 0.000        ; 10.000     ; 30.000     ;
; 16.000 ; md8_low   ; store      ; md8_low      ; md8_low     ; 0.000        ; 10.000     ; 30.000     ;
; 16.000 ; md8_low   ; color      ; md8_low      ; md8_low     ; 0.000        ; 10.000     ; 30.000     ;
; 16.000 ; md8_low   ; chan       ; md8_low      ; md8_low     ; 0.000        ; 10.000     ; 30.000     ;
; 16.000 ; md8_low   ; int_en     ; md8_low      ; md8_low     ; 0.000        ; 10.000     ; 30.000     ;
; 16.000 ; md8_low   ; erase      ; md8_low      ; md8_low     ; 0.000        ; 10.000     ; 30.000     ;
; 16.000 ; md5_low   ; write_thru ; md5_low      ; md8_low     ; 0.000        ; 10.000     ; 30.000     ;
; 16.000 ; md5_low   ; store      ; md5_low      ; md8_low     ; 0.000        ; 10.000     ; 30.000     ;
; 16.000 ; md5_low   ; color      ; md5_low      ; md8_low     ; 0.000        ; 10.000     ; 30.000     ;
; 16.000 ; md5_low   ; chan       ; md5_low      ; md8_low     ; 0.000        ; 10.000     ; 30.000     ;
; 16.000 ; md5_low   ; int_en     ; md5_low      ; md8_low     ; 0.000        ; 10.000     ; 30.000     ;
; 16.000 ; md5_low   ; erase      ; md5_low      ; md8_low     ; 0.000        ; 10.000     ; 30.000     ;
; 16.000 ; md11_low  ; write_thru ; md11_low     ; md8_low     ; 0.000        ; 10.000     ; 30.000     ;
; 16.000 ; md11_low  ; store      ; md11_low     ; md8_low     ; 0.000        ; 10.000     ; 30.000     ;
; 16.000 ; md11_low  ; color      ; md11_low     ; md8_low     ; 0.000        ; 10.000     ; 30.000     ;
; 16.000 ; md11_low  ; chan       ; md11_low     ; md8_low     ; 0.000        ; 10.000     ; 30.000     ;
; 16.000 ; md11_low  ; int_en     ; md11_low     ; md8_low     ; 0.000        ; 10.000     ; 30.000     ;
; 16.000 ; md11_low  ; erase      ; md11_low     ; md8_low     ; 0.000        ; 10.000     ; 30.000     ;
; 16.500 ; tp3       ; write_thru ; tp3          ; md8_low     ; -0.500       ; 10.000     ; 30.000     ;
; 16.500 ; tp3       ; store      ; tp3          ; md8_low     ; -0.500       ; 10.000     ; 30.000     ;
; 16.500 ; tp3       ; color      ; tp3          ; md8_low     ; -0.500       ; 10.000     ; 30.000     ;
; 16.500 ; tp3       ; chan       ; tp3          ; md8_low     ; -0.500       ; 10.000     ; 30.000     ;
; 16.500 ; tp3       ; int_en     ; tp3          ; md8_low     ; -0.500       ; 10.000     ; 30.000     ;
; 16.500 ; tp3       ; erase      ; tp3          ; md8_low     ; -0.500       ; 10.000     ; 30.000     ;
; 16.500 ; md10_low  ; write_thru ; md10_low     ; md8_low     ; -0.500       ; 10.000     ; 30.000     ;
; 16.500 ; md10_low  ; store      ; md10_low     ; md8_low     ; -0.500       ; 10.000     ; 30.000     ;
; 16.500 ; md10_low  ; color      ; md10_low     ; md8_low     ; -0.500       ; 10.000     ; 30.000     ;
; 16.500 ; md10_low  ; chan       ; md10_low     ; md8_low     ; -0.500       ; 10.000     ; 30.000     ;
; 16.500 ; md10_low  ; int_en     ; md10_low     ; md8_low     ; -0.500       ; 10.000     ; 30.000     ;
; 16.500 ; md10_low  ; erase      ; md10_low     ; md8_low     ; -0.500       ; 10.000     ; 30.000     ;
; 16.500 ; md9_low   ; write_thru ; md9_low      ; md8_low     ; -0.500       ; 10.000     ; 30.000     ;
; 16.500 ; md9_low   ; store      ; md9_low      ; md8_low     ; -0.500       ; 10.000     ; 30.000     ;
; 16.500 ; md9_low   ; color      ; md9_low      ; md8_low     ; -0.500       ; 10.000     ; 30.000     ;
; 16.500 ; md9_low   ; chan       ; md9_low      ; md8_low     ; -0.500       ; 10.000     ; 30.000     ;
; 16.500 ; md9_low   ; int_en     ; md9_low      ; md8_low     ; -0.500       ; 10.000     ; 30.000     ;
; 16.500 ; md9_low   ; erase      ; md9_low      ; md8_low     ; -0.500       ; 10.000     ; 30.000     ;
; 16.500 ; pause_low ; write_thru ; pause_low    ; md8_low     ; -0.500       ; 10.000     ; 30.000     ;
; 16.500 ; pause_low ; store      ; pause_low    ; md8_low     ; -0.500       ; 10.000     ; 30.000     ;
; 16.500 ; pause_low ; color      ; pause_low    ; md8_low     ; -0.500       ; 10.000     ; 30.000     ;
; 16.500 ; pause_low ; chan       ; pause_low    ; md8_low     ; -0.500       ; 10.000     ; 30.000     ;
; 16.500 ; pause_low ; int_en     ; pause_low    ; md8_low     ; -0.500       ; 10.000     ; 30.000     ;
; 16.500 ; pause_low ; erase      ; pause_low    ; md8_low     ; -0.500       ; 10.000     ; 30.000     ;
; 16.500 ; md7_low   ; write_thru ; md7_low      ; md8_low     ; -0.500       ; 10.000     ; 30.000     ;
; 16.500 ; md7_low   ; store      ; md7_low      ; md8_low     ; -0.500       ; 10.000     ; 30.000     ;
; 16.500 ; md7_low   ; color      ; md7_low      ; md8_low     ; -0.500       ; 10.000     ; 30.000     ;
; 16.500 ; md7_low   ; chan       ; md7_low      ; md8_low     ; -0.500       ; 10.000     ; 30.000     ;
; 16.500 ; md7_low   ; int_en     ; md7_low      ; md8_low     ; -0.500       ; 10.000     ; 30.000     ;
; 16.500 ; md7_low   ; erase      ; md7_low      ; md8_low     ; -0.500       ; 10.000     ; 30.000     ;
; 16.500 ; md6_low   ; write_thru ; md6_low      ; md8_low     ; -0.500       ; 10.000     ; 30.000     ;
; 16.500 ; md6_low   ; store      ; md6_low      ; md8_low     ; -0.500       ; 10.000     ; 30.000     ;
+--------+-----------+------------+--------------+-------------+--------------+------------+------------+


+-------------------------------------------------------------------------------------------------------+
; Removal: 'md9_low'                                                                                    ;
+--------+-----------+------------+--------------+-------------+--------------+------------+------------+
; Slack  ; From Node ; To Node    ; Launch Clock ; Latch Clock ; Relationship ; Clock Skew ; Data Delay ;
+--------+-----------+------------+--------------+-------------+--------------+------------+------------+
; 8.000  ; set_done  ; erase      ; set_done     ; md9_low     ; 0.000        ; 10.000     ; 22.000     ;
; 8.500  ; set_done  ; erase      ; set_done     ; md9_low     ; -0.500       ; 10.000     ; 22.000     ;
; 16.000 ; tp3       ; write_thru ; tp3          ; md9_low     ; 0.000        ; 10.000     ; 30.000     ;
; 16.000 ; tp3       ; store      ; tp3          ; md9_low     ; 0.000        ; 10.000     ; 30.000     ;
; 16.000 ; tp3       ; color      ; tp3          ; md9_low     ; 0.000        ; 10.000     ; 30.000     ;
; 16.000 ; tp3       ; chan       ; tp3          ; md9_low     ; 0.000        ; 10.000     ; 30.000     ;
; 16.000 ; tp3       ; int_en     ; tp3          ; md9_low     ; 0.000        ; 10.000     ; 30.000     ;
; 16.000 ; tp3       ; erase      ; tp3          ; md9_low     ; 0.000        ; 10.000     ; 30.000     ;
; 16.000 ; md10_low  ; write_thru ; md10_low     ; md9_low     ; 0.000        ; 10.000     ; 30.000     ;
; 16.000 ; md10_low  ; store      ; md10_low     ; md9_low     ; 0.000        ; 10.000     ; 30.000     ;
; 16.000 ; md10_low  ; color      ; md10_low     ; md9_low     ; 0.000        ; 10.000     ; 30.000     ;
; 16.000 ; md10_low  ; chan       ; md10_low     ; md9_low     ; 0.000        ; 10.000     ; 30.000     ;
; 16.000 ; md10_low  ; int_en     ; md10_low     ; md9_low     ; 0.000        ; 10.000     ; 30.000     ;
; 16.000 ; md10_low  ; erase      ; md10_low     ; md9_low     ; 0.000        ; 10.000     ; 30.000     ;
; 16.000 ; md9_low   ; write_thru ; md9_low      ; md9_low     ; 0.000        ; 10.000     ; 30.000     ;
; 16.000 ; md9_low   ; store      ; md9_low      ; md9_low     ; 0.000        ; 10.000     ; 30.000     ;
; 16.000 ; md9_low   ; color      ; md9_low      ; md9_low     ; 0.000        ; 10.000     ; 30.000     ;
; 16.000 ; md9_low   ; chan       ; md9_low      ; md9_low     ; 0.000        ; 10.000     ; 30.000     ;
; 16.000 ; md9_low   ; int_en     ; md9_low      ; md9_low     ; 0.000        ; 10.000     ; 30.000     ;
; 16.000 ; md9_low   ; erase      ; md9_low      ; md9_low     ; 0.000        ; 10.000     ; 30.000     ;
; 16.000 ; pause_low ; write_thru ; pause_low    ; md9_low     ; 0.000        ; 10.000     ; 30.000     ;
; 16.000 ; pause_low ; store      ; pause_low    ; md9_low     ; 0.000        ; 10.000     ; 30.000     ;
; 16.000 ; pause_low ; color      ; pause_low    ; md9_low     ; 0.000        ; 10.000     ; 30.000     ;
; 16.000 ; pause_low ; chan       ; pause_low    ; md9_low     ; 0.000        ; 10.000     ; 30.000     ;
; 16.000 ; pause_low ; int_en     ; pause_low    ; md9_low     ; 0.000        ; 10.000     ; 30.000     ;
; 16.000 ; pause_low ; erase      ; pause_low    ; md9_low     ; 0.000        ; 10.000     ; 30.000     ;
; 16.000 ; md7_low   ; write_thru ; md7_low      ; md9_low     ; 0.000        ; 10.000     ; 30.000     ;
; 16.000 ; md7_low   ; store      ; md7_low      ; md9_low     ; 0.000        ; 10.000     ; 30.000     ;
; 16.000 ; md7_low   ; color      ; md7_low      ; md9_low     ; 0.000        ; 10.000     ; 30.000     ;
; 16.000 ; md7_low   ; chan       ; md7_low      ; md9_low     ; 0.000        ; 10.000     ; 30.000     ;
; 16.000 ; md7_low   ; int_en     ; md7_low      ; md9_low     ; 0.000        ; 10.000     ; 30.000     ;
; 16.000 ; md7_low   ; erase      ; md7_low      ; md9_low     ; 0.000        ; 10.000     ; 30.000     ;
; 16.000 ; md6_low   ; write_thru ; md6_low      ; md9_low     ; 0.000        ; 10.000     ; 30.000     ;
; 16.000 ; md6_low   ; store      ; md6_low      ; md9_low     ; 0.000        ; 10.000     ; 30.000     ;
; 16.000 ; md6_low   ; color      ; md6_low      ; md9_low     ; 0.000        ; 10.000     ; 30.000     ;
; 16.000 ; md6_low   ; chan       ; md6_low      ; md9_low     ; 0.000        ; 10.000     ; 30.000     ;
; 16.000 ; md6_low   ; int_en     ; md6_low      ; md9_low     ; 0.000        ; 10.000     ; 30.000     ;
; 16.000 ; md6_low   ; erase      ; md6_low      ; md9_low     ; 0.000        ; 10.000     ; 30.000     ;
; 16.000 ; md4_low   ; write_thru ; md4_low      ; md9_low     ; 0.000        ; 10.000     ; 30.000     ;
; 16.000 ; md4_low   ; store      ; md4_low      ; md9_low     ; 0.000        ; 10.000     ; 30.000     ;
; 16.000 ; md4_low   ; color      ; md4_low      ; md9_low     ; 0.000        ; 10.000     ; 30.000     ;
; 16.000 ; md4_low   ; chan       ; md4_low      ; md9_low     ; 0.000        ; 10.000     ; 30.000     ;
; 16.000 ; md4_low   ; int_en     ; md4_low      ; md9_low     ; 0.000        ; 10.000     ; 30.000     ;
; 16.000 ; md4_low   ; erase      ; md4_low      ; md9_low     ; 0.000        ; 10.000     ; 30.000     ;
; 16.000 ; md3_low   ; write_thru ; md3_low      ; md9_low     ; 0.000        ; 10.000     ; 30.000     ;
; 16.000 ; md3_low   ; store      ; md3_low      ; md9_low     ; 0.000        ; 10.000     ; 30.000     ;
; 16.000 ; md3_low   ; color      ; md3_low      ; md9_low     ; 0.000        ; 10.000     ; 30.000     ;
; 16.000 ; md3_low   ; chan       ; md3_low      ; md9_low     ; 0.000        ; 10.000     ; 30.000     ;
; 16.000 ; md3_low   ; int_en     ; md3_low      ; md9_low     ; 0.000        ; 10.000     ; 30.000     ;
; 16.000 ; md3_low   ; erase      ; md3_low      ; md9_low     ; 0.000        ; 10.000     ; 30.000     ;
; 16.000 ; md8_low   ; write_thru ; md8_low      ; md9_low     ; 0.000        ; 10.000     ; 30.000     ;
; 16.000 ; md8_low   ; store      ; md8_low      ; md9_low     ; 0.000        ; 10.000     ; 30.000     ;
; 16.000 ; md8_low   ; color      ; md8_low      ; md9_low     ; 0.000        ; 10.000     ; 30.000     ;
; 16.000 ; md8_low   ; chan       ; md8_low      ; md9_low     ; 0.000        ; 10.000     ; 30.000     ;
; 16.000 ; md8_low   ; int_en     ; md8_low      ; md9_low     ; 0.000        ; 10.000     ; 30.000     ;
; 16.000 ; md8_low   ; erase      ; md8_low      ; md9_low     ; 0.000        ; 10.000     ; 30.000     ;
; 16.000 ; md5_low   ; write_thru ; md5_low      ; md9_low     ; 0.000        ; 10.000     ; 30.000     ;
; 16.000 ; md5_low   ; store      ; md5_low      ; md9_low     ; 0.000        ; 10.000     ; 30.000     ;
; 16.000 ; md5_low   ; color      ; md5_low      ; md9_low     ; 0.000        ; 10.000     ; 30.000     ;
; 16.000 ; md5_low   ; chan       ; md5_low      ; md9_low     ; 0.000        ; 10.000     ; 30.000     ;
; 16.000 ; md5_low   ; int_en     ; md5_low      ; md9_low     ; 0.000        ; 10.000     ; 30.000     ;
; 16.000 ; md5_low   ; erase      ; md5_low      ; md9_low     ; 0.000        ; 10.000     ; 30.000     ;
; 16.000 ; md11_low  ; write_thru ; md11_low     ; md9_low     ; 0.000        ; 10.000     ; 30.000     ;
; 16.000 ; md11_low  ; store      ; md11_low     ; md9_low     ; 0.000        ; 10.000     ; 30.000     ;
; 16.000 ; md11_low  ; color      ; md11_low     ; md9_low     ; 0.000        ; 10.000     ; 30.000     ;
; 16.000 ; md11_low  ; chan       ; md11_low     ; md9_low     ; 0.000        ; 10.000     ; 30.000     ;
; 16.000 ; md11_low  ; int_en     ; md11_low     ; md9_low     ; 0.000        ; 10.000     ; 30.000     ;
; 16.000 ; md11_low  ; erase      ; md11_low     ; md9_low     ; 0.000        ; 10.000     ; 30.000     ;
; 16.500 ; tp3       ; write_thru ; tp3          ; md9_low     ; -0.500       ; 10.000     ; 30.000     ;
; 16.500 ; tp3       ; store      ; tp3          ; md9_low     ; -0.500       ; 10.000     ; 30.000     ;
; 16.500 ; tp3       ; color      ; tp3          ; md9_low     ; -0.500       ; 10.000     ; 30.000     ;
; 16.500 ; tp3       ; chan       ; tp3          ; md9_low     ; -0.500       ; 10.000     ; 30.000     ;
; 16.500 ; tp3       ; int_en     ; tp3          ; md9_low     ; -0.500       ; 10.000     ; 30.000     ;
; 16.500 ; tp3       ; erase      ; tp3          ; md9_low     ; -0.500       ; 10.000     ; 30.000     ;
; 16.500 ; md10_low  ; write_thru ; md10_low     ; md9_low     ; -0.500       ; 10.000     ; 30.000     ;
; 16.500 ; md10_low  ; store      ; md10_low     ; md9_low     ; -0.500       ; 10.000     ; 30.000     ;
; 16.500 ; md10_low  ; color      ; md10_low     ; md9_low     ; -0.500       ; 10.000     ; 30.000     ;
; 16.500 ; md10_low  ; chan       ; md10_low     ; md9_low     ; -0.500       ; 10.000     ; 30.000     ;
; 16.500 ; md10_low  ; int_en     ; md10_low     ; md9_low     ; -0.500       ; 10.000     ; 30.000     ;
; 16.500 ; md10_low  ; erase      ; md10_low     ; md9_low     ; -0.500       ; 10.000     ; 30.000     ;
; 16.500 ; md9_low   ; write_thru ; md9_low      ; md9_low     ; -0.500       ; 10.000     ; 30.000     ;
; 16.500 ; md9_low   ; store      ; md9_low      ; md9_low     ; -0.500       ; 10.000     ; 30.000     ;
; 16.500 ; md9_low   ; color      ; md9_low      ; md9_low     ; -0.500       ; 10.000     ; 30.000     ;
; 16.500 ; md9_low   ; chan       ; md9_low      ; md9_low     ; -0.500       ; 10.000     ; 30.000     ;
; 16.500 ; md9_low   ; int_en     ; md9_low      ; md9_low     ; -0.500       ; 10.000     ; 30.000     ;
; 16.500 ; md9_low   ; erase      ; md9_low      ; md9_low     ; -0.500       ; 10.000     ; 30.000     ;
; 16.500 ; pause_low ; write_thru ; pause_low    ; md9_low     ; -0.500       ; 10.000     ; 30.000     ;
; 16.500 ; pause_low ; store      ; pause_low    ; md9_low     ; -0.500       ; 10.000     ; 30.000     ;
; 16.500 ; pause_low ; color      ; pause_low    ; md9_low     ; -0.500       ; 10.000     ; 30.000     ;
; 16.500 ; pause_low ; chan       ; pause_low    ; md9_low     ; -0.500       ; 10.000     ; 30.000     ;
; 16.500 ; pause_low ; int_en     ; pause_low    ; md9_low     ; -0.500       ; 10.000     ; 30.000     ;
; 16.500 ; pause_low ; erase      ; pause_low    ; md9_low     ; -0.500       ; 10.000     ; 30.000     ;
; 16.500 ; md7_low   ; write_thru ; md7_low      ; md9_low     ; -0.500       ; 10.000     ; 30.000     ;
; 16.500 ; md7_low   ; store      ; md7_low      ; md9_low     ; -0.500       ; 10.000     ; 30.000     ;
; 16.500 ; md7_low   ; color      ; md7_low      ; md9_low     ; -0.500       ; 10.000     ; 30.000     ;
; 16.500 ; md7_low   ; chan       ; md7_low      ; md9_low     ; -0.500       ; 10.000     ; 30.000     ;
; 16.500 ; md7_low   ; int_en     ; md7_low      ; md9_low     ; -0.500       ; 10.000     ; 30.000     ;
; 16.500 ; md7_low   ; erase      ; md7_low      ; md9_low     ; -0.500       ; 10.000     ; 30.000     ;
; 16.500 ; md6_low   ; write_thru ; md6_low      ; md9_low     ; -0.500       ; 10.000     ; 30.000     ;
; 16.500 ; md6_low   ; store      ; md6_low      ; md9_low     ; -0.500       ; 10.000     ; 30.000     ;
+--------+-----------+------------+--------------+-------------+--------------+------------+------------+


+-------------------------------------------------------------------------------------------------------+
; Removal: 'pause_low'                                                                                  ;
+--------+-----------+------------+--------------+-------------+--------------+------------+------------+
; Slack  ; From Node ; To Node    ; Launch Clock ; Latch Clock ; Relationship ; Clock Skew ; Data Delay ;
+--------+-----------+------------+--------------+-------------+--------------+------------+------------+
; 8.000  ; set_done  ; erase      ; set_done     ; pause_low   ; 0.000        ; 10.000     ; 22.000     ;
; 8.500  ; set_done  ; erase      ; set_done     ; pause_low   ; -0.500       ; 10.000     ; 22.000     ;
; 16.000 ; tp3       ; write_thru ; tp3          ; pause_low   ; 0.000        ; 10.000     ; 30.000     ;
; 16.000 ; tp3       ; store      ; tp3          ; pause_low   ; 0.000        ; 10.000     ; 30.000     ;
; 16.000 ; tp3       ; color      ; tp3          ; pause_low   ; 0.000        ; 10.000     ; 30.000     ;
; 16.000 ; tp3       ; chan       ; tp3          ; pause_low   ; 0.000        ; 10.000     ; 30.000     ;
; 16.000 ; tp3       ; int_en     ; tp3          ; pause_low   ; 0.000        ; 10.000     ; 30.000     ;
; 16.000 ; tp3       ; erase      ; tp3          ; pause_low   ; 0.000        ; 10.000     ; 30.000     ;
; 16.000 ; md10_low  ; write_thru ; md10_low     ; pause_low   ; 0.000        ; 10.000     ; 30.000     ;
; 16.000 ; md10_low  ; store      ; md10_low     ; pause_low   ; 0.000        ; 10.000     ; 30.000     ;
; 16.000 ; md10_low  ; color      ; md10_low     ; pause_low   ; 0.000        ; 10.000     ; 30.000     ;
; 16.000 ; md10_low  ; chan       ; md10_low     ; pause_low   ; 0.000        ; 10.000     ; 30.000     ;
; 16.000 ; md10_low  ; int_en     ; md10_low     ; pause_low   ; 0.000        ; 10.000     ; 30.000     ;
; 16.000 ; md10_low  ; erase      ; md10_low     ; pause_low   ; 0.000        ; 10.000     ; 30.000     ;
; 16.000 ; md9_low   ; write_thru ; md9_low      ; pause_low   ; 0.000        ; 10.000     ; 30.000     ;
; 16.000 ; md9_low   ; store      ; md9_low      ; pause_low   ; 0.000        ; 10.000     ; 30.000     ;
; 16.000 ; md9_low   ; color      ; md9_low      ; pause_low   ; 0.000        ; 10.000     ; 30.000     ;
; 16.000 ; md9_low   ; chan       ; md9_low      ; pause_low   ; 0.000        ; 10.000     ; 30.000     ;
; 16.000 ; md9_low   ; int_en     ; md9_low      ; pause_low   ; 0.000        ; 10.000     ; 30.000     ;
; 16.000 ; md9_low   ; erase      ; md9_low      ; pause_low   ; 0.000        ; 10.000     ; 30.000     ;
; 16.000 ; pause_low ; write_thru ; pause_low    ; pause_low   ; 0.000        ; 10.000     ; 30.000     ;
; 16.000 ; pause_low ; store      ; pause_low    ; pause_low   ; 0.000        ; 10.000     ; 30.000     ;
; 16.000 ; pause_low ; color      ; pause_low    ; pause_low   ; 0.000        ; 10.000     ; 30.000     ;
; 16.000 ; pause_low ; chan       ; pause_low    ; pause_low   ; 0.000        ; 10.000     ; 30.000     ;
; 16.000 ; pause_low ; int_en     ; pause_low    ; pause_low   ; 0.000        ; 10.000     ; 30.000     ;
; 16.000 ; pause_low ; erase      ; pause_low    ; pause_low   ; 0.000        ; 10.000     ; 30.000     ;
; 16.000 ; md7_low   ; write_thru ; md7_low      ; pause_low   ; 0.000        ; 10.000     ; 30.000     ;
; 16.000 ; md7_low   ; store      ; md7_low      ; pause_low   ; 0.000        ; 10.000     ; 30.000     ;
; 16.000 ; md7_low   ; color      ; md7_low      ; pause_low   ; 0.000        ; 10.000     ; 30.000     ;
; 16.000 ; md7_low   ; chan       ; md7_low      ; pause_low   ; 0.000        ; 10.000     ; 30.000     ;
; 16.000 ; md7_low   ; int_en     ; md7_low      ; pause_low   ; 0.000        ; 10.000     ; 30.000     ;
; 16.000 ; md7_low   ; erase      ; md7_low      ; pause_low   ; 0.000        ; 10.000     ; 30.000     ;
; 16.000 ; md6_low   ; write_thru ; md6_low      ; pause_low   ; 0.000        ; 10.000     ; 30.000     ;
; 16.000 ; md6_low   ; store      ; md6_low      ; pause_low   ; 0.000        ; 10.000     ; 30.000     ;
; 16.000 ; md6_low   ; color      ; md6_low      ; pause_low   ; 0.000        ; 10.000     ; 30.000     ;
; 16.000 ; md6_low   ; chan       ; md6_low      ; pause_low   ; 0.000        ; 10.000     ; 30.000     ;
; 16.000 ; md6_low   ; int_en     ; md6_low      ; pause_low   ; 0.000        ; 10.000     ; 30.000     ;
; 16.000 ; md6_low   ; erase      ; md6_low      ; pause_low   ; 0.000        ; 10.000     ; 30.000     ;
; 16.000 ; md4_low   ; write_thru ; md4_low      ; pause_low   ; 0.000        ; 10.000     ; 30.000     ;
; 16.000 ; md4_low   ; store      ; md4_low      ; pause_low   ; 0.000        ; 10.000     ; 30.000     ;
; 16.000 ; md4_low   ; color      ; md4_low      ; pause_low   ; 0.000        ; 10.000     ; 30.000     ;
; 16.000 ; md4_low   ; chan       ; md4_low      ; pause_low   ; 0.000        ; 10.000     ; 30.000     ;
; 16.000 ; md4_low   ; int_en     ; md4_low      ; pause_low   ; 0.000        ; 10.000     ; 30.000     ;
; 16.000 ; md4_low   ; erase      ; md4_low      ; pause_low   ; 0.000        ; 10.000     ; 30.000     ;
; 16.000 ; md3_low   ; write_thru ; md3_low      ; pause_low   ; 0.000        ; 10.000     ; 30.000     ;
; 16.000 ; md3_low   ; store      ; md3_low      ; pause_low   ; 0.000        ; 10.000     ; 30.000     ;
; 16.000 ; md3_low   ; color      ; md3_low      ; pause_low   ; 0.000        ; 10.000     ; 30.000     ;
; 16.000 ; md3_low   ; chan       ; md3_low      ; pause_low   ; 0.000        ; 10.000     ; 30.000     ;
; 16.000 ; md3_low   ; int_en     ; md3_low      ; pause_low   ; 0.000        ; 10.000     ; 30.000     ;
; 16.000 ; md3_low   ; erase      ; md3_low      ; pause_low   ; 0.000        ; 10.000     ; 30.000     ;
; 16.000 ; md8_low   ; write_thru ; md8_low      ; pause_low   ; 0.000        ; 10.000     ; 30.000     ;
; 16.000 ; md8_low   ; store      ; md8_low      ; pause_low   ; 0.000        ; 10.000     ; 30.000     ;
; 16.000 ; md8_low   ; color      ; md8_low      ; pause_low   ; 0.000        ; 10.000     ; 30.000     ;
; 16.000 ; md8_low   ; chan       ; md8_low      ; pause_low   ; 0.000        ; 10.000     ; 30.000     ;
; 16.000 ; md8_low   ; int_en     ; md8_low      ; pause_low   ; 0.000        ; 10.000     ; 30.000     ;
; 16.000 ; md8_low   ; erase      ; md8_low      ; pause_low   ; 0.000        ; 10.000     ; 30.000     ;
; 16.000 ; md5_low   ; write_thru ; md5_low      ; pause_low   ; 0.000        ; 10.000     ; 30.000     ;
; 16.000 ; md5_low   ; store      ; md5_low      ; pause_low   ; 0.000        ; 10.000     ; 30.000     ;
; 16.000 ; md5_low   ; color      ; md5_low      ; pause_low   ; 0.000        ; 10.000     ; 30.000     ;
; 16.000 ; md5_low   ; chan       ; md5_low      ; pause_low   ; 0.000        ; 10.000     ; 30.000     ;
; 16.000 ; md5_low   ; int_en     ; md5_low      ; pause_low   ; 0.000        ; 10.000     ; 30.000     ;
; 16.000 ; md5_low   ; erase      ; md5_low      ; pause_low   ; 0.000        ; 10.000     ; 30.000     ;
; 16.000 ; md11_low  ; write_thru ; md11_low     ; pause_low   ; 0.000        ; 10.000     ; 30.000     ;
; 16.000 ; md11_low  ; store      ; md11_low     ; pause_low   ; 0.000        ; 10.000     ; 30.000     ;
; 16.000 ; md11_low  ; color      ; md11_low     ; pause_low   ; 0.000        ; 10.000     ; 30.000     ;
; 16.000 ; md11_low  ; chan       ; md11_low     ; pause_low   ; 0.000        ; 10.000     ; 30.000     ;
; 16.000 ; md11_low  ; int_en     ; md11_low     ; pause_low   ; 0.000        ; 10.000     ; 30.000     ;
; 16.000 ; md11_low  ; erase      ; md11_low     ; pause_low   ; 0.000        ; 10.000     ; 30.000     ;
; 16.500 ; tp3       ; write_thru ; tp3          ; pause_low   ; -0.500       ; 10.000     ; 30.000     ;
; 16.500 ; tp3       ; store      ; tp3          ; pause_low   ; -0.500       ; 10.000     ; 30.000     ;
; 16.500 ; tp3       ; color      ; tp3          ; pause_low   ; -0.500       ; 10.000     ; 30.000     ;
; 16.500 ; tp3       ; chan       ; tp3          ; pause_low   ; -0.500       ; 10.000     ; 30.000     ;
; 16.500 ; tp3       ; int_en     ; tp3          ; pause_low   ; -0.500       ; 10.000     ; 30.000     ;
; 16.500 ; tp3       ; erase      ; tp3          ; pause_low   ; -0.500       ; 10.000     ; 30.000     ;
; 16.500 ; md10_low  ; write_thru ; md10_low     ; pause_low   ; -0.500       ; 10.000     ; 30.000     ;
; 16.500 ; md10_low  ; store      ; md10_low     ; pause_low   ; -0.500       ; 10.000     ; 30.000     ;
; 16.500 ; md10_low  ; color      ; md10_low     ; pause_low   ; -0.500       ; 10.000     ; 30.000     ;
; 16.500 ; md10_low  ; chan       ; md10_low     ; pause_low   ; -0.500       ; 10.000     ; 30.000     ;
; 16.500 ; md10_low  ; int_en     ; md10_low     ; pause_low   ; -0.500       ; 10.000     ; 30.000     ;
; 16.500 ; md10_low  ; erase      ; md10_low     ; pause_low   ; -0.500       ; 10.000     ; 30.000     ;
; 16.500 ; md9_low   ; write_thru ; md9_low      ; pause_low   ; -0.500       ; 10.000     ; 30.000     ;
; 16.500 ; md9_low   ; store      ; md9_low      ; pause_low   ; -0.500       ; 10.000     ; 30.000     ;
; 16.500 ; md9_low   ; color      ; md9_low      ; pause_low   ; -0.500       ; 10.000     ; 30.000     ;
; 16.500 ; md9_low   ; chan       ; md9_low      ; pause_low   ; -0.500       ; 10.000     ; 30.000     ;
; 16.500 ; md9_low   ; int_en     ; md9_low      ; pause_low   ; -0.500       ; 10.000     ; 30.000     ;
; 16.500 ; md9_low   ; erase      ; md9_low      ; pause_low   ; -0.500       ; 10.000     ; 30.000     ;
; 16.500 ; pause_low ; write_thru ; pause_low    ; pause_low   ; -0.500       ; 10.000     ; 30.000     ;
; 16.500 ; pause_low ; store      ; pause_low    ; pause_low   ; -0.500       ; 10.000     ; 30.000     ;
; 16.500 ; pause_low ; color      ; pause_low    ; pause_low   ; -0.500       ; 10.000     ; 30.000     ;
; 16.500 ; pause_low ; chan       ; pause_low    ; pause_low   ; -0.500       ; 10.000     ; 30.000     ;
; 16.500 ; pause_low ; int_en     ; pause_low    ; pause_low   ; -0.500       ; 10.000     ; 30.000     ;
; 16.500 ; pause_low ; erase      ; pause_low    ; pause_low   ; -0.500       ; 10.000     ; 30.000     ;
; 16.500 ; md7_low   ; write_thru ; md7_low      ; pause_low   ; -0.500       ; 10.000     ; 30.000     ;
; 16.500 ; md7_low   ; store      ; md7_low      ; pause_low   ; -0.500       ; 10.000     ; 30.000     ;
; 16.500 ; md7_low   ; color      ; md7_low      ; pause_low   ; -0.500       ; 10.000     ; 30.000     ;
; 16.500 ; md7_low   ; chan       ; md7_low      ; pause_low   ; -0.500       ; 10.000     ; 30.000     ;
; 16.500 ; md7_low   ; int_en     ; md7_low      ; pause_low   ; -0.500       ; 10.000     ; 30.000     ;
; 16.500 ; md7_low   ; erase      ; md7_low      ; pause_low   ; -0.500       ; 10.000     ; 30.000     ;
; 16.500 ; md6_low   ; write_thru ; md6_low      ; pause_low   ; -0.500       ; 10.000     ; 30.000     ;
; 16.500 ; md6_low   ; store      ; md6_low      ; pause_low   ; -0.500       ; 10.000     ; 30.000     ;
+--------+-----------+------------+--------------+-------------+--------------+------------+------------+


+-------------------------------------------------------------------------------------------------------+
; Removal: 'tp3'                                                                                        ;
+--------+-----------+------------+--------------+-------------+--------------+------------+------------+
; Slack  ; From Node ; To Node    ; Launch Clock ; Latch Clock ; Relationship ; Clock Skew ; Data Delay ;
+--------+-----------+------------+--------------+-------------+--------------+------------+------------+
; 8.000  ; set_done  ; erase      ; set_done     ; tp3         ; 0.000        ; 10.000     ; 22.000     ;
; 8.500  ; set_done  ; erase      ; set_done     ; tp3         ; -0.500       ; 10.000     ; 22.000     ;
; 16.000 ; tp3       ; write_thru ; tp3          ; tp3         ; 0.000        ; 10.000     ; 30.000     ;
; 16.000 ; tp3       ; store      ; tp3          ; tp3         ; 0.000        ; 10.000     ; 30.000     ;
; 16.000 ; tp3       ; color      ; tp3          ; tp3         ; 0.000        ; 10.000     ; 30.000     ;
; 16.000 ; tp3       ; chan       ; tp3          ; tp3         ; 0.000        ; 10.000     ; 30.000     ;
; 16.000 ; tp3       ; int_en     ; tp3          ; tp3         ; 0.000        ; 10.000     ; 30.000     ;
; 16.000 ; tp3       ; erase      ; tp3          ; tp3         ; 0.000        ; 10.000     ; 30.000     ;
; 16.000 ; md10_low  ; write_thru ; md10_low     ; tp3         ; 0.000        ; 10.000     ; 30.000     ;
; 16.000 ; md10_low  ; store      ; md10_low     ; tp3         ; 0.000        ; 10.000     ; 30.000     ;
; 16.000 ; md10_low  ; color      ; md10_low     ; tp3         ; 0.000        ; 10.000     ; 30.000     ;
; 16.000 ; md10_low  ; chan       ; md10_low     ; tp3         ; 0.000        ; 10.000     ; 30.000     ;
; 16.000 ; md10_low  ; int_en     ; md10_low     ; tp3         ; 0.000        ; 10.000     ; 30.000     ;
; 16.000 ; md10_low  ; erase      ; md10_low     ; tp3         ; 0.000        ; 10.000     ; 30.000     ;
; 16.000 ; md9_low   ; write_thru ; md9_low      ; tp3         ; 0.000        ; 10.000     ; 30.000     ;
; 16.000 ; md9_low   ; store      ; md9_low      ; tp3         ; 0.000        ; 10.000     ; 30.000     ;
; 16.000 ; md9_low   ; color      ; md9_low      ; tp3         ; 0.000        ; 10.000     ; 30.000     ;
; 16.000 ; md9_low   ; chan       ; md9_low      ; tp3         ; 0.000        ; 10.000     ; 30.000     ;
; 16.000 ; md9_low   ; int_en     ; md9_low      ; tp3         ; 0.000        ; 10.000     ; 30.000     ;
; 16.000 ; md9_low   ; erase      ; md9_low      ; tp3         ; 0.000        ; 10.000     ; 30.000     ;
; 16.000 ; pause_low ; write_thru ; pause_low    ; tp3         ; 0.000        ; 10.000     ; 30.000     ;
; 16.000 ; pause_low ; store      ; pause_low    ; tp3         ; 0.000        ; 10.000     ; 30.000     ;
; 16.000 ; pause_low ; color      ; pause_low    ; tp3         ; 0.000        ; 10.000     ; 30.000     ;
; 16.000 ; pause_low ; chan       ; pause_low    ; tp3         ; 0.000        ; 10.000     ; 30.000     ;
; 16.000 ; pause_low ; int_en     ; pause_low    ; tp3         ; 0.000        ; 10.000     ; 30.000     ;
; 16.000 ; pause_low ; erase      ; pause_low    ; tp3         ; 0.000        ; 10.000     ; 30.000     ;
; 16.000 ; md7_low   ; write_thru ; md7_low      ; tp3         ; 0.000        ; 10.000     ; 30.000     ;
; 16.000 ; md7_low   ; store      ; md7_low      ; tp3         ; 0.000        ; 10.000     ; 30.000     ;
; 16.000 ; md7_low   ; color      ; md7_low      ; tp3         ; 0.000        ; 10.000     ; 30.000     ;
; 16.000 ; md7_low   ; chan       ; md7_low      ; tp3         ; 0.000        ; 10.000     ; 30.000     ;
; 16.000 ; md7_low   ; int_en     ; md7_low      ; tp3         ; 0.000        ; 10.000     ; 30.000     ;
; 16.000 ; md7_low   ; erase      ; md7_low      ; tp3         ; 0.000        ; 10.000     ; 30.000     ;
; 16.000 ; md6_low   ; write_thru ; md6_low      ; tp3         ; 0.000        ; 10.000     ; 30.000     ;
; 16.000 ; md6_low   ; store      ; md6_low      ; tp3         ; 0.000        ; 10.000     ; 30.000     ;
; 16.000 ; md6_low   ; color      ; md6_low      ; tp3         ; 0.000        ; 10.000     ; 30.000     ;
; 16.000 ; md6_low   ; chan       ; md6_low      ; tp3         ; 0.000        ; 10.000     ; 30.000     ;
; 16.000 ; md6_low   ; int_en     ; md6_low      ; tp3         ; 0.000        ; 10.000     ; 30.000     ;
; 16.000 ; md6_low   ; erase      ; md6_low      ; tp3         ; 0.000        ; 10.000     ; 30.000     ;
; 16.000 ; md4_low   ; write_thru ; md4_low      ; tp3         ; 0.000        ; 10.000     ; 30.000     ;
; 16.000 ; md4_low   ; store      ; md4_low      ; tp3         ; 0.000        ; 10.000     ; 30.000     ;
; 16.000 ; md4_low   ; color      ; md4_low      ; tp3         ; 0.000        ; 10.000     ; 30.000     ;
; 16.000 ; md4_low   ; chan       ; md4_low      ; tp3         ; 0.000        ; 10.000     ; 30.000     ;
; 16.000 ; md4_low   ; int_en     ; md4_low      ; tp3         ; 0.000        ; 10.000     ; 30.000     ;
; 16.000 ; md4_low   ; erase      ; md4_low      ; tp3         ; 0.000        ; 10.000     ; 30.000     ;
; 16.000 ; md3_low   ; write_thru ; md3_low      ; tp3         ; 0.000        ; 10.000     ; 30.000     ;
; 16.000 ; md3_low   ; store      ; md3_low      ; tp3         ; 0.000        ; 10.000     ; 30.000     ;
; 16.000 ; md3_low   ; color      ; md3_low      ; tp3         ; 0.000        ; 10.000     ; 30.000     ;
; 16.000 ; md3_low   ; chan       ; md3_low      ; tp3         ; 0.000        ; 10.000     ; 30.000     ;
; 16.000 ; md3_low   ; int_en     ; md3_low      ; tp3         ; 0.000        ; 10.000     ; 30.000     ;
; 16.000 ; md3_low   ; erase      ; md3_low      ; tp3         ; 0.000        ; 10.000     ; 30.000     ;
; 16.000 ; md8_low   ; write_thru ; md8_low      ; tp3         ; 0.000        ; 10.000     ; 30.000     ;
; 16.000 ; md8_low   ; store      ; md8_low      ; tp3         ; 0.000        ; 10.000     ; 30.000     ;
; 16.000 ; md8_low   ; color      ; md8_low      ; tp3         ; 0.000        ; 10.000     ; 30.000     ;
; 16.000 ; md8_low   ; chan       ; md8_low      ; tp3         ; 0.000        ; 10.000     ; 30.000     ;
; 16.000 ; md8_low   ; int_en     ; md8_low      ; tp3         ; 0.000        ; 10.000     ; 30.000     ;
; 16.000 ; md8_low   ; erase      ; md8_low      ; tp3         ; 0.000        ; 10.000     ; 30.000     ;
; 16.000 ; md5_low   ; write_thru ; md5_low      ; tp3         ; 0.000        ; 10.000     ; 30.000     ;
; 16.000 ; md5_low   ; store      ; md5_low      ; tp3         ; 0.000        ; 10.000     ; 30.000     ;
; 16.000 ; md5_low   ; color      ; md5_low      ; tp3         ; 0.000        ; 10.000     ; 30.000     ;
; 16.000 ; md5_low   ; chan       ; md5_low      ; tp3         ; 0.000        ; 10.000     ; 30.000     ;
; 16.000 ; md5_low   ; int_en     ; md5_low      ; tp3         ; 0.000        ; 10.000     ; 30.000     ;
; 16.000 ; md5_low   ; erase      ; md5_low      ; tp3         ; 0.000        ; 10.000     ; 30.000     ;
; 16.000 ; md11_low  ; write_thru ; md11_low     ; tp3         ; 0.000        ; 10.000     ; 30.000     ;
; 16.000 ; md11_low  ; store      ; md11_low     ; tp3         ; 0.000        ; 10.000     ; 30.000     ;
; 16.000 ; md11_low  ; color      ; md11_low     ; tp3         ; 0.000        ; 10.000     ; 30.000     ;
; 16.000 ; md11_low  ; chan       ; md11_low     ; tp3         ; 0.000        ; 10.000     ; 30.000     ;
; 16.000 ; md11_low  ; int_en     ; md11_low     ; tp3         ; 0.000        ; 10.000     ; 30.000     ;
; 16.000 ; md11_low  ; erase      ; md11_low     ; tp3         ; 0.000        ; 10.000     ; 30.000     ;
; 16.500 ; tp3       ; write_thru ; tp3          ; tp3         ; -0.500       ; 10.000     ; 30.000     ;
; 16.500 ; tp3       ; store      ; tp3          ; tp3         ; -0.500       ; 10.000     ; 30.000     ;
; 16.500 ; tp3       ; color      ; tp3          ; tp3         ; -0.500       ; 10.000     ; 30.000     ;
; 16.500 ; tp3       ; chan       ; tp3          ; tp3         ; -0.500       ; 10.000     ; 30.000     ;
; 16.500 ; tp3       ; int_en     ; tp3          ; tp3         ; -0.500       ; 10.000     ; 30.000     ;
; 16.500 ; tp3       ; erase      ; tp3          ; tp3         ; -0.500       ; 10.000     ; 30.000     ;
; 16.500 ; md10_low  ; write_thru ; md10_low     ; tp3         ; -0.500       ; 10.000     ; 30.000     ;
; 16.500 ; md10_low  ; store      ; md10_low     ; tp3         ; -0.500       ; 10.000     ; 30.000     ;
; 16.500 ; md10_low  ; color      ; md10_low     ; tp3         ; -0.500       ; 10.000     ; 30.000     ;
; 16.500 ; md10_low  ; chan       ; md10_low     ; tp3         ; -0.500       ; 10.000     ; 30.000     ;
; 16.500 ; md10_low  ; int_en     ; md10_low     ; tp3         ; -0.500       ; 10.000     ; 30.000     ;
; 16.500 ; md10_low  ; erase      ; md10_low     ; tp3         ; -0.500       ; 10.000     ; 30.000     ;
; 16.500 ; md9_low   ; write_thru ; md9_low      ; tp3         ; -0.500       ; 10.000     ; 30.000     ;
; 16.500 ; md9_low   ; store      ; md9_low      ; tp3         ; -0.500       ; 10.000     ; 30.000     ;
; 16.500 ; md9_low   ; color      ; md9_low      ; tp3         ; -0.500       ; 10.000     ; 30.000     ;
; 16.500 ; md9_low   ; chan       ; md9_low      ; tp3         ; -0.500       ; 10.000     ; 30.000     ;
; 16.500 ; md9_low   ; int_en     ; md9_low      ; tp3         ; -0.500       ; 10.000     ; 30.000     ;
; 16.500 ; md9_low   ; erase      ; md9_low      ; tp3         ; -0.500       ; 10.000     ; 30.000     ;
; 16.500 ; pause_low ; write_thru ; pause_low    ; tp3         ; -0.500       ; 10.000     ; 30.000     ;
; 16.500 ; pause_low ; store      ; pause_low    ; tp3         ; -0.500       ; 10.000     ; 30.000     ;
; 16.500 ; pause_low ; color      ; pause_low    ; tp3         ; -0.500       ; 10.000     ; 30.000     ;
; 16.500 ; pause_low ; chan       ; pause_low    ; tp3         ; -0.500       ; 10.000     ; 30.000     ;
; 16.500 ; pause_low ; int_en     ; pause_low    ; tp3         ; -0.500       ; 10.000     ; 30.000     ;
; 16.500 ; pause_low ; erase      ; pause_low    ; tp3         ; -0.500       ; 10.000     ; 30.000     ;
; 16.500 ; md7_low   ; write_thru ; md7_low      ; tp3         ; -0.500       ; 10.000     ; 30.000     ;
; 16.500 ; md7_low   ; store      ; md7_low      ; tp3         ; -0.500       ; 10.000     ; 30.000     ;
; 16.500 ; md7_low   ; color      ; md7_low      ; tp3         ; -0.500       ; 10.000     ; 30.000     ;
; 16.500 ; md7_low   ; chan       ; md7_low      ; tp3         ; -0.500       ; 10.000     ; 30.000     ;
; 16.500 ; md7_low   ; int_en     ; md7_low      ; tp3         ; -0.500       ; 10.000     ; 30.000     ;
; 16.500 ; md7_low   ; erase      ; md7_low      ; tp3         ; -0.500       ; 10.000     ; 30.000     ;
; 16.500 ; md6_low   ; write_thru ; md6_low      ; tp3         ; -0.500       ; 10.000     ; 30.000     ;
; 16.500 ; md6_low   ; store      ; md6_low      ; tp3         ; -0.500       ; 10.000     ; 30.000     ;
+--------+-----------+------------+--------------+-------------+--------------+------------+------------+


+----------------------------------------------------------------------------------------------------+
; Removal: 'del_1_low'                                                                               ;
+--------+-----------+---------+--------------+-------------+--------------+------------+------------+
; Slack  ; From Node ; To Node ; Launch Clock ; Latch Clock ; Relationship ; Clock Skew ; Data Delay ;
+--------+-----------+---------+--------------+-------------+--------------+------------+------------+
; 16.000 ; tp3       ; n_t_1x  ; tp3          ; del_1_low   ; 0.000        ; 10.000     ; 30.000     ;
; 16.000 ; md10_low  ; n_t_1x  ; md10_low     ; del_1_low   ; 0.000        ; 10.000     ; 30.000     ;
; 16.000 ; md9_low   ; n_t_1x  ; md9_low      ; del_1_low   ; 0.000        ; 10.000     ; 30.000     ;
; 16.000 ; pause_low ; n_t_1x  ; pause_low    ; del_1_low   ; 0.000        ; 10.000     ; 30.000     ;
; 16.000 ; md7_low   ; n_t_1x  ; md7_low      ; del_1_low   ; 0.000        ; 10.000     ; 30.000     ;
; 16.000 ; md6_low   ; n_t_1x  ; md6_low      ; del_1_low   ; 0.000        ; 10.000     ; 30.000     ;
; 16.000 ; md4_low   ; n_t_1x  ; md4_low      ; del_1_low   ; 0.000        ; 10.000     ; 30.000     ;
; 16.000 ; md3_low   ; n_t_1x  ; md3_low      ; del_1_low   ; 0.000        ; 10.000     ; 30.000     ;
; 16.000 ; md8_low   ; n_t_1x  ; md8_low      ; del_1_low   ; 0.000        ; 10.000     ; 30.000     ;
; 16.000 ; md5_low   ; n_t_1x  ; md5_low      ; del_1_low   ; 0.000        ; 10.000     ; 30.000     ;
; 16.000 ; md11_low  ; n_t_1x  ; md11_low     ; del_1_low   ; 0.000        ; 10.000     ; 30.000     ;
; 16.500 ; tp3       ; n_t_1x  ; tp3          ; del_1_low   ; -0.500       ; 10.000     ; 30.000     ;
; 16.500 ; md10_low  ; n_t_1x  ; md10_low     ; del_1_low   ; -0.500       ; 10.000     ; 30.000     ;
; 16.500 ; md9_low   ; n_t_1x  ; md9_low      ; del_1_low   ; -0.500       ; 10.000     ; 30.000     ;
; 16.500 ; pause_low ; n_t_1x  ; pause_low    ; del_1_low   ; -0.500       ; 10.000     ; 30.000     ;
; 16.500 ; md7_low   ; n_t_1x  ; md7_low      ; del_1_low   ; -0.500       ; 10.000     ; 30.000     ;
; 16.500 ; md6_low   ; n_t_1x  ; md6_low      ; del_1_low   ; -0.500       ; 10.000     ; 30.000     ;
; 16.500 ; md4_low   ; n_t_1x  ; md4_low      ; del_1_low   ; -0.500       ; 10.000     ; 30.000     ;
; 16.500 ; md3_low   ; n_t_1x  ; md3_low      ; del_1_low   ; -0.500       ; 10.000     ; 30.000     ;
; 16.500 ; md8_low   ; n_t_1x  ; md8_low      ; del_1_low   ; -0.500       ; 10.000     ; 30.000     ;
; 16.500 ; md5_low   ; n_t_1x  ; md5_low      ; del_1_low   ; -0.500       ; 10.000     ; 30.000     ;
; 16.500 ; md11_low  ; n_t_1x  ; md11_low     ; del_1_low   ; -0.500       ; 10.000     ; 30.000     ;
; 25.000 ; erase     ; n_t_1x  ; tp3          ; del_1_low   ; 0.000        ; 0.000      ; 29.000     ;
; 25.000 ; erase     ; n_t_1x  ; md10_low     ; del_1_low   ; 0.000        ; 0.000      ; 29.000     ;
; 25.000 ; erase     ; n_t_1x  ; md9_low      ; del_1_low   ; 0.000        ; 0.000      ; 29.000     ;
; 25.000 ; erase     ; n_t_1x  ; pause_low    ; del_1_low   ; 0.000        ; 0.000      ; 29.000     ;
; 25.000 ; erase     ; n_t_1x  ; md7_low      ; del_1_low   ; 0.000        ; 0.000      ; 29.000     ;
; 25.000 ; erase     ; n_t_1x  ; md6_low      ; del_1_low   ; 0.000        ; 0.000      ; 29.000     ;
; 25.000 ; erase     ; n_t_1x  ; md4_low      ; del_1_low   ; 0.000        ; 0.000      ; 29.000     ;
; 25.000 ; erase     ; n_t_1x  ; md3_low      ; del_1_low   ; 0.000        ; 0.000      ; 29.000     ;
; 25.000 ; erase     ; n_t_1x  ; md8_low      ; del_1_low   ; 0.000        ; 0.000      ; 29.000     ;
; 25.000 ; erase     ; n_t_1x  ; md5_low      ; del_1_low   ; 0.000        ; 0.000      ; 29.000     ;
; 25.000 ; erase     ; n_t_1x  ; md11_low     ; del_1_low   ; 0.000        ; 0.000      ; 29.000     ;
+--------+-----------+---------+--------------+-------------+--------------+------------+------------+


+----------------------------------------------------------------------------------------------------+
; Removal: 'grn_delay'                                                                               ;
+--------+-----------+---------+--------------+-------------+--------------+------------+------------+
; Slack  ; From Node ; To Node ; Launch Clock ; Latch Clock ; Relationship ; Clock Skew ; Data Delay ;
+--------+-----------+---------+--------------+-------------+--------------+------------+------------+
; 16.000 ; tp3       ; n_t_1x  ; tp3          ; grn_delay   ; 0.000        ; 10.000     ; 30.000     ;
; 16.000 ; md10_low  ; n_t_1x  ; md10_low     ; grn_delay   ; 0.000        ; 10.000     ; 30.000     ;
; 16.000 ; md9_low   ; n_t_1x  ; md9_low      ; grn_delay   ; 0.000        ; 10.000     ; 30.000     ;
; 16.000 ; pause_low ; n_t_1x  ; pause_low    ; grn_delay   ; 0.000        ; 10.000     ; 30.000     ;
; 16.000 ; md7_low   ; n_t_1x  ; md7_low      ; grn_delay   ; 0.000        ; 10.000     ; 30.000     ;
; 16.000 ; md6_low   ; n_t_1x  ; md6_low      ; grn_delay   ; 0.000        ; 10.000     ; 30.000     ;
; 16.000 ; md4_low   ; n_t_1x  ; md4_low      ; grn_delay   ; 0.000        ; 10.000     ; 30.000     ;
; 16.000 ; md3_low   ; n_t_1x  ; md3_low      ; grn_delay   ; 0.000        ; 10.000     ; 30.000     ;
; 16.000 ; md8_low   ; n_t_1x  ; md8_low      ; grn_delay   ; 0.000        ; 10.000     ; 30.000     ;
; 16.000 ; md5_low   ; n_t_1x  ; md5_low      ; grn_delay   ; 0.000        ; 10.000     ; 30.000     ;
; 16.000 ; md11_low  ; n_t_1x  ; md11_low     ; grn_delay   ; 0.000        ; 10.000     ; 30.000     ;
; 16.500 ; tp3       ; n_t_1x  ; tp3          ; grn_delay   ; -0.500       ; 10.000     ; 30.000     ;
; 16.500 ; md10_low  ; n_t_1x  ; md10_low     ; grn_delay   ; -0.500       ; 10.000     ; 30.000     ;
; 16.500 ; md9_low   ; n_t_1x  ; md9_low      ; grn_delay   ; -0.500       ; 10.000     ; 30.000     ;
; 16.500 ; pause_low ; n_t_1x  ; pause_low    ; grn_delay   ; -0.500       ; 10.000     ; 30.000     ;
; 16.500 ; md7_low   ; n_t_1x  ; md7_low      ; grn_delay   ; -0.500       ; 10.000     ; 30.000     ;
; 16.500 ; md6_low   ; n_t_1x  ; md6_low      ; grn_delay   ; -0.500       ; 10.000     ; 30.000     ;
; 16.500 ; md4_low   ; n_t_1x  ; md4_low      ; grn_delay   ; -0.500       ; 10.000     ; 30.000     ;
; 16.500 ; md3_low   ; n_t_1x  ; md3_low      ; grn_delay   ; -0.500       ; 10.000     ; 30.000     ;
; 16.500 ; md8_low   ; n_t_1x  ; md8_low      ; grn_delay   ; -0.500       ; 10.000     ; 30.000     ;
; 16.500 ; md5_low   ; n_t_1x  ; md5_low      ; grn_delay   ; -0.500       ; 10.000     ; 30.000     ;
; 16.500 ; md11_low  ; n_t_1x  ; md11_low     ; grn_delay   ; -0.500       ; 10.000     ; 30.000     ;
; 25.000 ; erase     ; n_t_1x  ; tp3          ; grn_delay   ; 0.000        ; 0.000      ; 29.000     ;
; 25.000 ; erase     ; n_t_1x  ; md10_low     ; grn_delay   ; 0.000        ; 0.000      ; 29.000     ;
; 25.000 ; erase     ; n_t_1x  ; md9_low      ; grn_delay   ; 0.000        ; 0.000      ; 29.000     ;
; 25.000 ; erase     ; n_t_1x  ; pause_low    ; grn_delay   ; 0.000        ; 0.000      ; 29.000     ;
; 25.000 ; erase     ; n_t_1x  ; md7_low      ; grn_delay   ; 0.000        ; 0.000      ; 29.000     ;
; 25.000 ; erase     ; n_t_1x  ; md6_low      ; grn_delay   ; 0.000        ; 0.000      ; 29.000     ;
; 25.000 ; erase     ; n_t_1x  ; md4_low      ; grn_delay   ; 0.000        ; 0.000      ; 29.000     ;
; 25.000 ; erase     ; n_t_1x  ; md3_low      ; grn_delay   ; 0.000        ; 0.000      ; 29.000     ;
; 25.000 ; erase     ; n_t_1x  ; md8_low      ; grn_delay   ; 0.000        ; 0.000      ; 29.000     ;
; 25.000 ; erase     ; n_t_1x  ; md5_low      ; grn_delay   ; 0.000        ; 0.000      ; 29.000     ;
; 25.000 ; erase     ; n_t_1x  ; md11_low     ; grn_delay   ; 0.000        ; 0.000      ; 29.000     ;
+--------+-----------+---------+--------------+-------------+--------------+------------+------------+


+----------------------------------------------------------------------------------------------------+
; Removal: 'ld_del_low'                                                                              ;
+--------+-----------+---------+--------------+-------------+--------------+------------+------------+
; Slack  ; From Node ; To Node ; Launch Clock ; Latch Clock ; Relationship ; Clock Skew ; Data Delay ;
+--------+-----------+---------+--------------+-------------+--------------+------------+------------+
; 16.000 ; tp3       ; n_t_1x  ; tp3          ; ld_del_low  ; 0.000        ; 10.000     ; 30.000     ;
; 16.000 ; md10_low  ; n_t_1x  ; md10_low     ; ld_del_low  ; 0.000        ; 10.000     ; 30.000     ;
; 16.000 ; md9_low   ; n_t_1x  ; md9_low      ; ld_del_low  ; 0.000        ; 10.000     ; 30.000     ;
; 16.000 ; pause_low ; n_t_1x  ; pause_low    ; ld_del_low  ; 0.000        ; 10.000     ; 30.000     ;
; 16.000 ; md7_low   ; n_t_1x  ; md7_low      ; ld_del_low  ; 0.000        ; 10.000     ; 30.000     ;
; 16.000 ; md6_low   ; n_t_1x  ; md6_low      ; ld_del_low  ; 0.000        ; 10.000     ; 30.000     ;
; 16.000 ; md4_low   ; n_t_1x  ; md4_low      ; ld_del_low  ; 0.000        ; 10.000     ; 30.000     ;
; 16.000 ; md3_low   ; n_t_1x  ; md3_low      ; ld_del_low  ; 0.000        ; 10.000     ; 30.000     ;
; 16.000 ; md8_low   ; n_t_1x  ; md8_low      ; ld_del_low  ; 0.000        ; 10.000     ; 30.000     ;
; 16.000 ; md5_low   ; n_t_1x  ; md5_low      ; ld_del_low  ; 0.000        ; 10.000     ; 30.000     ;
; 16.000 ; md11_low  ; n_t_1x  ; md11_low     ; ld_del_low  ; 0.000        ; 10.000     ; 30.000     ;
; 16.500 ; tp3       ; n_t_1x  ; tp3          ; ld_del_low  ; -0.500       ; 10.000     ; 30.000     ;
; 16.500 ; md10_low  ; n_t_1x  ; md10_low     ; ld_del_low  ; -0.500       ; 10.000     ; 30.000     ;
; 16.500 ; md9_low   ; n_t_1x  ; md9_low      ; ld_del_low  ; -0.500       ; 10.000     ; 30.000     ;
; 16.500 ; pause_low ; n_t_1x  ; pause_low    ; ld_del_low  ; -0.500       ; 10.000     ; 30.000     ;
; 16.500 ; md7_low   ; n_t_1x  ; md7_low      ; ld_del_low  ; -0.500       ; 10.000     ; 30.000     ;
; 16.500 ; md6_low   ; n_t_1x  ; md6_low      ; ld_del_low  ; -0.500       ; 10.000     ; 30.000     ;
; 16.500 ; md4_low   ; n_t_1x  ; md4_low      ; ld_del_low  ; -0.500       ; 10.000     ; 30.000     ;
; 16.500 ; md3_low   ; n_t_1x  ; md3_low      ; ld_del_low  ; -0.500       ; 10.000     ; 30.000     ;
; 16.500 ; md8_low   ; n_t_1x  ; md8_low      ; ld_del_low  ; -0.500       ; 10.000     ; 30.000     ;
; 16.500 ; md5_low   ; n_t_1x  ; md5_low      ; ld_del_low  ; -0.500       ; 10.000     ; 30.000     ;
; 16.500 ; md11_low  ; n_t_1x  ; md11_low     ; ld_del_low  ; -0.500       ; 10.000     ; 30.000     ;
; 25.000 ; erase     ; n_t_1x  ; tp3          ; ld_del_low  ; 0.000        ; 0.000      ; 29.000     ;
; 25.000 ; erase     ; n_t_1x  ; md10_low     ; ld_del_low  ; 0.000        ; 0.000      ; 29.000     ;
; 25.000 ; erase     ; n_t_1x  ; md9_low      ; ld_del_low  ; 0.000        ; 0.000      ; 29.000     ;
; 25.000 ; erase     ; n_t_1x  ; pause_low    ; ld_del_low  ; 0.000        ; 0.000      ; 29.000     ;
; 25.000 ; erase     ; n_t_1x  ; md7_low      ; ld_del_low  ; 0.000        ; 0.000      ; 29.000     ;
; 25.000 ; erase     ; n_t_1x  ; md6_low      ; ld_del_low  ; 0.000        ; 0.000      ; 29.000     ;
; 25.000 ; erase     ; n_t_1x  ; md4_low      ; ld_del_low  ; 0.000        ; 0.000      ; 29.000     ;
; 25.000 ; erase     ; n_t_1x  ; md3_low      ; ld_del_low  ; 0.000        ; 0.000      ; 29.000     ;
; 25.000 ; erase     ; n_t_1x  ; md8_low      ; ld_del_low  ; 0.000        ; 0.000      ; 29.000     ;
; 25.000 ; erase     ; n_t_1x  ; md5_low      ; ld_del_low  ; 0.000        ; 0.000      ; 29.000     ;
; 25.000 ; erase     ; n_t_1x  ; md11_low     ; ld_del_low  ; 0.000        ; 0.000      ; 29.000     ;
+--------+-----------+---------+--------------+-------------+--------------+------------+------------+


+----------------------------------------------------------------------------------------------------+
; Removal: 'red_delay'                                                                               ;
+--------+-----------+---------+--------------+-------------+--------------+------------+------------+
; Slack  ; From Node ; To Node ; Launch Clock ; Latch Clock ; Relationship ; Clock Skew ; Data Delay ;
+--------+-----------+---------+--------------+-------------+--------------+------------+------------+
; 16.000 ; tp3       ; n_t_1x  ; tp3          ; red_delay   ; 0.000        ; 10.000     ; 30.000     ;
; 16.000 ; md10_low  ; n_t_1x  ; md10_low     ; red_delay   ; 0.000        ; 10.000     ; 30.000     ;
; 16.000 ; md9_low   ; n_t_1x  ; md9_low      ; red_delay   ; 0.000        ; 10.000     ; 30.000     ;
; 16.000 ; pause_low ; n_t_1x  ; pause_low    ; red_delay   ; 0.000        ; 10.000     ; 30.000     ;
; 16.000 ; md7_low   ; n_t_1x  ; md7_low      ; red_delay   ; 0.000        ; 10.000     ; 30.000     ;
; 16.000 ; md6_low   ; n_t_1x  ; md6_low      ; red_delay   ; 0.000        ; 10.000     ; 30.000     ;
; 16.000 ; md4_low   ; n_t_1x  ; md4_low      ; red_delay   ; 0.000        ; 10.000     ; 30.000     ;
; 16.000 ; md3_low   ; n_t_1x  ; md3_low      ; red_delay   ; 0.000        ; 10.000     ; 30.000     ;
; 16.000 ; md8_low   ; n_t_1x  ; md8_low      ; red_delay   ; 0.000        ; 10.000     ; 30.000     ;
; 16.000 ; md5_low   ; n_t_1x  ; md5_low      ; red_delay   ; 0.000        ; 10.000     ; 30.000     ;
; 16.000 ; md11_low  ; n_t_1x  ; md11_low     ; red_delay   ; 0.000        ; 10.000     ; 30.000     ;
; 16.500 ; tp3       ; n_t_1x  ; tp3          ; red_delay   ; -0.500       ; 10.000     ; 30.000     ;
; 16.500 ; md10_low  ; n_t_1x  ; md10_low     ; red_delay   ; -0.500       ; 10.000     ; 30.000     ;
; 16.500 ; md9_low   ; n_t_1x  ; md9_low      ; red_delay   ; -0.500       ; 10.000     ; 30.000     ;
; 16.500 ; pause_low ; n_t_1x  ; pause_low    ; red_delay   ; -0.500       ; 10.000     ; 30.000     ;
; 16.500 ; md7_low   ; n_t_1x  ; md7_low      ; red_delay   ; -0.500       ; 10.000     ; 30.000     ;
; 16.500 ; md6_low   ; n_t_1x  ; md6_low      ; red_delay   ; -0.500       ; 10.000     ; 30.000     ;
; 16.500 ; md4_low   ; n_t_1x  ; md4_low      ; red_delay   ; -0.500       ; 10.000     ; 30.000     ;
; 16.500 ; md3_low   ; n_t_1x  ; md3_low      ; red_delay   ; -0.500       ; 10.000     ; 30.000     ;
; 16.500 ; md8_low   ; n_t_1x  ; md8_low      ; red_delay   ; -0.500       ; 10.000     ; 30.000     ;
; 16.500 ; md5_low   ; n_t_1x  ; md5_low      ; red_delay   ; -0.500       ; 10.000     ; 30.000     ;
; 16.500 ; md11_low  ; n_t_1x  ; md11_low     ; red_delay   ; -0.500       ; 10.000     ; 30.000     ;
; 25.000 ; erase     ; n_t_1x  ; tp3          ; red_delay   ; 0.000        ; 0.000      ; 29.000     ;
; 25.000 ; erase     ; n_t_1x  ; md10_low     ; red_delay   ; 0.000        ; 0.000      ; 29.000     ;
; 25.000 ; erase     ; n_t_1x  ; md9_low      ; red_delay   ; 0.000        ; 0.000      ; 29.000     ;
; 25.000 ; erase     ; n_t_1x  ; pause_low    ; red_delay   ; 0.000        ; 0.000      ; 29.000     ;
; 25.000 ; erase     ; n_t_1x  ; md7_low      ; red_delay   ; 0.000        ; 0.000      ; 29.000     ;
; 25.000 ; erase     ; n_t_1x  ; md6_low      ; red_delay   ; 0.000        ; 0.000      ; 29.000     ;
; 25.000 ; erase     ; n_t_1x  ; md4_low      ; red_delay   ; 0.000        ; 0.000      ; 29.000     ;
; 25.000 ; erase     ; n_t_1x  ; md3_low      ; red_delay   ; 0.000        ; 0.000      ; 29.000     ;
; 25.000 ; erase     ; n_t_1x  ; md8_low      ; red_delay   ; 0.000        ; 0.000      ; 29.000     ;
; 25.000 ; erase     ; n_t_1x  ; md5_low      ; red_delay   ; 0.000        ; 0.000      ; 29.000     ;
; 25.000 ; erase     ; n_t_1x  ; md11_low     ; red_delay   ; 0.000        ; 0.000      ; 29.000     ;
+--------+-----------+---------+--------------+-------------+--------------+------------+------------+


+----------------------------------------------------------------------------------------------------+
; Removal: 'set_done'                                                                                ;
+--------+-----------+---------+--------------+-------------+--------------+------------+------------+
; Slack  ; From Node ; To Node ; Launch Clock ; Latch Clock ; Relationship ; Clock Skew ; Data Delay ;
+--------+-----------+---------+--------------+-------------+--------------+------------+------------+
; 16.000 ; tp3       ; n_t_1x  ; tp3          ; set_done    ; 0.000        ; 10.000     ; 30.000     ;
; 16.000 ; md10_low  ; n_t_1x  ; md10_low     ; set_done    ; 0.000        ; 10.000     ; 30.000     ;
; 16.000 ; md9_low   ; n_t_1x  ; md9_low      ; set_done    ; 0.000        ; 10.000     ; 30.000     ;
; 16.000 ; pause_low ; n_t_1x  ; pause_low    ; set_done    ; 0.000        ; 10.000     ; 30.000     ;
; 16.000 ; md7_low   ; n_t_1x  ; md7_low      ; set_done    ; 0.000        ; 10.000     ; 30.000     ;
; 16.000 ; md6_low   ; n_t_1x  ; md6_low      ; set_done    ; 0.000        ; 10.000     ; 30.000     ;
; 16.000 ; md4_low   ; n_t_1x  ; md4_low      ; set_done    ; 0.000        ; 10.000     ; 30.000     ;
; 16.000 ; md3_low   ; n_t_1x  ; md3_low      ; set_done    ; 0.000        ; 10.000     ; 30.000     ;
; 16.000 ; md8_low   ; n_t_1x  ; md8_low      ; set_done    ; 0.000        ; 10.000     ; 30.000     ;
; 16.000 ; md5_low   ; n_t_1x  ; md5_low      ; set_done    ; 0.000        ; 10.000     ; 30.000     ;
; 16.000 ; md11_low  ; n_t_1x  ; md11_low     ; set_done    ; 0.000        ; 10.000     ; 30.000     ;
; 16.500 ; tp3       ; n_t_1x  ; tp3          ; set_done    ; -0.500       ; 10.000     ; 30.000     ;
; 16.500 ; md10_low  ; n_t_1x  ; md10_low     ; set_done    ; -0.500       ; 10.000     ; 30.000     ;
; 16.500 ; md9_low   ; n_t_1x  ; md9_low      ; set_done    ; -0.500       ; 10.000     ; 30.000     ;
; 16.500 ; pause_low ; n_t_1x  ; pause_low    ; set_done    ; -0.500       ; 10.000     ; 30.000     ;
; 16.500 ; md7_low   ; n_t_1x  ; md7_low      ; set_done    ; -0.500       ; 10.000     ; 30.000     ;
; 16.500 ; md6_low   ; n_t_1x  ; md6_low      ; set_done    ; -0.500       ; 10.000     ; 30.000     ;
; 16.500 ; md4_low   ; n_t_1x  ; md4_low      ; set_done    ; -0.500       ; 10.000     ; 30.000     ;
; 16.500 ; md3_low   ; n_t_1x  ; md3_low      ; set_done    ; -0.500       ; 10.000     ; 30.000     ;
; 16.500 ; md8_low   ; n_t_1x  ; md8_low      ; set_done    ; -0.500       ; 10.000     ; 30.000     ;
; 16.500 ; md5_low   ; n_t_1x  ; md5_low      ; set_done    ; -0.500       ; 10.000     ; 30.000     ;
; 16.500 ; md11_low  ; n_t_1x  ; md11_low     ; set_done    ; -0.500       ; 10.000     ; 30.000     ;
; 25.000 ; erase     ; n_t_1x  ; tp3          ; set_done    ; 0.000        ; 0.000      ; 29.000     ;
; 25.000 ; erase     ; n_t_1x  ; md10_low     ; set_done    ; 0.000        ; 0.000      ; 29.000     ;
; 25.000 ; erase     ; n_t_1x  ; md9_low      ; set_done    ; 0.000        ; 0.000      ; 29.000     ;
; 25.000 ; erase     ; n_t_1x  ; pause_low    ; set_done    ; 0.000        ; 0.000      ; 29.000     ;
; 25.000 ; erase     ; n_t_1x  ; md7_low      ; set_done    ; 0.000        ; 0.000      ; 29.000     ;
; 25.000 ; erase     ; n_t_1x  ; md6_low      ; set_done    ; 0.000        ; 0.000      ; 29.000     ;
; 25.000 ; erase     ; n_t_1x  ; md4_low      ; set_done    ; 0.000        ; 0.000      ; 29.000     ;
; 25.000 ; erase     ; n_t_1x  ; md3_low      ; set_done    ; 0.000        ; 0.000      ; 29.000     ;
; 25.000 ; erase     ; n_t_1x  ; md8_low      ; set_done    ; 0.000        ; 0.000      ; 29.000     ;
; 25.000 ; erase     ; n_t_1x  ; md5_low      ; set_done    ; 0.000        ; 0.000      ; 29.000     ;
; 25.000 ; erase     ; n_t_1x  ; md11_low     ; set_done    ; 0.000        ; 0.000      ; 29.000     ;
+--------+-----------+---------+--------------+-------------+--------------+------------+------------+


+------------------------------------------------------------------------------------------------------+
; Minimum Pulse Width: 'md10_low'                                                                      ;
+--------+--------------+----------------+------------------+----------+------------+------------------+
; Slack  ; Actual Width ; Required Width ; Type             ; Clock    ; Clock Edge ; Target           ;
+--------+--------------+----------------+------------------+----------+------------+------------------+
; -5.500 ; 0.500        ; 6.000          ; High Pulse Width ; md10_low ; Rise       ; chan             ;
; -5.500 ; 0.500        ; 6.000          ; Low Pulse Width  ; md10_low ; Rise       ; chan             ;
; -5.500 ; 0.500        ; 6.000          ; High Pulse Width ; md10_low ; Rise       ; color            ;
; -5.500 ; 0.500        ; 6.000          ; Low Pulse Width  ; md10_low ; Rise       ; color            ;
; -5.500 ; 0.500        ; 6.000          ; High Pulse Width ; md10_low ; Rise       ; erase            ;
; -5.500 ; 0.500        ; 6.000          ; Low Pulse Width  ; md10_low ; Rise       ; erase            ;
; -5.500 ; 0.500        ; 6.000          ; High Pulse Width ; md10_low ; Rise       ; int_en           ;
; -5.500 ; 0.500        ; 6.000          ; Low Pulse Width  ; md10_low ; Rise       ; int_en           ;
; -5.500 ; 0.500        ; 6.000          ; High Pulse Width ; md10_low ; Rise       ; store            ;
; -5.500 ; 0.500        ; 6.000          ; Low Pulse Width  ; md10_low ; Rise       ; store            ;
; -5.500 ; 0.500        ; 6.000          ; High Pulse Width ; md10_low ; Rise       ; write_thru       ;
; -5.500 ; 0.500        ; 6.000          ; Low Pulse Width  ; md10_low ; Rise       ; write_thru       ;
; 0.500  ; 0.500        ; 0.000          ; High Pulse Width ; md10_low ; Rise       ; chan|[10]        ;
; 0.500  ; 0.500        ; 0.000          ; Low Pulse Width  ; md10_low ; Rise       ; chan|[10]        ;
; 0.500  ; 0.500        ; 0.000          ; High Pulse Width ; md10_low ; Rise       ; color|[10]       ;
; 0.500  ; 0.500        ; 0.000          ; Low Pulse Width  ; md10_low ; Rise       ; color|[10]       ;
; 0.500  ; 0.500        ; 0.000          ; High Pulse Width ; md10_low ; Rise       ; erase|[10]       ;
; 0.500  ; 0.500        ; 0.000          ; Low Pulse Width  ; md10_low ; Rise       ; erase|[10]       ;
; 0.500  ; 0.500        ; 0.000          ; High Pulse Width ; md10_low ; Rise       ; int_en|[10]      ;
; 0.500  ; 0.500        ; 0.000          ; Low Pulse Width  ; md10_low ; Rise       ; int_en|[10]      ;
; 0.500  ; 0.500        ; 0.000          ; High Pulse Width ; md10_low ; Rise       ; md10_low|dataout ;
; 0.500  ; 0.500        ; 0.000          ; Low Pulse Width  ; md10_low ; Rise       ; md10_low|dataout ;
; 0.500  ; 0.500        ; 0.000          ; High Pulse Width ; md10_low ; Rise       ; store|[10]       ;
; 0.500  ; 0.500        ; 0.000          ; Low Pulse Width  ; md10_low ; Rise       ; store|[10]       ;
; 0.500  ; 0.500        ; 0.000          ; High Pulse Width ; md10_low ; Rise       ; write_thru|[10]  ;
; 0.500  ; 0.500        ; 0.000          ; Low Pulse Width  ; md10_low ; Rise       ; write_thru|[10]  ;
+--------+--------------+----------------+------------------+----------+------------+------------------+


+------------------------------------------------------------------------------------------------------+
; Minimum Pulse Width: 'md11_low'                                                                      ;
+--------+--------------+----------------+------------------+----------+------------+------------------+
; Slack  ; Actual Width ; Required Width ; Type             ; Clock    ; Clock Edge ; Target           ;
+--------+--------------+----------------+------------------+----------+------------+------------------+
; -5.500 ; 0.500        ; 6.000          ; High Pulse Width ; md11_low ; Rise       ; chan             ;
; -5.500 ; 0.500        ; 6.000          ; Low Pulse Width  ; md11_low ; Rise       ; chan             ;
; -5.500 ; 0.500        ; 6.000          ; High Pulse Width ; md11_low ; Rise       ; color            ;
; -5.500 ; 0.500        ; 6.000          ; Low Pulse Width  ; md11_low ; Rise       ; color            ;
; -5.500 ; 0.500        ; 6.000          ; High Pulse Width ; md11_low ; Rise       ; erase            ;
; -5.500 ; 0.500        ; 6.000          ; Low Pulse Width  ; md11_low ; Rise       ; erase            ;
; -5.500 ; 0.500        ; 6.000          ; High Pulse Width ; md11_low ; Rise       ; int_en           ;
; -5.500 ; 0.500        ; 6.000          ; Low Pulse Width  ; md11_low ; Rise       ; int_en           ;
; -5.500 ; 0.500        ; 6.000          ; High Pulse Width ; md11_low ; Rise       ; store            ;
; -5.500 ; 0.500        ; 6.000          ; Low Pulse Width  ; md11_low ; Rise       ; store            ;
; -5.500 ; 0.500        ; 6.000          ; High Pulse Width ; md11_low ; Rise       ; write_thru       ;
; -5.500 ; 0.500        ; 6.000          ; Low Pulse Width  ; md11_low ; Rise       ; write_thru       ;
; 0.500  ; 0.500        ; 0.000          ; High Pulse Width ; md11_low ; Rise       ; chan|[0]         ;
; 0.500  ; 0.500        ; 0.000          ; Low Pulse Width  ; md11_low ; Rise       ; chan|[0]         ;
; 0.500  ; 0.500        ; 0.000          ; High Pulse Width ; md11_low ; Rise       ; color|[0]        ;
; 0.500  ; 0.500        ; 0.000          ; Low Pulse Width  ; md11_low ; Rise       ; color|[0]        ;
; 0.500  ; 0.500        ; 0.000          ; High Pulse Width ; md11_low ; Rise       ; erase|[0]        ;
; 0.500  ; 0.500        ; 0.000          ; Low Pulse Width  ; md11_low ; Rise       ; erase|[0]        ;
; 0.500  ; 0.500        ; 0.000          ; High Pulse Width ; md11_low ; Rise       ; int_en|[0]       ;
; 0.500  ; 0.500        ; 0.000          ; Low Pulse Width  ; md11_low ; Rise       ; int_en|[0]       ;
; 0.500  ; 0.500        ; 0.000          ; High Pulse Width ; md11_low ; Rise       ; md11_low|dataout ;
; 0.500  ; 0.500        ; 0.000          ; Low Pulse Width  ; md11_low ; Rise       ; md11_low|dataout ;
; 0.500  ; 0.500        ; 0.000          ; High Pulse Width ; md11_low ; Rise       ; store|[0]        ;
; 0.500  ; 0.500        ; 0.000          ; Low Pulse Width  ; md11_low ; Rise       ; store|[0]        ;
; 0.500  ; 0.500        ; 0.000          ; High Pulse Width ; md11_low ; Rise       ; write_thru|[0]   ;
; 0.500  ; 0.500        ; 0.000          ; Low Pulse Width  ; md11_low ; Rise       ; write_thru|[0]   ;
+--------+--------------+----------------+------------------+----------+------------+------------------+


+----------------------------------------------------------------------------------------------------+
; Minimum Pulse Width: 'md3_low'                                                                     ;
+--------+--------------+----------------+------------------+---------+------------+-----------------+
; Slack  ; Actual Width ; Required Width ; Type             ; Clock   ; Clock Edge ; Target          ;
+--------+--------------+----------------+------------------+---------+------------+-----------------+
; -5.500 ; 0.500        ; 6.000          ; High Pulse Width ; md3_low ; Rise       ; chan            ;
; -5.500 ; 0.500        ; 6.000          ; Low Pulse Width  ; md3_low ; Rise       ; chan            ;
; -5.500 ; 0.500        ; 6.000          ; High Pulse Width ; md3_low ; Rise       ; color           ;
; -5.500 ; 0.500        ; 6.000          ; Low Pulse Width  ; md3_low ; Rise       ; color           ;
; -5.500 ; 0.500        ; 6.000          ; High Pulse Width ; md3_low ; Rise       ; erase           ;
; -5.500 ; 0.500        ; 6.000          ; Low Pulse Width  ; md3_low ; Rise       ; erase           ;
; -5.500 ; 0.500        ; 6.000          ; High Pulse Width ; md3_low ; Rise       ; int_en          ;
; -5.500 ; 0.500        ; 6.000          ; Low Pulse Width  ; md3_low ; Rise       ; int_en          ;
; -5.500 ; 0.500        ; 6.000          ; High Pulse Width ; md3_low ; Rise       ; store           ;
; -5.500 ; 0.500        ; 6.000          ; Low Pulse Width  ; md3_low ; Rise       ; store           ;
; -5.500 ; 0.500        ; 6.000          ; High Pulse Width ; md3_low ; Rise       ; write_thru      ;
; -5.500 ; 0.500        ; 6.000          ; Low Pulse Width  ; md3_low ; Rise       ; write_thru      ;
; 0.500  ; 0.500        ; 0.000          ; High Pulse Width ; md3_low ; Rise       ; chan|[4]        ;
; 0.500  ; 0.500        ; 0.000          ; Low Pulse Width  ; md3_low ; Rise       ; chan|[4]        ;
; 0.500  ; 0.500        ; 0.000          ; High Pulse Width ; md3_low ; Rise       ; color|[4]       ;
; 0.500  ; 0.500        ; 0.000          ; Low Pulse Width  ; md3_low ; Rise       ; color|[4]       ;
; 0.500  ; 0.500        ; 0.000          ; High Pulse Width ; md3_low ; Rise       ; erase|[4]       ;
; 0.500  ; 0.500        ; 0.000          ; Low Pulse Width  ; md3_low ; Rise       ; erase|[4]       ;
; 0.500  ; 0.500        ; 0.000          ; High Pulse Width ; md3_low ; Rise       ; int_en|[4]      ;
; 0.500  ; 0.500        ; 0.000          ; Low Pulse Width  ; md3_low ; Rise       ; int_en|[4]      ;
; 0.500  ; 0.500        ; 0.000          ; High Pulse Width ; md3_low ; Rise       ; md3_low|dataout ;
; 0.500  ; 0.500        ; 0.000          ; Low Pulse Width  ; md3_low ; Rise       ; md3_low|dataout ;
; 0.500  ; 0.500        ; 0.000          ; High Pulse Width ; md3_low ; Rise       ; store|[4]       ;
; 0.500  ; 0.500        ; 0.000          ; Low Pulse Width  ; md3_low ; Rise       ; store|[4]       ;
; 0.500  ; 0.500        ; 0.000          ; High Pulse Width ; md3_low ; Rise       ; write_thru|[4]  ;
; 0.500  ; 0.500        ; 0.000          ; Low Pulse Width  ; md3_low ; Rise       ; write_thru|[4]  ;
+--------+--------------+----------------+------------------+---------+------------+-----------------+


+----------------------------------------------------------------------------------------------------+
; Minimum Pulse Width: 'md4_low'                                                                     ;
+--------+--------------+----------------+------------------+---------+------------+-----------------+
; Slack  ; Actual Width ; Required Width ; Type             ; Clock   ; Clock Edge ; Target          ;
+--------+--------------+----------------+------------------+---------+------------+-----------------+
; -5.500 ; 0.500        ; 6.000          ; High Pulse Width ; md4_low ; Rise       ; chan            ;
; -5.500 ; 0.500        ; 6.000          ; Low Pulse Width  ; md4_low ; Rise       ; chan            ;
; -5.500 ; 0.500        ; 6.000          ; High Pulse Width ; md4_low ; Rise       ; color           ;
; -5.500 ; 0.500        ; 6.000          ; Low Pulse Width  ; md4_low ; Rise       ; color           ;
; -5.500 ; 0.500        ; 6.000          ; High Pulse Width ; md4_low ; Rise       ; erase           ;
; -5.500 ; 0.500        ; 6.000          ; Low Pulse Width  ; md4_low ; Rise       ; erase           ;
; -5.500 ; 0.500        ; 6.000          ; High Pulse Width ; md4_low ; Rise       ; int_en          ;
; -5.500 ; 0.500        ; 6.000          ; Low Pulse Width  ; md4_low ; Rise       ; int_en          ;
; -5.500 ; 0.500        ; 6.000          ; High Pulse Width ; md4_low ; Rise       ; store           ;
; -5.500 ; 0.500        ; 6.000          ; Low Pulse Width  ; md4_low ; Rise       ; store           ;
; -5.500 ; 0.500        ; 6.000          ; High Pulse Width ; md4_low ; Rise       ; write_thru      ;
; -5.500 ; 0.500        ; 6.000          ; Low Pulse Width  ; md4_low ; Rise       ; write_thru      ;
; 0.500  ; 0.500        ; 0.000          ; High Pulse Width ; md4_low ; Rise       ; chan|[5]        ;
; 0.500  ; 0.500        ; 0.000          ; Low Pulse Width  ; md4_low ; Rise       ; chan|[5]        ;
; 0.500  ; 0.500        ; 0.000          ; High Pulse Width ; md4_low ; Rise       ; color|[5]       ;
; 0.500  ; 0.500        ; 0.000          ; Low Pulse Width  ; md4_low ; Rise       ; color|[5]       ;
; 0.500  ; 0.500        ; 0.000          ; High Pulse Width ; md4_low ; Rise       ; erase|[5]       ;
; 0.500  ; 0.500        ; 0.000          ; Low Pulse Width  ; md4_low ; Rise       ; erase|[5]       ;
; 0.500  ; 0.500        ; 0.000          ; High Pulse Width ; md4_low ; Rise       ; int_en|[5]      ;
; 0.500  ; 0.500        ; 0.000          ; Low Pulse Width  ; md4_low ; Rise       ; int_en|[5]      ;
; 0.500  ; 0.500        ; 0.000          ; High Pulse Width ; md4_low ; Rise       ; md4_low|dataout ;
; 0.500  ; 0.500        ; 0.000          ; Low Pulse Width  ; md4_low ; Rise       ; md4_low|dataout ;
; 0.500  ; 0.500        ; 0.000          ; High Pulse Width ; md4_low ; Rise       ; store|[5]       ;
; 0.500  ; 0.500        ; 0.000          ; Low Pulse Width  ; md4_low ; Rise       ; store|[5]       ;
; 0.500  ; 0.500        ; 0.000          ; High Pulse Width ; md4_low ; Rise       ; write_thru|[5]  ;
; 0.500  ; 0.500        ; 0.000          ; Low Pulse Width  ; md4_low ; Rise       ; write_thru|[5]  ;
+--------+--------------+----------------+------------------+---------+------------+-----------------+


+----------------------------------------------------------------------------------------------------+
; Minimum Pulse Width: 'md5_low'                                                                     ;
+--------+--------------+----------------+------------------+---------+------------+-----------------+
; Slack  ; Actual Width ; Required Width ; Type             ; Clock   ; Clock Edge ; Target          ;
+--------+--------------+----------------+------------------+---------+------------+-----------------+
; -5.500 ; 0.500        ; 6.000          ; High Pulse Width ; md5_low ; Rise       ; chan            ;
; -5.500 ; 0.500        ; 6.000          ; Low Pulse Width  ; md5_low ; Rise       ; chan            ;
; -5.500 ; 0.500        ; 6.000          ; High Pulse Width ; md5_low ; Rise       ; color           ;
; -5.500 ; 0.500        ; 6.000          ; Low Pulse Width  ; md5_low ; Rise       ; color           ;
; -5.500 ; 0.500        ; 6.000          ; High Pulse Width ; md5_low ; Rise       ; erase           ;
; -5.500 ; 0.500        ; 6.000          ; Low Pulse Width  ; md5_low ; Rise       ; erase           ;
; -5.500 ; 0.500        ; 6.000          ; High Pulse Width ; md5_low ; Rise       ; int_en          ;
; -5.500 ; 0.500        ; 6.000          ; Low Pulse Width  ; md5_low ; Rise       ; int_en          ;
; -5.500 ; 0.500        ; 6.000          ; High Pulse Width ; md5_low ; Rise       ; store           ;
; -5.500 ; 0.500        ; 6.000          ; Low Pulse Width  ; md5_low ; Rise       ; store           ;
; -5.500 ; 0.500        ; 6.000          ; High Pulse Width ; md5_low ; Rise       ; write_thru      ;
; -5.500 ; 0.500        ; 6.000          ; Low Pulse Width  ; md5_low ; Rise       ; write_thru      ;
; 0.500  ; 0.500        ; 0.000          ; High Pulse Width ; md5_low ; Rise       ; chan|[2]        ;
; 0.500  ; 0.500        ; 0.000          ; Low Pulse Width  ; md5_low ; Rise       ; chan|[2]        ;
; 0.500  ; 0.500        ; 0.000          ; High Pulse Width ; md5_low ; Rise       ; color|[2]       ;
; 0.500  ; 0.500        ; 0.000          ; Low Pulse Width  ; md5_low ; Rise       ; color|[2]       ;
; 0.500  ; 0.500        ; 0.000          ; High Pulse Width ; md5_low ; Rise       ; erase|[2]       ;
; 0.500  ; 0.500        ; 0.000          ; Low Pulse Width  ; md5_low ; Rise       ; erase|[2]       ;
; 0.500  ; 0.500        ; 0.000          ; High Pulse Width ; md5_low ; Rise       ; int_en|[2]      ;
; 0.500  ; 0.500        ; 0.000          ; Low Pulse Width  ; md5_low ; Rise       ; int_en|[2]      ;
; 0.500  ; 0.500        ; 0.000          ; High Pulse Width ; md5_low ; Rise       ; md5_low|dataout ;
; 0.500  ; 0.500        ; 0.000          ; Low Pulse Width  ; md5_low ; Rise       ; md5_low|dataout ;
; 0.500  ; 0.500        ; 0.000          ; High Pulse Width ; md5_low ; Rise       ; store|[2]       ;
; 0.500  ; 0.500        ; 0.000          ; Low Pulse Width  ; md5_low ; Rise       ; store|[2]       ;
; 0.500  ; 0.500        ; 0.000          ; High Pulse Width ; md5_low ; Rise       ; write_thru|[2]  ;
; 0.500  ; 0.500        ; 0.000          ; Low Pulse Width  ; md5_low ; Rise       ; write_thru|[2]  ;
+--------+--------------+----------------+------------------+---------+------------+-----------------+


+----------------------------------------------------------------------------------------------------+
; Minimum Pulse Width: 'md6_low'                                                                     ;
+--------+--------------+----------------+------------------+---------+------------+-----------------+
; Slack  ; Actual Width ; Required Width ; Type             ; Clock   ; Clock Edge ; Target          ;
+--------+--------------+----------------+------------------+---------+------------+-----------------+
; -5.500 ; 0.500        ; 6.000          ; High Pulse Width ; md6_low ; Rise       ; chan            ;
; -5.500 ; 0.500        ; 6.000          ; Low Pulse Width  ; md6_low ; Rise       ; chan            ;
; -5.500 ; 0.500        ; 6.000          ; High Pulse Width ; md6_low ; Rise       ; color           ;
; -5.500 ; 0.500        ; 6.000          ; Low Pulse Width  ; md6_low ; Rise       ; color           ;
; -5.500 ; 0.500        ; 6.000          ; High Pulse Width ; md6_low ; Rise       ; erase           ;
; -5.500 ; 0.500        ; 6.000          ; Low Pulse Width  ; md6_low ; Rise       ; erase           ;
; -5.500 ; 0.500        ; 6.000          ; High Pulse Width ; md6_low ; Rise       ; int_en          ;
; -5.500 ; 0.500        ; 6.000          ; Low Pulse Width  ; md6_low ; Rise       ; int_en          ;
; -5.500 ; 0.500        ; 6.000          ; High Pulse Width ; md6_low ; Rise       ; store           ;
; -5.500 ; 0.500        ; 6.000          ; Low Pulse Width  ; md6_low ; Rise       ; store           ;
; -5.500 ; 0.500        ; 6.000          ; High Pulse Width ; md6_low ; Rise       ; write_thru      ;
; -5.500 ; 0.500        ; 6.000          ; Low Pulse Width  ; md6_low ; Rise       ; write_thru      ;
; 0.500  ; 0.500        ; 0.000          ; High Pulse Width ; md6_low ; Rise       ; chan|[6]        ;
; 0.500  ; 0.500        ; 0.000          ; Low Pulse Width  ; md6_low ; Rise       ; chan|[6]        ;
; 0.500  ; 0.500        ; 0.000          ; High Pulse Width ; md6_low ; Rise       ; color|[6]       ;
; 0.500  ; 0.500        ; 0.000          ; Low Pulse Width  ; md6_low ; Rise       ; color|[6]       ;
; 0.500  ; 0.500        ; 0.000          ; High Pulse Width ; md6_low ; Rise       ; erase|[6]       ;
; 0.500  ; 0.500        ; 0.000          ; Low Pulse Width  ; md6_low ; Rise       ; erase|[6]       ;
; 0.500  ; 0.500        ; 0.000          ; High Pulse Width ; md6_low ; Rise       ; int_en|[6]      ;
; 0.500  ; 0.500        ; 0.000          ; Low Pulse Width  ; md6_low ; Rise       ; int_en|[6]      ;
; 0.500  ; 0.500        ; 0.000          ; High Pulse Width ; md6_low ; Rise       ; md6_low|dataout ;
; 0.500  ; 0.500        ; 0.000          ; Low Pulse Width  ; md6_low ; Rise       ; md6_low|dataout ;
; 0.500  ; 0.500        ; 0.000          ; High Pulse Width ; md6_low ; Rise       ; store|[6]       ;
; 0.500  ; 0.500        ; 0.000          ; Low Pulse Width  ; md6_low ; Rise       ; store|[6]       ;
; 0.500  ; 0.500        ; 0.000          ; High Pulse Width ; md6_low ; Rise       ; write_thru|[6]  ;
; 0.500  ; 0.500        ; 0.000          ; Low Pulse Width  ; md6_low ; Rise       ; write_thru|[6]  ;
+--------+--------------+----------------+------------------+---------+------------+-----------------+


+----------------------------------------------------------------------------------------------------+
; Minimum Pulse Width: 'md7_low'                                                                     ;
+--------+--------------+----------------+------------------+---------+------------+-----------------+
; Slack  ; Actual Width ; Required Width ; Type             ; Clock   ; Clock Edge ; Target          ;
+--------+--------------+----------------+------------------+---------+------------+-----------------+
; -5.500 ; 0.500        ; 6.000          ; High Pulse Width ; md7_low ; Rise       ; chan            ;
; -5.500 ; 0.500        ; 6.000          ; Low Pulse Width  ; md7_low ; Rise       ; chan            ;
; -5.500 ; 0.500        ; 6.000          ; High Pulse Width ; md7_low ; Rise       ; color           ;
; -5.500 ; 0.500        ; 6.000          ; Low Pulse Width  ; md7_low ; Rise       ; color           ;
; -5.500 ; 0.500        ; 6.000          ; High Pulse Width ; md7_low ; Rise       ; erase           ;
; -5.500 ; 0.500        ; 6.000          ; Low Pulse Width  ; md7_low ; Rise       ; erase           ;
; -5.500 ; 0.500        ; 6.000          ; High Pulse Width ; md7_low ; Rise       ; int_en          ;
; -5.500 ; 0.500        ; 6.000          ; Low Pulse Width  ; md7_low ; Rise       ; int_en          ;
; -5.500 ; 0.500        ; 6.000          ; High Pulse Width ; md7_low ; Rise       ; store           ;
; -5.500 ; 0.500        ; 6.000          ; Low Pulse Width  ; md7_low ; Rise       ; store           ;
; -5.500 ; 0.500        ; 6.000          ; High Pulse Width ; md7_low ; Rise       ; write_thru      ;
; -5.500 ; 0.500        ; 6.000          ; Low Pulse Width  ; md7_low ; Rise       ; write_thru      ;
; 0.500  ; 0.500        ; 0.000          ; High Pulse Width ; md7_low ; Rise       ; chan|[7]        ;
; 0.500  ; 0.500        ; 0.000          ; Low Pulse Width  ; md7_low ; Rise       ; chan|[7]        ;
; 0.500  ; 0.500        ; 0.000          ; High Pulse Width ; md7_low ; Rise       ; color|[7]       ;
; 0.500  ; 0.500        ; 0.000          ; Low Pulse Width  ; md7_low ; Rise       ; color|[7]       ;
; 0.500  ; 0.500        ; 0.000          ; High Pulse Width ; md7_low ; Rise       ; erase|[7]       ;
; 0.500  ; 0.500        ; 0.000          ; Low Pulse Width  ; md7_low ; Rise       ; erase|[7]       ;
; 0.500  ; 0.500        ; 0.000          ; High Pulse Width ; md7_low ; Rise       ; int_en|[7]      ;
; 0.500  ; 0.500        ; 0.000          ; Low Pulse Width  ; md7_low ; Rise       ; int_en|[7]      ;
; 0.500  ; 0.500        ; 0.000          ; High Pulse Width ; md7_low ; Rise       ; md7_low|dataout ;
; 0.500  ; 0.500        ; 0.000          ; Low Pulse Width  ; md7_low ; Rise       ; md7_low|dataout ;
; 0.500  ; 0.500        ; 0.000          ; High Pulse Width ; md7_low ; Rise       ; store|[7]       ;
; 0.500  ; 0.500        ; 0.000          ; Low Pulse Width  ; md7_low ; Rise       ; store|[7]       ;
; 0.500  ; 0.500        ; 0.000          ; High Pulse Width ; md7_low ; Rise       ; write_thru|[7]  ;
; 0.500  ; 0.500        ; 0.000          ; Low Pulse Width  ; md7_low ; Rise       ; write_thru|[7]  ;
+--------+--------------+----------------+------------------+---------+------------+-----------------+


+----------------------------------------------------------------------------------------------------+
; Minimum Pulse Width: 'md8_low'                                                                     ;
+--------+--------------+----------------+------------------+---------+------------+-----------------+
; Slack  ; Actual Width ; Required Width ; Type             ; Clock   ; Clock Edge ; Target          ;
+--------+--------------+----------------+------------------+---------+------------+-----------------+
; -5.500 ; 0.500        ; 6.000          ; High Pulse Width ; md8_low ; Rise       ; chan            ;
; -5.500 ; 0.500        ; 6.000          ; Low Pulse Width  ; md8_low ; Rise       ; chan            ;
; -5.500 ; 0.500        ; 6.000          ; High Pulse Width ; md8_low ; Rise       ; color           ;
; -5.500 ; 0.500        ; 6.000          ; Low Pulse Width  ; md8_low ; Rise       ; color           ;
; -5.500 ; 0.500        ; 6.000          ; High Pulse Width ; md8_low ; Rise       ; erase           ;
; -5.500 ; 0.500        ; 6.000          ; Low Pulse Width  ; md8_low ; Rise       ; erase           ;
; -5.500 ; 0.500        ; 6.000          ; High Pulse Width ; md8_low ; Rise       ; int_en          ;
; -5.500 ; 0.500        ; 6.000          ; Low Pulse Width  ; md8_low ; Rise       ; int_en          ;
; -5.500 ; 0.500        ; 6.000          ; High Pulse Width ; md8_low ; Rise       ; store           ;
; -5.500 ; 0.500        ; 6.000          ; Low Pulse Width  ; md8_low ; Rise       ; store           ;
; -5.500 ; 0.500        ; 6.000          ; High Pulse Width ; md8_low ; Rise       ; write_thru      ;
; -5.500 ; 0.500        ; 6.000          ; Low Pulse Width  ; md8_low ; Rise       ; write_thru      ;
; 0.500  ; 0.500        ; 0.000          ; High Pulse Width ; md8_low ; Rise       ; chan|[3]        ;
; 0.500  ; 0.500        ; 0.000          ; Low Pulse Width  ; md8_low ; Rise       ; chan|[3]        ;
; 0.500  ; 0.500        ; 0.000          ; High Pulse Width ; md8_low ; Rise       ; color|[3]       ;
; 0.500  ; 0.500        ; 0.000          ; Low Pulse Width  ; md8_low ; Rise       ; color|[3]       ;
; 0.500  ; 0.500        ; 0.000          ; High Pulse Width ; md8_low ; Rise       ; erase|[3]       ;
; 0.500  ; 0.500        ; 0.000          ; Low Pulse Width  ; md8_low ; Rise       ; erase|[3]       ;
; 0.500  ; 0.500        ; 0.000          ; High Pulse Width ; md8_low ; Rise       ; int_en|[3]      ;
; 0.500  ; 0.500        ; 0.000          ; Low Pulse Width  ; md8_low ; Rise       ; int_en|[3]      ;
; 0.500  ; 0.500        ; 0.000          ; High Pulse Width ; md8_low ; Rise       ; md8_low|dataout ;
; 0.500  ; 0.500        ; 0.000          ; Low Pulse Width  ; md8_low ; Rise       ; md8_low|dataout ;
; 0.500  ; 0.500        ; 0.000          ; High Pulse Width ; md8_low ; Rise       ; store|[3]       ;
; 0.500  ; 0.500        ; 0.000          ; Low Pulse Width  ; md8_low ; Rise       ; store|[3]       ;
; 0.500  ; 0.500        ; 0.000          ; High Pulse Width ; md8_low ; Rise       ; write_thru|[3]  ;
; 0.500  ; 0.500        ; 0.000          ; Low Pulse Width  ; md8_low ; Rise       ; write_thru|[3]  ;
+--------+--------------+----------------+------------------+---------+------------+-----------------+


+----------------------------------------------------------------------------------------------------+
; Minimum Pulse Width: 'md9_low'                                                                     ;
+--------+--------------+----------------+------------------+---------+------------+-----------------+
; Slack  ; Actual Width ; Required Width ; Type             ; Clock   ; Clock Edge ; Target          ;
+--------+--------------+----------------+------------------+---------+------------+-----------------+
; -5.500 ; 0.500        ; 6.000          ; High Pulse Width ; md9_low ; Rise       ; chan            ;
; -5.500 ; 0.500        ; 6.000          ; Low Pulse Width  ; md9_low ; Rise       ; chan            ;
; -5.500 ; 0.500        ; 6.000          ; High Pulse Width ; md9_low ; Rise       ; color           ;
; -5.500 ; 0.500        ; 6.000          ; Low Pulse Width  ; md9_low ; Rise       ; color           ;
; -5.500 ; 0.500        ; 6.000          ; High Pulse Width ; md9_low ; Rise       ; erase           ;
; -5.500 ; 0.500        ; 6.000          ; Low Pulse Width  ; md9_low ; Rise       ; erase           ;
; -5.500 ; 0.500        ; 6.000          ; High Pulse Width ; md9_low ; Rise       ; int_en          ;
; -5.500 ; 0.500        ; 6.000          ; Low Pulse Width  ; md9_low ; Rise       ; int_en          ;
; -5.500 ; 0.500        ; 6.000          ; High Pulse Width ; md9_low ; Rise       ; store           ;
; -5.500 ; 0.500        ; 6.000          ; Low Pulse Width  ; md9_low ; Rise       ; store           ;
; -5.500 ; 0.500        ; 6.000          ; High Pulse Width ; md9_low ; Rise       ; write_thru      ;
; -5.500 ; 0.500        ; 6.000          ; Low Pulse Width  ; md9_low ; Rise       ; write_thru      ;
; 0.500  ; 0.500        ; 0.000          ; High Pulse Width ; md9_low ; Rise       ; chan|[9]        ;
; 0.500  ; 0.500        ; 0.000          ; Low Pulse Width  ; md9_low ; Rise       ; chan|[9]        ;
; 0.500  ; 0.500        ; 0.000          ; High Pulse Width ; md9_low ; Rise       ; color|[9]       ;
; 0.500  ; 0.500        ; 0.000          ; Low Pulse Width  ; md9_low ; Rise       ; color|[9]       ;
; 0.500  ; 0.500        ; 0.000          ; High Pulse Width ; md9_low ; Rise       ; erase|[9]       ;
; 0.500  ; 0.500        ; 0.000          ; Low Pulse Width  ; md9_low ; Rise       ; erase|[9]       ;
; 0.500  ; 0.500        ; 0.000          ; High Pulse Width ; md9_low ; Rise       ; int_en|[9]      ;
; 0.500  ; 0.500        ; 0.000          ; Low Pulse Width  ; md9_low ; Rise       ; int_en|[9]      ;
; 0.500  ; 0.500        ; 0.000          ; High Pulse Width ; md9_low ; Rise       ; md9_low|dataout ;
; 0.500  ; 0.500        ; 0.000          ; Low Pulse Width  ; md9_low ; Rise       ; md9_low|dataout ;
; 0.500  ; 0.500        ; 0.000          ; High Pulse Width ; md9_low ; Rise       ; store|[9]       ;
; 0.500  ; 0.500        ; 0.000          ; Low Pulse Width  ; md9_low ; Rise       ; store|[9]       ;
; 0.500  ; 0.500        ; 0.000          ; High Pulse Width ; md9_low ; Rise       ; write_thru|[9]  ;
; 0.500  ; 0.500        ; 0.000          ; Low Pulse Width  ; md9_low ; Rise       ; write_thru|[9]  ;
+--------+--------------+----------------+------------------+---------+------------+-----------------+


+--------------------------------------------------------------------------------------------------------+
; Minimum Pulse Width: 'pause_low'                                                                       ;
+--------+--------------+----------------+------------------+-----------+------------+-------------------+
; Slack  ; Actual Width ; Required Width ; Type             ; Clock     ; Clock Edge ; Target            ;
+--------+--------------+----------------+------------------+-----------+------------+-------------------+
; -5.500 ; 0.500        ; 6.000          ; High Pulse Width ; pause_low ; Rise       ; chan              ;
; -5.500 ; 0.500        ; 6.000          ; Low Pulse Width  ; pause_low ; Rise       ; chan              ;
; -5.500 ; 0.500        ; 6.000          ; High Pulse Width ; pause_low ; Rise       ; color             ;
; -5.500 ; 0.500        ; 6.000          ; Low Pulse Width  ; pause_low ; Rise       ; color             ;
; -5.500 ; 0.500        ; 6.000          ; High Pulse Width ; pause_low ; Rise       ; erase             ;
; -5.500 ; 0.500        ; 6.000          ; Low Pulse Width  ; pause_low ; Rise       ; erase             ;
; -5.500 ; 0.500        ; 6.000          ; High Pulse Width ; pause_low ; Rise       ; int_en            ;
; -5.500 ; 0.500        ; 6.000          ; Low Pulse Width  ; pause_low ; Rise       ; int_en            ;
; -5.500 ; 0.500        ; 6.000          ; High Pulse Width ; pause_low ; Rise       ; store             ;
; -5.500 ; 0.500        ; 6.000          ; Low Pulse Width  ; pause_low ; Rise       ; store             ;
; -5.500 ; 0.500        ; 6.000          ; High Pulse Width ; pause_low ; Rise       ; write_thru        ;
; -5.500 ; 0.500        ; 6.000          ; Low Pulse Width  ; pause_low ; Rise       ; write_thru        ;
; 0.500  ; 0.500        ; 0.000          ; High Pulse Width ; pause_low ; Rise       ; chan|[8]          ;
; 0.500  ; 0.500        ; 0.000          ; Low Pulse Width  ; pause_low ; Rise       ; chan|[8]          ;
; 0.500  ; 0.500        ; 0.000          ; High Pulse Width ; pause_low ; Rise       ; color|[8]         ;
; 0.500  ; 0.500        ; 0.000          ; Low Pulse Width  ; pause_low ; Rise       ; color|[8]         ;
; 0.500  ; 0.500        ; 0.000          ; High Pulse Width ; pause_low ; Rise       ; erase|[8]         ;
; 0.500  ; 0.500        ; 0.000          ; Low Pulse Width  ; pause_low ; Rise       ; erase|[8]         ;
; 0.500  ; 0.500        ; 0.000          ; High Pulse Width ; pause_low ; Rise       ; int_en|[8]        ;
; 0.500  ; 0.500        ; 0.000          ; Low Pulse Width  ; pause_low ; Rise       ; int_en|[8]        ;
; 0.500  ; 0.500        ; 0.000          ; High Pulse Width ; pause_low ; Rise       ; pause_low|dataout ;
; 0.500  ; 0.500        ; 0.000          ; Low Pulse Width  ; pause_low ; Rise       ; pause_low|dataout ;
; 0.500  ; 0.500        ; 0.000          ; High Pulse Width ; pause_low ; Rise       ; store|[8]         ;
; 0.500  ; 0.500        ; 0.000          ; Low Pulse Width  ; pause_low ; Rise       ; store|[8]         ;
; 0.500  ; 0.500        ; 0.000          ; High Pulse Width ; pause_low ; Rise       ; write_thru|[8]    ;
; 0.500  ; 0.500        ; 0.000          ; Low Pulse Width  ; pause_low ; Rise       ; write_thru|[8]    ;
+--------+--------------+----------------+------------------+-----------+------------+-------------------+


+--------------------------------------------------------------------------------------------------+
; Minimum Pulse Width: 'tp3'                                                                       ;
+--------+--------------+----------------+------------------+-------+------------+-----------------+
; Slack  ; Actual Width ; Required Width ; Type             ; Clock ; Clock Edge ; Target          ;
+--------+--------------+----------------+------------------+-------+------------+-----------------+
; -5.500 ; 0.500        ; 6.000          ; High Pulse Width ; tp3   ; Rise       ; chan            ;
; -5.500 ; 0.500        ; 6.000          ; Low Pulse Width  ; tp3   ; Rise       ; chan            ;
; -5.500 ; 0.500        ; 6.000          ; High Pulse Width ; tp3   ; Rise       ; color           ;
; -5.500 ; 0.500        ; 6.000          ; Low Pulse Width  ; tp3   ; Rise       ; color           ;
; -5.500 ; 0.500        ; 6.000          ; High Pulse Width ; tp3   ; Rise       ; erase           ;
; -5.500 ; 0.500        ; 6.000          ; Low Pulse Width  ; tp3   ; Rise       ; erase           ;
; -5.500 ; 0.500        ; 6.000          ; High Pulse Width ; tp3   ; Rise       ; int_en          ;
; -5.500 ; 0.500        ; 6.000          ; Low Pulse Width  ; tp3   ; Rise       ; int_en          ;
; -5.500 ; 0.500        ; 6.000          ; High Pulse Width ; tp3   ; Rise       ; store           ;
; -5.500 ; 0.500        ; 6.000          ; Low Pulse Width  ; tp3   ; Rise       ; store           ;
; -5.500 ; 0.500        ; 6.000          ; High Pulse Width ; tp3   ; Rise       ; write_thru      ;
; -5.500 ; 0.500        ; 6.000          ; Low Pulse Width  ; tp3   ; Rise       ; write_thru      ;
; 0.500  ; 0.500        ; 0.000          ; High Pulse Width ; tp3   ; Rise       ; chan|[11]       ;
; 0.500  ; 0.500        ; 0.000          ; Low Pulse Width  ; tp3   ; Rise       ; chan|[11]       ;
; 0.500  ; 0.500        ; 0.000          ; High Pulse Width ; tp3   ; Rise       ; color|[11]      ;
; 0.500  ; 0.500        ; 0.000          ; Low Pulse Width  ; tp3   ; Rise       ; color|[11]      ;
; 0.500  ; 0.500        ; 0.000          ; High Pulse Width ; tp3   ; Rise       ; erase|[11]      ;
; 0.500  ; 0.500        ; 0.000          ; Low Pulse Width  ; tp3   ; Rise       ; erase|[11]      ;
; 0.500  ; 0.500        ; 0.000          ; High Pulse Width ; tp3   ; Rise       ; int_en|[11]     ;
; 0.500  ; 0.500        ; 0.000          ; Low Pulse Width  ; tp3   ; Rise       ; int_en|[11]     ;
; 0.500  ; 0.500        ; 0.000          ; High Pulse Width ; tp3   ; Rise       ; store|[11]      ;
; 0.500  ; 0.500        ; 0.000          ; Low Pulse Width  ; tp3   ; Rise       ; store|[11]      ;
; 0.500  ; 0.500        ; 0.000          ; High Pulse Width ; tp3   ; Rise       ; tp3|dataout     ;
; 0.500  ; 0.500        ; 0.000          ; Low Pulse Width  ; tp3   ; Rise       ; tp3|dataout     ;
; 0.500  ; 0.500        ; 0.000          ; High Pulse Width ; tp3   ; Rise       ; write_thru|[11] ;
; 0.500  ; 0.500        ; 0.000          ; Low Pulse Width  ; tp3   ; Rise       ; write_thru|[11] ;
+--------+--------------+----------------+------------------+-------+------------+-----------------+


+--------------------------------------------------------------------------------------------------------+
; Minimum Pulse Width: 'del_1_low'                                                                       ;
+--------+--------------+----------------+------------------+-----------+------------+-------------------+
; Slack  ; Actual Width ; Required Width ; Type             ; Clock     ; Clock Edge ; Target            ;
+--------+--------------+----------------+------------------+-----------+------------+-------------------+
; -5.500 ; 0.500        ; 6.000          ; High Pulse Width ; del_1_low ; Rise       ; n_t_1x            ;
; -5.500 ; 0.500        ; 6.000          ; Low Pulse Width  ; del_1_low ; Rise       ; n_t_1x            ;
; 0.500  ; 0.500        ; 0.000          ; High Pulse Width ; del_1_low ; Rise       ; del_1_low|dataout ;
; 0.500  ; 0.500        ; 0.000          ; Low Pulse Width  ; del_1_low ; Rise       ; del_1_low|dataout ;
; 0.500  ; 0.500        ; 0.000          ; High Pulse Width ; del_1_low ; Rise       ; n_t_1x|[2]        ;
; 0.500  ; 0.500        ; 0.000          ; Low Pulse Width  ; del_1_low ; Rise       ; n_t_1x|[2]        ;
+--------+--------------+----------------+------------------+-----------+------------+-------------------+


+--------------------------------------------------------------------------------------------------------+
; Minimum Pulse Width: 'grn_delay'                                                                       ;
+--------+--------------+----------------+------------------+-----------+------------+-------------------+
; Slack  ; Actual Width ; Required Width ; Type             ; Clock     ; Clock Edge ; Target            ;
+--------+--------------+----------------+------------------+-----------+------------+-------------------+
; -5.500 ; 0.500        ; 6.000          ; High Pulse Width ; grn_delay ; Rise       ; n_t_1x            ;
; -5.500 ; 0.500        ; 6.000          ; Low Pulse Width  ; grn_delay ; Rise       ; n_t_1x            ;
; 0.500  ; 0.500        ; 0.000          ; High Pulse Width ; grn_delay ; Rise       ; grn_delay|dataout ;
; 0.500  ; 0.500        ; 0.000          ; Low Pulse Width  ; grn_delay ; Rise       ; grn_delay|dataout ;
; 0.500  ; 0.500        ; 0.000          ; High Pulse Width ; grn_delay ; Rise       ; n_t_1x|[0]        ;
; 0.500  ; 0.500        ; 0.000          ; Low Pulse Width  ; grn_delay ; Rise       ; n_t_1x|[0]        ;
+--------+--------------+----------------+------------------+-----------+------------+-------------------+


+----------------------------------------------------------------------------------------------------------+
; Minimum Pulse Width: 'ld_del_low'                                                                        ;
+--------+--------------+----------------+------------------+------------+------------+--------------------+
; Slack  ; Actual Width ; Required Width ; Type             ; Clock      ; Clock Edge ; Target             ;
+--------+--------------+----------------+------------------+------------+------------+--------------------+
; -5.500 ; 0.500        ; 6.000          ; High Pulse Width ; ld_del_low ; Rise       ; n_t_1x             ;
; -5.500 ; 0.500        ; 6.000          ; Low Pulse Width  ; ld_del_low ; Rise       ; n_t_1x             ;
; 0.500  ; 0.500        ; 0.000          ; High Pulse Width ; ld_del_low ; Rise       ; ld_del_low|dataout ;
; 0.500  ; 0.500        ; 0.000          ; Low Pulse Width  ; ld_del_low ; Rise       ; ld_del_low|dataout ;
; 0.500  ; 0.500        ; 0.000          ; High Pulse Width ; ld_del_low ; Rise       ; n_t_1x|[3]         ;
; 0.500  ; 0.500        ; 0.000          ; Low Pulse Width  ; ld_del_low ; Rise       ; n_t_1x|[3]         ;
+--------+--------------+----------------+------------------+------------+------------+--------------------+


+--------------------------------------------------------------------------------------------------------+
; Minimum Pulse Width: 'red_delay'                                                                       ;
+--------+--------------+----------------+------------------+-----------+------------+-------------------+
; Slack  ; Actual Width ; Required Width ; Type             ; Clock     ; Clock Edge ; Target            ;
+--------+--------------+----------------+------------------+-----------+------------+-------------------+
; -5.500 ; 0.500        ; 6.000          ; High Pulse Width ; red_delay ; Rise       ; n_t_1x            ;
; -5.500 ; 0.500        ; 6.000          ; Low Pulse Width  ; red_delay ; Rise       ; n_t_1x            ;
; 0.500  ; 0.500        ; 0.000          ; High Pulse Width ; red_delay ; Rise       ; n_t_1x|[1]        ;
; 0.500  ; 0.500        ; 0.000          ; Low Pulse Width  ; red_delay ; Rise       ; n_t_1x|[1]        ;
; 0.500  ; 0.500        ; 0.000          ; High Pulse Width ; red_delay ; Rise       ; red_delay|dataout ;
; 0.500  ; 0.500        ; 0.000          ; Low Pulse Width  ; red_delay ; Rise       ; red_delay|dataout ;
+--------+--------------+----------------+------------------+-----------+------------+-------------------+


+------------------------------------------------------------------------------------------------------+
; Minimum Pulse Width: 'set_done'                                                                      ;
+--------+--------------+----------------+------------------+----------+------------+------------------+
; Slack  ; Actual Width ; Required Width ; Type             ; Clock    ; Clock Edge ; Target           ;
+--------+--------------+----------------+------------------+----------+------------+------------------+
; -5.500 ; 0.500        ; 6.000          ; High Pulse Width ; set_done ; Rise       ; n_t_1x           ;
; -5.500 ; 0.500        ; 6.000          ; Low Pulse Width  ; set_done ; Rise       ; n_t_1x           ;
; 0.500  ; 0.500        ; 0.000          ; High Pulse Width ; set_done ; Rise       ; n_t_1x|[4]       ;
; 0.500  ; 0.500        ; 0.000          ; Low Pulse Width  ; set_done ; Rise       ; n_t_1x|[4]       ;
; 0.500  ; 0.500        ; 0.000          ; High Pulse Width ; set_done ; Rise       ; set_done|dataout ;
; 0.500  ; 0.500        ; 0.000          ; Low Pulse Width  ; set_done ; Rise       ; set_done|dataout ;
+--------+--------------+----------------+------------------+----------+------------+------------------+


+------------------------------------------------------------------------+
; Setup Times                                                            ;
+------------+------------+-------+-------+------------+-----------------+
; Data Port  ; Clock Port ; Rise  ; Fall  ; Clock Edge ; Clock Reference ;
+------------+------------+-------+-------+------------+-----------------+
; data06_low ; md10_low   ; 4.000 ; 4.000 ; Rise       ; md10_low        ;
; data07_low ; md10_low   ; 4.000 ; 4.000 ; Rise       ; md10_low        ;
; data08_low ; md10_low   ; 4.000 ; 4.000 ; Rise       ; md10_low        ;
; data09_low ; md10_low   ; 4.000 ; 4.000 ; Rise       ; md10_low        ;
; data10_low ; md10_low   ; 4.000 ; 4.000 ; Rise       ; md10_low        ;
; data11_low ; md10_low   ; 4.000 ; 4.000 ; Rise       ; md10_low        ;
; md3_low    ; md10_low   ; 4.000 ; 4.000 ; Rise       ; md10_low        ;
; md4_low    ; md10_low   ; 4.000 ; 4.000 ; Rise       ; md10_low        ;
; md5_low    ; md10_low   ; 4.000 ; 4.000 ; Rise       ; md10_low        ;
; md6_low    ; md10_low   ; 4.000 ; 4.000 ; Rise       ; md10_low        ;
; md7_low    ; md10_low   ; 4.000 ; 4.000 ; Rise       ; md10_low        ;
; md8_low    ; md10_low   ; 4.000 ; 4.000 ; Rise       ; md10_low        ;
; md9_low    ; md10_low   ; 4.000 ; 4.000 ; Rise       ; md10_low        ;
; md10_low   ; md10_low   ; 4.000 ; 4.000 ; Rise       ; md10_low        ;
; md11_low   ; md10_low   ; 4.000 ; 4.000 ; Rise       ; md10_low        ;
; pause_low  ; md10_low   ; 4.000 ; 4.000 ; Rise       ; md10_low        ;
; data06_low ; md11_low   ; 4.000 ; 4.000 ; Rise       ; md11_low        ;
; data07_low ; md11_low   ; 4.000 ; 4.000 ; Rise       ; md11_low        ;
; data08_low ; md11_low   ; 4.000 ; 4.000 ; Rise       ; md11_low        ;
; data09_low ; md11_low   ; 4.000 ; 4.000 ; Rise       ; md11_low        ;
; data10_low ; md11_low   ; 4.000 ; 4.000 ; Rise       ; md11_low        ;
; data11_low ; md11_low   ; 4.000 ; 4.000 ; Rise       ; md11_low        ;
; md3_low    ; md11_low   ; 4.000 ; 4.000 ; Rise       ; md11_low        ;
; md4_low    ; md11_low   ; 4.000 ; 4.000 ; Rise       ; md11_low        ;
; md5_low    ; md11_low   ; 4.000 ; 4.000 ; Rise       ; md11_low        ;
; md6_low    ; md11_low   ; 4.000 ; 4.000 ; Rise       ; md11_low        ;
; md7_low    ; md11_low   ; 4.000 ; 4.000 ; Rise       ; md11_low        ;
; md8_low    ; md11_low   ; 4.000 ; 4.000 ; Rise       ; md11_low        ;
; md9_low    ; md11_low   ; 4.000 ; 4.000 ; Rise       ; md11_low        ;
; md10_low   ; md11_low   ; 4.000 ; 4.000 ; Rise       ; md11_low        ;
; md11_low   ; md11_low   ; 4.000 ; 4.000 ; Rise       ; md11_low        ;
; pause_low  ; md11_low   ; 4.000 ; 4.000 ; Rise       ; md11_low        ;
; data06_low ; md3_low    ; 4.000 ; 4.000 ; Rise       ; md3_low         ;
; data07_low ; md3_low    ; 4.000 ; 4.000 ; Rise       ; md3_low         ;
; data08_low ; md3_low    ; 4.000 ; 4.000 ; Rise       ; md3_low         ;
; data09_low ; md3_low    ; 4.000 ; 4.000 ; Rise       ; md3_low         ;
; data10_low ; md3_low    ; 4.000 ; 4.000 ; Rise       ; md3_low         ;
; data11_low ; md3_low    ; 4.000 ; 4.000 ; Rise       ; md3_low         ;
; md3_low    ; md3_low    ; 4.000 ; 4.000 ; Rise       ; md3_low         ;
; md4_low    ; md3_low    ; 4.000 ; 4.000 ; Rise       ; md3_low         ;
; md5_low    ; md3_low    ; 4.000 ; 4.000 ; Rise       ; md3_low         ;
; md6_low    ; md3_low    ; 4.000 ; 4.000 ; Rise       ; md3_low         ;
; md7_low    ; md3_low    ; 4.000 ; 4.000 ; Rise       ; md3_low         ;
; md8_low    ; md3_low    ; 4.000 ; 4.000 ; Rise       ; md3_low         ;
; md9_low    ; md3_low    ; 4.000 ; 4.000 ; Rise       ; md3_low         ;
; md10_low   ; md3_low    ; 4.000 ; 4.000 ; Rise       ; md3_low         ;
; md11_low   ; md3_low    ; 4.000 ; 4.000 ; Rise       ; md3_low         ;
; pause_low  ; md3_low    ; 4.000 ; 4.000 ; Rise       ; md3_low         ;
; data06_low ; md4_low    ; 4.000 ; 4.000 ; Rise       ; md4_low         ;
; data07_low ; md4_low    ; 4.000 ; 4.000 ; Rise       ; md4_low         ;
; data08_low ; md4_low    ; 4.000 ; 4.000 ; Rise       ; md4_low         ;
; data09_low ; md4_low    ; 4.000 ; 4.000 ; Rise       ; md4_low         ;
; data10_low ; md4_low    ; 4.000 ; 4.000 ; Rise       ; md4_low         ;
; data11_low ; md4_low    ; 4.000 ; 4.000 ; Rise       ; md4_low         ;
; md3_low    ; md4_low    ; 4.000 ; 4.000 ; Rise       ; md4_low         ;
; md4_low    ; md4_low    ; 4.000 ; 4.000 ; Rise       ; md4_low         ;
; md5_low    ; md4_low    ; 4.000 ; 4.000 ; Rise       ; md4_low         ;
; md6_low    ; md4_low    ; 4.000 ; 4.000 ; Rise       ; md4_low         ;
; md7_low    ; md4_low    ; 4.000 ; 4.000 ; Rise       ; md4_low         ;
; md8_low    ; md4_low    ; 4.000 ; 4.000 ; Rise       ; md4_low         ;
; md9_low    ; md4_low    ; 4.000 ; 4.000 ; Rise       ; md4_low         ;
; md10_low   ; md4_low    ; 4.000 ; 4.000 ; Rise       ; md4_low         ;
; md11_low   ; md4_low    ; 4.000 ; 4.000 ; Rise       ; md4_low         ;
; pause_low  ; md4_low    ; 4.000 ; 4.000 ; Rise       ; md4_low         ;
; data06_low ; md5_low    ; 4.000 ; 4.000 ; Rise       ; md5_low         ;
; data07_low ; md5_low    ; 4.000 ; 4.000 ; Rise       ; md5_low         ;
; data08_low ; md5_low    ; 4.000 ; 4.000 ; Rise       ; md5_low         ;
; data09_low ; md5_low    ; 4.000 ; 4.000 ; Rise       ; md5_low         ;
; data10_low ; md5_low    ; 4.000 ; 4.000 ; Rise       ; md5_low         ;
; data11_low ; md5_low    ; 4.000 ; 4.000 ; Rise       ; md5_low         ;
; md3_low    ; md5_low    ; 4.000 ; 4.000 ; Rise       ; md5_low         ;
; md4_low    ; md5_low    ; 4.000 ; 4.000 ; Rise       ; md5_low         ;
; md5_low    ; md5_low    ; 4.000 ; 4.000 ; Rise       ; md5_low         ;
; md6_low    ; md5_low    ; 4.000 ; 4.000 ; Rise       ; md5_low         ;
; md7_low    ; md5_low    ; 4.000 ; 4.000 ; Rise       ; md5_low         ;
; md8_low    ; md5_low    ; 4.000 ; 4.000 ; Rise       ; md5_low         ;
; md9_low    ; md5_low    ; 4.000 ; 4.000 ; Rise       ; md5_low         ;
; md10_low   ; md5_low    ; 4.000 ; 4.000 ; Rise       ; md5_low         ;
; md11_low   ; md5_low    ; 4.000 ; 4.000 ; Rise       ; md5_low         ;
; pause_low  ; md5_low    ; 4.000 ; 4.000 ; Rise       ; md5_low         ;
; data06_low ; md6_low    ; 4.000 ; 4.000 ; Rise       ; md6_low         ;
; data07_low ; md6_low    ; 4.000 ; 4.000 ; Rise       ; md6_low         ;
; data08_low ; md6_low    ; 4.000 ; 4.000 ; Rise       ; md6_low         ;
; data09_low ; md6_low    ; 4.000 ; 4.000 ; Rise       ; md6_low         ;
; data10_low ; md6_low    ; 4.000 ; 4.000 ; Rise       ; md6_low         ;
; data11_low ; md6_low    ; 4.000 ; 4.000 ; Rise       ; md6_low         ;
; md3_low    ; md6_low    ; 4.000 ; 4.000 ; Rise       ; md6_low         ;
; md4_low    ; md6_low    ; 4.000 ; 4.000 ; Rise       ; md6_low         ;
; md5_low    ; md6_low    ; 4.000 ; 4.000 ; Rise       ; md6_low         ;
; md6_low    ; md6_low    ; 4.000 ; 4.000 ; Rise       ; md6_low         ;
; md7_low    ; md6_low    ; 4.000 ; 4.000 ; Rise       ; md6_low         ;
; md8_low    ; md6_low    ; 4.000 ; 4.000 ; Rise       ; md6_low         ;
; md9_low    ; md6_low    ; 4.000 ; 4.000 ; Rise       ; md6_low         ;
; md10_low   ; md6_low    ; 4.000 ; 4.000 ; Rise       ; md6_low         ;
; md11_low   ; md6_low    ; 4.000 ; 4.000 ; Rise       ; md6_low         ;
; pause_low  ; md6_low    ; 4.000 ; 4.000 ; Rise       ; md6_low         ;
; data06_low ; md7_low    ; 4.000 ; 4.000 ; Rise       ; md7_low         ;
; data07_low ; md7_low    ; 4.000 ; 4.000 ; Rise       ; md7_low         ;
; data08_low ; md7_low    ; 4.000 ; 4.000 ; Rise       ; md7_low         ;
; data09_low ; md7_low    ; 4.000 ; 4.000 ; Rise       ; md7_low         ;
; data10_low ; md7_low    ; 4.000 ; 4.000 ; Rise       ; md7_low         ;
; data11_low ; md7_low    ; 4.000 ; 4.000 ; Rise       ; md7_low         ;
; md3_low    ; md7_low    ; 4.000 ; 4.000 ; Rise       ; md7_low         ;
; md4_low    ; md7_low    ; 4.000 ; 4.000 ; Rise       ; md7_low         ;
; md5_low    ; md7_low    ; 4.000 ; 4.000 ; Rise       ; md7_low         ;
; md6_low    ; md7_low    ; 4.000 ; 4.000 ; Rise       ; md7_low         ;
; md7_low    ; md7_low    ; 4.000 ; 4.000 ; Rise       ; md7_low         ;
; md8_low    ; md7_low    ; 4.000 ; 4.000 ; Rise       ; md7_low         ;
; md9_low    ; md7_low    ; 4.000 ; 4.000 ; Rise       ; md7_low         ;
; md10_low   ; md7_low    ; 4.000 ; 4.000 ; Rise       ; md7_low         ;
; md11_low   ; md7_low    ; 4.000 ; 4.000 ; Rise       ; md7_low         ;
; pause_low  ; md7_low    ; 4.000 ; 4.000 ; Rise       ; md7_low         ;
; data06_low ; md8_low    ; 4.000 ; 4.000 ; Rise       ; md8_low         ;
; data07_low ; md8_low    ; 4.000 ; 4.000 ; Rise       ; md8_low         ;
; data08_low ; md8_low    ; 4.000 ; 4.000 ; Rise       ; md8_low         ;
; data09_low ; md8_low    ; 4.000 ; 4.000 ; Rise       ; md8_low         ;
; data10_low ; md8_low    ; 4.000 ; 4.000 ; Rise       ; md8_low         ;
; data11_low ; md8_low    ; 4.000 ; 4.000 ; Rise       ; md8_low         ;
; md3_low    ; md8_low    ; 4.000 ; 4.000 ; Rise       ; md8_low         ;
; md4_low    ; md8_low    ; 4.000 ; 4.000 ; Rise       ; md8_low         ;
; md5_low    ; md8_low    ; 4.000 ; 4.000 ; Rise       ; md8_low         ;
; md6_low    ; md8_low    ; 4.000 ; 4.000 ; Rise       ; md8_low         ;
; md7_low    ; md8_low    ; 4.000 ; 4.000 ; Rise       ; md8_low         ;
; md8_low    ; md8_low    ; 4.000 ; 4.000 ; Rise       ; md8_low         ;
; md9_low    ; md8_low    ; 4.000 ; 4.000 ; Rise       ; md8_low         ;
; md10_low   ; md8_low    ; 4.000 ; 4.000 ; Rise       ; md8_low         ;
; md11_low   ; md8_low    ; 4.000 ; 4.000 ; Rise       ; md8_low         ;
; pause_low  ; md8_low    ; 4.000 ; 4.000 ; Rise       ; md8_low         ;
; data06_low ; md9_low    ; 4.000 ; 4.000 ; Rise       ; md9_low         ;
; data07_low ; md9_low    ; 4.000 ; 4.000 ; Rise       ; md9_low         ;
; data08_low ; md9_low    ; 4.000 ; 4.000 ; Rise       ; md9_low         ;
; data09_low ; md9_low    ; 4.000 ; 4.000 ; Rise       ; md9_low         ;
; data10_low ; md9_low    ; 4.000 ; 4.000 ; Rise       ; md9_low         ;
; data11_low ; md9_low    ; 4.000 ; 4.000 ; Rise       ; md9_low         ;
; md3_low    ; md9_low    ; 4.000 ; 4.000 ; Rise       ; md9_low         ;
; md4_low    ; md9_low    ; 4.000 ; 4.000 ; Rise       ; md9_low         ;
; md5_low    ; md9_low    ; 4.000 ; 4.000 ; Rise       ; md9_low         ;
; md6_low    ; md9_low    ; 4.000 ; 4.000 ; Rise       ; md9_low         ;
; md7_low    ; md9_low    ; 4.000 ; 4.000 ; Rise       ; md9_low         ;
; md8_low    ; md9_low    ; 4.000 ; 4.000 ; Rise       ; md9_low         ;
; md9_low    ; md9_low    ; 4.000 ; 4.000 ; Rise       ; md9_low         ;
; md10_low   ; md9_low    ; 4.000 ; 4.000 ; Rise       ; md9_low         ;
; md11_low   ; md9_low    ; 4.000 ; 4.000 ; Rise       ; md9_low         ;
; pause_low  ; md9_low    ; 4.000 ; 4.000 ; Rise       ; md9_low         ;
; data06_low ; pause_low  ; 4.000 ; 4.000 ; Rise       ; pause_low       ;
; data07_low ; pause_low  ; 4.000 ; 4.000 ; Rise       ; pause_low       ;
; data08_low ; pause_low  ; 4.000 ; 4.000 ; Rise       ; pause_low       ;
; data09_low ; pause_low  ; 4.000 ; 4.000 ; Rise       ; pause_low       ;
; data10_low ; pause_low  ; 4.000 ; 4.000 ; Rise       ; pause_low       ;
; data11_low ; pause_low  ; 4.000 ; 4.000 ; Rise       ; pause_low       ;
; md3_low    ; pause_low  ; 4.000 ; 4.000 ; Rise       ; pause_low       ;
; md4_low    ; pause_low  ; 4.000 ; 4.000 ; Rise       ; pause_low       ;
; md5_low    ; pause_low  ; 4.000 ; 4.000 ; Rise       ; pause_low       ;
; md6_low    ; pause_low  ; 4.000 ; 4.000 ; Rise       ; pause_low       ;
; md7_low    ; pause_low  ; 4.000 ; 4.000 ; Rise       ; pause_low       ;
; md8_low    ; pause_low  ; 4.000 ; 4.000 ; Rise       ; pause_low       ;
; md9_low    ; pause_low  ; 4.000 ; 4.000 ; Rise       ; pause_low       ;
; md10_low   ; pause_low  ; 4.000 ; 4.000 ; Rise       ; pause_low       ;
; md11_low   ; pause_low  ; 4.000 ; 4.000 ; Rise       ; pause_low       ;
; pause_low  ; pause_low  ; 4.000 ; 4.000 ; Rise       ; pause_low       ;
; data06_low ; tp3        ; 4.000 ; 4.000 ; Rise       ; tp3             ;
; data07_low ; tp3        ; 4.000 ; 4.000 ; Rise       ; tp3             ;
; data08_low ; tp3        ; 4.000 ; 4.000 ; Rise       ; tp3             ;
; data09_low ; tp3        ; 4.000 ; 4.000 ; Rise       ; tp3             ;
; data10_low ; tp3        ; 4.000 ; 4.000 ; Rise       ; tp3             ;
; data11_low ; tp3        ; 4.000 ; 4.000 ; Rise       ; tp3             ;
; md3_low    ; tp3        ; 4.000 ; 4.000 ; Rise       ; tp3             ;
; md4_low    ; tp3        ; 4.000 ; 4.000 ; Rise       ; tp3             ;
; md5_low    ; tp3        ; 4.000 ; 4.000 ; Rise       ; tp3             ;
; md6_low    ; tp3        ; 4.000 ; 4.000 ; Rise       ; tp3             ;
; md7_low    ; tp3        ; 4.000 ; 4.000 ; Rise       ; tp3             ;
; md8_low    ; tp3        ; 4.000 ; 4.000 ; Rise       ; tp3             ;
; md9_low    ; tp3        ; 4.000 ; 4.000 ; Rise       ; tp3             ;
; md10_low   ; tp3        ; 4.000 ; 4.000 ; Rise       ; tp3             ;
; md11_low   ; tp3        ; 4.000 ; 4.000 ; Rise       ; tp3             ;
; pause_low  ; tp3        ; 4.000 ; 4.000 ; Rise       ; tp3             ;
+------------+------------+-------+-------+------------+-----------------+


+------------------------------------------------------------------------+
; Hold Times                                                             ;
+------------+------------+-------+-------+------------+-----------------+
; Data Port  ; Clock Port ; Rise  ; Fall  ; Clock Edge ; Clock Reference ;
+------------+------------+-------+-------+------------+-----------------+
; data06_low ; md10_low   ; 4.000 ; 4.000 ; Rise       ; md10_low        ;
; data07_low ; md10_low   ; 4.000 ; 4.000 ; Rise       ; md10_low        ;
; data08_low ; md10_low   ; 4.000 ; 4.000 ; Rise       ; md10_low        ;
; data09_low ; md10_low   ; 4.000 ; 4.000 ; Rise       ; md10_low        ;
; data10_low ; md10_low   ; 4.000 ; 4.000 ; Rise       ; md10_low        ;
; data11_low ; md10_low   ; 4.000 ; 4.000 ; Rise       ; md10_low        ;
; md3_low    ; md10_low   ; 4.000 ; 4.000 ; Rise       ; md10_low        ;
; md4_low    ; md10_low   ; 4.000 ; 4.000 ; Rise       ; md10_low        ;
; md5_low    ; md10_low   ; 4.000 ; 4.000 ; Rise       ; md10_low        ;
; md6_low    ; md10_low   ; 4.000 ; 4.000 ; Rise       ; md10_low        ;
; md7_low    ; md10_low   ; 4.000 ; 4.000 ; Rise       ; md10_low        ;
; md8_low    ; md10_low   ; 4.000 ; 4.000 ; Rise       ; md10_low        ;
; md9_low    ; md10_low   ; 4.000 ; 4.000 ; Rise       ; md10_low        ;
; md10_low   ; md10_low   ; 4.000 ; 4.000 ; Rise       ; md10_low        ;
; md11_low   ; md10_low   ; 4.000 ; 4.000 ; Rise       ; md10_low        ;
; pause_low  ; md10_low   ; 4.000 ; 4.000 ; Rise       ; md10_low        ;
; data06_low ; md11_low   ; 4.000 ; 4.000 ; Rise       ; md11_low        ;
; data07_low ; md11_low   ; 4.000 ; 4.000 ; Rise       ; md11_low        ;
; data08_low ; md11_low   ; 4.000 ; 4.000 ; Rise       ; md11_low        ;
; data09_low ; md11_low   ; 4.000 ; 4.000 ; Rise       ; md11_low        ;
; data10_low ; md11_low   ; 4.000 ; 4.000 ; Rise       ; md11_low        ;
; data11_low ; md11_low   ; 4.000 ; 4.000 ; Rise       ; md11_low        ;
; md3_low    ; md11_low   ; 4.000 ; 4.000 ; Rise       ; md11_low        ;
; md4_low    ; md11_low   ; 4.000 ; 4.000 ; Rise       ; md11_low        ;
; md5_low    ; md11_low   ; 4.000 ; 4.000 ; Rise       ; md11_low        ;
; md6_low    ; md11_low   ; 4.000 ; 4.000 ; Rise       ; md11_low        ;
; md7_low    ; md11_low   ; 4.000 ; 4.000 ; Rise       ; md11_low        ;
; md8_low    ; md11_low   ; 4.000 ; 4.000 ; Rise       ; md11_low        ;
; md9_low    ; md11_low   ; 4.000 ; 4.000 ; Rise       ; md11_low        ;
; md10_low   ; md11_low   ; 4.000 ; 4.000 ; Rise       ; md11_low        ;
; md11_low   ; md11_low   ; 4.000 ; 4.000 ; Rise       ; md11_low        ;
; pause_low  ; md11_low   ; 4.000 ; 4.000 ; Rise       ; md11_low        ;
; data06_low ; md3_low    ; 4.000 ; 4.000 ; Rise       ; md3_low         ;
; data07_low ; md3_low    ; 4.000 ; 4.000 ; Rise       ; md3_low         ;
; data08_low ; md3_low    ; 4.000 ; 4.000 ; Rise       ; md3_low         ;
; data09_low ; md3_low    ; 4.000 ; 4.000 ; Rise       ; md3_low         ;
; data10_low ; md3_low    ; 4.000 ; 4.000 ; Rise       ; md3_low         ;
; data11_low ; md3_low    ; 4.000 ; 4.000 ; Rise       ; md3_low         ;
; md3_low    ; md3_low    ; 4.000 ; 4.000 ; Rise       ; md3_low         ;
; md4_low    ; md3_low    ; 4.000 ; 4.000 ; Rise       ; md3_low         ;
; md5_low    ; md3_low    ; 4.000 ; 4.000 ; Rise       ; md3_low         ;
; md6_low    ; md3_low    ; 4.000 ; 4.000 ; Rise       ; md3_low         ;
; md7_low    ; md3_low    ; 4.000 ; 4.000 ; Rise       ; md3_low         ;
; md8_low    ; md3_low    ; 4.000 ; 4.000 ; Rise       ; md3_low         ;
; md9_low    ; md3_low    ; 4.000 ; 4.000 ; Rise       ; md3_low         ;
; md10_low   ; md3_low    ; 4.000 ; 4.000 ; Rise       ; md3_low         ;
; md11_low   ; md3_low    ; 4.000 ; 4.000 ; Rise       ; md3_low         ;
; pause_low  ; md3_low    ; 4.000 ; 4.000 ; Rise       ; md3_low         ;
; data06_low ; md4_low    ; 4.000 ; 4.000 ; Rise       ; md4_low         ;
; data07_low ; md4_low    ; 4.000 ; 4.000 ; Rise       ; md4_low         ;
; data08_low ; md4_low    ; 4.000 ; 4.000 ; Rise       ; md4_low         ;
; data09_low ; md4_low    ; 4.000 ; 4.000 ; Rise       ; md4_low         ;
; data10_low ; md4_low    ; 4.000 ; 4.000 ; Rise       ; md4_low         ;
; data11_low ; md4_low    ; 4.000 ; 4.000 ; Rise       ; md4_low         ;
; md3_low    ; md4_low    ; 4.000 ; 4.000 ; Rise       ; md4_low         ;
; md4_low    ; md4_low    ; 4.000 ; 4.000 ; Rise       ; md4_low         ;
; md5_low    ; md4_low    ; 4.000 ; 4.000 ; Rise       ; md4_low         ;
; md6_low    ; md4_low    ; 4.000 ; 4.000 ; Rise       ; md4_low         ;
; md7_low    ; md4_low    ; 4.000 ; 4.000 ; Rise       ; md4_low         ;
; md8_low    ; md4_low    ; 4.000 ; 4.000 ; Rise       ; md4_low         ;
; md9_low    ; md4_low    ; 4.000 ; 4.000 ; Rise       ; md4_low         ;
; md10_low   ; md4_low    ; 4.000 ; 4.000 ; Rise       ; md4_low         ;
; md11_low   ; md4_low    ; 4.000 ; 4.000 ; Rise       ; md4_low         ;
; pause_low  ; md4_low    ; 4.000 ; 4.000 ; Rise       ; md4_low         ;
; data06_low ; md5_low    ; 4.000 ; 4.000 ; Rise       ; md5_low         ;
; data07_low ; md5_low    ; 4.000 ; 4.000 ; Rise       ; md5_low         ;
; data08_low ; md5_low    ; 4.000 ; 4.000 ; Rise       ; md5_low         ;
; data09_low ; md5_low    ; 4.000 ; 4.000 ; Rise       ; md5_low         ;
; data10_low ; md5_low    ; 4.000 ; 4.000 ; Rise       ; md5_low         ;
; data11_low ; md5_low    ; 4.000 ; 4.000 ; Rise       ; md5_low         ;
; md3_low    ; md5_low    ; 4.000 ; 4.000 ; Rise       ; md5_low         ;
; md4_low    ; md5_low    ; 4.000 ; 4.000 ; Rise       ; md5_low         ;
; md5_low    ; md5_low    ; 4.000 ; 4.000 ; Rise       ; md5_low         ;
; md6_low    ; md5_low    ; 4.000 ; 4.000 ; Rise       ; md5_low         ;
; md7_low    ; md5_low    ; 4.000 ; 4.000 ; Rise       ; md5_low         ;
; md8_low    ; md5_low    ; 4.000 ; 4.000 ; Rise       ; md5_low         ;
; md9_low    ; md5_low    ; 4.000 ; 4.000 ; Rise       ; md5_low         ;
; md10_low   ; md5_low    ; 4.000 ; 4.000 ; Rise       ; md5_low         ;
; md11_low   ; md5_low    ; 4.000 ; 4.000 ; Rise       ; md5_low         ;
; pause_low  ; md5_low    ; 4.000 ; 4.000 ; Rise       ; md5_low         ;
; data06_low ; md6_low    ; 4.000 ; 4.000 ; Rise       ; md6_low         ;
; data07_low ; md6_low    ; 4.000 ; 4.000 ; Rise       ; md6_low         ;
; data08_low ; md6_low    ; 4.000 ; 4.000 ; Rise       ; md6_low         ;
; data09_low ; md6_low    ; 4.000 ; 4.000 ; Rise       ; md6_low         ;
; data10_low ; md6_low    ; 4.000 ; 4.000 ; Rise       ; md6_low         ;
; data11_low ; md6_low    ; 4.000 ; 4.000 ; Rise       ; md6_low         ;
; md3_low    ; md6_low    ; 4.000 ; 4.000 ; Rise       ; md6_low         ;
; md4_low    ; md6_low    ; 4.000 ; 4.000 ; Rise       ; md6_low         ;
; md5_low    ; md6_low    ; 4.000 ; 4.000 ; Rise       ; md6_low         ;
; md6_low    ; md6_low    ; 4.000 ; 4.000 ; Rise       ; md6_low         ;
; md7_low    ; md6_low    ; 4.000 ; 4.000 ; Rise       ; md6_low         ;
; md8_low    ; md6_low    ; 4.000 ; 4.000 ; Rise       ; md6_low         ;
; md9_low    ; md6_low    ; 4.000 ; 4.000 ; Rise       ; md6_low         ;
; md10_low   ; md6_low    ; 4.000 ; 4.000 ; Rise       ; md6_low         ;
; md11_low   ; md6_low    ; 4.000 ; 4.000 ; Rise       ; md6_low         ;
; pause_low  ; md6_low    ; 4.000 ; 4.000 ; Rise       ; md6_low         ;
; data06_low ; md7_low    ; 4.000 ; 4.000 ; Rise       ; md7_low         ;
; data07_low ; md7_low    ; 4.000 ; 4.000 ; Rise       ; md7_low         ;
; data08_low ; md7_low    ; 4.000 ; 4.000 ; Rise       ; md7_low         ;
; data09_low ; md7_low    ; 4.000 ; 4.000 ; Rise       ; md7_low         ;
; data10_low ; md7_low    ; 4.000 ; 4.000 ; Rise       ; md7_low         ;
; data11_low ; md7_low    ; 4.000 ; 4.000 ; Rise       ; md7_low         ;
; md3_low    ; md7_low    ; 4.000 ; 4.000 ; Rise       ; md7_low         ;
; md4_low    ; md7_low    ; 4.000 ; 4.000 ; Rise       ; md7_low         ;
; md5_low    ; md7_low    ; 4.000 ; 4.000 ; Rise       ; md7_low         ;
; md6_low    ; md7_low    ; 4.000 ; 4.000 ; Rise       ; md7_low         ;
; md7_low    ; md7_low    ; 4.000 ; 4.000 ; Rise       ; md7_low         ;
; md8_low    ; md7_low    ; 4.000 ; 4.000 ; Rise       ; md7_low         ;
; md9_low    ; md7_low    ; 4.000 ; 4.000 ; Rise       ; md7_low         ;
; md10_low   ; md7_low    ; 4.000 ; 4.000 ; Rise       ; md7_low         ;
; md11_low   ; md7_low    ; 4.000 ; 4.000 ; Rise       ; md7_low         ;
; pause_low  ; md7_low    ; 4.000 ; 4.000 ; Rise       ; md7_low         ;
; data06_low ; md8_low    ; 4.000 ; 4.000 ; Rise       ; md8_low         ;
; data07_low ; md8_low    ; 4.000 ; 4.000 ; Rise       ; md8_low         ;
; data08_low ; md8_low    ; 4.000 ; 4.000 ; Rise       ; md8_low         ;
; data09_low ; md8_low    ; 4.000 ; 4.000 ; Rise       ; md8_low         ;
; data10_low ; md8_low    ; 4.000 ; 4.000 ; Rise       ; md8_low         ;
; data11_low ; md8_low    ; 4.000 ; 4.000 ; Rise       ; md8_low         ;
; md3_low    ; md8_low    ; 4.000 ; 4.000 ; Rise       ; md8_low         ;
; md4_low    ; md8_low    ; 4.000 ; 4.000 ; Rise       ; md8_low         ;
; md5_low    ; md8_low    ; 4.000 ; 4.000 ; Rise       ; md8_low         ;
; md6_low    ; md8_low    ; 4.000 ; 4.000 ; Rise       ; md8_low         ;
; md7_low    ; md8_low    ; 4.000 ; 4.000 ; Rise       ; md8_low         ;
; md8_low    ; md8_low    ; 4.000 ; 4.000 ; Rise       ; md8_low         ;
; md9_low    ; md8_low    ; 4.000 ; 4.000 ; Rise       ; md8_low         ;
; md10_low   ; md8_low    ; 4.000 ; 4.000 ; Rise       ; md8_low         ;
; md11_low   ; md8_low    ; 4.000 ; 4.000 ; Rise       ; md8_low         ;
; pause_low  ; md8_low    ; 4.000 ; 4.000 ; Rise       ; md8_low         ;
; data06_low ; md9_low    ; 4.000 ; 4.000 ; Rise       ; md9_low         ;
; data07_low ; md9_low    ; 4.000 ; 4.000 ; Rise       ; md9_low         ;
; data08_low ; md9_low    ; 4.000 ; 4.000 ; Rise       ; md9_low         ;
; data09_low ; md9_low    ; 4.000 ; 4.000 ; Rise       ; md9_low         ;
; data10_low ; md9_low    ; 4.000 ; 4.000 ; Rise       ; md9_low         ;
; data11_low ; md9_low    ; 4.000 ; 4.000 ; Rise       ; md9_low         ;
; md3_low    ; md9_low    ; 4.000 ; 4.000 ; Rise       ; md9_low         ;
; md4_low    ; md9_low    ; 4.000 ; 4.000 ; Rise       ; md9_low         ;
; md5_low    ; md9_low    ; 4.000 ; 4.000 ; Rise       ; md9_low         ;
; md6_low    ; md9_low    ; 4.000 ; 4.000 ; Rise       ; md9_low         ;
; md7_low    ; md9_low    ; 4.000 ; 4.000 ; Rise       ; md9_low         ;
; md8_low    ; md9_low    ; 4.000 ; 4.000 ; Rise       ; md9_low         ;
; md9_low    ; md9_low    ; 4.000 ; 4.000 ; Rise       ; md9_low         ;
; md10_low   ; md9_low    ; 4.000 ; 4.000 ; Rise       ; md9_low         ;
; md11_low   ; md9_low    ; 4.000 ; 4.000 ; Rise       ; md9_low         ;
; pause_low  ; md9_low    ; 4.000 ; 4.000 ; Rise       ; md9_low         ;
; data06_low ; pause_low  ; 4.000 ; 4.000 ; Rise       ; pause_low       ;
; data07_low ; pause_low  ; 4.000 ; 4.000 ; Rise       ; pause_low       ;
; data08_low ; pause_low  ; 4.000 ; 4.000 ; Rise       ; pause_low       ;
; data09_low ; pause_low  ; 4.000 ; 4.000 ; Rise       ; pause_low       ;
; data10_low ; pause_low  ; 4.000 ; 4.000 ; Rise       ; pause_low       ;
; data11_low ; pause_low  ; 4.000 ; 4.000 ; Rise       ; pause_low       ;
; md3_low    ; pause_low  ; 4.000 ; 4.000 ; Rise       ; pause_low       ;
; md4_low    ; pause_low  ; 4.000 ; 4.000 ; Rise       ; pause_low       ;
; md5_low    ; pause_low  ; 4.000 ; 4.000 ; Rise       ; pause_low       ;
; md6_low    ; pause_low  ; 4.000 ; 4.000 ; Rise       ; pause_low       ;
; md7_low    ; pause_low  ; 4.000 ; 4.000 ; Rise       ; pause_low       ;
; md8_low    ; pause_low  ; 4.000 ; 4.000 ; Rise       ; pause_low       ;
; md9_low    ; pause_low  ; 4.000 ; 4.000 ; Rise       ; pause_low       ;
; md10_low   ; pause_low  ; 4.000 ; 4.000 ; Rise       ; pause_low       ;
; md11_low   ; pause_low  ; 4.000 ; 4.000 ; Rise       ; pause_low       ;
; pause_low  ; pause_low  ; 4.000 ; 4.000 ; Rise       ; pause_low       ;
; data06_low ; tp3        ; 4.000 ; 4.000 ; Rise       ; tp3             ;
; data07_low ; tp3        ; 4.000 ; 4.000 ; Rise       ; tp3             ;
; data08_low ; tp3        ; 4.000 ; 4.000 ; Rise       ; tp3             ;
; data09_low ; tp3        ; 4.000 ; 4.000 ; Rise       ; tp3             ;
; data10_low ; tp3        ; 4.000 ; 4.000 ; Rise       ; tp3             ;
; data11_low ; tp3        ; 4.000 ; 4.000 ; Rise       ; tp3             ;
; md3_low    ; tp3        ; 4.000 ; 4.000 ; Rise       ; tp3             ;
; md4_low    ; tp3        ; 4.000 ; 4.000 ; Rise       ; tp3             ;
; md5_low    ; tp3        ; 4.000 ; 4.000 ; Rise       ; tp3             ;
; md6_low    ; tp3        ; 4.000 ; 4.000 ; Rise       ; tp3             ;
; md7_low    ; tp3        ; 4.000 ; 4.000 ; Rise       ; tp3             ;
; md8_low    ; tp3        ; 4.000 ; 4.000 ; Rise       ; tp3             ;
; md9_low    ; tp3        ; 4.000 ; 4.000 ; Rise       ; tp3             ;
; md10_low   ; tp3        ; 4.000 ; 4.000 ; Rise       ; tp3             ;
; md11_low   ; tp3        ; 4.000 ; 4.000 ; Rise       ; tp3             ;
; pause_low  ; tp3        ; 4.000 ; 4.000 ; Rise       ; tp3             ;
+------------+------------+-------+-------+------------+-----------------+


+-------------------------------------------------------------------------------+
; Clock to Output Times                                                         ;
+-----------------+------------+--------+--------+------------+-----------------+
; Data Port       ; Clock Port ; Rise   ; Fall   ; Clock Edge ; Clock Reference ;
+-----------------+------------+--------+--------+------------+-----------------+
; data00_low      ; del_1_low  ; 24.000 ; 24.000 ; Rise       ; del_1_low       ;
; interrupt_low   ; del_1_low  ; 24.000 ; 24.000 ; Rise       ; del_1_low       ;
; skip_low        ; del_1_low  ; 24.000 ; 24.000 ; Rise       ; del_1_low       ;
; data00_low      ; grn_delay  ; 24.000 ; 24.000 ; Rise       ; grn_delay       ;
; dly_done_low    ; grn_delay  ; 15.000 ; 15.000 ; Rise       ; grn_delay       ;
; interrupt_low   ; grn_delay  ; 24.000 ; 24.000 ; Rise       ; grn_delay       ;
; skip_low        ; grn_delay  ; 24.000 ; 24.000 ; Rise       ; grn_delay       ;
; dly_done_low    ; grn_delay  ; 15.000 ; 15.000 ; Fall       ; grn_delay       ;
; data00_low      ; ld_del_low ; 24.000 ; 24.000 ; Rise       ; ld_del_low      ;
; interrupt_low   ; ld_del_low ; 24.000 ; 24.000 ; Rise       ; ld_del_low      ;
; skip_low        ; ld_del_low ; 24.000 ; 24.000 ; Rise       ; ld_del_low      ;
; b_dixy_low      ; md10_low   ; 15.000 ; 15.000 ; Rise       ; md10_low        ;
; c0_low          ; md10_low   ; 15.000 ; 15.000 ; Rise       ; md10_low        ;
; c1_low          ; md10_low   ; 15.000 ; 15.000 ; Rise       ; md10_low        ;
; chan_low        ; md10_low   ; 15.000 ; 15.000 ; Rise       ; md10_low        ;
; col_red_low     ; md10_low   ; 15.000 ; 15.000 ; Rise       ; md10_low        ;
; data00_low      ; md10_low   ; 15.000 ; 15.000 ; Rise       ; md10_low        ;
; data01_low      ; md10_low   ; 15.000 ; 15.000 ; Rise       ; md10_low        ;
; data02_low      ; md10_low   ; 15.000 ; 15.000 ; Rise       ; md10_low        ;
; data03_low      ; md10_low   ; 15.000 ; 15.000 ; Rise       ; md10_low        ;
; data06_low      ; md10_low   ; 24.000 ; 24.000 ; Rise       ; md10_low        ;
; data07_low      ; md10_low   ; 24.000 ; 24.000 ; Rise       ; md10_low        ;
; data08_low      ; md10_low   ; 15.000 ; 15.000 ; Rise       ; md10_low        ;
; data09_low      ; md10_low   ; 24.000 ; 24.000 ; Rise       ; md10_low        ;
; data10_low      ; md10_low   ; 24.000 ; 24.000 ; Rise       ; md10_low        ;
; data11_low      ; md10_low   ; 24.000 ; 24.000 ; Rise       ; md10_low        ;
; di02_l          ; md10_low   ; 15.000 ; 15.000 ; Rise       ; md10_low        ;
; di03            ; md10_low   ; 15.000 ; 15.000 ; Rise       ; md10_low        ;
; di04            ; md10_low   ; 15.000 ; 15.000 ; Rise       ; md10_low        ;
; di05            ; md10_low   ; 15.000 ; 15.000 ; Rise       ; md10_low        ;
; di06            ; md10_low   ; 15.000 ; 15.000 ; Rise       ; md10_low        ;
; di07            ; md10_low   ; 15.000 ; 15.000 ; Rise       ; md10_low        ;
; di08            ; md10_low   ; 15.000 ; 15.000 ; Rise       ; md10_low        ;
; di09            ; md10_low   ; 15.000 ; 15.000 ; Rise       ; md10_low        ;
; di10            ; md10_low   ; 15.000 ; 15.000 ; Rise       ; md10_low        ;
; di11            ; md10_low   ; 15.000 ; 15.000 ; Rise       ; md10_low        ;
; erase_low       ; md10_low   ; 15.000 ; 15.000 ; Rise       ; md10_low        ;
; interrupt_low   ; md10_low   ; 24.000 ; 24.000 ; Rise       ; md10_low        ;
; load_x          ; md10_low   ; 15.000 ; 15.000 ; Rise       ; md10_low        ;
; load_y          ; md10_low   ; 15.000 ; 15.000 ; Rise       ; md10_low        ;
; n_t_27x         ; md10_low   ; 24.000 ; 24.000 ; Rise       ; md10_low        ;
; non_store_low   ; md10_low   ; 15.000 ; 15.000 ; Rise       ; md10_low        ;
; skip_low        ; md10_low   ; 15.000 ; 15.000 ; Rise       ; md10_low        ;
; write_thru_low  ; md10_low   ; 15.000 ; 15.000 ; Rise       ; md10_low        ;
; b_dixy_low      ; md10_low   ; 15.000 ; 15.000 ; Fall       ; md10_low        ;
; c0_low          ; md10_low   ; 15.000 ; 15.000 ; Fall       ; md10_low        ;
; c1_low          ; md10_low   ; 15.000 ; 15.000 ; Fall       ; md10_low        ;
; data00_low      ; md10_low   ; 15.000 ; 15.000 ; Fall       ; md10_low        ;
; data01_low      ; md10_low   ; 15.000 ; 15.000 ; Fall       ; md10_low        ;
; data02_low      ; md10_low   ; 15.000 ; 15.000 ; Fall       ; md10_low        ;
; data03_low      ; md10_low   ; 15.000 ; 15.000 ; Fall       ; md10_low        ;
; data06_low      ; md10_low   ; 15.000 ; 15.000 ; Fall       ; md10_low        ;
; data07_low      ; md10_low   ; 15.000 ; 15.000 ; Fall       ; md10_low        ;
; data08_low      ; md10_low   ; 15.000 ; 15.000 ; Fall       ; md10_low        ;
; data09_low      ; md10_low   ; 15.000 ; 15.000 ; Fall       ; md10_low        ;
; data10_low      ; md10_low   ; 15.000 ; 15.000 ; Fall       ; md10_low        ;
; data11_low      ; md10_low   ; 15.000 ; 15.000 ; Fall       ; md10_low        ;
; di02_l          ; md10_low   ; 15.000 ; 15.000 ; Fall       ; md10_low        ;
; di03            ; md10_low   ; 15.000 ; 15.000 ; Fall       ; md10_low        ;
; di04            ; md10_low   ; 15.000 ; 15.000 ; Fall       ; md10_low        ;
; di05            ; md10_low   ; 15.000 ; 15.000 ; Fall       ; md10_low        ;
; di06            ; md10_low   ; 15.000 ; 15.000 ; Fall       ; md10_low        ;
; di07            ; md10_low   ; 15.000 ; 15.000 ; Fall       ; md10_low        ;
; di08            ; md10_low   ; 15.000 ; 15.000 ; Fall       ; md10_low        ;
; di09            ; md10_low   ; 15.000 ; 15.000 ; Fall       ; md10_low        ;
; di10            ; md10_low   ; 15.000 ; 15.000 ; Fall       ; md10_low        ;
; di11            ; md10_low   ; 15.000 ; 15.000 ; Fall       ; md10_low        ;
; load_x          ; md10_low   ; 15.000 ; 15.000 ; Fall       ; md10_low        ;
; load_y          ; md10_low   ; 15.000 ; 15.000 ; Fall       ; md10_low        ;
; skip_low        ; md10_low   ; 15.000 ; 15.000 ; Fall       ; md10_low        ;
; b_dixy_low      ; md11_low   ; 15.000 ; 15.000 ; Rise       ; md11_low        ;
; c0_low          ; md11_low   ; 15.000 ; 15.000 ; Rise       ; md11_low        ;
; c1_low          ; md11_low   ; 15.000 ; 15.000 ; Rise       ; md11_low        ;
; chan_low        ; md11_low   ; 15.000 ; 15.000 ; Rise       ; md11_low        ;
; col_red_low     ; md11_low   ; 15.000 ; 15.000 ; Rise       ; md11_low        ;
; data00_low      ; md11_low   ; 15.000 ; 15.000 ; Rise       ; md11_low        ;
; data01_low      ; md11_low   ; 15.000 ; 15.000 ; Rise       ; md11_low        ;
; data02_low      ; md11_low   ; 15.000 ; 15.000 ; Rise       ; md11_low        ;
; data03_low      ; md11_low   ; 15.000 ; 15.000 ; Rise       ; md11_low        ;
; data06_low      ; md11_low   ; 24.000 ; 24.000 ; Rise       ; md11_low        ;
; data07_low      ; md11_low   ; 24.000 ; 24.000 ; Rise       ; md11_low        ;
; data08_low      ; md11_low   ; 15.000 ; 15.000 ; Rise       ; md11_low        ;
; data09_low      ; md11_low   ; 24.000 ; 24.000 ; Rise       ; md11_low        ;
; data10_low      ; md11_low   ; 24.000 ; 24.000 ; Rise       ; md11_low        ;
; data11_low      ; md11_low   ; 24.000 ; 24.000 ; Rise       ; md11_low        ;
; di02_l          ; md11_low   ; 15.000 ; 15.000 ; Rise       ; md11_low        ;
; di03            ; md11_low   ; 15.000 ; 15.000 ; Rise       ; md11_low        ;
; di04            ; md11_low   ; 15.000 ; 15.000 ; Rise       ; md11_low        ;
; di05            ; md11_low   ; 15.000 ; 15.000 ; Rise       ; md11_low        ;
; di06            ; md11_low   ; 15.000 ; 15.000 ; Rise       ; md11_low        ;
; di07            ; md11_low   ; 15.000 ; 15.000 ; Rise       ; md11_low        ;
; di08            ; md11_low   ; 15.000 ; 15.000 ; Rise       ; md11_low        ;
; di09            ; md11_low   ; 15.000 ; 15.000 ; Rise       ; md11_low        ;
; di10            ; md11_low   ; 15.000 ; 15.000 ; Rise       ; md11_low        ;
; di11            ; md11_low   ; 15.000 ; 15.000 ; Rise       ; md11_low        ;
; erase_low       ; md11_low   ; 15.000 ; 15.000 ; Rise       ; md11_low        ;
; interrupt_low   ; md11_low   ; 24.000 ; 24.000 ; Rise       ; md11_low        ;
; load_x          ; md11_low   ; 15.000 ; 15.000 ; Rise       ; md11_low        ;
; load_y          ; md11_low   ; 15.000 ; 15.000 ; Rise       ; md11_low        ;
; n_t_27x         ; md11_low   ; 24.000 ; 24.000 ; Rise       ; md11_low        ;
; non_store_low   ; md11_low   ; 15.000 ; 15.000 ; Rise       ; md11_low        ;
; skip_low        ; md11_low   ; 15.000 ; 15.000 ; Rise       ; md11_low        ;
; write_thru_low  ; md11_low   ; 15.000 ; 15.000 ; Rise       ; md11_low        ;
; b_dixy_low      ; md11_low   ; 15.000 ; 15.000 ; Fall       ; md11_low        ;
; c0_low          ; md11_low   ; 15.000 ; 15.000 ; Fall       ; md11_low        ;
; c1_low          ; md11_low   ; 15.000 ; 15.000 ; Fall       ; md11_low        ;
; data00_low      ; md11_low   ; 15.000 ; 15.000 ; Fall       ; md11_low        ;
; data01_low      ; md11_low   ; 15.000 ; 15.000 ; Fall       ; md11_low        ;
; data02_low      ; md11_low   ; 15.000 ; 15.000 ; Fall       ; md11_low        ;
; data03_low      ; md11_low   ; 15.000 ; 15.000 ; Fall       ; md11_low        ;
; data06_low      ; md11_low   ; 15.000 ; 15.000 ; Fall       ; md11_low        ;
; data07_low      ; md11_low   ; 15.000 ; 15.000 ; Fall       ; md11_low        ;
; data08_low      ; md11_low   ; 15.000 ; 15.000 ; Fall       ; md11_low        ;
; data09_low      ; md11_low   ; 15.000 ; 15.000 ; Fall       ; md11_low        ;
; data10_low      ; md11_low   ; 15.000 ; 15.000 ; Fall       ; md11_low        ;
; data11_low      ; md11_low   ; 15.000 ; 15.000 ; Fall       ; md11_low        ;
; di02_l          ; md11_low   ; 15.000 ; 15.000 ; Fall       ; md11_low        ;
; di03            ; md11_low   ; 15.000 ; 15.000 ; Fall       ; md11_low        ;
; di04            ; md11_low   ; 15.000 ; 15.000 ; Fall       ; md11_low        ;
; di05            ; md11_low   ; 15.000 ; 15.000 ; Fall       ; md11_low        ;
; di06            ; md11_low   ; 15.000 ; 15.000 ; Fall       ; md11_low        ;
; di07            ; md11_low   ; 15.000 ; 15.000 ; Fall       ; md11_low        ;
; di08            ; md11_low   ; 15.000 ; 15.000 ; Fall       ; md11_low        ;
; di09            ; md11_low   ; 15.000 ; 15.000 ; Fall       ; md11_low        ;
; di10            ; md11_low   ; 15.000 ; 15.000 ; Fall       ; md11_low        ;
; di11            ; md11_low   ; 15.000 ; 15.000 ; Fall       ; md11_low        ;
; load_x          ; md11_low   ; 15.000 ; 15.000 ; Fall       ; md11_low        ;
; load_y          ; md11_low   ; 15.000 ; 15.000 ; Fall       ; md11_low        ;
; skip_low        ; md11_low   ; 15.000 ; 15.000 ; Fall       ; md11_low        ;
; b_dixy_low      ; md3_low    ; 15.000 ; 15.000 ; Rise       ; md3_low         ;
; c0_low          ; md3_low    ; 15.000 ; 15.000 ; Rise       ; md3_low         ;
; c1_low          ; md3_low    ; 15.000 ; 15.000 ; Rise       ; md3_low         ;
; chan_low        ; md3_low    ; 15.000 ; 15.000 ; Rise       ; md3_low         ;
; col_red_low     ; md3_low    ; 15.000 ; 15.000 ; Rise       ; md3_low         ;
; data00_low      ; md3_low    ; 15.000 ; 15.000 ; Rise       ; md3_low         ;
; data01_low      ; md3_low    ; 15.000 ; 15.000 ; Rise       ; md3_low         ;
; data02_low      ; md3_low    ; 15.000 ; 15.000 ; Rise       ; md3_low         ;
; data03_low      ; md3_low    ; 15.000 ; 15.000 ; Rise       ; md3_low         ;
; data06_low      ; md3_low    ; 24.000 ; 24.000 ; Rise       ; md3_low         ;
; data07_low      ; md3_low    ; 24.000 ; 24.000 ; Rise       ; md3_low         ;
; data08_low      ; md3_low    ; 15.000 ; 15.000 ; Rise       ; md3_low         ;
; data09_low      ; md3_low    ; 24.000 ; 24.000 ; Rise       ; md3_low         ;
; data10_low      ; md3_low    ; 24.000 ; 24.000 ; Rise       ; md3_low         ;
; data11_low      ; md3_low    ; 24.000 ; 24.000 ; Rise       ; md3_low         ;
; di02_l          ; md3_low    ; 15.000 ; 15.000 ; Rise       ; md3_low         ;
; di03            ; md3_low    ; 15.000 ; 15.000 ; Rise       ; md3_low         ;
; di04            ; md3_low    ; 15.000 ; 15.000 ; Rise       ; md3_low         ;
; di05            ; md3_low    ; 15.000 ; 15.000 ; Rise       ; md3_low         ;
; di06            ; md3_low    ; 15.000 ; 15.000 ; Rise       ; md3_low         ;
; di07            ; md3_low    ; 15.000 ; 15.000 ; Rise       ; md3_low         ;
; di08            ; md3_low    ; 15.000 ; 15.000 ; Rise       ; md3_low         ;
; di09            ; md3_low    ; 15.000 ; 15.000 ; Rise       ; md3_low         ;
; di10            ; md3_low    ; 15.000 ; 15.000 ; Rise       ; md3_low         ;
; di11            ; md3_low    ; 15.000 ; 15.000 ; Rise       ; md3_low         ;
; erase_low       ; md3_low    ; 15.000 ; 15.000 ; Rise       ; md3_low         ;
; internal_io_low ; md3_low    ; 15.000 ; 15.000 ; Rise       ; md3_low         ;
; interrupt_low   ; md3_low    ; 24.000 ; 24.000 ; Rise       ; md3_low         ;
; load_x          ; md3_low    ; 15.000 ; 15.000 ; Rise       ; md3_low         ;
; load_y          ; md3_low    ; 15.000 ; 15.000 ; Rise       ; md3_low         ;
; n_t_27x         ; md3_low    ; 24.000 ; 24.000 ; Rise       ; md3_low         ;
; non_store_low   ; md3_low    ; 15.000 ; 15.000 ; Rise       ; md3_low         ;
; skip_low        ; md3_low    ; 15.000 ; 15.000 ; Rise       ; md3_low         ;
; write_thru_low  ; md3_low    ; 15.000 ; 15.000 ; Rise       ; md3_low         ;
; b_dixy_low      ; md3_low    ; 15.000 ; 15.000 ; Fall       ; md3_low         ;
; c0_low          ; md3_low    ; 15.000 ; 15.000 ; Fall       ; md3_low         ;
; c1_low          ; md3_low    ; 15.000 ; 15.000 ; Fall       ; md3_low         ;
; data00_low      ; md3_low    ; 15.000 ; 15.000 ; Fall       ; md3_low         ;
; data01_low      ; md3_low    ; 15.000 ; 15.000 ; Fall       ; md3_low         ;
; data02_low      ; md3_low    ; 15.000 ; 15.000 ; Fall       ; md3_low         ;
; data03_low      ; md3_low    ; 15.000 ; 15.000 ; Fall       ; md3_low         ;
; data06_low      ; md3_low    ; 15.000 ; 15.000 ; Fall       ; md3_low         ;
; data07_low      ; md3_low    ; 15.000 ; 15.000 ; Fall       ; md3_low         ;
; data08_low      ; md3_low    ; 15.000 ; 15.000 ; Fall       ; md3_low         ;
; data09_low      ; md3_low    ; 15.000 ; 15.000 ; Fall       ; md3_low         ;
; data10_low      ; md3_low    ; 15.000 ; 15.000 ; Fall       ; md3_low         ;
; data11_low      ; md3_low    ; 15.000 ; 15.000 ; Fall       ; md3_low         ;
; di02_l          ; md3_low    ; 15.000 ; 15.000 ; Fall       ; md3_low         ;
; di03            ; md3_low    ; 15.000 ; 15.000 ; Fall       ; md3_low         ;
; di04            ; md3_low    ; 15.000 ; 15.000 ; Fall       ; md3_low         ;
; di05            ; md3_low    ; 15.000 ; 15.000 ; Fall       ; md3_low         ;
; di06            ; md3_low    ; 15.000 ; 15.000 ; Fall       ; md3_low         ;
; di07            ; md3_low    ; 15.000 ; 15.000 ; Fall       ; md3_low         ;
; di08            ; md3_low    ; 15.000 ; 15.000 ; Fall       ; md3_low         ;
; di09            ; md3_low    ; 15.000 ; 15.000 ; Fall       ; md3_low         ;
; di10            ; md3_low    ; 15.000 ; 15.000 ; Fall       ; md3_low         ;
; di11            ; md3_low    ; 15.000 ; 15.000 ; Fall       ; md3_low         ;
; internal_io_low ; md3_low    ; 15.000 ; 15.000 ; Fall       ; md3_low         ;
; load_x          ; md3_low    ; 15.000 ; 15.000 ; Fall       ; md3_low         ;
; load_y          ; md3_low    ; 15.000 ; 15.000 ; Fall       ; md3_low         ;
; skip_low        ; md3_low    ; 15.000 ; 15.000 ; Fall       ; md3_low         ;
; b_dixy_low      ; md4_low    ; 15.000 ; 15.000 ; Rise       ; md4_low         ;
; c0_low          ; md4_low    ; 15.000 ; 15.000 ; Rise       ; md4_low         ;
; c1_low          ; md4_low    ; 15.000 ; 15.000 ; Rise       ; md4_low         ;
; chan_low        ; md4_low    ; 15.000 ; 15.000 ; Rise       ; md4_low         ;
; col_red_low     ; md4_low    ; 15.000 ; 15.000 ; Rise       ; md4_low         ;
; data00_low      ; md4_low    ; 15.000 ; 15.000 ; Rise       ; md4_low         ;
; data01_low      ; md4_low    ; 15.000 ; 15.000 ; Rise       ; md4_low         ;
; data02_low      ; md4_low    ; 15.000 ; 15.000 ; Rise       ; md4_low         ;
; data03_low      ; md4_low    ; 15.000 ; 15.000 ; Rise       ; md4_low         ;
; data06_low      ; md4_low    ; 24.000 ; 24.000 ; Rise       ; md4_low         ;
; data07_low      ; md4_low    ; 24.000 ; 24.000 ; Rise       ; md4_low         ;
; data08_low      ; md4_low    ; 15.000 ; 15.000 ; Rise       ; md4_low         ;
; data09_low      ; md4_low    ; 24.000 ; 24.000 ; Rise       ; md4_low         ;
; data10_low      ; md4_low    ; 24.000 ; 24.000 ; Rise       ; md4_low         ;
; data11_low      ; md4_low    ; 24.000 ; 24.000 ; Rise       ; md4_low         ;
; di02_l          ; md4_low    ; 15.000 ; 15.000 ; Rise       ; md4_low         ;
; di03            ; md4_low    ; 15.000 ; 15.000 ; Rise       ; md4_low         ;
; di04            ; md4_low    ; 15.000 ; 15.000 ; Rise       ; md4_low         ;
; di05            ; md4_low    ; 15.000 ; 15.000 ; Rise       ; md4_low         ;
; di06            ; md4_low    ; 15.000 ; 15.000 ; Rise       ; md4_low         ;
; di07            ; md4_low    ; 15.000 ; 15.000 ; Rise       ; md4_low         ;
; di08            ; md4_low    ; 15.000 ; 15.000 ; Rise       ; md4_low         ;
; di09            ; md4_low    ; 15.000 ; 15.000 ; Rise       ; md4_low         ;
; di10            ; md4_low    ; 15.000 ; 15.000 ; Rise       ; md4_low         ;
; di11            ; md4_low    ; 15.000 ; 15.000 ; Rise       ; md4_low         ;
; erase_low       ; md4_low    ; 15.000 ; 15.000 ; Rise       ; md4_low         ;
; internal_io_low ; md4_low    ; 15.000 ; 15.000 ; Rise       ; md4_low         ;
; interrupt_low   ; md4_low    ; 24.000 ; 24.000 ; Rise       ; md4_low         ;
; load_x          ; md4_low    ; 15.000 ; 15.000 ; Rise       ; md4_low         ;
; load_y          ; md4_low    ; 15.000 ; 15.000 ; Rise       ; md4_low         ;
; n_t_27x         ; md4_low    ; 24.000 ; 24.000 ; Rise       ; md4_low         ;
; non_store_low   ; md4_low    ; 15.000 ; 15.000 ; Rise       ; md4_low         ;
; skip_low        ; md4_low    ; 15.000 ; 15.000 ; Rise       ; md4_low         ;
; write_thru_low  ; md4_low    ; 15.000 ; 15.000 ; Rise       ; md4_low         ;
; b_dixy_low      ; md4_low    ; 15.000 ; 15.000 ; Fall       ; md4_low         ;
; c0_low          ; md4_low    ; 15.000 ; 15.000 ; Fall       ; md4_low         ;
; c1_low          ; md4_low    ; 15.000 ; 15.000 ; Fall       ; md4_low         ;
; data00_low      ; md4_low    ; 15.000 ; 15.000 ; Fall       ; md4_low         ;
; data01_low      ; md4_low    ; 15.000 ; 15.000 ; Fall       ; md4_low         ;
; data02_low      ; md4_low    ; 15.000 ; 15.000 ; Fall       ; md4_low         ;
; data03_low      ; md4_low    ; 15.000 ; 15.000 ; Fall       ; md4_low         ;
; data06_low      ; md4_low    ; 15.000 ; 15.000 ; Fall       ; md4_low         ;
; data07_low      ; md4_low    ; 15.000 ; 15.000 ; Fall       ; md4_low         ;
; data08_low      ; md4_low    ; 15.000 ; 15.000 ; Fall       ; md4_low         ;
; data09_low      ; md4_low    ; 15.000 ; 15.000 ; Fall       ; md4_low         ;
; data10_low      ; md4_low    ; 15.000 ; 15.000 ; Fall       ; md4_low         ;
; data11_low      ; md4_low    ; 15.000 ; 15.000 ; Fall       ; md4_low         ;
; di02_l          ; md4_low    ; 15.000 ; 15.000 ; Fall       ; md4_low         ;
; di03            ; md4_low    ; 15.000 ; 15.000 ; Fall       ; md4_low         ;
; di04            ; md4_low    ; 15.000 ; 15.000 ; Fall       ; md4_low         ;
; di05            ; md4_low    ; 15.000 ; 15.000 ; Fall       ; md4_low         ;
; di06            ; md4_low    ; 15.000 ; 15.000 ; Fall       ; md4_low         ;
; di07            ; md4_low    ; 15.000 ; 15.000 ; Fall       ; md4_low         ;
; di08            ; md4_low    ; 15.000 ; 15.000 ; Fall       ; md4_low         ;
; di09            ; md4_low    ; 15.000 ; 15.000 ; Fall       ; md4_low         ;
; di10            ; md4_low    ; 15.000 ; 15.000 ; Fall       ; md4_low         ;
; di11            ; md4_low    ; 15.000 ; 15.000 ; Fall       ; md4_low         ;
; internal_io_low ; md4_low    ; 15.000 ; 15.000 ; Fall       ; md4_low         ;
; load_x          ; md4_low    ; 15.000 ; 15.000 ; Fall       ; md4_low         ;
; load_y          ; md4_low    ; 15.000 ; 15.000 ; Fall       ; md4_low         ;
; skip_low        ; md4_low    ; 15.000 ; 15.000 ; Fall       ; md4_low         ;
; b_dixy_low      ; md5_low    ; 15.000 ; 15.000 ; Rise       ; md5_low         ;
; c0_low          ; md5_low    ; 15.000 ; 15.000 ; Rise       ; md5_low         ;
; c1_low          ; md5_low    ; 15.000 ; 15.000 ; Rise       ; md5_low         ;
; chan_low        ; md5_low    ; 15.000 ; 15.000 ; Rise       ; md5_low         ;
; col_red_low     ; md5_low    ; 15.000 ; 15.000 ; Rise       ; md5_low         ;
; data00_low      ; md5_low    ; 15.000 ; 15.000 ; Rise       ; md5_low         ;
; data01_low      ; md5_low    ; 15.000 ; 15.000 ; Rise       ; md5_low         ;
; data02_low      ; md5_low    ; 15.000 ; 15.000 ; Rise       ; md5_low         ;
; data03_low      ; md5_low    ; 15.000 ; 15.000 ; Rise       ; md5_low         ;
; data06_low      ; md5_low    ; 24.000 ; 24.000 ; Rise       ; md5_low         ;
; data07_low      ; md5_low    ; 24.000 ; 24.000 ; Rise       ; md5_low         ;
; data08_low      ; md5_low    ; 15.000 ; 15.000 ; Rise       ; md5_low         ;
; data09_low      ; md5_low    ; 24.000 ; 24.000 ; Rise       ; md5_low         ;
; data10_low      ; md5_low    ; 24.000 ; 24.000 ; Rise       ; md5_low         ;
; data11_low      ; md5_low    ; 24.000 ; 24.000 ; Rise       ; md5_low         ;
; di02_l          ; md5_low    ; 15.000 ; 15.000 ; Rise       ; md5_low         ;
; di03            ; md5_low    ; 15.000 ; 15.000 ; Rise       ; md5_low         ;
; di04            ; md5_low    ; 15.000 ; 15.000 ; Rise       ; md5_low         ;
; di05            ; md5_low    ; 15.000 ; 15.000 ; Rise       ; md5_low         ;
; di06            ; md5_low    ; 15.000 ; 15.000 ; Rise       ; md5_low         ;
; di07            ; md5_low    ; 15.000 ; 15.000 ; Rise       ; md5_low         ;
; di08            ; md5_low    ; 15.000 ; 15.000 ; Rise       ; md5_low         ;
; di09            ; md5_low    ; 15.000 ; 15.000 ; Rise       ; md5_low         ;
; di10            ; md5_low    ; 15.000 ; 15.000 ; Rise       ; md5_low         ;
; di11            ; md5_low    ; 15.000 ; 15.000 ; Rise       ; md5_low         ;
; erase_low       ; md5_low    ; 15.000 ; 15.000 ; Rise       ; md5_low         ;
; internal_io_low ; md5_low    ; 15.000 ; 15.000 ; Rise       ; md5_low         ;
; interrupt_low   ; md5_low    ; 24.000 ; 24.000 ; Rise       ; md5_low         ;
; load_x          ; md5_low    ; 15.000 ; 15.000 ; Rise       ; md5_low         ;
; load_y          ; md5_low    ; 15.000 ; 15.000 ; Rise       ; md5_low         ;
; n_t_27x         ; md5_low    ; 24.000 ; 24.000 ; Rise       ; md5_low         ;
; non_store_low   ; md5_low    ; 15.000 ; 15.000 ; Rise       ; md5_low         ;
; skip_low        ; md5_low    ; 15.000 ; 15.000 ; Rise       ; md5_low         ;
; write_thru_low  ; md5_low    ; 15.000 ; 15.000 ; Rise       ; md5_low         ;
; b_dixy_low      ; md5_low    ; 15.000 ; 15.000 ; Fall       ; md5_low         ;
; c0_low          ; md5_low    ; 15.000 ; 15.000 ; Fall       ; md5_low         ;
; c1_low          ; md5_low    ; 15.000 ; 15.000 ; Fall       ; md5_low         ;
; data00_low      ; md5_low    ; 15.000 ; 15.000 ; Fall       ; md5_low         ;
; data01_low      ; md5_low    ; 15.000 ; 15.000 ; Fall       ; md5_low         ;
; data02_low      ; md5_low    ; 15.000 ; 15.000 ; Fall       ; md5_low         ;
; data03_low      ; md5_low    ; 15.000 ; 15.000 ; Fall       ; md5_low         ;
; data06_low      ; md5_low    ; 15.000 ; 15.000 ; Fall       ; md5_low         ;
; data07_low      ; md5_low    ; 15.000 ; 15.000 ; Fall       ; md5_low         ;
; data08_low      ; md5_low    ; 15.000 ; 15.000 ; Fall       ; md5_low         ;
; data09_low      ; md5_low    ; 15.000 ; 15.000 ; Fall       ; md5_low         ;
; data10_low      ; md5_low    ; 15.000 ; 15.000 ; Fall       ; md5_low         ;
; data11_low      ; md5_low    ; 15.000 ; 15.000 ; Fall       ; md5_low         ;
; di02_l          ; md5_low    ; 15.000 ; 15.000 ; Fall       ; md5_low         ;
; di03            ; md5_low    ; 15.000 ; 15.000 ; Fall       ; md5_low         ;
; di04            ; md5_low    ; 15.000 ; 15.000 ; Fall       ; md5_low         ;
; di05            ; md5_low    ; 15.000 ; 15.000 ; Fall       ; md5_low         ;
; di06            ; md5_low    ; 15.000 ; 15.000 ; Fall       ; md5_low         ;
; di07            ; md5_low    ; 15.000 ; 15.000 ; Fall       ; md5_low         ;
; di08            ; md5_low    ; 15.000 ; 15.000 ; Fall       ; md5_low         ;
; di09            ; md5_low    ; 15.000 ; 15.000 ; Fall       ; md5_low         ;
; di10            ; md5_low    ; 15.000 ; 15.000 ; Fall       ; md5_low         ;
; di11            ; md5_low    ; 15.000 ; 15.000 ; Fall       ; md5_low         ;
; internal_io_low ; md5_low    ; 15.000 ; 15.000 ; Fall       ; md5_low         ;
; load_x          ; md5_low    ; 15.000 ; 15.000 ; Fall       ; md5_low         ;
; load_y          ; md5_low    ; 15.000 ; 15.000 ; Fall       ; md5_low         ;
; skip_low        ; md5_low    ; 15.000 ; 15.000 ; Fall       ; md5_low         ;
; b_dixy_low      ; md6_low    ; 15.000 ; 15.000 ; Rise       ; md6_low         ;
; c0_low          ; md6_low    ; 15.000 ; 15.000 ; Rise       ; md6_low         ;
; c1_low          ; md6_low    ; 15.000 ; 15.000 ; Rise       ; md6_low         ;
; chan_low        ; md6_low    ; 15.000 ; 15.000 ; Rise       ; md6_low         ;
; col_red_low     ; md6_low    ; 15.000 ; 15.000 ; Rise       ; md6_low         ;
; data00_low      ; md6_low    ; 15.000 ; 15.000 ; Rise       ; md6_low         ;
; data01_low      ; md6_low    ; 15.000 ; 15.000 ; Rise       ; md6_low         ;
; data02_low      ; md6_low    ; 15.000 ; 15.000 ; Rise       ; md6_low         ;
; data03_low      ; md6_low    ; 15.000 ; 15.000 ; Rise       ; md6_low         ;
; data06_low      ; md6_low    ; 24.000 ; 24.000 ; Rise       ; md6_low         ;
; data07_low      ; md6_low    ; 24.000 ; 24.000 ; Rise       ; md6_low         ;
; data08_low      ; md6_low    ; 15.000 ; 15.000 ; Rise       ; md6_low         ;
; data09_low      ; md6_low    ; 24.000 ; 24.000 ; Rise       ; md6_low         ;
; data10_low      ; md6_low    ; 24.000 ; 24.000 ; Rise       ; md6_low         ;
; data11_low      ; md6_low    ; 24.000 ; 24.000 ; Rise       ; md6_low         ;
; di02_l          ; md6_low    ; 15.000 ; 15.000 ; Rise       ; md6_low         ;
; di03            ; md6_low    ; 15.000 ; 15.000 ; Rise       ; md6_low         ;
; di04            ; md6_low    ; 15.000 ; 15.000 ; Rise       ; md6_low         ;
; di05            ; md6_low    ; 15.000 ; 15.000 ; Rise       ; md6_low         ;
; di06            ; md6_low    ; 15.000 ; 15.000 ; Rise       ; md6_low         ;
; di07            ; md6_low    ; 15.000 ; 15.000 ; Rise       ; md6_low         ;
; di08            ; md6_low    ; 15.000 ; 15.000 ; Rise       ; md6_low         ;
; di09            ; md6_low    ; 15.000 ; 15.000 ; Rise       ; md6_low         ;
; di10            ; md6_low    ; 15.000 ; 15.000 ; Rise       ; md6_low         ;
; di11            ; md6_low    ; 15.000 ; 15.000 ; Rise       ; md6_low         ;
; erase_low       ; md6_low    ; 15.000 ; 15.000 ; Rise       ; md6_low         ;
; internal_io_low ; md6_low    ; 15.000 ; 15.000 ; Rise       ; md6_low         ;
; interrupt_low   ; md6_low    ; 24.000 ; 24.000 ; Rise       ; md6_low         ;
; load_x          ; md6_low    ; 15.000 ; 15.000 ; Rise       ; md6_low         ;
; load_y          ; md6_low    ; 15.000 ; 15.000 ; Rise       ; md6_low         ;
; n_t_27x         ; md6_low    ; 24.000 ; 24.000 ; Rise       ; md6_low         ;
; non_store_low   ; md6_low    ; 15.000 ; 15.000 ; Rise       ; md6_low         ;
; skip_low        ; md6_low    ; 15.000 ; 15.000 ; Rise       ; md6_low         ;
; write_thru_low  ; md6_low    ; 15.000 ; 15.000 ; Rise       ; md6_low         ;
; b_dixy_low      ; md6_low    ; 15.000 ; 15.000 ; Fall       ; md6_low         ;
; c0_low          ; md6_low    ; 15.000 ; 15.000 ; Fall       ; md6_low         ;
; c1_low          ; md6_low    ; 15.000 ; 15.000 ; Fall       ; md6_low         ;
; data00_low      ; md6_low    ; 15.000 ; 15.000 ; Fall       ; md6_low         ;
; data01_low      ; md6_low    ; 15.000 ; 15.000 ; Fall       ; md6_low         ;
; data02_low      ; md6_low    ; 15.000 ; 15.000 ; Fall       ; md6_low         ;
; data03_low      ; md6_low    ; 15.000 ; 15.000 ; Fall       ; md6_low         ;
; data06_low      ; md6_low    ; 15.000 ; 15.000 ; Fall       ; md6_low         ;
; data07_low      ; md6_low    ; 15.000 ; 15.000 ; Fall       ; md6_low         ;
; data08_low      ; md6_low    ; 15.000 ; 15.000 ; Fall       ; md6_low         ;
; data09_low      ; md6_low    ; 15.000 ; 15.000 ; Fall       ; md6_low         ;
; data10_low      ; md6_low    ; 15.000 ; 15.000 ; Fall       ; md6_low         ;
; data11_low      ; md6_low    ; 15.000 ; 15.000 ; Fall       ; md6_low         ;
; di02_l          ; md6_low    ; 15.000 ; 15.000 ; Fall       ; md6_low         ;
; di03            ; md6_low    ; 15.000 ; 15.000 ; Fall       ; md6_low         ;
; di04            ; md6_low    ; 15.000 ; 15.000 ; Fall       ; md6_low         ;
; di05            ; md6_low    ; 15.000 ; 15.000 ; Fall       ; md6_low         ;
; di06            ; md6_low    ; 15.000 ; 15.000 ; Fall       ; md6_low         ;
; di07            ; md6_low    ; 15.000 ; 15.000 ; Fall       ; md6_low         ;
; di08            ; md6_low    ; 15.000 ; 15.000 ; Fall       ; md6_low         ;
; di09            ; md6_low    ; 15.000 ; 15.000 ; Fall       ; md6_low         ;
; di10            ; md6_low    ; 15.000 ; 15.000 ; Fall       ; md6_low         ;
; di11            ; md6_low    ; 15.000 ; 15.000 ; Fall       ; md6_low         ;
; internal_io_low ; md6_low    ; 15.000 ; 15.000 ; Fall       ; md6_low         ;
; load_x          ; md6_low    ; 15.000 ; 15.000 ; Fall       ; md6_low         ;
; load_y          ; md6_low    ; 15.000 ; 15.000 ; Fall       ; md6_low         ;
; skip_low        ; md6_low    ; 15.000 ; 15.000 ; Fall       ; md6_low         ;
; b_dixy_low      ; md7_low    ; 15.000 ; 15.000 ; Rise       ; md7_low         ;
; c0_low          ; md7_low    ; 15.000 ; 15.000 ; Rise       ; md7_low         ;
; c1_low          ; md7_low    ; 15.000 ; 15.000 ; Rise       ; md7_low         ;
; chan_low        ; md7_low    ; 15.000 ; 15.000 ; Rise       ; md7_low         ;
; col_red_low     ; md7_low    ; 15.000 ; 15.000 ; Rise       ; md7_low         ;
; data00_low      ; md7_low    ; 15.000 ; 15.000 ; Rise       ; md7_low         ;
; data01_low      ; md7_low    ; 15.000 ; 15.000 ; Rise       ; md7_low         ;
; data02_low      ; md7_low    ; 15.000 ; 15.000 ; Rise       ; md7_low         ;
; data03_low      ; md7_low    ; 15.000 ; 15.000 ; Rise       ; md7_low         ;
; data06_low      ; md7_low    ; 24.000 ; 24.000 ; Rise       ; md7_low         ;
; data07_low      ; md7_low    ; 24.000 ; 24.000 ; Rise       ; md7_low         ;
; data08_low      ; md7_low    ; 15.000 ; 15.000 ; Rise       ; md7_low         ;
; data09_low      ; md7_low    ; 24.000 ; 24.000 ; Rise       ; md7_low         ;
; data10_low      ; md7_low    ; 24.000 ; 24.000 ; Rise       ; md7_low         ;
; data11_low      ; md7_low    ; 24.000 ; 24.000 ; Rise       ; md7_low         ;
; di02_l          ; md7_low    ; 15.000 ; 15.000 ; Rise       ; md7_low         ;
; di03            ; md7_low    ; 15.000 ; 15.000 ; Rise       ; md7_low         ;
; di04            ; md7_low    ; 15.000 ; 15.000 ; Rise       ; md7_low         ;
; di05            ; md7_low    ; 15.000 ; 15.000 ; Rise       ; md7_low         ;
; di06            ; md7_low    ; 15.000 ; 15.000 ; Rise       ; md7_low         ;
; di07            ; md7_low    ; 15.000 ; 15.000 ; Rise       ; md7_low         ;
; di08            ; md7_low    ; 15.000 ; 15.000 ; Rise       ; md7_low         ;
; di09            ; md7_low    ; 15.000 ; 15.000 ; Rise       ; md7_low         ;
; di10            ; md7_low    ; 15.000 ; 15.000 ; Rise       ; md7_low         ;
; di11            ; md7_low    ; 15.000 ; 15.000 ; Rise       ; md7_low         ;
; erase_low       ; md7_low    ; 15.000 ; 15.000 ; Rise       ; md7_low         ;
; internal_io_low ; md7_low    ; 15.000 ; 15.000 ; Rise       ; md7_low         ;
; interrupt_low   ; md7_low    ; 24.000 ; 24.000 ; Rise       ; md7_low         ;
; load_x          ; md7_low    ; 15.000 ; 15.000 ; Rise       ; md7_low         ;
; load_y          ; md7_low    ; 15.000 ; 15.000 ; Rise       ; md7_low         ;
; n_t_27x         ; md7_low    ; 24.000 ; 24.000 ; Rise       ; md7_low         ;
; non_store_low   ; md7_low    ; 15.000 ; 15.000 ; Rise       ; md7_low         ;
; skip_low        ; md7_low    ; 15.000 ; 15.000 ; Rise       ; md7_low         ;
; write_thru_low  ; md7_low    ; 15.000 ; 15.000 ; Rise       ; md7_low         ;
; b_dixy_low      ; md7_low    ; 15.000 ; 15.000 ; Fall       ; md7_low         ;
; c0_low          ; md7_low    ; 15.000 ; 15.000 ; Fall       ; md7_low         ;
; c1_low          ; md7_low    ; 15.000 ; 15.000 ; Fall       ; md7_low         ;
; data00_low      ; md7_low    ; 15.000 ; 15.000 ; Fall       ; md7_low         ;
; data01_low      ; md7_low    ; 15.000 ; 15.000 ; Fall       ; md7_low         ;
; data02_low      ; md7_low    ; 15.000 ; 15.000 ; Fall       ; md7_low         ;
; data03_low      ; md7_low    ; 15.000 ; 15.000 ; Fall       ; md7_low         ;
; data06_low      ; md7_low    ; 15.000 ; 15.000 ; Fall       ; md7_low         ;
; data07_low      ; md7_low    ; 15.000 ; 15.000 ; Fall       ; md7_low         ;
; data08_low      ; md7_low    ; 15.000 ; 15.000 ; Fall       ; md7_low         ;
; data09_low      ; md7_low    ; 15.000 ; 15.000 ; Fall       ; md7_low         ;
; data10_low      ; md7_low    ; 15.000 ; 15.000 ; Fall       ; md7_low         ;
; data11_low      ; md7_low    ; 15.000 ; 15.000 ; Fall       ; md7_low         ;
; di02_l          ; md7_low    ; 15.000 ; 15.000 ; Fall       ; md7_low         ;
; di03            ; md7_low    ; 15.000 ; 15.000 ; Fall       ; md7_low         ;
; di04            ; md7_low    ; 15.000 ; 15.000 ; Fall       ; md7_low         ;
; di05            ; md7_low    ; 15.000 ; 15.000 ; Fall       ; md7_low         ;
; di06            ; md7_low    ; 15.000 ; 15.000 ; Fall       ; md7_low         ;
; di07            ; md7_low    ; 15.000 ; 15.000 ; Fall       ; md7_low         ;
; di08            ; md7_low    ; 15.000 ; 15.000 ; Fall       ; md7_low         ;
; di09            ; md7_low    ; 15.000 ; 15.000 ; Fall       ; md7_low         ;
; di10            ; md7_low    ; 15.000 ; 15.000 ; Fall       ; md7_low         ;
; di11            ; md7_low    ; 15.000 ; 15.000 ; Fall       ; md7_low         ;
; internal_io_low ; md7_low    ; 15.000 ; 15.000 ; Fall       ; md7_low         ;
; load_x          ; md7_low    ; 15.000 ; 15.000 ; Fall       ; md7_low         ;
; load_y          ; md7_low    ; 15.000 ; 15.000 ; Fall       ; md7_low         ;
; skip_low        ; md7_low    ; 15.000 ; 15.000 ; Fall       ; md7_low         ;
; b_dixy_low      ; md8_low    ; 15.000 ; 15.000 ; Rise       ; md8_low         ;
; c0_low          ; md8_low    ; 15.000 ; 15.000 ; Rise       ; md8_low         ;
; c1_low          ; md8_low    ; 15.000 ; 15.000 ; Rise       ; md8_low         ;
; chan_low        ; md8_low    ; 15.000 ; 15.000 ; Rise       ; md8_low         ;
; col_red_low     ; md8_low    ; 15.000 ; 15.000 ; Rise       ; md8_low         ;
; data00_low      ; md8_low    ; 15.000 ; 15.000 ; Rise       ; md8_low         ;
; data01_low      ; md8_low    ; 15.000 ; 15.000 ; Rise       ; md8_low         ;
; data02_low      ; md8_low    ; 15.000 ; 15.000 ; Rise       ; md8_low         ;
; data03_low      ; md8_low    ; 15.000 ; 15.000 ; Rise       ; md8_low         ;
; data06_low      ; md8_low    ; 24.000 ; 24.000 ; Rise       ; md8_low         ;
; data07_low      ; md8_low    ; 24.000 ; 24.000 ; Rise       ; md8_low         ;
; data08_low      ; md8_low    ; 15.000 ; 15.000 ; Rise       ; md8_low         ;
; data09_low      ; md8_low    ; 24.000 ; 24.000 ; Rise       ; md8_low         ;
; data10_low      ; md8_low    ; 24.000 ; 24.000 ; Rise       ; md8_low         ;
; data11_low      ; md8_low    ; 24.000 ; 24.000 ; Rise       ; md8_low         ;
; di02_l          ; md8_low    ; 15.000 ; 15.000 ; Rise       ; md8_low         ;
; di03            ; md8_low    ; 15.000 ; 15.000 ; Rise       ; md8_low         ;
; di04            ; md8_low    ; 15.000 ; 15.000 ; Rise       ; md8_low         ;
; di05            ; md8_low    ; 15.000 ; 15.000 ; Rise       ; md8_low         ;
; di06            ; md8_low    ; 15.000 ; 15.000 ; Rise       ; md8_low         ;
; di07            ; md8_low    ; 15.000 ; 15.000 ; Rise       ; md8_low         ;
; di08            ; md8_low    ; 15.000 ; 15.000 ; Rise       ; md8_low         ;
; di09            ; md8_low    ; 15.000 ; 15.000 ; Rise       ; md8_low         ;
; di10            ; md8_low    ; 15.000 ; 15.000 ; Rise       ; md8_low         ;
; di11            ; md8_low    ; 15.000 ; 15.000 ; Rise       ; md8_low         ;
; erase_low       ; md8_low    ; 15.000 ; 15.000 ; Rise       ; md8_low         ;
; internal_io_low ; md8_low    ; 15.000 ; 15.000 ; Rise       ; md8_low         ;
; interrupt_low   ; md8_low    ; 24.000 ; 24.000 ; Rise       ; md8_low         ;
; load_x          ; md8_low    ; 15.000 ; 15.000 ; Rise       ; md8_low         ;
; load_y          ; md8_low    ; 15.000 ; 15.000 ; Rise       ; md8_low         ;
; n_t_27x         ; md8_low    ; 24.000 ; 24.000 ; Rise       ; md8_low         ;
; non_store_low   ; md8_low    ; 15.000 ; 15.000 ; Rise       ; md8_low         ;
; skip_low        ; md8_low    ; 15.000 ; 15.000 ; Rise       ; md8_low         ;
; write_thru_low  ; md8_low    ; 15.000 ; 15.000 ; Rise       ; md8_low         ;
; b_dixy_low      ; md8_low    ; 15.000 ; 15.000 ; Fall       ; md8_low         ;
; c0_low          ; md8_low    ; 15.000 ; 15.000 ; Fall       ; md8_low         ;
; c1_low          ; md8_low    ; 15.000 ; 15.000 ; Fall       ; md8_low         ;
; data00_low      ; md8_low    ; 15.000 ; 15.000 ; Fall       ; md8_low         ;
; data01_low      ; md8_low    ; 15.000 ; 15.000 ; Fall       ; md8_low         ;
; data02_low      ; md8_low    ; 15.000 ; 15.000 ; Fall       ; md8_low         ;
; data03_low      ; md8_low    ; 15.000 ; 15.000 ; Fall       ; md8_low         ;
; data06_low      ; md8_low    ; 15.000 ; 15.000 ; Fall       ; md8_low         ;
; data07_low      ; md8_low    ; 15.000 ; 15.000 ; Fall       ; md8_low         ;
; data08_low      ; md8_low    ; 15.000 ; 15.000 ; Fall       ; md8_low         ;
; data09_low      ; md8_low    ; 15.000 ; 15.000 ; Fall       ; md8_low         ;
; data10_low      ; md8_low    ; 15.000 ; 15.000 ; Fall       ; md8_low         ;
; data11_low      ; md8_low    ; 15.000 ; 15.000 ; Fall       ; md8_low         ;
; di02_l          ; md8_low    ; 15.000 ; 15.000 ; Fall       ; md8_low         ;
; di03            ; md8_low    ; 15.000 ; 15.000 ; Fall       ; md8_low         ;
; di04            ; md8_low    ; 15.000 ; 15.000 ; Fall       ; md8_low         ;
; di05            ; md8_low    ; 15.000 ; 15.000 ; Fall       ; md8_low         ;
; di06            ; md8_low    ; 15.000 ; 15.000 ; Fall       ; md8_low         ;
; di07            ; md8_low    ; 15.000 ; 15.000 ; Fall       ; md8_low         ;
; di08            ; md8_low    ; 15.000 ; 15.000 ; Fall       ; md8_low         ;
; di09            ; md8_low    ; 15.000 ; 15.000 ; Fall       ; md8_low         ;
; di10            ; md8_low    ; 15.000 ; 15.000 ; Fall       ; md8_low         ;
; di11            ; md8_low    ; 15.000 ; 15.000 ; Fall       ; md8_low         ;
; internal_io_low ; md8_low    ; 15.000 ; 15.000 ; Fall       ; md8_low         ;
; load_x          ; md8_low    ; 15.000 ; 15.000 ; Fall       ; md8_low         ;
; load_y          ; md8_low    ; 15.000 ; 15.000 ; Fall       ; md8_low         ;
; skip_low        ; md8_low    ; 15.000 ; 15.000 ; Fall       ; md8_low         ;
; b_dixy_low      ; md9_low    ; 15.000 ; 15.000 ; Rise       ; md9_low         ;
; c0_low          ; md9_low    ; 15.000 ; 15.000 ; Rise       ; md9_low         ;
; c1_low          ; md9_low    ; 15.000 ; 15.000 ; Rise       ; md9_low         ;
; chan_low        ; md9_low    ; 15.000 ; 15.000 ; Rise       ; md9_low         ;
; col_red_low     ; md9_low    ; 15.000 ; 15.000 ; Rise       ; md9_low         ;
; data00_low      ; md9_low    ; 15.000 ; 15.000 ; Rise       ; md9_low         ;
; data01_low      ; md9_low    ; 15.000 ; 15.000 ; Rise       ; md9_low         ;
; data02_low      ; md9_low    ; 15.000 ; 15.000 ; Rise       ; md9_low         ;
; data03_low      ; md9_low    ; 15.000 ; 15.000 ; Rise       ; md9_low         ;
; data06_low      ; md9_low    ; 24.000 ; 24.000 ; Rise       ; md9_low         ;
; data07_low      ; md9_low    ; 24.000 ; 24.000 ; Rise       ; md9_low         ;
; data08_low      ; md9_low    ; 15.000 ; 15.000 ; Rise       ; md9_low         ;
; data09_low      ; md9_low    ; 24.000 ; 24.000 ; Rise       ; md9_low         ;
; data10_low      ; md9_low    ; 24.000 ; 24.000 ; Rise       ; md9_low         ;
; data11_low      ; md9_low    ; 24.000 ; 24.000 ; Rise       ; md9_low         ;
; di02_l          ; md9_low    ; 15.000 ; 15.000 ; Rise       ; md9_low         ;
; di03            ; md9_low    ; 15.000 ; 15.000 ; Rise       ; md9_low         ;
; di04            ; md9_low    ; 15.000 ; 15.000 ; Rise       ; md9_low         ;
; di05            ; md9_low    ; 15.000 ; 15.000 ; Rise       ; md9_low         ;
; di06            ; md9_low    ; 15.000 ; 15.000 ; Rise       ; md9_low         ;
; di07            ; md9_low    ; 15.000 ; 15.000 ; Rise       ; md9_low         ;
; di08            ; md9_low    ; 15.000 ; 15.000 ; Rise       ; md9_low         ;
; di09            ; md9_low    ; 15.000 ; 15.000 ; Rise       ; md9_low         ;
; di10            ; md9_low    ; 15.000 ; 15.000 ; Rise       ; md9_low         ;
; di11            ; md9_low    ; 15.000 ; 15.000 ; Rise       ; md9_low         ;
; erase_low       ; md9_low    ; 15.000 ; 15.000 ; Rise       ; md9_low         ;
; interrupt_low   ; md9_low    ; 24.000 ; 24.000 ; Rise       ; md9_low         ;
; load_x          ; md9_low    ; 15.000 ; 15.000 ; Rise       ; md9_low         ;
; load_y          ; md9_low    ; 15.000 ; 15.000 ; Rise       ; md9_low         ;
; n_t_27x         ; md9_low    ; 24.000 ; 24.000 ; Rise       ; md9_low         ;
; non_store_low   ; md9_low    ; 15.000 ; 15.000 ; Rise       ; md9_low         ;
; skip_low        ; md9_low    ; 15.000 ; 15.000 ; Rise       ; md9_low         ;
; write_thru_low  ; md9_low    ; 15.000 ; 15.000 ; Rise       ; md9_low         ;
; b_dixy_low      ; md9_low    ; 15.000 ; 15.000 ; Fall       ; md9_low         ;
; c0_low          ; md9_low    ; 15.000 ; 15.000 ; Fall       ; md9_low         ;
; c1_low          ; md9_low    ; 15.000 ; 15.000 ; Fall       ; md9_low         ;
; data00_low      ; md9_low    ; 15.000 ; 15.000 ; Fall       ; md9_low         ;
; data01_low      ; md9_low    ; 15.000 ; 15.000 ; Fall       ; md9_low         ;
; data02_low      ; md9_low    ; 15.000 ; 15.000 ; Fall       ; md9_low         ;
; data03_low      ; md9_low    ; 15.000 ; 15.000 ; Fall       ; md9_low         ;
; data06_low      ; md9_low    ; 15.000 ; 15.000 ; Fall       ; md9_low         ;
; data07_low      ; md9_low    ; 15.000 ; 15.000 ; Fall       ; md9_low         ;
; data08_low      ; md9_low    ; 15.000 ; 15.000 ; Fall       ; md9_low         ;
; data09_low      ; md9_low    ; 15.000 ; 15.000 ; Fall       ; md9_low         ;
; data10_low      ; md9_low    ; 15.000 ; 15.000 ; Fall       ; md9_low         ;
; data11_low      ; md9_low    ; 15.000 ; 15.000 ; Fall       ; md9_low         ;
; di02_l          ; md9_low    ; 15.000 ; 15.000 ; Fall       ; md9_low         ;
; di03            ; md9_low    ; 15.000 ; 15.000 ; Fall       ; md9_low         ;
; di04            ; md9_low    ; 15.000 ; 15.000 ; Fall       ; md9_low         ;
; di05            ; md9_low    ; 15.000 ; 15.000 ; Fall       ; md9_low         ;
; di06            ; md9_low    ; 15.000 ; 15.000 ; Fall       ; md9_low         ;
; di07            ; md9_low    ; 15.000 ; 15.000 ; Fall       ; md9_low         ;
; di08            ; md9_low    ; 15.000 ; 15.000 ; Fall       ; md9_low         ;
; di09            ; md9_low    ; 15.000 ; 15.000 ; Fall       ; md9_low         ;
; di10            ; md9_low    ; 15.000 ; 15.000 ; Fall       ; md9_low         ;
; di11            ; md9_low    ; 15.000 ; 15.000 ; Fall       ; md9_low         ;
; load_x          ; md9_low    ; 15.000 ; 15.000 ; Fall       ; md9_low         ;
; load_y          ; md9_low    ; 15.000 ; 15.000 ; Fall       ; md9_low         ;
; skip_low        ; md9_low    ; 15.000 ; 15.000 ; Fall       ; md9_low         ;
; b_dixy_low      ; pause_low  ; 15.000 ; 15.000 ; Rise       ; pause_low       ;
; c0_low          ; pause_low  ; 15.000 ; 15.000 ; Rise       ; pause_low       ;
; c1_low          ; pause_low  ; 15.000 ; 15.000 ; Rise       ; pause_low       ;
; chan_low        ; pause_low  ; 15.000 ; 15.000 ; Rise       ; pause_low       ;
; col_red_low     ; pause_low  ; 15.000 ; 15.000 ; Rise       ; pause_low       ;
; data00_low      ; pause_low  ; 15.000 ; 15.000 ; Rise       ; pause_low       ;
; data01_low      ; pause_low  ; 15.000 ; 15.000 ; Rise       ; pause_low       ;
; data02_low      ; pause_low  ; 15.000 ; 15.000 ; Rise       ; pause_low       ;
; data03_low      ; pause_low  ; 15.000 ; 15.000 ; Rise       ; pause_low       ;
; data06_low      ; pause_low  ; 24.000 ; 24.000 ; Rise       ; pause_low       ;
; data07_low      ; pause_low  ; 24.000 ; 24.000 ; Rise       ; pause_low       ;
; data08_low      ; pause_low  ; 15.000 ; 15.000 ; Rise       ; pause_low       ;
; data09_low      ; pause_low  ; 24.000 ; 24.000 ; Rise       ; pause_low       ;
; data10_low      ; pause_low  ; 24.000 ; 24.000 ; Rise       ; pause_low       ;
; data11_low      ; pause_low  ; 24.000 ; 24.000 ; Rise       ; pause_low       ;
; di02_l          ; pause_low  ; 15.000 ; 15.000 ; Rise       ; pause_low       ;
; di03            ; pause_low  ; 15.000 ; 15.000 ; Rise       ; pause_low       ;
; di04            ; pause_low  ; 15.000 ; 15.000 ; Rise       ; pause_low       ;
; di05            ; pause_low  ; 15.000 ; 15.000 ; Rise       ; pause_low       ;
; di06            ; pause_low  ; 15.000 ; 15.000 ; Rise       ; pause_low       ;
; di07            ; pause_low  ; 15.000 ; 15.000 ; Rise       ; pause_low       ;
; di08            ; pause_low  ; 15.000 ; 15.000 ; Rise       ; pause_low       ;
; di09            ; pause_low  ; 15.000 ; 15.000 ; Rise       ; pause_low       ;
; di10            ; pause_low  ; 15.000 ; 15.000 ; Rise       ; pause_low       ;
; di11            ; pause_low  ; 15.000 ; 15.000 ; Rise       ; pause_low       ;
; erase_low       ; pause_low  ; 15.000 ; 15.000 ; Rise       ; pause_low       ;
; internal_io_low ; pause_low  ; 15.000 ; 15.000 ; Rise       ; pause_low       ;
; interrupt_low   ; pause_low  ; 24.000 ; 24.000 ; Rise       ; pause_low       ;
; load_x          ; pause_low  ; 15.000 ; 15.000 ; Rise       ; pause_low       ;
; load_y          ; pause_low  ; 15.000 ; 15.000 ; Rise       ; pause_low       ;
; n_t_27x         ; pause_low  ; 24.000 ; 24.000 ; Rise       ; pause_low       ;
; non_store_low   ; pause_low  ; 15.000 ; 15.000 ; Rise       ; pause_low       ;
; skip_low        ; pause_low  ; 15.000 ; 15.000 ; Rise       ; pause_low       ;
; write_thru_low  ; pause_low  ; 15.000 ; 15.000 ; Rise       ; pause_low       ;
; b_dixy_low      ; pause_low  ; 15.000 ; 15.000 ; Fall       ; pause_low       ;
; c0_low          ; pause_low  ; 15.000 ; 15.000 ; Fall       ; pause_low       ;
; c1_low          ; pause_low  ; 15.000 ; 15.000 ; Fall       ; pause_low       ;
; data00_low      ; pause_low  ; 15.000 ; 15.000 ; Fall       ; pause_low       ;
; data01_low      ; pause_low  ; 15.000 ; 15.000 ; Fall       ; pause_low       ;
; data02_low      ; pause_low  ; 15.000 ; 15.000 ; Fall       ; pause_low       ;
; data03_low      ; pause_low  ; 15.000 ; 15.000 ; Fall       ; pause_low       ;
; data06_low      ; pause_low  ; 15.000 ; 15.000 ; Fall       ; pause_low       ;
; data07_low      ; pause_low  ; 15.000 ; 15.000 ; Fall       ; pause_low       ;
; data08_low      ; pause_low  ; 15.000 ; 15.000 ; Fall       ; pause_low       ;
; data09_low      ; pause_low  ; 15.000 ; 15.000 ; Fall       ; pause_low       ;
; data10_low      ; pause_low  ; 15.000 ; 15.000 ; Fall       ; pause_low       ;
; data11_low      ; pause_low  ; 15.000 ; 15.000 ; Fall       ; pause_low       ;
; di02_l          ; pause_low  ; 15.000 ; 15.000 ; Fall       ; pause_low       ;
; di03            ; pause_low  ; 15.000 ; 15.000 ; Fall       ; pause_low       ;
; di04            ; pause_low  ; 15.000 ; 15.000 ; Fall       ; pause_low       ;
; di05            ; pause_low  ; 15.000 ; 15.000 ; Fall       ; pause_low       ;
; di06            ; pause_low  ; 15.000 ; 15.000 ; Fall       ; pause_low       ;
; di07            ; pause_low  ; 15.000 ; 15.000 ; Fall       ; pause_low       ;
; di08            ; pause_low  ; 15.000 ; 15.000 ; Fall       ; pause_low       ;
; di09            ; pause_low  ; 15.000 ; 15.000 ; Fall       ; pause_low       ;
; di10            ; pause_low  ; 15.000 ; 15.000 ; Fall       ; pause_low       ;
; di11            ; pause_low  ; 15.000 ; 15.000 ; Fall       ; pause_low       ;
; internal_io_low ; pause_low  ; 15.000 ; 15.000 ; Fall       ; pause_low       ;
; load_x          ; pause_low  ; 15.000 ; 15.000 ; Fall       ; pause_low       ;
; load_y          ; pause_low  ; 15.000 ; 15.000 ; Fall       ; pause_low       ;
; skip_low        ; pause_low  ; 15.000 ; 15.000 ; Fall       ; pause_low       ;
; data00_low      ; red_delay  ; 24.000 ; 24.000 ; Rise       ; red_delay       ;
; dly_done_low    ; red_delay  ; 15.000 ; 15.000 ; Rise       ; red_delay       ;
; interrupt_low   ; red_delay  ; 24.000 ; 24.000 ; Rise       ; red_delay       ;
; skip_low        ; red_delay  ; 24.000 ; 24.000 ; Rise       ; red_delay       ;
; dly_done_low    ; red_delay  ; 15.000 ; 15.000 ; Fall       ; red_delay       ;
; data00_low      ; set_done   ; 24.000 ; 24.000 ; Rise       ; set_done        ;
; interrupt_low   ; set_done   ; 24.000 ; 24.000 ; Rise       ; set_done        ;
; skip_low        ; set_done   ; 24.000 ; 24.000 ; Rise       ; set_done        ;
; b_dixy_low      ; tp3        ; 15.000 ; 15.000 ; Rise       ; tp3             ;
; btp3            ; tp3        ; 15.000 ; 15.000 ; Rise       ; tp3             ;
; chan_low        ; tp3        ; 15.000 ; 15.000 ; Rise       ; tp3             ;
; col_red_low     ; tp3        ; 15.000 ; 15.000 ; Rise       ; tp3             ;
; data06_low      ; tp3        ; 24.000 ; 24.000 ; Rise       ; tp3             ;
; data07_low      ; tp3        ; 24.000 ; 24.000 ; Rise       ; tp3             ;
; data09_low      ; tp3        ; 24.000 ; 24.000 ; Rise       ; tp3             ;
; data10_low      ; tp3        ; 24.000 ; 24.000 ; Rise       ; tp3             ;
; data11_low      ; tp3        ; 24.000 ; 24.000 ; Rise       ; tp3             ;
; erase_low       ; tp3        ; 15.000 ; 15.000 ; Rise       ; tp3             ;
; interrupt_low   ; tp3        ; 24.000 ; 24.000 ; Rise       ; tp3             ;
; load_x          ; tp3        ; 15.000 ; 15.000 ; Rise       ; tp3             ;
; load_y          ; tp3        ; 15.000 ; 15.000 ; Rise       ; tp3             ;
; n_t_27x         ; tp3        ; 24.000 ; 24.000 ; Rise       ; tp3             ;
; non_store_low   ; tp3        ; 15.000 ; 15.000 ; Rise       ; tp3             ;
; write_thru_low  ; tp3        ; 15.000 ; 15.000 ; Rise       ; tp3             ;
; b_dixy_low      ; tp3        ; 15.000 ; 15.000 ; Fall       ; tp3             ;
; btp3            ; tp3        ; 15.000 ; 15.000 ; Fall       ; tp3             ;
; load_x          ; tp3        ; 15.000 ; 15.000 ; Fall       ; tp3             ;
; load_y          ; tp3        ; 15.000 ; 15.000 ; Fall       ; tp3             ;
+-----------------+------------+--------+--------+------------+-----------------+


+-------------------------------------------------------------------------------+
; Minimum Clock to Output Times                                                 ;
+-----------------+------------+--------+--------+------------+-----------------+
; Data Port       ; Clock Port ; Rise   ; Fall   ; Clock Edge ; Clock Reference ;
+-----------------+------------+--------+--------+------------+-----------------+
; data00_low      ; del_1_low  ; 24.000 ; 24.000 ; Rise       ; del_1_low       ;
; interrupt_low   ; del_1_low  ; 24.000 ; 24.000 ; Rise       ; del_1_low       ;
; skip_low        ; del_1_low  ; 24.000 ; 24.000 ; Rise       ; del_1_low       ;
; data00_low      ; grn_delay  ; 24.000 ; 24.000 ; Rise       ; grn_delay       ;
; dly_done_low    ; grn_delay  ; 15.000 ; 15.000 ; Rise       ; grn_delay       ;
; interrupt_low   ; grn_delay  ; 24.000 ; 24.000 ; Rise       ; grn_delay       ;
; skip_low        ; grn_delay  ; 24.000 ; 24.000 ; Rise       ; grn_delay       ;
; dly_done_low    ; grn_delay  ; 15.000 ; 15.000 ; Fall       ; grn_delay       ;
; data00_low      ; ld_del_low ; 24.000 ; 24.000 ; Rise       ; ld_del_low      ;
; interrupt_low   ; ld_del_low ; 24.000 ; 24.000 ; Rise       ; ld_del_low      ;
; skip_low        ; ld_del_low ; 24.000 ; 24.000 ; Rise       ; ld_del_low      ;
; b_dixy_low      ; md10_low   ; 15.000 ; 15.000 ; Rise       ; md10_low        ;
; c0_low          ; md10_low   ; 15.000 ; 15.000 ; Rise       ; md10_low        ;
; c1_low          ; md10_low   ; 15.000 ; 15.000 ; Rise       ; md10_low        ;
; chan_low        ; md10_low   ; 15.000 ; 15.000 ; Rise       ; md10_low        ;
; col_red_low     ; md10_low   ; 15.000 ; 15.000 ; Rise       ; md10_low        ;
; data00_low      ; md10_low   ; 15.000 ; 15.000 ; Rise       ; md10_low        ;
; data01_low      ; md10_low   ; 15.000 ; 15.000 ; Rise       ; md10_low        ;
; data02_low      ; md10_low   ; 15.000 ; 15.000 ; Rise       ; md10_low        ;
; data03_low      ; md10_low   ; 15.000 ; 15.000 ; Rise       ; md10_low        ;
; data06_low      ; md10_low   ; 15.000 ; 15.000 ; Rise       ; md10_low        ;
; data07_low      ; md10_low   ; 15.000 ; 15.000 ; Rise       ; md10_low        ;
; data08_low      ; md10_low   ; 15.000 ; 15.000 ; Rise       ; md10_low        ;
; data09_low      ; md10_low   ; 15.000 ; 15.000 ; Rise       ; md10_low        ;
; data10_low      ; md10_low   ; 15.000 ; 15.000 ; Rise       ; md10_low        ;
; data11_low      ; md10_low   ; 15.000 ; 15.000 ; Rise       ; md10_low        ;
; di02_l          ; md10_low   ; 15.000 ; 15.000 ; Rise       ; md10_low        ;
; di03            ; md10_low   ; 15.000 ; 15.000 ; Rise       ; md10_low        ;
; di04            ; md10_low   ; 15.000 ; 15.000 ; Rise       ; md10_low        ;
; di05            ; md10_low   ; 15.000 ; 15.000 ; Rise       ; md10_low        ;
; di06            ; md10_low   ; 15.000 ; 15.000 ; Rise       ; md10_low        ;
; di07            ; md10_low   ; 15.000 ; 15.000 ; Rise       ; md10_low        ;
; di08            ; md10_low   ; 15.000 ; 15.000 ; Rise       ; md10_low        ;
; di09            ; md10_low   ; 15.000 ; 15.000 ; Rise       ; md10_low        ;
; di10            ; md10_low   ; 15.000 ; 15.000 ; Rise       ; md10_low        ;
; di11            ; md10_low   ; 15.000 ; 15.000 ; Rise       ; md10_low        ;
; erase_low       ; md10_low   ; 15.000 ; 15.000 ; Rise       ; md10_low        ;
; interrupt_low   ; md10_low   ; 24.000 ; 24.000 ; Rise       ; md10_low        ;
; load_x          ; md10_low   ; 15.000 ; 15.000 ; Rise       ; md10_low        ;
; load_y          ; md10_low   ; 15.000 ; 15.000 ; Rise       ; md10_low        ;
; n_t_27x         ; md10_low   ; 24.000 ; 24.000 ; Rise       ; md10_low        ;
; non_store_low   ; md10_low   ; 15.000 ; 15.000 ; Rise       ; md10_low        ;
; skip_low        ; md10_low   ; 15.000 ; 15.000 ; Rise       ; md10_low        ;
; write_thru_low  ; md10_low   ; 15.000 ; 15.000 ; Rise       ; md10_low        ;
; b_dixy_low      ; md10_low   ; 15.000 ; 15.000 ; Fall       ; md10_low        ;
; c0_low          ; md10_low   ; 15.000 ; 15.000 ; Fall       ; md10_low        ;
; c1_low          ; md10_low   ; 15.000 ; 15.000 ; Fall       ; md10_low        ;
; data00_low      ; md10_low   ; 15.000 ; 15.000 ; Fall       ; md10_low        ;
; data01_low      ; md10_low   ; 15.000 ; 15.000 ; Fall       ; md10_low        ;
; data02_low      ; md10_low   ; 15.000 ; 15.000 ; Fall       ; md10_low        ;
; data03_low      ; md10_low   ; 15.000 ; 15.000 ; Fall       ; md10_low        ;
; data06_low      ; md10_low   ; 15.000 ; 15.000 ; Fall       ; md10_low        ;
; data07_low      ; md10_low   ; 15.000 ; 15.000 ; Fall       ; md10_low        ;
; data08_low      ; md10_low   ; 15.000 ; 15.000 ; Fall       ; md10_low        ;
; data09_low      ; md10_low   ; 15.000 ; 15.000 ; Fall       ; md10_low        ;
; data10_low      ; md10_low   ; 15.000 ; 15.000 ; Fall       ; md10_low        ;
; data11_low      ; md10_low   ; 15.000 ; 15.000 ; Fall       ; md10_low        ;
; di02_l          ; md10_low   ; 15.000 ; 15.000 ; Fall       ; md10_low        ;
; di03            ; md10_low   ; 15.000 ; 15.000 ; Fall       ; md10_low        ;
; di04            ; md10_low   ; 15.000 ; 15.000 ; Fall       ; md10_low        ;
; di05            ; md10_low   ; 15.000 ; 15.000 ; Fall       ; md10_low        ;
; di06            ; md10_low   ; 15.000 ; 15.000 ; Fall       ; md10_low        ;
; di07            ; md10_low   ; 15.000 ; 15.000 ; Fall       ; md10_low        ;
; di08            ; md10_low   ; 15.000 ; 15.000 ; Fall       ; md10_low        ;
; di09            ; md10_low   ; 15.000 ; 15.000 ; Fall       ; md10_low        ;
; di10            ; md10_low   ; 15.000 ; 15.000 ; Fall       ; md10_low        ;
; di11            ; md10_low   ; 15.000 ; 15.000 ; Fall       ; md10_low        ;
; load_x          ; md10_low   ; 15.000 ; 15.000 ; Fall       ; md10_low        ;
; load_y          ; md10_low   ; 15.000 ; 15.000 ; Fall       ; md10_low        ;
; skip_low        ; md10_low   ; 15.000 ; 15.000 ; Fall       ; md10_low        ;
; b_dixy_low      ; md11_low   ; 15.000 ; 15.000 ; Rise       ; md11_low        ;
; c0_low          ; md11_low   ; 15.000 ; 15.000 ; Rise       ; md11_low        ;
; c1_low          ; md11_low   ; 15.000 ; 15.000 ; Rise       ; md11_low        ;
; chan_low        ; md11_low   ; 15.000 ; 15.000 ; Rise       ; md11_low        ;
; col_red_low     ; md11_low   ; 15.000 ; 15.000 ; Rise       ; md11_low        ;
; data00_low      ; md11_low   ; 15.000 ; 15.000 ; Rise       ; md11_low        ;
; data01_low      ; md11_low   ; 15.000 ; 15.000 ; Rise       ; md11_low        ;
; data02_low      ; md11_low   ; 15.000 ; 15.000 ; Rise       ; md11_low        ;
; data03_low      ; md11_low   ; 15.000 ; 15.000 ; Rise       ; md11_low        ;
; data06_low      ; md11_low   ; 15.000 ; 15.000 ; Rise       ; md11_low        ;
; data07_low      ; md11_low   ; 15.000 ; 15.000 ; Rise       ; md11_low        ;
; data08_low      ; md11_low   ; 15.000 ; 15.000 ; Rise       ; md11_low        ;
; data09_low      ; md11_low   ; 15.000 ; 15.000 ; Rise       ; md11_low        ;
; data10_low      ; md11_low   ; 15.000 ; 15.000 ; Rise       ; md11_low        ;
; data11_low      ; md11_low   ; 15.000 ; 15.000 ; Rise       ; md11_low        ;
; di02_l          ; md11_low   ; 15.000 ; 15.000 ; Rise       ; md11_low        ;
; di03            ; md11_low   ; 15.000 ; 15.000 ; Rise       ; md11_low        ;
; di04            ; md11_low   ; 15.000 ; 15.000 ; Rise       ; md11_low        ;
; di05            ; md11_low   ; 15.000 ; 15.000 ; Rise       ; md11_low        ;
; di06            ; md11_low   ; 15.000 ; 15.000 ; Rise       ; md11_low        ;
; di07            ; md11_low   ; 15.000 ; 15.000 ; Rise       ; md11_low        ;
; di08            ; md11_low   ; 15.000 ; 15.000 ; Rise       ; md11_low        ;
; di09            ; md11_low   ; 15.000 ; 15.000 ; Rise       ; md11_low        ;
; di10            ; md11_low   ; 15.000 ; 15.000 ; Rise       ; md11_low        ;
; di11            ; md11_low   ; 15.000 ; 15.000 ; Rise       ; md11_low        ;
; erase_low       ; md11_low   ; 15.000 ; 15.000 ; Rise       ; md11_low        ;
; interrupt_low   ; md11_low   ; 24.000 ; 24.000 ; Rise       ; md11_low        ;
; load_x          ; md11_low   ; 15.000 ; 15.000 ; Rise       ; md11_low        ;
; load_y          ; md11_low   ; 15.000 ; 15.000 ; Rise       ; md11_low        ;
; n_t_27x         ; md11_low   ; 24.000 ; 24.000 ; Rise       ; md11_low        ;
; non_store_low   ; md11_low   ; 15.000 ; 15.000 ; Rise       ; md11_low        ;
; skip_low        ; md11_low   ; 15.000 ; 15.000 ; Rise       ; md11_low        ;
; write_thru_low  ; md11_low   ; 15.000 ; 15.000 ; Rise       ; md11_low        ;
; b_dixy_low      ; md11_low   ; 15.000 ; 15.000 ; Fall       ; md11_low        ;
; c0_low          ; md11_low   ; 15.000 ; 15.000 ; Fall       ; md11_low        ;
; c1_low          ; md11_low   ; 15.000 ; 15.000 ; Fall       ; md11_low        ;
; data00_low      ; md11_low   ; 15.000 ; 15.000 ; Fall       ; md11_low        ;
; data01_low      ; md11_low   ; 15.000 ; 15.000 ; Fall       ; md11_low        ;
; data02_low      ; md11_low   ; 15.000 ; 15.000 ; Fall       ; md11_low        ;
; data03_low      ; md11_low   ; 15.000 ; 15.000 ; Fall       ; md11_low        ;
; data06_low      ; md11_low   ; 15.000 ; 15.000 ; Fall       ; md11_low        ;
; data07_low      ; md11_low   ; 15.000 ; 15.000 ; Fall       ; md11_low        ;
; data08_low      ; md11_low   ; 15.000 ; 15.000 ; Fall       ; md11_low        ;
; data09_low      ; md11_low   ; 15.000 ; 15.000 ; Fall       ; md11_low        ;
; data10_low      ; md11_low   ; 15.000 ; 15.000 ; Fall       ; md11_low        ;
; data11_low      ; md11_low   ; 15.000 ; 15.000 ; Fall       ; md11_low        ;
; di02_l          ; md11_low   ; 15.000 ; 15.000 ; Fall       ; md11_low        ;
; di03            ; md11_low   ; 15.000 ; 15.000 ; Fall       ; md11_low        ;
; di04            ; md11_low   ; 15.000 ; 15.000 ; Fall       ; md11_low        ;
; di05            ; md11_low   ; 15.000 ; 15.000 ; Fall       ; md11_low        ;
; di06            ; md11_low   ; 15.000 ; 15.000 ; Fall       ; md11_low        ;
; di07            ; md11_low   ; 15.000 ; 15.000 ; Fall       ; md11_low        ;
; di08            ; md11_low   ; 15.000 ; 15.000 ; Fall       ; md11_low        ;
; di09            ; md11_low   ; 15.000 ; 15.000 ; Fall       ; md11_low        ;
; di10            ; md11_low   ; 15.000 ; 15.000 ; Fall       ; md11_low        ;
; di11            ; md11_low   ; 15.000 ; 15.000 ; Fall       ; md11_low        ;
; load_x          ; md11_low   ; 15.000 ; 15.000 ; Fall       ; md11_low        ;
; load_y          ; md11_low   ; 15.000 ; 15.000 ; Fall       ; md11_low        ;
; skip_low        ; md11_low   ; 15.000 ; 15.000 ; Fall       ; md11_low        ;
; b_dixy_low      ; md3_low    ; 15.000 ; 15.000 ; Rise       ; md3_low         ;
; c0_low          ; md3_low    ; 15.000 ; 15.000 ; Rise       ; md3_low         ;
; c1_low          ; md3_low    ; 15.000 ; 15.000 ; Rise       ; md3_low         ;
; chan_low        ; md3_low    ; 15.000 ; 15.000 ; Rise       ; md3_low         ;
; col_red_low     ; md3_low    ; 15.000 ; 15.000 ; Rise       ; md3_low         ;
; data00_low      ; md3_low    ; 15.000 ; 15.000 ; Rise       ; md3_low         ;
; data01_low      ; md3_low    ; 15.000 ; 15.000 ; Rise       ; md3_low         ;
; data02_low      ; md3_low    ; 15.000 ; 15.000 ; Rise       ; md3_low         ;
; data03_low      ; md3_low    ; 15.000 ; 15.000 ; Rise       ; md3_low         ;
; data06_low      ; md3_low    ; 15.000 ; 15.000 ; Rise       ; md3_low         ;
; data07_low      ; md3_low    ; 15.000 ; 15.000 ; Rise       ; md3_low         ;
; data08_low      ; md3_low    ; 15.000 ; 15.000 ; Rise       ; md3_low         ;
; data09_low      ; md3_low    ; 15.000 ; 15.000 ; Rise       ; md3_low         ;
; data10_low      ; md3_low    ; 15.000 ; 15.000 ; Rise       ; md3_low         ;
; data11_low      ; md3_low    ; 15.000 ; 15.000 ; Rise       ; md3_low         ;
; di02_l          ; md3_low    ; 15.000 ; 15.000 ; Rise       ; md3_low         ;
; di03            ; md3_low    ; 15.000 ; 15.000 ; Rise       ; md3_low         ;
; di04            ; md3_low    ; 15.000 ; 15.000 ; Rise       ; md3_low         ;
; di05            ; md3_low    ; 15.000 ; 15.000 ; Rise       ; md3_low         ;
; di06            ; md3_low    ; 15.000 ; 15.000 ; Rise       ; md3_low         ;
; di07            ; md3_low    ; 15.000 ; 15.000 ; Rise       ; md3_low         ;
; di08            ; md3_low    ; 15.000 ; 15.000 ; Rise       ; md3_low         ;
; di09            ; md3_low    ; 15.000 ; 15.000 ; Rise       ; md3_low         ;
; di10            ; md3_low    ; 15.000 ; 15.000 ; Rise       ; md3_low         ;
; di11            ; md3_low    ; 15.000 ; 15.000 ; Rise       ; md3_low         ;
; erase_low       ; md3_low    ; 15.000 ; 15.000 ; Rise       ; md3_low         ;
; internal_io_low ; md3_low    ; 15.000 ; 15.000 ; Rise       ; md3_low         ;
; interrupt_low   ; md3_low    ; 24.000 ; 24.000 ; Rise       ; md3_low         ;
; load_x          ; md3_low    ; 15.000 ; 15.000 ; Rise       ; md3_low         ;
; load_y          ; md3_low    ; 15.000 ; 15.000 ; Rise       ; md3_low         ;
; n_t_27x         ; md3_low    ; 24.000 ; 24.000 ; Rise       ; md3_low         ;
; non_store_low   ; md3_low    ; 15.000 ; 15.000 ; Rise       ; md3_low         ;
; skip_low        ; md3_low    ; 15.000 ; 15.000 ; Rise       ; md3_low         ;
; write_thru_low  ; md3_low    ; 15.000 ; 15.000 ; Rise       ; md3_low         ;
; b_dixy_low      ; md3_low    ; 15.000 ; 15.000 ; Fall       ; md3_low         ;
; c0_low          ; md3_low    ; 15.000 ; 15.000 ; Fall       ; md3_low         ;
; c1_low          ; md3_low    ; 15.000 ; 15.000 ; Fall       ; md3_low         ;
; data00_low      ; md3_low    ; 15.000 ; 15.000 ; Fall       ; md3_low         ;
; data01_low      ; md3_low    ; 15.000 ; 15.000 ; Fall       ; md3_low         ;
; data02_low      ; md3_low    ; 15.000 ; 15.000 ; Fall       ; md3_low         ;
; data03_low      ; md3_low    ; 15.000 ; 15.000 ; Fall       ; md3_low         ;
; data06_low      ; md3_low    ; 15.000 ; 15.000 ; Fall       ; md3_low         ;
; data07_low      ; md3_low    ; 15.000 ; 15.000 ; Fall       ; md3_low         ;
; data08_low      ; md3_low    ; 15.000 ; 15.000 ; Fall       ; md3_low         ;
; data09_low      ; md3_low    ; 15.000 ; 15.000 ; Fall       ; md3_low         ;
; data10_low      ; md3_low    ; 15.000 ; 15.000 ; Fall       ; md3_low         ;
; data11_low      ; md3_low    ; 15.000 ; 15.000 ; Fall       ; md3_low         ;
; di02_l          ; md3_low    ; 15.000 ; 15.000 ; Fall       ; md3_low         ;
; di03            ; md3_low    ; 15.000 ; 15.000 ; Fall       ; md3_low         ;
; di04            ; md3_low    ; 15.000 ; 15.000 ; Fall       ; md3_low         ;
; di05            ; md3_low    ; 15.000 ; 15.000 ; Fall       ; md3_low         ;
; di06            ; md3_low    ; 15.000 ; 15.000 ; Fall       ; md3_low         ;
; di07            ; md3_low    ; 15.000 ; 15.000 ; Fall       ; md3_low         ;
; di08            ; md3_low    ; 15.000 ; 15.000 ; Fall       ; md3_low         ;
; di09            ; md3_low    ; 15.000 ; 15.000 ; Fall       ; md3_low         ;
; di10            ; md3_low    ; 15.000 ; 15.000 ; Fall       ; md3_low         ;
; di11            ; md3_low    ; 15.000 ; 15.000 ; Fall       ; md3_low         ;
; internal_io_low ; md3_low    ; 15.000 ; 15.000 ; Fall       ; md3_low         ;
; load_x          ; md3_low    ; 15.000 ; 15.000 ; Fall       ; md3_low         ;
; load_y          ; md3_low    ; 15.000 ; 15.000 ; Fall       ; md3_low         ;
; skip_low        ; md3_low    ; 15.000 ; 15.000 ; Fall       ; md3_low         ;
; b_dixy_low      ; md4_low    ; 15.000 ; 15.000 ; Rise       ; md4_low         ;
; c0_low          ; md4_low    ; 15.000 ; 15.000 ; Rise       ; md4_low         ;
; c1_low          ; md4_low    ; 15.000 ; 15.000 ; Rise       ; md4_low         ;
; chan_low        ; md4_low    ; 15.000 ; 15.000 ; Rise       ; md4_low         ;
; col_red_low     ; md4_low    ; 15.000 ; 15.000 ; Rise       ; md4_low         ;
; data00_low      ; md4_low    ; 15.000 ; 15.000 ; Rise       ; md4_low         ;
; data01_low      ; md4_low    ; 15.000 ; 15.000 ; Rise       ; md4_low         ;
; data02_low      ; md4_low    ; 15.000 ; 15.000 ; Rise       ; md4_low         ;
; data03_low      ; md4_low    ; 15.000 ; 15.000 ; Rise       ; md4_low         ;
; data06_low      ; md4_low    ; 15.000 ; 15.000 ; Rise       ; md4_low         ;
; data07_low      ; md4_low    ; 15.000 ; 15.000 ; Rise       ; md4_low         ;
; data08_low      ; md4_low    ; 15.000 ; 15.000 ; Rise       ; md4_low         ;
; data09_low      ; md4_low    ; 15.000 ; 15.000 ; Rise       ; md4_low         ;
; data10_low      ; md4_low    ; 15.000 ; 15.000 ; Rise       ; md4_low         ;
; data11_low      ; md4_low    ; 15.000 ; 15.000 ; Rise       ; md4_low         ;
; di02_l          ; md4_low    ; 15.000 ; 15.000 ; Rise       ; md4_low         ;
; di03            ; md4_low    ; 15.000 ; 15.000 ; Rise       ; md4_low         ;
; di04            ; md4_low    ; 15.000 ; 15.000 ; Rise       ; md4_low         ;
; di05            ; md4_low    ; 15.000 ; 15.000 ; Rise       ; md4_low         ;
; di06            ; md4_low    ; 15.000 ; 15.000 ; Rise       ; md4_low         ;
; di07            ; md4_low    ; 15.000 ; 15.000 ; Rise       ; md4_low         ;
; di08            ; md4_low    ; 15.000 ; 15.000 ; Rise       ; md4_low         ;
; di09            ; md4_low    ; 15.000 ; 15.000 ; Rise       ; md4_low         ;
; di10            ; md4_low    ; 15.000 ; 15.000 ; Rise       ; md4_low         ;
; di11            ; md4_low    ; 15.000 ; 15.000 ; Rise       ; md4_low         ;
; erase_low       ; md4_low    ; 15.000 ; 15.000 ; Rise       ; md4_low         ;
; internal_io_low ; md4_low    ; 15.000 ; 15.000 ; Rise       ; md4_low         ;
; interrupt_low   ; md4_low    ; 24.000 ; 24.000 ; Rise       ; md4_low         ;
; load_x          ; md4_low    ; 15.000 ; 15.000 ; Rise       ; md4_low         ;
; load_y          ; md4_low    ; 15.000 ; 15.000 ; Rise       ; md4_low         ;
; n_t_27x         ; md4_low    ; 24.000 ; 24.000 ; Rise       ; md4_low         ;
; non_store_low   ; md4_low    ; 15.000 ; 15.000 ; Rise       ; md4_low         ;
; skip_low        ; md4_low    ; 15.000 ; 15.000 ; Rise       ; md4_low         ;
; write_thru_low  ; md4_low    ; 15.000 ; 15.000 ; Rise       ; md4_low         ;
; b_dixy_low      ; md4_low    ; 15.000 ; 15.000 ; Fall       ; md4_low         ;
; c0_low          ; md4_low    ; 15.000 ; 15.000 ; Fall       ; md4_low         ;
; c1_low          ; md4_low    ; 15.000 ; 15.000 ; Fall       ; md4_low         ;
; data00_low      ; md4_low    ; 15.000 ; 15.000 ; Fall       ; md4_low         ;
; data01_low      ; md4_low    ; 15.000 ; 15.000 ; Fall       ; md4_low         ;
; data02_low      ; md4_low    ; 15.000 ; 15.000 ; Fall       ; md4_low         ;
; data03_low      ; md4_low    ; 15.000 ; 15.000 ; Fall       ; md4_low         ;
; data06_low      ; md4_low    ; 15.000 ; 15.000 ; Fall       ; md4_low         ;
; data07_low      ; md4_low    ; 15.000 ; 15.000 ; Fall       ; md4_low         ;
; data08_low      ; md4_low    ; 15.000 ; 15.000 ; Fall       ; md4_low         ;
; data09_low      ; md4_low    ; 15.000 ; 15.000 ; Fall       ; md4_low         ;
; data10_low      ; md4_low    ; 15.000 ; 15.000 ; Fall       ; md4_low         ;
; data11_low      ; md4_low    ; 15.000 ; 15.000 ; Fall       ; md4_low         ;
; di02_l          ; md4_low    ; 15.000 ; 15.000 ; Fall       ; md4_low         ;
; di03            ; md4_low    ; 15.000 ; 15.000 ; Fall       ; md4_low         ;
; di04            ; md4_low    ; 15.000 ; 15.000 ; Fall       ; md4_low         ;
; di05            ; md4_low    ; 15.000 ; 15.000 ; Fall       ; md4_low         ;
; di06            ; md4_low    ; 15.000 ; 15.000 ; Fall       ; md4_low         ;
; di07            ; md4_low    ; 15.000 ; 15.000 ; Fall       ; md4_low         ;
; di08            ; md4_low    ; 15.000 ; 15.000 ; Fall       ; md4_low         ;
; di09            ; md4_low    ; 15.000 ; 15.000 ; Fall       ; md4_low         ;
; di10            ; md4_low    ; 15.000 ; 15.000 ; Fall       ; md4_low         ;
; di11            ; md4_low    ; 15.000 ; 15.000 ; Fall       ; md4_low         ;
; internal_io_low ; md4_low    ; 15.000 ; 15.000 ; Fall       ; md4_low         ;
; load_x          ; md4_low    ; 15.000 ; 15.000 ; Fall       ; md4_low         ;
; load_y          ; md4_low    ; 15.000 ; 15.000 ; Fall       ; md4_low         ;
; skip_low        ; md4_low    ; 15.000 ; 15.000 ; Fall       ; md4_low         ;
; b_dixy_low      ; md5_low    ; 15.000 ; 15.000 ; Rise       ; md5_low         ;
; c0_low          ; md5_low    ; 15.000 ; 15.000 ; Rise       ; md5_low         ;
; c1_low          ; md5_low    ; 15.000 ; 15.000 ; Rise       ; md5_low         ;
; chan_low        ; md5_low    ; 15.000 ; 15.000 ; Rise       ; md5_low         ;
; col_red_low     ; md5_low    ; 15.000 ; 15.000 ; Rise       ; md5_low         ;
; data00_low      ; md5_low    ; 15.000 ; 15.000 ; Rise       ; md5_low         ;
; data01_low      ; md5_low    ; 15.000 ; 15.000 ; Rise       ; md5_low         ;
; data02_low      ; md5_low    ; 15.000 ; 15.000 ; Rise       ; md5_low         ;
; data03_low      ; md5_low    ; 15.000 ; 15.000 ; Rise       ; md5_low         ;
; data06_low      ; md5_low    ; 15.000 ; 15.000 ; Rise       ; md5_low         ;
; data07_low      ; md5_low    ; 15.000 ; 15.000 ; Rise       ; md5_low         ;
; data08_low      ; md5_low    ; 15.000 ; 15.000 ; Rise       ; md5_low         ;
; data09_low      ; md5_low    ; 15.000 ; 15.000 ; Rise       ; md5_low         ;
; data10_low      ; md5_low    ; 15.000 ; 15.000 ; Rise       ; md5_low         ;
; data11_low      ; md5_low    ; 15.000 ; 15.000 ; Rise       ; md5_low         ;
; di02_l          ; md5_low    ; 15.000 ; 15.000 ; Rise       ; md5_low         ;
; di03            ; md5_low    ; 15.000 ; 15.000 ; Rise       ; md5_low         ;
; di04            ; md5_low    ; 15.000 ; 15.000 ; Rise       ; md5_low         ;
; di05            ; md5_low    ; 15.000 ; 15.000 ; Rise       ; md5_low         ;
; di06            ; md5_low    ; 15.000 ; 15.000 ; Rise       ; md5_low         ;
; di07            ; md5_low    ; 15.000 ; 15.000 ; Rise       ; md5_low         ;
; di08            ; md5_low    ; 15.000 ; 15.000 ; Rise       ; md5_low         ;
; di09            ; md5_low    ; 15.000 ; 15.000 ; Rise       ; md5_low         ;
; di10            ; md5_low    ; 15.000 ; 15.000 ; Rise       ; md5_low         ;
; di11            ; md5_low    ; 15.000 ; 15.000 ; Rise       ; md5_low         ;
; erase_low       ; md5_low    ; 15.000 ; 15.000 ; Rise       ; md5_low         ;
; internal_io_low ; md5_low    ; 15.000 ; 15.000 ; Rise       ; md5_low         ;
; interrupt_low   ; md5_low    ; 24.000 ; 24.000 ; Rise       ; md5_low         ;
; load_x          ; md5_low    ; 15.000 ; 15.000 ; Rise       ; md5_low         ;
; load_y          ; md5_low    ; 15.000 ; 15.000 ; Rise       ; md5_low         ;
; n_t_27x         ; md5_low    ; 24.000 ; 24.000 ; Rise       ; md5_low         ;
; non_store_low   ; md5_low    ; 15.000 ; 15.000 ; Rise       ; md5_low         ;
; skip_low        ; md5_low    ; 15.000 ; 15.000 ; Rise       ; md5_low         ;
; write_thru_low  ; md5_low    ; 15.000 ; 15.000 ; Rise       ; md5_low         ;
; b_dixy_low      ; md5_low    ; 15.000 ; 15.000 ; Fall       ; md5_low         ;
; c0_low          ; md5_low    ; 15.000 ; 15.000 ; Fall       ; md5_low         ;
; c1_low          ; md5_low    ; 15.000 ; 15.000 ; Fall       ; md5_low         ;
; data00_low      ; md5_low    ; 15.000 ; 15.000 ; Fall       ; md5_low         ;
; data01_low      ; md5_low    ; 15.000 ; 15.000 ; Fall       ; md5_low         ;
; data02_low      ; md5_low    ; 15.000 ; 15.000 ; Fall       ; md5_low         ;
; data03_low      ; md5_low    ; 15.000 ; 15.000 ; Fall       ; md5_low         ;
; data06_low      ; md5_low    ; 15.000 ; 15.000 ; Fall       ; md5_low         ;
; data07_low      ; md5_low    ; 15.000 ; 15.000 ; Fall       ; md5_low         ;
; data08_low      ; md5_low    ; 15.000 ; 15.000 ; Fall       ; md5_low         ;
; data09_low      ; md5_low    ; 15.000 ; 15.000 ; Fall       ; md5_low         ;
; data10_low      ; md5_low    ; 15.000 ; 15.000 ; Fall       ; md5_low         ;
; data11_low      ; md5_low    ; 15.000 ; 15.000 ; Fall       ; md5_low         ;
; di02_l          ; md5_low    ; 15.000 ; 15.000 ; Fall       ; md5_low         ;
; di03            ; md5_low    ; 15.000 ; 15.000 ; Fall       ; md5_low         ;
; di04            ; md5_low    ; 15.000 ; 15.000 ; Fall       ; md5_low         ;
; di05            ; md5_low    ; 15.000 ; 15.000 ; Fall       ; md5_low         ;
; di06            ; md5_low    ; 15.000 ; 15.000 ; Fall       ; md5_low         ;
; di07            ; md5_low    ; 15.000 ; 15.000 ; Fall       ; md5_low         ;
; di08            ; md5_low    ; 15.000 ; 15.000 ; Fall       ; md5_low         ;
; di09            ; md5_low    ; 15.000 ; 15.000 ; Fall       ; md5_low         ;
; di10            ; md5_low    ; 15.000 ; 15.000 ; Fall       ; md5_low         ;
; di11            ; md5_low    ; 15.000 ; 15.000 ; Fall       ; md5_low         ;
; internal_io_low ; md5_low    ; 15.000 ; 15.000 ; Fall       ; md5_low         ;
; load_x          ; md5_low    ; 15.000 ; 15.000 ; Fall       ; md5_low         ;
; load_y          ; md5_low    ; 15.000 ; 15.000 ; Fall       ; md5_low         ;
; skip_low        ; md5_low    ; 15.000 ; 15.000 ; Fall       ; md5_low         ;
; b_dixy_low      ; md6_low    ; 15.000 ; 15.000 ; Rise       ; md6_low         ;
; c0_low          ; md6_low    ; 15.000 ; 15.000 ; Rise       ; md6_low         ;
; c1_low          ; md6_low    ; 15.000 ; 15.000 ; Rise       ; md6_low         ;
; chan_low        ; md6_low    ; 15.000 ; 15.000 ; Rise       ; md6_low         ;
; col_red_low     ; md6_low    ; 15.000 ; 15.000 ; Rise       ; md6_low         ;
; data00_low      ; md6_low    ; 15.000 ; 15.000 ; Rise       ; md6_low         ;
; data01_low      ; md6_low    ; 15.000 ; 15.000 ; Rise       ; md6_low         ;
; data02_low      ; md6_low    ; 15.000 ; 15.000 ; Rise       ; md6_low         ;
; data03_low      ; md6_low    ; 15.000 ; 15.000 ; Rise       ; md6_low         ;
; data06_low      ; md6_low    ; 15.000 ; 15.000 ; Rise       ; md6_low         ;
; data07_low      ; md6_low    ; 15.000 ; 15.000 ; Rise       ; md6_low         ;
; data08_low      ; md6_low    ; 15.000 ; 15.000 ; Rise       ; md6_low         ;
; data09_low      ; md6_low    ; 15.000 ; 15.000 ; Rise       ; md6_low         ;
; data10_low      ; md6_low    ; 15.000 ; 15.000 ; Rise       ; md6_low         ;
; data11_low      ; md6_low    ; 15.000 ; 15.000 ; Rise       ; md6_low         ;
; di02_l          ; md6_low    ; 15.000 ; 15.000 ; Rise       ; md6_low         ;
; di03            ; md6_low    ; 15.000 ; 15.000 ; Rise       ; md6_low         ;
; di04            ; md6_low    ; 15.000 ; 15.000 ; Rise       ; md6_low         ;
; di05            ; md6_low    ; 15.000 ; 15.000 ; Rise       ; md6_low         ;
; di06            ; md6_low    ; 15.000 ; 15.000 ; Rise       ; md6_low         ;
; di07            ; md6_low    ; 15.000 ; 15.000 ; Rise       ; md6_low         ;
; di08            ; md6_low    ; 15.000 ; 15.000 ; Rise       ; md6_low         ;
; di09            ; md6_low    ; 15.000 ; 15.000 ; Rise       ; md6_low         ;
; di10            ; md6_low    ; 15.000 ; 15.000 ; Rise       ; md6_low         ;
; di11            ; md6_low    ; 15.000 ; 15.000 ; Rise       ; md6_low         ;
; erase_low       ; md6_low    ; 15.000 ; 15.000 ; Rise       ; md6_low         ;
; internal_io_low ; md6_low    ; 15.000 ; 15.000 ; Rise       ; md6_low         ;
; interrupt_low   ; md6_low    ; 24.000 ; 24.000 ; Rise       ; md6_low         ;
; load_x          ; md6_low    ; 15.000 ; 15.000 ; Rise       ; md6_low         ;
; load_y          ; md6_low    ; 15.000 ; 15.000 ; Rise       ; md6_low         ;
; n_t_27x         ; md6_low    ; 24.000 ; 24.000 ; Rise       ; md6_low         ;
; non_store_low   ; md6_low    ; 15.000 ; 15.000 ; Rise       ; md6_low         ;
; skip_low        ; md6_low    ; 15.000 ; 15.000 ; Rise       ; md6_low         ;
; write_thru_low  ; md6_low    ; 15.000 ; 15.000 ; Rise       ; md6_low         ;
; b_dixy_low      ; md6_low    ; 15.000 ; 15.000 ; Fall       ; md6_low         ;
; c0_low          ; md6_low    ; 15.000 ; 15.000 ; Fall       ; md6_low         ;
; c1_low          ; md6_low    ; 15.000 ; 15.000 ; Fall       ; md6_low         ;
; data00_low      ; md6_low    ; 15.000 ; 15.000 ; Fall       ; md6_low         ;
; data01_low      ; md6_low    ; 15.000 ; 15.000 ; Fall       ; md6_low         ;
; data02_low      ; md6_low    ; 15.000 ; 15.000 ; Fall       ; md6_low         ;
; data03_low      ; md6_low    ; 15.000 ; 15.000 ; Fall       ; md6_low         ;
; data06_low      ; md6_low    ; 15.000 ; 15.000 ; Fall       ; md6_low         ;
; data07_low      ; md6_low    ; 15.000 ; 15.000 ; Fall       ; md6_low         ;
; data08_low      ; md6_low    ; 15.000 ; 15.000 ; Fall       ; md6_low         ;
; data09_low      ; md6_low    ; 15.000 ; 15.000 ; Fall       ; md6_low         ;
; data10_low      ; md6_low    ; 15.000 ; 15.000 ; Fall       ; md6_low         ;
; data11_low      ; md6_low    ; 15.000 ; 15.000 ; Fall       ; md6_low         ;
; di02_l          ; md6_low    ; 15.000 ; 15.000 ; Fall       ; md6_low         ;
; di03            ; md6_low    ; 15.000 ; 15.000 ; Fall       ; md6_low         ;
; di04            ; md6_low    ; 15.000 ; 15.000 ; Fall       ; md6_low         ;
; di05            ; md6_low    ; 15.000 ; 15.000 ; Fall       ; md6_low         ;
; di06            ; md6_low    ; 15.000 ; 15.000 ; Fall       ; md6_low         ;
; di07            ; md6_low    ; 15.000 ; 15.000 ; Fall       ; md6_low         ;
; di08            ; md6_low    ; 15.000 ; 15.000 ; Fall       ; md6_low         ;
; di09            ; md6_low    ; 15.000 ; 15.000 ; Fall       ; md6_low         ;
; di10            ; md6_low    ; 15.000 ; 15.000 ; Fall       ; md6_low         ;
; di11            ; md6_low    ; 15.000 ; 15.000 ; Fall       ; md6_low         ;
; internal_io_low ; md6_low    ; 15.000 ; 15.000 ; Fall       ; md6_low         ;
; load_x          ; md6_low    ; 15.000 ; 15.000 ; Fall       ; md6_low         ;
; load_y          ; md6_low    ; 15.000 ; 15.000 ; Fall       ; md6_low         ;
; skip_low        ; md6_low    ; 15.000 ; 15.000 ; Fall       ; md6_low         ;
; b_dixy_low      ; md7_low    ; 15.000 ; 15.000 ; Rise       ; md7_low         ;
; c0_low          ; md7_low    ; 15.000 ; 15.000 ; Rise       ; md7_low         ;
; c1_low          ; md7_low    ; 15.000 ; 15.000 ; Rise       ; md7_low         ;
; chan_low        ; md7_low    ; 15.000 ; 15.000 ; Rise       ; md7_low         ;
; col_red_low     ; md7_low    ; 15.000 ; 15.000 ; Rise       ; md7_low         ;
; data00_low      ; md7_low    ; 15.000 ; 15.000 ; Rise       ; md7_low         ;
; data01_low      ; md7_low    ; 15.000 ; 15.000 ; Rise       ; md7_low         ;
; data02_low      ; md7_low    ; 15.000 ; 15.000 ; Rise       ; md7_low         ;
; data03_low      ; md7_low    ; 15.000 ; 15.000 ; Rise       ; md7_low         ;
; data06_low      ; md7_low    ; 15.000 ; 15.000 ; Rise       ; md7_low         ;
; data07_low      ; md7_low    ; 15.000 ; 15.000 ; Rise       ; md7_low         ;
; data08_low      ; md7_low    ; 15.000 ; 15.000 ; Rise       ; md7_low         ;
; data09_low      ; md7_low    ; 15.000 ; 15.000 ; Rise       ; md7_low         ;
; data10_low      ; md7_low    ; 15.000 ; 15.000 ; Rise       ; md7_low         ;
; data11_low      ; md7_low    ; 15.000 ; 15.000 ; Rise       ; md7_low         ;
; di02_l          ; md7_low    ; 15.000 ; 15.000 ; Rise       ; md7_low         ;
; di03            ; md7_low    ; 15.000 ; 15.000 ; Rise       ; md7_low         ;
; di04            ; md7_low    ; 15.000 ; 15.000 ; Rise       ; md7_low         ;
; di05            ; md7_low    ; 15.000 ; 15.000 ; Rise       ; md7_low         ;
; di06            ; md7_low    ; 15.000 ; 15.000 ; Rise       ; md7_low         ;
; di07            ; md7_low    ; 15.000 ; 15.000 ; Rise       ; md7_low         ;
; di08            ; md7_low    ; 15.000 ; 15.000 ; Rise       ; md7_low         ;
; di09            ; md7_low    ; 15.000 ; 15.000 ; Rise       ; md7_low         ;
; di10            ; md7_low    ; 15.000 ; 15.000 ; Rise       ; md7_low         ;
; di11            ; md7_low    ; 15.000 ; 15.000 ; Rise       ; md7_low         ;
; erase_low       ; md7_low    ; 15.000 ; 15.000 ; Rise       ; md7_low         ;
; internal_io_low ; md7_low    ; 15.000 ; 15.000 ; Rise       ; md7_low         ;
; interrupt_low   ; md7_low    ; 24.000 ; 24.000 ; Rise       ; md7_low         ;
; load_x          ; md7_low    ; 15.000 ; 15.000 ; Rise       ; md7_low         ;
; load_y          ; md7_low    ; 15.000 ; 15.000 ; Rise       ; md7_low         ;
; n_t_27x         ; md7_low    ; 24.000 ; 24.000 ; Rise       ; md7_low         ;
; non_store_low   ; md7_low    ; 15.000 ; 15.000 ; Rise       ; md7_low         ;
; skip_low        ; md7_low    ; 15.000 ; 15.000 ; Rise       ; md7_low         ;
; write_thru_low  ; md7_low    ; 15.000 ; 15.000 ; Rise       ; md7_low         ;
; b_dixy_low      ; md7_low    ; 15.000 ; 15.000 ; Fall       ; md7_low         ;
; c0_low          ; md7_low    ; 15.000 ; 15.000 ; Fall       ; md7_low         ;
; c1_low          ; md7_low    ; 15.000 ; 15.000 ; Fall       ; md7_low         ;
; data00_low      ; md7_low    ; 15.000 ; 15.000 ; Fall       ; md7_low         ;
; data01_low      ; md7_low    ; 15.000 ; 15.000 ; Fall       ; md7_low         ;
; data02_low      ; md7_low    ; 15.000 ; 15.000 ; Fall       ; md7_low         ;
; data03_low      ; md7_low    ; 15.000 ; 15.000 ; Fall       ; md7_low         ;
; data06_low      ; md7_low    ; 15.000 ; 15.000 ; Fall       ; md7_low         ;
; data07_low      ; md7_low    ; 15.000 ; 15.000 ; Fall       ; md7_low         ;
; data08_low      ; md7_low    ; 15.000 ; 15.000 ; Fall       ; md7_low         ;
; data09_low      ; md7_low    ; 15.000 ; 15.000 ; Fall       ; md7_low         ;
; data10_low      ; md7_low    ; 15.000 ; 15.000 ; Fall       ; md7_low         ;
; data11_low      ; md7_low    ; 15.000 ; 15.000 ; Fall       ; md7_low         ;
; di02_l          ; md7_low    ; 15.000 ; 15.000 ; Fall       ; md7_low         ;
; di03            ; md7_low    ; 15.000 ; 15.000 ; Fall       ; md7_low         ;
; di04            ; md7_low    ; 15.000 ; 15.000 ; Fall       ; md7_low         ;
; di05            ; md7_low    ; 15.000 ; 15.000 ; Fall       ; md7_low         ;
; di06            ; md7_low    ; 15.000 ; 15.000 ; Fall       ; md7_low         ;
; di07            ; md7_low    ; 15.000 ; 15.000 ; Fall       ; md7_low         ;
; di08            ; md7_low    ; 15.000 ; 15.000 ; Fall       ; md7_low         ;
; di09            ; md7_low    ; 15.000 ; 15.000 ; Fall       ; md7_low         ;
; di10            ; md7_low    ; 15.000 ; 15.000 ; Fall       ; md7_low         ;
; di11            ; md7_low    ; 15.000 ; 15.000 ; Fall       ; md7_low         ;
; internal_io_low ; md7_low    ; 15.000 ; 15.000 ; Fall       ; md7_low         ;
; load_x          ; md7_low    ; 15.000 ; 15.000 ; Fall       ; md7_low         ;
; load_y          ; md7_low    ; 15.000 ; 15.000 ; Fall       ; md7_low         ;
; skip_low        ; md7_low    ; 15.000 ; 15.000 ; Fall       ; md7_low         ;
; b_dixy_low      ; md8_low    ; 15.000 ; 15.000 ; Rise       ; md8_low         ;
; c0_low          ; md8_low    ; 15.000 ; 15.000 ; Rise       ; md8_low         ;
; c1_low          ; md8_low    ; 15.000 ; 15.000 ; Rise       ; md8_low         ;
; chan_low        ; md8_low    ; 15.000 ; 15.000 ; Rise       ; md8_low         ;
; col_red_low     ; md8_low    ; 15.000 ; 15.000 ; Rise       ; md8_low         ;
; data00_low      ; md8_low    ; 15.000 ; 15.000 ; Rise       ; md8_low         ;
; data01_low      ; md8_low    ; 15.000 ; 15.000 ; Rise       ; md8_low         ;
; data02_low      ; md8_low    ; 15.000 ; 15.000 ; Rise       ; md8_low         ;
; data03_low      ; md8_low    ; 15.000 ; 15.000 ; Rise       ; md8_low         ;
; data06_low      ; md8_low    ; 15.000 ; 15.000 ; Rise       ; md8_low         ;
; data07_low      ; md8_low    ; 15.000 ; 15.000 ; Rise       ; md8_low         ;
; data08_low      ; md8_low    ; 15.000 ; 15.000 ; Rise       ; md8_low         ;
; data09_low      ; md8_low    ; 15.000 ; 15.000 ; Rise       ; md8_low         ;
; data10_low      ; md8_low    ; 15.000 ; 15.000 ; Rise       ; md8_low         ;
; data11_low      ; md8_low    ; 15.000 ; 15.000 ; Rise       ; md8_low         ;
; di02_l          ; md8_low    ; 15.000 ; 15.000 ; Rise       ; md8_low         ;
; di03            ; md8_low    ; 15.000 ; 15.000 ; Rise       ; md8_low         ;
; di04            ; md8_low    ; 15.000 ; 15.000 ; Rise       ; md8_low         ;
; di05            ; md8_low    ; 15.000 ; 15.000 ; Rise       ; md8_low         ;
; di06            ; md8_low    ; 15.000 ; 15.000 ; Rise       ; md8_low         ;
; di07            ; md8_low    ; 15.000 ; 15.000 ; Rise       ; md8_low         ;
; di08            ; md8_low    ; 15.000 ; 15.000 ; Rise       ; md8_low         ;
; di09            ; md8_low    ; 15.000 ; 15.000 ; Rise       ; md8_low         ;
; di10            ; md8_low    ; 15.000 ; 15.000 ; Rise       ; md8_low         ;
; di11            ; md8_low    ; 15.000 ; 15.000 ; Rise       ; md8_low         ;
; erase_low       ; md8_low    ; 15.000 ; 15.000 ; Rise       ; md8_low         ;
; internal_io_low ; md8_low    ; 15.000 ; 15.000 ; Rise       ; md8_low         ;
; interrupt_low   ; md8_low    ; 24.000 ; 24.000 ; Rise       ; md8_low         ;
; load_x          ; md8_low    ; 15.000 ; 15.000 ; Rise       ; md8_low         ;
; load_y          ; md8_low    ; 15.000 ; 15.000 ; Rise       ; md8_low         ;
; n_t_27x         ; md8_low    ; 24.000 ; 24.000 ; Rise       ; md8_low         ;
; non_store_low   ; md8_low    ; 15.000 ; 15.000 ; Rise       ; md8_low         ;
; skip_low        ; md8_low    ; 15.000 ; 15.000 ; Rise       ; md8_low         ;
; write_thru_low  ; md8_low    ; 15.000 ; 15.000 ; Rise       ; md8_low         ;
; b_dixy_low      ; md8_low    ; 15.000 ; 15.000 ; Fall       ; md8_low         ;
; c0_low          ; md8_low    ; 15.000 ; 15.000 ; Fall       ; md8_low         ;
; c1_low          ; md8_low    ; 15.000 ; 15.000 ; Fall       ; md8_low         ;
; data00_low      ; md8_low    ; 15.000 ; 15.000 ; Fall       ; md8_low         ;
; data01_low      ; md8_low    ; 15.000 ; 15.000 ; Fall       ; md8_low         ;
; data02_low      ; md8_low    ; 15.000 ; 15.000 ; Fall       ; md8_low         ;
; data03_low      ; md8_low    ; 15.000 ; 15.000 ; Fall       ; md8_low         ;
; data06_low      ; md8_low    ; 15.000 ; 15.000 ; Fall       ; md8_low         ;
; data07_low      ; md8_low    ; 15.000 ; 15.000 ; Fall       ; md8_low         ;
; data08_low      ; md8_low    ; 15.000 ; 15.000 ; Fall       ; md8_low         ;
; data09_low      ; md8_low    ; 15.000 ; 15.000 ; Fall       ; md8_low         ;
; data10_low      ; md8_low    ; 15.000 ; 15.000 ; Fall       ; md8_low         ;
; data11_low      ; md8_low    ; 15.000 ; 15.000 ; Fall       ; md8_low         ;
; di02_l          ; md8_low    ; 15.000 ; 15.000 ; Fall       ; md8_low         ;
; di03            ; md8_low    ; 15.000 ; 15.000 ; Fall       ; md8_low         ;
; di04            ; md8_low    ; 15.000 ; 15.000 ; Fall       ; md8_low         ;
; di05            ; md8_low    ; 15.000 ; 15.000 ; Fall       ; md8_low         ;
; di06            ; md8_low    ; 15.000 ; 15.000 ; Fall       ; md8_low         ;
; di07            ; md8_low    ; 15.000 ; 15.000 ; Fall       ; md8_low         ;
; di08            ; md8_low    ; 15.000 ; 15.000 ; Fall       ; md8_low         ;
; di09            ; md8_low    ; 15.000 ; 15.000 ; Fall       ; md8_low         ;
; di10            ; md8_low    ; 15.000 ; 15.000 ; Fall       ; md8_low         ;
; di11            ; md8_low    ; 15.000 ; 15.000 ; Fall       ; md8_low         ;
; internal_io_low ; md8_low    ; 15.000 ; 15.000 ; Fall       ; md8_low         ;
; load_x          ; md8_low    ; 15.000 ; 15.000 ; Fall       ; md8_low         ;
; load_y          ; md8_low    ; 15.000 ; 15.000 ; Fall       ; md8_low         ;
; skip_low        ; md8_low    ; 15.000 ; 15.000 ; Fall       ; md8_low         ;
; b_dixy_low      ; md9_low    ; 15.000 ; 15.000 ; Rise       ; md9_low         ;
; c0_low          ; md9_low    ; 15.000 ; 15.000 ; Rise       ; md9_low         ;
; c1_low          ; md9_low    ; 15.000 ; 15.000 ; Rise       ; md9_low         ;
; chan_low        ; md9_low    ; 15.000 ; 15.000 ; Rise       ; md9_low         ;
; col_red_low     ; md9_low    ; 15.000 ; 15.000 ; Rise       ; md9_low         ;
; data00_low      ; md9_low    ; 15.000 ; 15.000 ; Rise       ; md9_low         ;
; data01_low      ; md9_low    ; 15.000 ; 15.000 ; Rise       ; md9_low         ;
; data02_low      ; md9_low    ; 15.000 ; 15.000 ; Rise       ; md9_low         ;
; data03_low      ; md9_low    ; 15.000 ; 15.000 ; Rise       ; md9_low         ;
; data06_low      ; md9_low    ; 15.000 ; 15.000 ; Rise       ; md9_low         ;
; data07_low      ; md9_low    ; 15.000 ; 15.000 ; Rise       ; md9_low         ;
; data08_low      ; md9_low    ; 15.000 ; 15.000 ; Rise       ; md9_low         ;
; data09_low      ; md9_low    ; 15.000 ; 15.000 ; Rise       ; md9_low         ;
; data10_low      ; md9_low    ; 15.000 ; 15.000 ; Rise       ; md9_low         ;
; data11_low      ; md9_low    ; 15.000 ; 15.000 ; Rise       ; md9_low         ;
; di02_l          ; md9_low    ; 15.000 ; 15.000 ; Rise       ; md9_low         ;
; di03            ; md9_low    ; 15.000 ; 15.000 ; Rise       ; md9_low         ;
; di04            ; md9_low    ; 15.000 ; 15.000 ; Rise       ; md9_low         ;
; di05            ; md9_low    ; 15.000 ; 15.000 ; Rise       ; md9_low         ;
; di06            ; md9_low    ; 15.000 ; 15.000 ; Rise       ; md9_low         ;
; di07            ; md9_low    ; 15.000 ; 15.000 ; Rise       ; md9_low         ;
; di08            ; md9_low    ; 15.000 ; 15.000 ; Rise       ; md9_low         ;
; di09            ; md9_low    ; 15.000 ; 15.000 ; Rise       ; md9_low         ;
; di10            ; md9_low    ; 15.000 ; 15.000 ; Rise       ; md9_low         ;
; di11            ; md9_low    ; 15.000 ; 15.000 ; Rise       ; md9_low         ;
; erase_low       ; md9_low    ; 15.000 ; 15.000 ; Rise       ; md9_low         ;
; interrupt_low   ; md9_low    ; 24.000 ; 24.000 ; Rise       ; md9_low         ;
; load_x          ; md9_low    ; 15.000 ; 15.000 ; Rise       ; md9_low         ;
; load_y          ; md9_low    ; 15.000 ; 15.000 ; Rise       ; md9_low         ;
; n_t_27x         ; md9_low    ; 24.000 ; 24.000 ; Rise       ; md9_low         ;
; non_store_low   ; md9_low    ; 15.000 ; 15.000 ; Rise       ; md9_low         ;
; skip_low        ; md9_low    ; 15.000 ; 15.000 ; Rise       ; md9_low         ;
; write_thru_low  ; md9_low    ; 15.000 ; 15.000 ; Rise       ; md9_low         ;
; b_dixy_low      ; md9_low    ; 15.000 ; 15.000 ; Fall       ; md9_low         ;
; c0_low          ; md9_low    ; 15.000 ; 15.000 ; Fall       ; md9_low         ;
; c1_low          ; md9_low    ; 15.000 ; 15.000 ; Fall       ; md9_low         ;
; data00_low      ; md9_low    ; 15.000 ; 15.000 ; Fall       ; md9_low         ;
; data01_low      ; md9_low    ; 15.000 ; 15.000 ; Fall       ; md9_low         ;
; data02_low      ; md9_low    ; 15.000 ; 15.000 ; Fall       ; md9_low         ;
; data03_low      ; md9_low    ; 15.000 ; 15.000 ; Fall       ; md9_low         ;
; data06_low      ; md9_low    ; 15.000 ; 15.000 ; Fall       ; md9_low         ;
; data07_low      ; md9_low    ; 15.000 ; 15.000 ; Fall       ; md9_low         ;
; data08_low      ; md9_low    ; 15.000 ; 15.000 ; Fall       ; md9_low         ;
; data09_low      ; md9_low    ; 15.000 ; 15.000 ; Fall       ; md9_low         ;
; data10_low      ; md9_low    ; 15.000 ; 15.000 ; Fall       ; md9_low         ;
; data11_low      ; md9_low    ; 15.000 ; 15.000 ; Fall       ; md9_low         ;
; di02_l          ; md9_low    ; 15.000 ; 15.000 ; Fall       ; md9_low         ;
; di03            ; md9_low    ; 15.000 ; 15.000 ; Fall       ; md9_low         ;
; di04            ; md9_low    ; 15.000 ; 15.000 ; Fall       ; md9_low         ;
; di05            ; md9_low    ; 15.000 ; 15.000 ; Fall       ; md9_low         ;
; di06            ; md9_low    ; 15.000 ; 15.000 ; Fall       ; md9_low         ;
; di07            ; md9_low    ; 15.000 ; 15.000 ; Fall       ; md9_low         ;
; di08            ; md9_low    ; 15.000 ; 15.000 ; Fall       ; md9_low         ;
; di09            ; md9_low    ; 15.000 ; 15.000 ; Fall       ; md9_low         ;
; di10            ; md9_low    ; 15.000 ; 15.000 ; Fall       ; md9_low         ;
; di11            ; md9_low    ; 15.000 ; 15.000 ; Fall       ; md9_low         ;
; load_x          ; md9_low    ; 15.000 ; 15.000 ; Fall       ; md9_low         ;
; load_y          ; md9_low    ; 15.000 ; 15.000 ; Fall       ; md9_low         ;
; skip_low        ; md9_low    ; 15.000 ; 15.000 ; Fall       ; md9_low         ;
; b_dixy_low      ; pause_low  ; 15.000 ; 15.000 ; Rise       ; pause_low       ;
; c0_low          ; pause_low  ; 15.000 ; 15.000 ; Rise       ; pause_low       ;
; c1_low          ; pause_low  ; 15.000 ; 15.000 ; Rise       ; pause_low       ;
; chan_low        ; pause_low  ; 15.000 ; 15.000 ; Rise       ; pause_low       ;
; col_red_low     ; pause_low  ; 15.000 ; 15.000 ; Rise       ; pause_low       ;
; data00_low      ; pause_low  ; 15.000 ; 15.000 ; Rise       ; pause_low       ;
; data01_low      ; pause_low  ; 15.000 ; 15.000 ; Rise       ; pause_low       ;
; data02_low      ; pause_low  ; 15.000 ; 15.000 ; Rise       ; pause_low       ;
; data03_low      ; pause_low  ; 15.000 ; 15.000 ; Rise       ; pause_low       ;
; data06_low      ; pause_low  ; 15.000 ; 15.000 ; Rise       ; pause_low       ;
; data07_low      ; pause_low  ; 15.000 ; 15.000 ; Rise       ; pause_low       ;
; data08_low      ; pause_low  ; 15.000 ; 15.000 ; Rise       ; pause_low       ;
; data09_low      ; pause_low  ; 15.000 ; 15.000 ; Rise       ; pause_low       ;
; data10_low      ; pause_low  ; 15.000 ; 15.000 ; Rise       ; pause_low       ;
; data11_low      ; pause_low  ; 15.000 ; 15.000 ; Rise       ; pause_low       ;
; di02_l          ; pause_low  ; 15.000 ; 15.000 ; Rise       ; pause_low       ;
; di03            ; pause_low  ; 15.000 ; 15.000 ; Rise       ; pause_low       ;
; di04            ; pause_low  ; 15.000 ; 15.000 ; Rise       ; pause_low       ;
; di05            ; pause_low  ; 15.000 ; 15.000 ; Rise       ; pause_low       ;
; di06            ; pause_low  ; 15.000 ; 15.000 ; Rise       ; pause_low       ;
; di07            ; pause_low  ; 15.000 ; 15.000 ; Rise       ; pause_low       ;
; di08            ; pause_low  ; 15.000 ; 15.000 ; Rise       ; pause_low       ;
; di09            ; pause_low  ; 15.000 ; 15.000 ; Rise       ; pause_low       ;
; di10            ; pause_low  ; 15.000 ; 15.000 ; Rise       ; pause_low       ;
; di11            ; pause_low  ; 15.000 ; 15.000 ; Rise       ; pause_low       ;
; erase_low       ; pause_low  ; 15.000 ; 15.000 ; Rise       ; pause_low       ;
; internal_io_low ; pause_low  ; 15.000 ; 15.000 ; Rise       ; pause_low       ;
; interrupt_low   ; pause_low  ; 24.000 ; 24.000 ; Rise       ; pause_low       ;
; load_x          ; pause_low  ; 15.000 ; 15.000 ; Rise       ; pause_low       ;
; load_y          ; pause_low  ; 15.000 ; 15.000 ; Rise       ; pause_low       ;
; n_t_27x         ; pause_low  ; 24.000 ; 24.000 ; Rise       ; pause_low       ;
; non_store_low   ; pause_low  ; 15.000 ; 15.000 ; Rise       ; pause_low       ;
; skip_low        ; pause_low  ; 15.000 ; 15.000 ; Rise       ; pause_low       ;
; write_thru_low  ; pause_low  ; 15.000 ; 15.000 ; Rise       ; pause_low       ;
; b_dixy_low      ; pause_low  ; 15.000 ; 15.000 ; Fall       ; pause_low       ;
; c0_low          ; pause_low  ; 15.000 ; 15.000 ; Fall       ; pause_low       ;
; c1_low          ; pause_low  ; 15.000 ; 15.000 ; Fall       ; pause_low       ;
; data00_low      ; pause_low  ; 15.000 ; 15.000 ; Fall       ; pause_low       ;
; data01_low      ; pause_low  ; 15.000 ; 15.000 ; Fall       ; pause_low       ;
; data02_low      ; pause_low  ; 15.000 ; 15.000 ; Fall       ; pause_low       ;
; data03_low      ; pause_low  ; 15.000 ; 15.000 ; Fall       ; pause_low       ;
; data06_low      ; pause_low  ; 15.000 ; 15.000 ; Fall       ; pause_low       ;
; data07_low      ; pause_low  ; 15.000 ; 15.000 ; Fall       ; pause_low       ;
; data08_low      ; pause_low  ; 15.000 ; 15.000 ; Fall       ; pause_low       ;
; data09_low      ; pause_low  ; 15.000 ; 15.000 ; Fall       ; pause_low       ;
; data10_low      ; pause_low  ; 15.000 ; 15.000 ; Fall       ; pause_low       ;
; data11_low      ; pause_low  ; 15.000 ; 15.000 ; Fall       ; pause_low       ;
; di02_l          ; pause_low  ; 15.000 ; 15.000 ; Fall       ; pause_low       ;
; di03            ; pause_low  ; 15.000 ; 15.000 ; Fall       ; pause_low       ;
; di04            ; pause_low  ; 15.000 ; 15.000 ; Fall       ; pause_low       ;
; di05            ; pause_low  ; 15.000 ; 15.000 ; Fall       ; pause_low       ;
; di06            ; pause_low  ; 15.000 ; 15.000 ; Fall       ; pause_low       ;
; di07            ; pause_low  ; 15.000 ; 15.000 ; Fall       ; pause_low       ;
; di08            ; pause_low  ; 15.000 ; 15.000 ; Fall       ; pause_low       ;
; di09            ; pause_low  ; 15.000 ; 15.000 ; Fall       ; pause_low       ;
; di10            ; pause_low  ; 15.000 ; 15.000 ; Fall       ; pause_low       ;
; di11            ; pause_low  ; 15.000 ; 15.000 ; Fall       ; pause_low       ;
; internal_io_low ; pause_low  ; 15.000 ; 15.000 ; Fall       ; pause_low       ;
; load_x          ; pause_low  ; 15.000 ; 15.000 ; Fall       ; pause_low       ;
; load_y          ; pause_low  ; 15.000 ; 15.000 ; Fall       ; pause_low       ;
; skip_low        ; pause_low  ; 15.000 ; 15.000 ; Fall       ; pause_low       ;
; data00_low      ; red_delay  ; 24.000 ; 24.000 ; Rise       ; red_delay       ;
; dly_done_low    ; red_delay  ; 15.000 ; 15.000 ; Rise       ; red_delay       ;
; interrupt_low   ; red_delay  ; 24.000 ; 24.000 ; Rise       ; red_delay       ;
; skip_low        ; red_delay  ; 24.000 ; 24.000 ; Rise       ; red_delay       ;
; dly_done_low    ; red_delay  ; 15.000 ; 15.000 ; Fall       ; red_delay       ;
; data00_low      ; set_done   ; 24.000 ; 24.000 ; Rise       ; set_done        ;
; interrupt_low   ; set_done   ; 24.000 ; 24.000 ; Rise       ; set_done        ;
; skip_low        ; set_done   ; 24.000 ; 24.000 ; Rise       ; set_done        ;
; b_dixy_low      ; tp3        ; 15.000 ; 15.000 ; Rise       ; tp3             ;
; btp3            ; tp3        ; 15.000 ; 15.000 ; Rise       ; tp3             ;
; chan_low        ; tp3        ; 15.000 ; 15.000 ; Rise       ; tp3             ;
; col_red_low     ; tp3        ; 15.000 ; 15.000 ; Rise       ; tp3             ;
; data06_low      ; tp3        ; 24.000 ; 24.000 ; Rise       ; tp3             ;
; data07_low      ; tp3        ; 24.000 ; 24.000 ; Rise       ; tp3             ;
; data09_low      ; tp3        ; 24.000 ; 24.000 ; Rise       ; tp3             ;
; data10_low      ; tp3        ; 24.000 ; 24.000 ; Rise       ; tp3             ;
; data11_low      ; tp3        ; 24.000 ; 24.000 ; Rise       ; tp3             ;
; erase_low       ; tp3        ; 15.000 ; 15.000 ; Rise       ; tp3             ;
; interrupt_low   ; tp3        ; 24.000 ; 24.000 ; Rise       ; tp3             ;
; load_x          ; tp3        ; 15.000 ; 15.000 ; Rise       ; tp3             ;
; load_y          ; tp3        ; 15.000 ; 15.000 ; Rise       ; tp3             ;
; n_t_27x         ; tp3        ; 24.000 ; 24.000 ; Rise       ; tp3             ;
; non_store_low   ; tp3        ; 15.000 ; 15.000 ; Rise       ; tp3             ;
; write_thru_low  ; tp3        ; 15.000 ; 15.000 ; Rise       ; tp3             ;
; b_dixy_low      ; tp3        ; 15.000 ; 15.000 ; Fall       ; tp3             ;
; btp3            ; tp3        ; 15.000 ; 15.000 ; Fall       ; tp3             ;
; load_x          ; tp3        ; 15.000 ; 15.000 ; Fall       ; tp3             ;
; load_y          ; tp3        ; 15.000 ; 15.000 ; Fall       ; tp3             ;
+-----------------+------------+--------+--------+------------+-----------------+


+------------------------------------------------------+
; Propagation Delay                                    ;
+------------+-------------+----+--------+--------+----+
; Input Port ; Output Port ; RR ; RF     ; FR     ; FF ;
+------------+-------------+----+--------+--------+----+
; d00_l      ; data00_low  ;    ; 15.000 ; 15.000 ;    ;
; d01_l      ; data01_low  ;    ; 15.000 ; 15.000 ;    ;
; d02_l      ; data02_low  ;    ; 15.000 ; 15.000 ;    ;
; d03_l      ; data03_low  ;    ; 15.000 ; 15.000 ;    ;
; d08_l      ; data08_low  ;    ; 15.000 ; 15.000 ;    ;
; d09_l      ; data09_low  ;    ; 15.000 ; 15.000 ;    ;
; d10_l      ; data10_low  ;    ; 15.000 ; 15.000 ;    ;
; d11_l      ; data11_low  ;    ; 15.000 ; 15.000 ;    ;
; data02_low ; di02_l      ;    ; 15.000 ; 15.000 ;    ;
; data03_low ; di03        ;    ; 15.000 ; 15.000 ;    ;
; data04_low ; di04        ;    ; 15.000 ; 15.000 ;    ;
; data05_low ; di05        ;    ; 15.000 ; 15.000 ;    ;
; data06_low ; di06        ;    ; 15.000 ; 15.000 ;    ;
; data07_low ; di07        ;    ; 15.000 ; 15.000 ;    ;
; data08_low ; di08        ;    ; 15.000 ; 15.000 ;    ;
; data09_low ; di09        ;    ; 15.000 ; 15.000 ;    ;
; data10_low ; di10        ;    ; 15.000 ; 15.000 ;    ;
; data11_low ; di11        ;    ; 15.000 ; 15.000 ;    ;
+------------+-------------+----+--------+--------+----+


+------------------------------------------------------+
; Minimum Propagation Delay                            ;
+------------+-------------+----+--------+--------+----+
; Input Port ; Output Port ; RR ; RF     ; FR     ; FF ;
+------------+-------------+----+--------+--------+----+
; d00_l      ; data00_low  ;    ; 15.000 ; 15.000 ;    ;
; d01_l      ; data01_low  ;    ; 15.000 ; 15.000 ;    ;
; d02_l      ; data02_low  ;    ; 15.000 ; 15.000 ;    ;
; d03_l      ; data03_low  ;    ; 15.000 ; 15.000 ;    ;
; d08_l      ; data08_low  ;    ; 15.000 ; 15.000 ;    ;
; d09_l      ; data09_low  ;    ; 15.000 ; 15.000 ;    ;
; d10_l      ; data10_low  ;    ; 15.000 ; 15.000 ;    ;
; d11_l      ; data11_low  ;    ; 15.000 ; 15.000 ;    ;
; data02_low ; di02_l      ;    ; 15.000 ; 15.000 ;    ;
; data03_low ; di03        ;    ; 15.000 ; 15.000 ;    ;
; data04_low ; di04        ;    ; 15.000 ; 15.000 ;    ;
; data05_low ; di05        ;    ; 15.000 ; 15.000 ;    ;
; data06_low ; di06        ;    ; 15.000 ; 15.000 ;    ;
; data07_low ; di07        ;    ; 15.000 ; 15.000 ;    ;
; data08_low ; di08        ;    ; 15.000 ; 15.000 ;    ;
; data09_low ; di09        ;    ; 15.000 ; 15.000 ;    ;
; data10_low ; di10        ;    ; 15.000 ; 15.000 ;    ;
; data11_low ; di11        ;    ; 15.000 ; 15.000 ;    ;
+------------+-------------+----+--------+--------+----+


+--------------------------------------------------------------------+
; Setup Transfers                                                    ;
+------------+-----------+----------+----------+----------+----------+
; From Clock ; To Clock  ; RR Paths ; FR Paths ; RF Paths ; FF Paths ;
+------------+-----------+----------+----------+----------+----------+
; md3_low    ; md3_low   ; 12       ; 12       ; 0        ; 0        ;
; md4_low    ; md3_low   ; 12       ; 12       ; 0        ; 0        ;
; md5_low    ; md3_low   ; 12       ; 12       ; 0        ; 0        ;
; md6_low    ; md3_low   ; 12       ; 12       ; 0        ; 0        ;
; md7_low    ; md3_low   ; 12       ; 12       ; 0        ; 0        ;
; md8_low    ; md3_low   ; 12       ; 12       ; 0        ; 0        ;
; md9_low    ; md3_low   ; 12       ; 12       ; 0        ; 0        ;
; md10_low   ; md3_low   ; 6        ; 6        ; 0        ; 0        ;
; md11_low   ; md3_low   ; 12       ; 12       ; 0        ; 0        ;
; pause_low  ; md3_low   ; 12       ; 12       ; 0        ; 0        ;
; md3_low    ; md4_low   ; 12       ; 12       ; 0        ; 0        ;
; md4_low    ; md4_low   ; 12       ; 12       ; 0        ; 0        ;
; md5_low    ; md4_low   ; 12       ; 12       ; 0        ; 0        ;
; md6_low    ; md4_low   ; 12       ; 12       ; 0        ; 0        ;
; md7_low    ; md4_low   ; 12       ; 12       ; 0        ; 0        ;
; md8_low    ; md4_low   ; 12       ; 12       ; 0        ; 0        ;
; md9_low    ; md4_low   ; 12       ; 12       ; 0        ; 0        ;
; md10_low   ; md4_low   ; 6        ; 6        ; 0        ; 0        ;
; md11_low   ; md4_low   ; 12       ; 12       ; 0        ; 0        ;
; pause_low  ; md4_low   ; 12       ; 12       ; 0        ; 0        ;
; md3_low    ; md5_low   ; 12       ; 12       ; 0        ; 0        ;
; md4_low    ; md5_low   ; 12       ; 12       ; 0        ; 0        ;
; md5_low    ; md5_low   ; 12       ; 12       ; 0        ; 0        ;
; md6_low    ; md5_low   ; 12       ; 12       ; 0        ; 0        ;
; md7_low    ; md5_low   ; 12       ; 12       ; 0        ; 0        ;
; md8_low    ; md5_low   ; 12       ; 12       ; 0        ; 0        ;
; md9_low    ; md5_low   ; 12       ; 12       ; 0        ; 0        ;
; md10_low   ; md5_low   ; 6        ; 6        ; 0        ; 0        ;
; md11_low   ; md5_low   ; 12       ; 12       ; 0        ; 0        ;
; pause_low  ; md5_low   ; 12       ; 12       ; 0        ; 0        ;
; md3_low    ; md6_low   ; 12       ; 12       ; 0        ; 0        ;
; md4_low    ; md6_low   ; 12       ; 12       ; 0        ; 0        ;
; md5_low    ; md6_low   ; 12       ; 12       ; 0        ; 0        ;
; md6_low    ; md6_low   ; 12       ; 12       ; 0        ; 0        ;
; md7_low    ; md6_low   ; 12       ; 12       ; 0        ; 0        ;
; md8_low    ; md6_low   ; 12       ; 12       ; 0        ; 0        ;
; md9_low    ; md6_low   ; 12       ; 12       ; 0        ; 0        ;
; md10_low   ; md6_low   ; 6        ; 6        ; 0        ; 0        ;
; md11_low   ; md6_low   ; 12       ; 12       ; 0        ; 0        ;
; pause_low  ; md6_low   ; 12       ; 12       ; 0        ; 0        ;
; md3_low    ; md7_low   ; 12       ; 12       ; 0        ; 0        ;
; md4_low    ; md7_low   ; 12       ; 12       ; 0        ; 0        ;
; md5_low    ; md7_low   ; 12       ; 12       ; 0        ; 0        ;
; md6_low    ; md7_low   ; 12       ; 12       ; 0        ; 0        ;
; md7_low    ; md7_low   ; 12       ; 12       ; 0        ; 0        ;
; md8_low    ; md7_low   ; 12       ; 12       ; 0        ; 0        ;
; md9_low    ; md7_low   ; 12       ; 12       ; 0        ; 0        ;
; md10_low   ; md7_low   ; 6        ; 6        ; 0        ; 0        ;
; md11_low   ; md7_low   ; 12       ; 12       ; 0        ; 0        ;
; pause_low  ; md7_low   ; 12       ; 12       ; 0        ; 0        ;
; md3_low    ; md8_low   ; 12       ; 12       ; 0        ; 0        ;
; md4_low    ; md8_low   ; 12       ; 12       ; 0        ; 0        ;
; md5_low    ; md8_low   ; 12       ; 12       ; 0        ; 0        ;
; md6_low    ; md8_low   ; 12       ; 12       ; 0        ; 0        ;
; md7_low    ; md8_low   ; 12       ; 12       ; 0        ; 0        ;
; md8_low    ; md8_low   ; 12       ; 12       ; 0        ; 0        ;
; md9_low    ; md8_low   ; 12       ; 12       ; 0        ; 0        ;
; md10_low   ; md8_low   ; 6        ; 6        ; 0        ; 0        ;
; md11_low   ; md8_low   ; 12       ; 12       ; 0        ; 0        ;
; pause_low  ; md8_low   ; 12       ; 12       ; 0        ; 0        ;
; md3_low    ; md9_low   ; 12       ; 12       ; 0        ; 0        ;
; md4_low    ; md9_low   ; 12       ; 12       ; 0        ; 0        ;
; md5_low    ; md9_low   ; 12       ; 12       ; 0        ; 0        ;
; md6_low    ; md9_low   ; 12       ; 12       ; 0        ; 0        ;
; md7_low    ; md9_low   ; 12       ; 12       ; 0        ; 0        ;
; md8_low    ; md9_low   ; 12       ; 12       ; 0        ; 0        ;
; md9_low    ; md9_low   ; 12       ; 12       ; 0        ; 0        ;
; md10_low   ; md9_low   ; 6        ; 6        ; 0        ; 0        ;
; md11_low   ; md9_low   ; 12       ; 12       ; 0        ; 0        ;
; pause_low  ; md9_low   ; 12       ; 12       ; 0        ; 0        ;
; md3_low    ; md10_low  ; 12       ; 12       ; 0        ; 0        ;
; md4_low    ; md10_low  ; 12       ; 12       ; 0        ; 0        ;
; md5_low    ; md10_low  ; 12       ; 12       ; 0        ; 0        ;
; md6_low    ; md10_low  ; 12       ; 12       ; 0        ; 0        ;
; md7_low    ; md10_low  ; 12       ; 12       ; 0        ; 0        ;
; md8_low    ; md10_low  ; 12       ; 12       ; 0        ; 0        ;
; md9_low    ; md10_low  ; 12       ; 12       ; 0        ; 0        ;
; md10_low   ; md10_low  ; 6        ; 6        ; 0        ; 0        ;
; md11_low   ; md10_low  ; 12       ; 12       ; 0        ; 0        ;
; pause_low  ; md10_low  ; 12       ; 12       ; 0        ; 0        ;
; md3_low    ; md11_low  ; 12       ; 12       ; 0        ; 0        ;
; md4_low    ; md11_low  ; 12       ; 12       ; 0        ; 0        ;
; md5_low    ; md11_low  ; 12       ; 12       ; 0        ; 0        ;
; md6_low    ; md11_low  ; 12       ; 12       ; 0        ; 0        ;
; md7_low    ; md11_low  ; 12       ; 12       ; 0        ; 0        ;
; md8_low    ; md11_low  ; 12       ; 12       ; 0        ; 0        ;
; md9_low    ; md11_low  ; 12       ; 12       ; 0        ; 0        ;
; md10_low   ; md11_low  ; 6        ; 6        ; 0        ; 0        ;
; md11_low   ; md11_low  ; 12       ; 12       ; 0        ; 0        ;
; pause_low  ; md11_low  ; 12       ; 12       ; 0        ; 0        ;
; md3_low    ; pause_low ; 12       ; 12       ; 0        ; 0        ;
; md4_low    ; pause_low ; 12       ; 12       ; 0        ; 0        ;
; md5_low    ; pause_low ; 12       ; 12       ; 0        ; 0        ;
; md6_low    ; pause_low ; 12       ; 12       ; 0        ; 0        ;
; md7_low    ; pause_low ; 12       ; 12       ; 0        ; 0        ;
; md8_low    ; pause_low ; 12       ; 12       ; 0        ; 0        ;
; md9_low    ; pause_low ; 12       ; 12       ; 0        ; 0        ;
; md10_low   ; pause_low ; 6        ; 6        ; 0        ; 0        ;
; md11_low   ; pause_low ; 12       ; 12       ; 0        ; 0        ;
; pause_low  ; pause_low ; 12       ; 12       ; 0        ; 0        ;
; md3_low    ; tp3       ; 12       ; 12       ; 0        ; 0        ;
; md4_low    ; tp3       ; 12       ; 12       ; 0        ; 0        ;
; md5_low    ; tp3       ; 12       ; 12       ; 0        ; 0        ;
; md6_low    ; tp3       ; 12       ; 12       ; 0        ; 0        ;
; md7_low    ; tp3       ; 12       ; 12       ; 0        ; 0        ;
; md8_low    ; tp3       ; 12       ; 12       ; 0        ; 0        ;
; md9_low    ; tp3       ; 12       ; 12       ; 0        ; 0        ;
; md10_low   ; tp3       ; 6        ; 6        ; 0        ; 0        ;
; md11_low   ; tp3       ; 12       ; 12       ; 0        ; 0        ;
; pause_low  ; tp3       ; 12       ; 12       ; 0        ; 0        ;
+------------+-----------+----------+----------+----------+----------+
Entries labeled "false path" only account for clock-to-clock false paths and not path-based false paths. As a result, actual path counts may be lower than reported.


+--------------------------------------------------------------------+
; Hold Transfers                                                     ;
+------------+-----------+----------+----------+----------+----------+
; From Clock ; To Clock  ; RR Paths ; FR Paths ; RF Paths ; FF Paths ;
+------------+-----------+----------+----------+----------+----------+
; md3_low    ; md3_low   ; 12       ; 12       ; 0        ; 0        ;
; md4_low    ; md3_low   ; 12       ; 12       ; 0        ; 0        ;
; md5_low    ; md3_low   ; 12       ; 12       ; 0        ; 0        ;
; md6_low    ; md3_low   ; 12       ; 12       ; 0        ; 0        ;
; md7_low    ; md3_low   ; 12       ; 12       ; 0        ; 0        ;
; md8_low    ; md3_low   ; 12       ; 12       ; 0        ; 0        ;
; md9_low    ; md3_low   ; 12       ; 12       ; 0        ; 0        ;
; md10_low   ; md3_low   ; 6        ; 6        ; 0        ; 0        ;
; md11_low   ; md3_low   ; 12       ; 12       ; 0        ; 0        ;
; pause_low  ; md3_low   ; 12       ; 12       ; 0        ; 0        ;
; md3_low    ; md4_low   ; 12       ; 12       ; 0        ; 0        ;
; md4_low    ; md4_low   ; 12       ; 12       ; 0        ; 0        ;
; md5_low    ; md4_low   ; 12       ; 12       ; 0        ; 0        ;
; md6_low    ; md4_low   ; 12       ; 12       ; 0        ; 0        ;
; md7_low    ; md4_low   ; 12       ; 12       ; 0        ; 0        ;
; md8_low    ; md4_low   ; 12       ; 12       ; 0        ; 0        ;
; md9_low    ; md4_low   ; 12       ; 12       ; 0        ; 0        ;
; md10_low   ; md4_low   ; 6        ; 6        ; 0        ; 0        ;
; md11_low   ; md4_low   ; 12       ; 12       ; 0        ; 0        ;
; pause_low  ; md4_low   ; 12       ; 12       ; 0        ; 0        ;
; md3_low    ; md5_low   ; 12       ; 12       ; 0        ; 0        ;
; md4_low    ; md5_low   ; 12       ; 12       ; 0        ; 0        ;
; md5_low    ; md5_low   ; 12       ; 12       ; 0        ; 0        ;
; md6_low    ; md5_low   ; 12       ; 12       ; 0        ; 0        ;
; md7_low    ; md5_low   ; 12       ; 12       ; 0        ; 0        ;
; md8_low    ; md5_low   ; 12       ; 12       ; 0        ; 0        ;
; md9_low    ; md5_low   ; 12       ; 12       ; 0        ; 0        ;
; md10_low   ; md5_low   ; 6        ; 6        ; 0        ; 0        ;
; md11_low   ; md5_low   ; 12       ; 12       ; 0        ; 0        ;
; pause_low  ; md5_low   ; 12       ; 12       ; 0        ; 0        ;
; md3_low    ; md6_low   ; 12       ; 12       ; 0        ; 0        ;
; md4_low    ; md6_low   ; 12       ; 12       ; 0        ; 0        ;
; md5_low    ; md6_low   ; 12       ; 12       ; 0        ; 0        ;
; md6_low    ; md6_low   ; 12       ; 12       ; 0        ; 0        ;
; md7_low    ; md6_low   ; 12       ; 12       ; 0        ; 0        ;
; md8_low    ; md6_low   ; 12       ; 12       ; 0        ; 0        ;
; md9_low    ; md6_low   ; 12       ; 12       ; 0        ; 0        ;
; md10_low   ; md6_low   ; 6        ; 6        ; 0        ; 0        ;
; md11_low   ; md6_low   ; 12       ; 12       ; 0        ; 0        ;
; pause_low  ; md6_low   ; 12       ; 12       ; 0        ; 0        ;
; md3_low    ; md7_low   ; 12       ; 12       ; 0        ; 0        ;
; md4_low    ; md7_low   ; 12       ; 12       ; 0        ; 0        ;
; md5_low    ; md7_low   ; 12       ; 12       ; 0        ; 0        ;
; md6_low    ; md7_low   ; 12       ; 12       ; 0        ; 0        ;
; md7_low    ; md7_low   ; 12       ; 12       ; 0        ; 0        ;
; md8_low    ; md7_low   ; 12       ; 12       ; 0        ; 0        ;
; md9_low    ; md7_low   ; 12       ; 12       ; 0        ; 0        ;
; md10_low   ; md7_low   ; 6        ; 6        ; 0        ; 0        ;
; md11_low   ; md7_low   ; 12       ; 12       ; 0        ; 0        ;
; pause_low  ; md7_low   ; 12       ; 12       ; 0        ; 0        ;
; md3_low    ; md8_low   ; 12       ; 12       ; 0        ; 0        ;
; md4_low    ; md8_low   ; 12       ; 12       ; 0        ; 0        ;
; md5_low    ; md8_low   ; 12       ; 12       ; 0        ; 0        ;
; md6_low    ; md8_low   ; 12       ; 12       ; 0        ; 0        ;
; md7_low    ; md8_low   ; 12       ; 12       ; 0        ; 0        ;
; md8_low    ; md8_low   ; 12       ; 12       ; 0        ; 0        ;
; md9_low    ; md8_low   ; 12       ; 12       ; 0        ; 0        ;
; md10_low   ; md8_low   ; 6        ; 6        ; 0        ; 0        ;
; md11_low   ; md8_low   ; 12       ; 12       ; 0        ; 0        ;
; pause_low  ; md8_low   ; 12       ; 12       ; 0        ; 0        ;
; md3_low    ; md9_low   ; 12       ; 12       ; 0        ; 0        ;
; md4_low    ; md9_low   ; 12       ; 12       ; 0        ; 0        ;
; md5_low    ; md9_low   ; 12       ; 12       ; 0        ; 0        ;
; md6_low    ; md9_low   ; 12       ; 12       ; 0        ; 0        ;
; md7_low    ; md9_low   ; 12       ; 12       ; 0        ; 0        ;
; md8_low    ; md9_low   ; 12       ; 12       ; 0        ; 0        ;
; md9_low    ; md9_low   ; 12       ; 12       ; 0        ; 0        ;
; md10_low   ; md9_low   ; 6        ; 6        ; 0        ; 0        ;
; md11_low   ; md9_low   ; 12       ; 12       ; 0        ; 0        ;
; pause_low  ; md9_low   ; 12       ; 12       ; 0        ; 0        ;
; md3_low    ; md10_low  ; 12       ; 12       ; 0        ; 0        ;
; md4_low    ; md10_low  ; 12       ; 12       ; 0        ; 0        ;
; md5_low    ; md10_low  ; 12       ; 12       ; 0        ; 0        ;
; md6_low    ; md10_low  ; 12       ; 12       ; 0        ; 0        ;
; md7_low    ; md10_low  ; 12       ; 12       ; 0        ; 0        ;
; md8_low    ; md10_low  ; 12       ; 12       ; 0        ; 0        ;
; md9_low    ; md10_low  ; 12       ; 12       ; 0        ; 0        ;
; md10_low   ; md10_low  ; 6        ; 6        ; 0        ; 0        ;
; md11_low   ; md10_low  ; 12       ; 12       ; 0        ; 0        ;
; pause_low  ; md10_low  ; 12       ; 12       ; 0        ; 0        ;
; md3_low    ; md11_low  ; 12       ; 12       ; 0        ; 0        ;
; md4_low    ; md11_low  ; 12       ; 12       ; 0        ; 0        ;
; md5_low    ; md11_low  ; 12       ; 12       ; 0        ; 0        ;
; md6_low    ; md11_low  ; 12       ; 12       ; 0        ; 0        ;
; md7_low    ; md11_low  ; 12       ; 12       ; 0        ; 0        ;
; md8_low    ; md11_low  ; 12       ; 12       ; 0        ; 0        ;
; md9_low    ; md11_low  ; 12       ; 12       ; 0        ; 0        ;
; md10_low   ; md11_low  ; 6        ; 6        ; 0        ; 0        ;
; md11_low   ; md11_low  ; 12       ; 12       ; 0        ; 0        ;
; pause_low  ; md11_low  ; 12       ; 12       ; 0        ; 0        ;
; md3_low    ; pause_low ; 12       ; 12       ; 0        ; 0        ;
; md4_low    ; pause_low ; 12       ; 12       ; 0        ; 0        ;
; md5_low    ; pause_low ; 12       ; 12       ; 0        ; 0        ;
; md6_low    ; pause_low ; 12       ; 12       ; 0        ; 0        ;
; md7_low    ; pause_low ; 12       ; 12       ; 0        ; 0        ;
; md8_low    ; pause_low ; 12       ; 12       ; 0        ; 0        ;
; md9_low    ; pause_low ; 12       ; 12       ; 0        ; 0        ;
; md10_low   ; pause_low ; 6        ; 6        ; 0        ; 0        ;
; md11_low   ; pause_low ; 12       ; 12       ; 0        ; 0        ;
; pause_low  ; pause_low ; 12       ; 12       ; 0        ; 0        ;
; md3_low    ; tp3       ; 12       ; 12       ; 0        ; 0        ;
; md4_low    ; tp3       ; 12       ; 12       ; 0        ; 0        ;
; md5_low    ; tp3       ; 12       ; 12       ; 0        ; 0        ;
; md6_low    ; tp3       ; 12       ; 12       ; 0        ; 0        ;
; md7_low    ; tp3       ; 12       ; 12       ; 0        ; 0        ;
; md8_low    ; tp3       ; 12       ; 12       ; 0        ; 0        ;
; md9_low    ; tp3       ; 12       ; 12       ; 0        ; 0        ;
; md10_low   ; tp3       ; 6        ; 6        ; 0        ; 0        ;
; md11_low   ; tp3       ; 12       ; 12       ; 0        ; 0        ;
; pause_low  ; tp3       ; 12       ; 12       ; 0        ; 0        ;
+------------+-----------+----------+----------+----------+----------+
Entries labeled "false path" only account for clock-to-clock false paths and not path-based false paths. As a result, actual path counts may be lower than reported.


+---------------------------------------------------------------------+
; Recovery Transfers                                                  ;
+------------+------------+----------+----------+----------+----------+
; From Clock ; To Clock   ; RR Paths ; FR Paths ; RF Paths ; FF Paths ;
+------------+------------+----------+----------+----------+----------+
; md3_low    ; del_1_low  ; 5        ; 4        ; 0        ; 0        ;
; md4_low    ; del_1_low  ; 5        ; 4        ; 0        ; 0        ;
; md5_low    ; del_1_low  ; 5        ; 4        ; 0        ; 0        ;
; md6_low    ; del_1_low  ; 5        ; 4        ; 0        ; 0        ;
; md7_low    ; del_1_low  ; 5        ; 4        ; 0        ; 0        ;
; md8_low    ; del_1_low  ; 5        ; 4        ; 0        ; 0        ;
; md9_low    ; del_1_low  ; 5        ; 4        ; 0        ; 0        ;
; md10_low   ; del_1_low  ; 4        ; 3        ; 0        ; 0        ;
; md11_low   ; del_1_low  ; 5        ; 4        ; 0        ; 0        ;
; pause_low  ; del_1_low  ; 5        ; 4        ; 0        ; 0        ;
; tp3        ; del_1_low  ; 7        ; 6        ; 0        ; 0        ;
; md3_low    ; grn_delay  ; 5        ; 4        ; 0        ; 0        ;
; md4_low    ; grn_delay  ; 5        ; 4        ; 0        ; 0        ;
; md5_low    ; grn_delay  ; 5        ; 4        ; 0        ; 0        ;
; md6_low    ; grn_delay  ; 5        ; 4        ; 0        ; 0        ;
; md7_low    ; grn_delay  ; 5        ; 4        ; 0        ; 0        ;
; md8_low    ; grn_delay  ; 5        ; 4        ; 0        ; 0        ;
; md9_low    ; grn_delay  ; 5        ; 4        ; 0        ; 0        ;
; md10_low   ; grn_delay  ; 4        ; 3        ; 0        ; 0        ;
; md11_low   ; grn_delay  ; 5        ; 4        ; 0        ; 0        ;
; pause_low  ; grn_delay  ; 5        ; 4        ; 0        ; 0        ;
; tp3        ; grn_delay  ; 7        ; 6        ; 0        ; 0        ;
; md3_low    ; ld_del_low ; 5        ; 4        ; 0        ; 0        ;
; md4_low    ; ld_del_low ; 5        ; 4        ; 0        ; 0        ;
; md5_low    ; ld_del_low ; 5        ; 4        ; 0        ; 0        ;
; md6_low    ; ld_del_low ; 5        ; 4        ; 0        ; 0        ;
; md7_low    ; ld_del_low ; 5        ; 4        ; 0        ; 0        ;
; md8_low    ; ld_del_low ; 5        ; 4        ; 0        ; 0        ;
; md9_low    ; ld_del_low ; 5        ; 4        ; 0        ; 0        ;
; md10_low   ; ld_del_low ; 4        ; 3        ; 0        ; 0        ;
; md11_low   ; ld_del_low ; 5        ; 4        ; 0        ; 0        ;
; pause_low  ; ld_del_low ; 5        ; 4        ; 0        ; 0        ;
; tp3        ; ld_del_low ; 7        ; 6        ; 0        ; 0        ;
; md3_low    ; md3_low    ; 6        ; 6        ; 0        ; 0        ;
; md4_low    ; md3_low    ; 6        ; 6        ; 0        ; 0        ;
; md5_low    ; md3_low    ; 6        ; 6        ; 0        ; 0        ;
; md6_low    ; md3_low    ; 6        ; 6        ; 0        ; 0        ;
; md7_low    ; md3_low    ; 6        ; 6        ; 0        ; 0        ;
; md8_low    ; md3_low    ; 6        ; 6        ; 0        ; 0        ;
; md9_low    ; md3_low    ; 6        ; 6        ; 0        ; 0        ;
; md10_low   ; md3_low    ; 6        ; 6        ; 0        ; 0        ;
; md11_low   ; md3_low    ; 6        ; 6        ; 0        ; 0        ;
; pause_low  ; md3_low    ; 6        ; 6        ; 0        ; 0        ;
; set_done   ; md3_low    ; 1        ; 1        ; 0        ; 0        ;
; tp3        ; md3_low    ; 6        ; 6        ; 0        ; 0        ;
; md3_low    ; md4_low    ; 6        ; 6        ; 0        ; 0        ;
; md4_low    ; md4_low    ; 6        ; 6        ; 0        ; 0        ;
; md5_low    ; md4_low    ; 6        ; 6        ; 0        ; 0        ;
; md6_low    ; md4_low    ; 6        ; 6        ; 0        ; 0        ;
; md7_low    ; md4_low    ; 6        ; 6        ; 0        ; 0        ;
; md8_low    ; md4_low    ; 6        ; 6        ; 0        ; 0        ;
; md9_low    ; md4_low    ; 6        ; 6        ; 0        ; 0        ;
; md10_low   ; md4_low    ; 6        ; 6        ; 0        ; 0        ;
; md11_low   ; md4_low    ; 6        ; 6        ; 0        ; 0        ;
; pause_low  ; md4_low    ; 6        ; 6        ; 0        ; 0        ;
; set_done   ; md4_low    ; 1        ; 1        ; 0        ; 0        ;
; tp3        ; md4_low    ; 6        ; 6        ; 0        ; 0        ;
; md3_low    ; md5_low    ; 6        ; 6        ; 0        ; 0        ;
; md4_low    ; md5_low    ; 6        ; 6        ; 0        ; 0        ;
; md5_low    ; md5_low    ; 6        ; 6        ; 0        ; 0        ;
; md6_low    ; md5_low    ; 6        ; 6        ; 0        ; 0        ;
; md7_low    ; md5_low    ; 6        ; 6        ; 0        ; 0        ;
; md8_low    ; md5_low    ; 6        ; 6        ; 0        ; 0        ;
; md9_low    ; md5_low    ; 6        ; 6        ; 0        ; 0        ;
; md10_low   ; md5_low    ; 6        ; 6        ; 0        ; 0        ;
; md11_low   ; md5_low    ; 6        ; 6        ; 0        ; 0        ;
; pause_low  ; md5_low    ; 6        ; 6        ; 0        ; 0        ;
; set_done   ; md5_low    ; 1        ; 1        ; 0        ; 0        ;
; tp3        ; md5_low    ; 6        ; 6        ; 0        ; 0        ;
; md3_low    ; md6_low    ; 6        ; 6        ; 0        ; 0        ;
; md4_low    ; md6_low    ; 6        ; 6        ; 0        ; 0        ;
; md5_low    ; md6_low    ; 6        ; 6        ; 0        ; 0        ;
; md6_low    ; md6_low    ; 6        ; 6        ; 0        ; 0        ;
; md7_low    ; md6_low    ; 6        ; 6        ; 0        ; 0        ;
; md8_low    ; md6_low    ; 6        ; 6        ; 0        ; 0        ;
; md9_low    ; md6_low    ; 6        ; 6        ; 0        ; 0        ;
; md10_low   ; md6_low    ; 6        ; 6        ; 0        ; 0        ;
; md11_low   ; md6_low    ; 6        ; 6        ; 0        ; 0        ;
; pause_low  ; md6_low    ; 6        ; 6        ; 0        ; 0        ;
; set_done   ; md6_low    ; 1        ; 1        ; 0        ; 0        ;
; tp3        ; md6_low    ; 6        ; 6        ; 0        ; 0        ;
; md3_low    ; md7_low    ; 6        ; 6        ; 0        ; 0        ;
; md4_low    ; md7_low    ; 6        ; 6        ; 0        ; 0        ;
; md5_low    ; md7_low    ; 6        ; 6        ; 0        ; 0        ;
; md6_low    ; md7_low    ; 6        ; 6        ; 0        ; 0        ;
; md7_low    ; md7_low    ; 6        ; 6        ; 0        ; 0        ;
; md8_low    ; md7_low    ; 6        ; 6        ; 0        ; 0        ;
; md9_low    ; md7_low    ; 6        ; 6        ; 0        ; 0        ;
; md10_low   ; md7_low    ; 6        ; 6        ; 0        ; 0        ;
; md11_low   ; md7_low    ; 6        ; 6        ; 0        ; 0        ;
; pause_low  ; md7_low    ; 6        ; 6        ; 0        ; 0        ;
; set_done   ; md7_low    ; 1        ; 1        ; 0        ; 0        ;
; tp3        ; md7_low    ; 6        ; 6        ; 0        ; 0        ;
; md3_low    ; md8_low    ; 6        ; 6        ; 0        ; 0        ;
; md4_low    ; md8_low    ; 6        ; 6        ; 0        ; 0        ;
; md5_low    ; md8_low    ; 6        ; 6        ; 0        ; 0        ;
; md6_low    ; md8_low    ; 6        ; 6        ; 0        ; 0        ;
; md7_low    ; md8_low    ; 6        ; 6        ; 0        ; 0        ;
; md8_low    ; md8_low    ; 6        ; 6        ; 0        ; 0        ;
; md9_low    ; md8_low    ; 6        ; 6        ; 0        ; 0        ;
; md10_low   ; md8_low    ; 6        ; 6        ; 0        ; 0        ;
; md11_low   ; md8_low    ; 6        ; 6        ; 0        ; 0        ;
; pause_low  ; md8_low    ; 6        ; 6        ; 0        ; 0        ;
; set_done   ; md8_low    ; 1        ; 1        ; 0        ; 0        ;
; tp3        ; md8_low    ; 6        ; 6        ; 0        ; 0        ;
; md3_low    ; md9_low    ; 6        ; 6        ; 0        ; 0        ;
; md4_low    ; md9_low    ; 6        ; 6        ; 0        ; 0        ;
; md5_low    ; md9_low    ; 6        ; 6        ; 0        ; 0        ;
; md6_low    ; md9_low    ; 6        ; 6        ; 0        ; 0        ;
; md7_low    ; md9_low    ; 6        ; 6        ; 0        ; 0        ;
; md8_low    ; md9_low    ; 6        ; 6        ; 0        ; 0        ;
; md9_low    ; md9_low    ; 6        ; 6        ; 0        ; 0        ;
; md10_low   ; md9_low    ; 6        ; 6        ; 0        ; 0        ;
; md11_low   ; md9_low    ; 6        ; 6        ; 0        ; 0        ;
; pause_low  ; md9_low    ; 6        ; 6        ; 0        ; 0        ;
; set_done   ; md9_low    ; 1        ; 1        ; 0        ; 0        ;
; tp3        ; md9_low    ; 6        ; 6        ; 0        ; 0        ;
; md3_low    ; md10_low   ; 6        ; 6        ; 0        ; 0        ;
; md4_low    ; md10_low   ; 6        ; 6        ; 0        ; 0        ;
; md5_low    ; md10_low   ; 6        ; 6        ; 0        ; 0        ;
; md6_low    ; md10_low   ; 6        ; 6        ; 0        ; 0        ;
; md7_low    ; md10_low   ; 6        ; 6        ; 0        ; 0        ;
; md8_low    ; md10_low   ; 6        ; 6        ; 0        ; 0        ;
; md9_low    ; md10_low   ; 6        ; 6        ; 0        ; 0        ;
; md10_low   ; md10_low   ; 6        ; 6        ; 0        ; 0        ;
; md11_low   ; md10_low   ; 6        ; 6        ; 0        ; 0        ;
; pause_low  ; md10_low   ; 6        ; 6        ; 0        ; 0        ;
; set_done   ; md10_low   ; 1        ; 1        ; 0        ; 0        ;
; tp3        ; md10_low   ; 6        ; 6        ; 0        ; 0        ;
; md3_low    ; md11_low   ; 6        ; 6        ; 0        ; 0        ;
; md4_low    ; md11_low   ; 6        ; 6        ; 0        ; 0        ;
; md5_low    ; md11_low   ; 6        ; 6        ; 0        ; 0        ;
; md6_low    ; md11_low   ; 6        ; 6        ; 0        ; 0        ;
; md7_low    ; md11_low   ; 6        ; 6        ; 0        ; 0        ;
; md8_low    ; md11_low   ; 6        ; 6        ; 0        ; 0        ;
; md9_low    ; md11_low   ; 6        ; 6        ; 0        ; 0        ;
; md10_low   ; md11_low   ; 6        ; 6        ; 0        ; 0        ;
; md11_low   ; md11_low   ; 6        ; 6        ; 0        ; 0        ;
; pause_low  ; md11_low   ; 6        ; 6        ; 0        ; 0        ;
; set_done   ; md11_low   ; 1        ; 1        ; 0        ; 0        ;
; tp3        ; md11_low   ; 6        ; 6        ; 0        ; 0        ;
; md3_low    ; pause_low  ; 6        ; 6        ; 0        ; 0        ;
; md4_low    ; pause_low  ; 6        ; 6        ; 0        ; 0        ;
; md5_low    ; pause_low  ; 6        ; 6        ; 0        ; 0        ;
; md6_low    ; pause_low  ; 6        ; 6        ; 0        ; 0        ;
; md7_low    ; pause_low  ; 6        ; 6        ; 0        ; 0        ;
; md8_low    ; pause_low  ; 6        ; 6        ; 0        ; 0        ;
; md9_low    ; pause_low  ; 6        ; 6        ; 0        ; 0        ;
; md10_low   ; pause_low  ; 6        ; 6        ; 0        ; 0        ;
; md11_low   ; pause_low  ; 6        ; 6        ; 0        ; 0        ;
; pause_low  ; pause_low  ; 6        ; 6        ; 0        ; 0        ;
; set_done   ; pause_low  ; 1        ; 1        ; 0        ; 0        ;
; tp3        ; pause_low  ; 6        ; 6        ; 0        ; 0        ;
; md3_low    ; red_delay  ; 5        ; 4        ; 0        ; 0        ;
; md4_low    ; red_delay  ; 5        ; 4        ; 0        ; 0        ;
; md5_low    ; red_delay  ; 5        ; 4        ; 0        ; 0        ;
; md6_low    ; red_delay  ; 5        ; 4        ; 0        ; 0        ;
; md7_low    ; red_delay  ; 5        ; 4        ; 0        ; 0        ;
; md8_low    ; red_delay  ; 5        ; 4        ; 0        ; 0        ;
; md9_low    ; red_delay  ; 5        ; 4        ; 0        ; 0        ;
; md10_low   ; red_delay  ; 4        ; 3        ; 0        ; 0        ;
; md11_low   ; red_delay  ; 5        ; 4        ; 0        ; 0        ;
; pause_low  ; red_delay  ; 5        ; 4        ; 0        ; 0        ;
; tp3        ; red_delay  ; 7        ; 6        ; 0        ; 0        ;
; md3_low    ; set_done   ; 5        ; 4        ; 0        ; 0        ;
; md4_low    ; set_done   ; 5        ; 4        ; 0        ; 0        ;
; md5_low    ; set_done   ; 5        ; 4        ; 0        ; 0        ;
; md6_low    ; set_done   ; 5        ; 4        ; 0        ; 0        ;
; md7_low    ; set_done   ; 5        ; 4        ; 0        ; 0        ;
; md8_low    ; set_done   ; 5        ; 4        ; 0        ; 0        ;
; md9_low    ; set_done   ; 5        ; 4        ; 0        ; 0        ;
; md10_low   ; set_done   ; 4        ; 3        ; 0        ; 0        ;
; md11_low   ; set_done   ; 5        ; 4        ; 0        ; 0        ;
; pause_low  ; set_done   ; 5        ; 4        ; 0        ; 0        ;
; tp3        ; set_done   ; 7        ; 6        ; 0        ; 0        ;
; md3_low    ; tp3        ; 6        ; 6        ; 0        ; 0        ;
; md4_low    ; tp3        ; 6        ; 6        ; 0        ; 0        ;
; md5_low    ; tp3        ; 6        ; 6        ; 0        ; 0        ;
; md6_low    ; tp3        ; 6        ; 6        ; 0        ; 0        ;
; md7_low    ; tp3        ; 6        ; 6        ; 0        ; 0        ;
; md8_low    ; tp3        ; 6        ; 6        ; 0        ; 0        ;
; md9_low    ; tp3        ; 6        ; 6        ; 0        ; 0        ;
; md10_low   ; tp3        ; 6        ; 6        ; 0        ; 0        ;
; md11_low   ; tp3        ; 6        ; 6        ; 0        ; 0        ;
; pause_low  ; tp3        ; 6        ; 6        ; 0        ; 0        ;
; set_done   ; tp3        ; 1        ; 1        ; 0        ; 0        ;
; tp3        ; tp3        ; 6        ; 6        ; 0        ; 0        ;
+------------+------------+----------+----------+----------+----------+
Entries labeled "false path" only account for clock-to-clock false paths and not path-based false paths. As a result, actual path counts may be lower than reported.


+---------------------------------------------------------------------+
; Removal Transfers                                                   ;
+------------+------------+----------+----------+----------+----------+
; From Clock ; To Clock   ; RR Paths ; FR Paths ; RF Paths ; FF Paths ;
+------------+------------+----------+----------+----------+----------+
; md3_low    ; del_1_low  ; 5        ; 4        ; 0        ; 0        ;
; md4_low    ; del_1_low  ; 5        ; 4        ; 0        ; 0        ;
; md5_low    ; del_1_low  ; 5        ; 4        ; 0        ; 0        ;
; md6_low    ; del_1_low  ; 5        ; 4        ; 0        ; 0        ;
; md7_low    ; del_1_low  ; 5        ; 4        ; 0        ; 0        ;
; md8_low    ; del_1_low  ; 5        ; 4        ; 0        ; 0        ;
; md9_low    ; del_1_low  ; 5        ; 4        ; 0        ; 0        ;
; md10_low   ; del_1_low  ; 4        ; 3        ; 0        ; 0        ;
; md11_low   ; del_1_low  ; 5        ; 4        ; 0        ; 0        ;
; pause_low  ; del_1_low  ; 5        ; 4        ; 0        ; 0        ;
; tp3        ; del_1_low  ; 7        ; 6        ; 0        ; 0        ;
; md3_low    ; grn_delay  ; 5        ; 4        ; 0        ; 0        ;
; md4_low    ; grn_delay  ; 5        ; 4        ; 0        ; 0        ;
; md5_low    ; grn_delay  ; 5        ; 4        ; 0        ; 0        ;
; md6_low    ; grn_delay  ; 5        ; 4        ; 0        ; 0        ;
; md7_low    ; grn_delay  ; 5        ; 4        ; 0        ; 0        ;
; md8_low    ; grn_delay  ; 5        ; 4        ; 0        ; 0        ;
; md9_low    ; grn_delay  ; 5        ; 4        ; 0        ; 0        ;
; md10_low   ; grn_delay  ; 4        ; 3        ; 0        ; 0        ;
; md11_low   ; grn_delay  ; 5        ; 4        ; 0        ; 0        ;
; pause_low  ; grn_delay  ; 5        ; 4        ; 0        ; 0        ;
; tp3        ; grn_delay  ; 7        ; 6        ; 0        ; 0        ;
; md3_low    ; ld_del_low ; 5        ; 4        ; 0        ; 0        ;
; md4_low    ; ld_del_low ; 5        ; 4        ; 0        ; 0        ;
; md5_low    ; ld_del_low ; 5        ; 4        ; 0        ; 0        ;
; md6_low    ; ld_del_low ; 5        ; 4        ; 0        ; 0        ;
; md7_low    ; ld_del_low ; 5        ; 4        ; 0        ; 0        ;
; md8_low    ; ld_del_low ; 5        ; 4        ; 0        ; 0        ;
; md9_low    ; ld_del_low ; 5        ; 4        ; 0        ; 0        ;
; md10_low   ; ld_del_low ; 4        ; 3        ; 0        ; 0        ;
; md11_low   ; ld_del_low ; 5        ; 4        ; 0        ; 0        ;
; pause_low  ; ld_del_low ; 5        ; 4        ; 0        ; 0        ;
; tp3        ; ld_del_low ; 7        ; 6        ; 0        ; 0        ;
; md3_low    ; md3_low    ; 6        ; 6        ; 0        ; 0        ;
; md4_low    ; md3_low    ; 6        ; 6        ; 0        ; 0        ;
; md5_low    ; md3_low    ; 6        ; 6        ; 0        ; 0        ;
; md6_low    ; md3_low    ; 6        ; 6        ; 0        ; 0        ;
; md7_low    ; md3_low    ; 6        ; 6        ; 0        ; 0        ;
; md8_low    ; md3_low    ; 6        ; 6        ; 0        ; 0        ;
; md9_low    ; md3_low    ; 6        ; 6        ; 0        ; 0        ;
; md10_low   ; md3_low    ; 6        ; 6        ; 0        ; 0        ;
; md11_low   ; md3_low    ; 6        ; 6        ; 0        ; 0        ;
; pause_low  ; md3_low    ; 6        ; 6        ; 0        ; 0        ;
; set_done   ; md3_low    ; 1        ; 1        ; 0        ; 0        ;
; tp3        ; md3_low    ; 6        ; 6        ; 0        ; 0        ;
; md3_low    ; md4_low    ; 6        ; 6        ; 0        ; 0        ;
; md4_low    ; md4_low    ; 6        ; 6        ; 0        ; 0        ;
; md5_low    ; md4_low    ; 6        ; 6        ; 0        ; 0        ;
; md6_low    ; md4_low    ; 6        ; 6        ; 0        ; 0        ;
; md7_low    ; md4_low    ; 6        ; 6        ; 0        ; 0        ;
; md8_low    ; md4_low    ; 6        ; 6        ; 0        ; 0        ;
; md9_low    ; md4_low    ; 6        ; 6        ; 0        ; 0        ;
; md10_low   ; md4_low    ; 6        ; 6        ; 0        ; 0        ;
; md11_low   ; md4_low    ; 6        ; 6        ; 0        ; 0        ;
; pause_low  ; md4_low    ; 6        ; 6        ; 0        ; 0        ;
; set_done   ; md4_low    ; 1        ; 1        ; 0        ; 0        ;
; tp3        ; md4_low    ; 6        ; 6        ; 0        ; 0        ;
; md3_low    ; md5_low    ; 6        ; 6        ; 0        ; 0        ;
; md4_low    ; md5_low    ; 6        ; 6        ; 0        ; 0        ;
; md5_low    ; md5_low    ; 6        ; 6        ; 0        ; 0        ;
; md6_low    ; md5_low    ; 6        ; 6        ; 0        ; 0        ;
; md7_low    ; md5_low    ; 6        ; 6        ; 0        ; 0        ;
; md8_low    ; md5_low    ; 6        ; 6        ; 0        ; 0        ;
; md9_low    ; md5_low    ; 6        ; 6        ; 0        ; 0        ;
; md10_low   ; md5_low    ; 6        ; 6        ; 0        ; 0        ;
; md11_low   ; md5_low    ; 6        ; 6        ; 0        ; 0        ;
; pause_low  ; md5_low    ; 6        ; 6        ; 0        ; 0        ;
; set_done   ; md5_low    ; 1        ; 1        ; 0        ; 0        ;
; tp3        ; md5_low    ; 6        ; 6        ; 0        ; 0        ;
; md3_low    ; md6_low    ; 6        ; 6        ; 0        ; 0        ;
; md4_low    ; md6_low    ; 6        ; 6        ; 0        ; 0        ;
; md5_low    ; md6_low    ; 6        ; 6        ; 0        ; 0        ;
; md6_low    ; md6_low    ; 6        ; 6        ; 0        ; 0        ;
; md7_low    ; md6_low    ; 6        ; 6        ; 0        ; 0        ;
; md8_low    ; md6_low    ; 6        ; 6        ; 0        ; 0        ;
; md9_low    ; md6_low    ; 6        ; 6        ; 0        ; 0        ;
; md10_low   ; md6_low    ; 6        ; 6        ; 0        ; 0        ;
; md11_low   ; md6_low    ; 6        ; 6        ; 0        ; 0        ;
; pause_low  ; md6_low    ; 6        ; 6        ; 0        ; 0        ;
; set_done   ; md6_low    ; 1        ; 1        ; 0        ; 0        ;
; tp3        ; md6_low    ; 6        ; 6        ; 0        ; 0        ;
; md3_low    ; md7_low    ; 6        ; 6        ; 0        ; 0        ;
; md4_low    ; md7_low    ; 6        ; 6        ; 0        ; 0        ;
; md5_low    ; md7_low    ; 6        ; 6        ; 0        ; 0        ;
; md6_low    ; md7_low    ; 6        ; 6        ; 0        ; 0        ;
; md7_low    ; md7_low    ; 6        ; 6        ; 0        ; 0        ;
; md8_low    ; md7_low    ; 6        ; 6        ; 0        ; 0        ;
; md9_low    ; md7_low    ; 6        ; 6        ; 0        ; 0        ;
; md10_low   ; md7_low    ; 6        ; 6        ; 0        ; 0        ;
; md11_low   ; md7_low    ; 6        ; 6        ; 0        ; 0        ;
; pause_low  ; md7_low    ; 6        ; 6        ; 0        ; 0        ;
; set_done   ; md7_low    ; 1        ; 1        ; 0        ; 0        ;
; tp3        ; md7_low    ; 6        ; 6        ; 0        ; 0        ;
; md3_low    ; md8_low    ; 6        ; 6        ; 0        ; 0        ;
; md4_low    ; md8_low    ; 6        ; 6        ; 0        ; 0        ;
; md5_low    ; md8_low    ; 6        ; 6        ; 0        ; 0        ;
; md6_low    ; md8_low    ; 6        ; 6        ; 0        ; 0        ;
; md7_low    ; md8_low    ; 6        ; 6        ; 0        ; 0        ;
; md8_low    ; md8_low    ; 6        ; 6        ; 0        ; 0        ;
; md9_low    ; md8_low    ; 6        ; 6        ; 0        ; 0        ;
; md10_low   ; md8_low    ; 6        ; 6        ; 0        ; 0        ;
; md11_low   ; md8_low    ; 6        ; 6        ; 0        ; 0        ;
; pause_low  ; md8_low    ; 6        ; 6        ; 0        ; 0        ;
; set_done   ; md8_low    ; 1        ; 1        ; 0        ; 0        ;
; tp3        ; md8_low    ; 6        ; 6        ; 0        ; 0        ;
; md3_low    ; md9_low    ; 6        ; 6        ; 0        ; 0        ;
; md4_low    ; md9_low    ; 6        ; 6        ; 0        ; 0        ;
; md5_low    ; md9_low    ; 6        ; 6        ; 0        ; 0        ;
; md6_low    ; md9_low    ; 6        ; 6        ; 0        ; 0        ;
; md7_low    ; md9_low    ; 6        ; 6        ; 0        ; 0        ;
; md8_low    ; md9_low    ; 6        ; 6        ; 0        ; 0        ;
; md9_low    ; md9_low    ; 6        ; 6        ; 0        ; 0        ;
; md10_low   ; md9_low    ; 6        ; 6        ; 0        ; 0        ;
; md11_low   ; md9_low    ; 6        ; 6        ; 0        ; 0        ;
; pause_low  ; md9_low    ; 6        ; 6        ; 0        ; 0        ;
; set_done   ; md9_low    ; 1        ; 1        ; 0        ; 0        ;
; tp3        ; md9_low    ; 6        ; 6        ; 0        ; 0        ;
; md3_low    ; md10_low   ; 6        ; 6        ; 0        ; 0        ;
; md4_low    ; md10_low   ; 6        ; 6        ; 0        ; 0        ;
; md5_low    ; md10_low   ; 6        ; 6        ; 0        ; 0        ;
; md6_low    ; md10_low   ; 6        ; 6        ; 0        ; 0        ;
; md7_low    ; md10_low   ; 6        ; 6        ; 0        ; 0        ;
; md8_low    ; md10_low   ; 6        ; 6        ; 0        ; 0        ;
; md9_low    ; md10_low   ; 6        ; 6        ; 0        ; 0        ;
; md10_low   ; md10_low   ; 6        ; 6        ; 0        ; 0        ;
; md11_low   ; md10_low   ; 6        ; 6        ; 0        ; 0        ;
; pause_low  ; md10_low   ; 6        ; 6        ; 0        ; 0        ;
; set_done   ; md10_low   ; 1        ; 1        ; 0        ; 0        ;
; tp3        ; md10_low   ; 6        ; 6        ; 0        ; 0        ;
; md3_low    ; md11_low   ; 6        ; 6        ; 0        ; 0        ;
; md4_low    ; md11_low   ; 6        ; 6        ; 0        ; 0        ;
; md5_low    ; md11_low   ; 6        ; 6        ; 0        ; 0        ;
; md6_low    ; md11_low   ; 6        ; 6        ; 0        ; 0        ;
; md7_low    ; md11_low   ; 6        ; 6        ; 0        ; 0        ;
; md8_low    ; md11_low   ; 6        ; 6        ; 0        ; 0        ;
; md9_low    ; md11_low   ; 6        ; 6        ; 0        ; 0        ;
; md10_low   ; md11_low   ; 6        ; 6        ; 0        ; 0        ;
; md11_low   ; md11_low   ; 6        ; 6        ; 0        ; 0        ;
; pause_low  ; md11_low   ; 6        ; 6        ; 0        ; 0        ;
; set_done   ; md11_low   ; 1        ; 1        ; 0        ; 0        ;
; tp3        ; md11_low   ; 6        ; 6        ; 0        ; 0        ;
; md3_low    ; pause_low  ; 6        ; 6        ; 0        ; 0        ;
; md4_low    ; pause_low  ; 6        ; 6        ; 0        ; 0        ;
; md5_low    ; pause_low  ; 6        ; 6        ; 0        ; 0        ;
; md6_low    ; pause_low  ; 6        ; 6        ; 0        ; 0        ;
; md7_low    ; pause_low  ; 6        ; 6        ; 0        ; 0        ;
; md8_low    ; pause_low  ; 6        ; 6        ; 0        ; 0        ;
; md9_low    ; pause_low  ; 6        ; 6        ; 0        ; 0        ;
; md10_low   ; pause_low  ; 6        ; 6        ; 0        ; 0        ;
; md11_low   ; pause_low  ; 6        ; 6        ; 0        ; 0        ;
; pause_low  ; pause_low  ; 6        ; 6        ; 0        ; 0        ;
; set_done   ; pause_low  ; 1        ; 1        ; 0        ; 0        ;
; tp3        ; pause_low  ; 6        ; 6        ; 0        ; 0        ;
; md3_low    ; red_delay  ; 5        ; 4        ; 0        ; 0        ;
; md4_low    ; red_delay  ; 5        ; 4        ; 0        ; 0        ;
; md5_low    ; red_delay  ; 5        ; 4        ; 0        ; 0        ;
; md6_low    ; red_delay  ; 5        ; 4        ; 0        ; 0        ;
; md7_low    ; red_delay  ; 5        ; 4        ; 0        ; 0        ;
; md8_low    ; red_delay  ; 5        ; 4        ; 0        ; 0        ;
; md9_low    ; red_delay  ; 5        ; 4        ; 0        ; 0        ;
; md10_low   ; red_delay  ; 4        ; 3        ; 0        ; 0        ;
; md11_low   ; red_delay  ; 5        ; 4        ; 0        ; 0        ;
; pause_low  ; red_delay  ; 5        ; 4        ; 0        ; 0        ;
; tp3        ; red_delay  ; 7        ; 6        ; 0        ; 0        ;
; md3_low    ; set_done   ; 5        ; 4        ; 0        ; 0        ;
; md4_low    ; set_done   ; 5        ; 4        ; 0        ; 0        ;
; md5_low    ; set_done   ; 5        ; 4        ; 0        ; 0        ;
; md6_low    ; set_done   ; 5        ; 4        ; 0        ; 0        ;
; md7_low    ; set_done   ; 5        ; 4        ; 0        ; 0        ;
; md8_low    ; set_done   ; 5        ; 4        ; 0        ; 0        ;
; md9_low    ; set_done   ; 5        ; 4        ; 0        ; 0        ;
; md10_low   ; set_done   ; 4        ; 3        ; 0        ; 0        ;
; md11_low   ; set_done   ; 5        ; 4        ; 0        ; 0        ;
; pause_low  ; set_done   ; 5        ; 4        ; 0        ; 0        ;
; tp3        ; set_done   ; 7        ; 6        ; 0        ; 0        ;
; md3_low    ; tp3        ; 6        ; 6        ; 0        ; 0        ;
; md4_low    ; tp3        ; 6        ; 6        ; 0        ; 0        ;
; md5_low    ; tp3        ; 6        ; 6        ; 0        ; 0        ;
; md6_low    ; tp3        ; 6        ; 6        ; 0        ; 0        ;
; md7_low    ; tp3        ; 6        ; 6        ; 0        ; 0        ;
; md8_low    ; tp3        ; 6        ; 6        ; 0        ; 0        ;
; md9_low    ; tp3        ; 6        ; 6        ; 0        ; 0        ;
; md10_low   ; tp3        ; 6        ; 6        ; 0        ; 0        ;
; md11_low   ; tp3        ; 6        ; 6        ; 0        ; 0        ;
; pause_low  ; tp3        ; 6        ; 6        ; 0        ; 0        ;
; set_done   ; tp3        ; 1        ; 1        ; 0        ; 0        ;
; tp3        ; tp3        ; 6        ; 6        ; 0        ; 0        ;
+------------+------------+----------+----------+----------+----------+
Entries labeled "false path" only account for clock-to-clock false paths and not path-based false paths. As a result, actual path counts may be lower than reported.


---------------
; Report TCCS ;
---------------
No dedicated SERDES Transmitter circuitry present in device or used in design


---------------
; Report RSKM ;
---------------
No dedicated SERDES Receiver circuitry present in device or used in design


+------------------------------------------------+
; Unconstrained Paths                            ;
+---------------------------------+-------+------+
; Property                        ; Setup ; Hold ;
+---------------------------------+-------+------+
; Illegal Clocks                  ; 0     ; 0    ;
; Unconstrained Clocks            ; 0     ; 0    ;
; Unconstrained Input Ports       ; 33    ; 33   ;
; Unconstrained Input Port Paths  ; 305   ; 305  ;
; Unconstrained Output Ports      ; 36    ; 36   ;
; Unconstrained Output Port Paths ; 307   ; 307  ;
+---------------------------------+-------+------+


+------------------------------------+
; TimeQuest Timing Analyzer Messages ;
+------------------------------------+
Info: *******************************************************************
Info: Running Quartus II 64-Bit TimeQuest Timing Analyzer
    Info: Version 13.0.1 Build 232 06/12/2013 Service Pack 1 SJ Web Edition
    Info: Processing started: Wed Feb 27 21:45:06 2019
Info: Command: quartus_sta warv -c war
Info: qsta_default_script.tcl version: #1
Warning (20028): Parallel compilation is not licensed and has been disabled
Info (306004): Started post-fitting delay annotation
Info (306005): Delay annotation completed successfully
Warning (335095): TimeQuest Timing Analyzer does not support the analysis of latches as synchronous elements for the currently selected device family.
Critical Warning (332012): Synopsys Design Constraints File file not found: 'war.sdc'. A Synopsys Design Constraints File is required by the TimeQuest Timing Analyzer to get proper timing constraints. Without it, the Compiler will not properly optimize the design.
Info (332142): No user constrained base clocks found in the design. Calling "derive_clocks -period 1.0"
Info (332105): Deriving Clocks
    Info (332105): create_clock -period 1.000 -name tp3 tp3
    Info (332105): create_clock -period 1.000 -name md10_low md10_low
    Info (332105): create_clock -period 1.000 -name md9_low md9_low
    Info (332105): create_clock -period 1.000 -name pause_low pause_low
    Info (332105): create_clock -period 1.000 -name md7_low md7_low
    Info (332105): create_clock -period 1.000 -name md6_low md6_low
    Info (332105): create_clock -period 1.000 -name md4_low md4_low
    Info (332105): create_clock -period 1.000 -name md3_low md3_low
    Info (332105): create_clock -period 1.000 -name md8_low md8_low
    Info (332105): create_clock -period 1.000 -name md5_low md5_low
    Info (332105): create_clock -period 1.000 -name md11_low md11_low
    Info (332105): create_clock -period 1.000 -name set_done set_done
    Info (332105): create_clock -period 1.000 -name ld_del_low ld_del_low
    Info (332105): create_clock -period 1.000 -name del_1_low del_1_low
    Info (332105): create_clock -period 1.000 -name red_delay red_delay
    Info (332105): create_clock -period 1.000 -name grn_delay grn_delay
Info: Found TIMEQUEST_REPORT_SCRIPT_INCLUDE_DEFAULT_ANALYSIS = ON
Critical Warning (332148): Timing requirements not met
Info (332146): Worst-case setup slack is -3.500
    Info (332119):     Slack End Point TNS Clock 
    Info (332119): ========= ============= =====================
    Info (332119):    -3.500       -21.000 md10_low 
    Info (332119):    -3.500       -21.000 md11_low 
    Info (332119):    -3.500       -21.000 md3_low 
    Info (332119):    -3.500       -21.000 md4_low 
    Info (332119):    -3.500       -21.000 md5_low 
    Info (332119):    -3.500       -21.000 md6_low 
    Info (332119):    -3.500       -21.000 md7_low 
    Info (332119):    -3.500       -21.000 md8_low 
    Info (332119):    -3.500       -21.000 md9_low 
    Info (332119):    -3.500       -21.000 pause_low 
    Info (332119):    -3.500       -21.000 tp3 
Info (332146): Worst-case hold slack is -4.000
    Info (332119):     Slack End Point TNS Clock 
    Info (332119): ========= ============= =====================
    Info (332119):    -4.000       -24.000 md10_low 
    Info (332119):    -4.000       -24.000 md11_low 
    Info (332119):    -4.000       -24.000 md3_low 
    Info (332119):    -4.000       -24.000 md4_low 
    Info (332119):    -4.000       -24.000 md5_low 
    Info (332119):    -4.000       -24.000 md6_low 
    Info (332119):    -4.000       -24.000 md7_low 
    Info (332119):    -4.000       -24.000 md8_low 
    Info (332119):    -4.000       -24.000 md9_low 
    Info (332119):    -4.000       -24.000 pause_low 
    Info (332119):    -4.000       -24.000 tp3 
Info (332146): Worst-case recovery slack is -32.000
    Info (332119):     Slack End Point TNS Clock 
    Info (332119): ========= ============= =====================
    Info (332119):   -32.000       -32.000 del_1_low 
    Info (332119):   -32.000       -32.000 grn_delay 
    Info (332119):   -32.000       -32.000 ld_del_low 
    Info (332119):   -32.000       -32.000 red_delay 
    Info (332119):   -32.000       -32.000 set_done 
    Info (332119):   -23.500      -141.000 md10_low 
    Info (332119):   -23.500      -141.000 md11_low 
    Info (332119):   -23.500      -141.000 md3_low 
    Info (332119):   -23.500      -141.000 md4_low 
    Info (332119):   -23.500      -141.000 md5_low 
    Info (332119):   -23.500      -141.000 md6_low 
    Info (332119):   -23.500      -141.000 md7_low 
    Info (332119):   -23.500      -141.000 md8_low 
    Info (332119):   -23.500      -141.000 md9_low 
    Info (332119):   -23.500      -141.000 pause_low 
    Info (332119):   -23.500      -141.000 tp3 
Info (332146): Worst-case removal slack is 8.000
    Info (332119):     Slack End Point TNS Clock 
    Info (332119): ========= ============= =====================
    Info (332119):     8.000         0.000 md10_low 
    Info (332119):     8.000         0.000 md11_low 
    Info (332119):     8.000         0.000 md3_low 
    Info (332119):     8.000         0.000 md4_low 
    Info (332119):     8.000         0.000 md5_low 
    Info (332119):     8.000         0.000 md6_low 
    Info (332119):     8.000         0.000 md7_low 
    Info (332119):     8.000         0.000 md8_low 
    Info (332119):     8.000         0.000 md9_low 
    Info (332119):     8.000         0.000 pause_low 
    Info (332119):     8.000         0.000 tp3 
    Info (332119):    16.000         0.000 del_1_low 
    Info (332119):    16.000         0.000 grn_delay 
    Info (332119):    16.000         0.000 ld_del_low 
    Info (332119):    16.000         0.000 red_delay 
    Info (332119):    16.000         0.000 set_done 
Info (332146): Worst-case minimum pulse width slack is -5.500
    Info (332119):     Slack End Point TNS Clock 
    Info (332119): ========= ============= =====================
    Info (332119):    -5.500       -66.000 md10_low 
    Info (332119):    -5.500       -66.000 md11_low 
    Info (332119):    -5.500       -66.000 md3_low 
    Info (332119):    -5.500       -66.000 md4_low 
    Info (332119):    -5.500       -66.000 md5_low 
    Info (332119):    -5.500       -66.000 md6_low 
    Info (332119):    -5.500       -66.000 md7_low 
    Info (332119):    -5.500       -66.000 md8_low 
    Info (332119):    -5.500       -66.000 md9_low 
    Info (332119):    -5.500       -66.000 pause_low 
    Info (332119):    -5.500       -66.000 tp3 
    Info (332119):    -5.500       -11.000 del_1_low 
    Info (332119):    -5.500       -11.000 grn_delay 
    Info (332119):    -5.500       -11.000 ld_del_low 
    Info (332119):    -5.500       -11.000 red_delay 
    Info (332119):    -5.500       -11.000 set_done 
Info (332001): The selected device family is not supported by the report_metastability command.
Info (332102): Design is not fully constrained for setup requirements
Info (332102): Design is not fully constrained for hold requirements
Info: Quartus II 64-Bit TimeQuest Timing Analyzer was successful. 0 errors, 4 warnings
    Info: Peak virtual memory: 369 megabytes
    Info: Processing ended: Wed Feb 27 21:45:14 2019
    Info: Elapsed time: 00:00:08
    Info: Total CPU time (on all processors): 00:00:04


